Similarity Measures,noun_path,noun_lch,noun_wup,noun_res,noun_jcn,noun_lin,noun_lesk,noun_vector,verb_path,verb_lch,verb_wup,verb_res,verb_jcn,verb_lin,verb_lesk,verb_vector,word2vec,Average
Antecedent,0.15925925925925927,0.48020968492692345,0.6067226890756303,0.2116466959323907,0.13097137544101847,0.5003893662947938,0.373774647648208,0.26531645287713435,0.3333333333333333,0.5854005934976205,0.5,0.1280126104909828,0.12154260522074214,0.3830466010728464,1.0,0.993976852409959,0.34538022682278596,0.41876370554727232
a3,0.23611111111111108,0.5736498041612516,0.7173669467787115,0.25052001721754286,0.22973251364479996,0.5736377765924606,0.5157212035447166,0.3897445545423606,0.5,0.6953155025784209,0.6666666666666666,0.1280126104909828,0.2218272476098376,0.5312086802063611,1.0,0.792157705640292,0.4245831407978295,0.49683855774019675
a2,0.12301587301587301,0.4098811327026603,0.4876984126984127,0.09266538555064134,0.08607279442272298,0.23813707063550518,0.21732218818406268,0.17215165255983633,0.5,0.6953155025784209,0.6666666666666666,0.337210438860744,0.3493966570116874,0.8246079830606468,1.0,0.840525706575962,0.35079009936446953,0.43479162140519478
a4,0.18888888888888888,0.5333227778003291,0.6495726495726495,0.20512912600041067,0.09943952990059864,0.44753461023459035,0.2635269202946144,0.37183036724469765,1.0,0.8832162807399176,1.0,0.35395470390325173,1.0,1.0,1.0,0.999999999999998,0.4021082130024617,0.61167788632837705
