Similarity Measures,noun_path,noun_lch,noun_wup,noun_res,noun_jcn,noun_lin,noun_lesk,noun_vector,verb_path,verb_lch,verb_wup,verb_res,verb_jcn,verb_lin,verb_lesk,verb_vector,word2vec,Average
a1,0.26666666666666666,0.6060381271110586,0.6971361971361971,0.20561192935131303,0.23521085688859833,0.5058003299698614,0.5215539719699603,0.32075085761064853,0.5,0.6953155025784209,0.8296296296296296,0.2227470822426866,1.0,0.9909173040804014,0.7808641975308643,0.6467218612365143,0.3735808923963406,0.55285561214112722
a3,0.20694444444444446,0.5452488960575541,0.6440656565656566,0.19379371506006873,0.14486928121644368,0.4518817572280808,0.34260693270597303,0.2914481256271003,0.25,0.5074147244169241,0.4000000000000001,0.048800732842542514,0.12866226952686677,0.14187705702628234,0.6066946198691873,0.5035970581877717,0.2934161909590169,0.33537185069023018
a2,0.2515873015873016,0.5879202257602141,0.7239542864542864,0.21141607470939708,0.14990690945601962,0.5109770057502594,0.5422222337678273,0.2780507741343752,1.0,0.8832162807399176,1.0,0.22467895656289935,1.0,1.0,1.0,1.0,0.44166635119112607,0.63562331765374258
Antecedent,1.0,0.9860896635111783,1.0,0.4815407565799517,1.0,1.0,1.0,1.0,1.0,0.8832162807399176,1.0,0.22894109538197985,1.0,1.0,1.0,1.0,1.0,0.91645810565958985
