Similarity Measures,noun_path,noun_lch,noun_wup,noun_res,noun_jcn,noun_lin,noun_lesk,noun_vector,verb_path,verb_lch,verb_wup,verb_res,verb_jcn,verb_lin,verb_lesk,verb_vector,word2vec,Average
Antecedent,0.1697089947089947,0.4914612117080677,0.6356292834957525,0.1562215407368079,0.14622825365713302,0.3903636810757699,0.23829924925563478,0.27053633261185,0.40277777777777773,0.627360403191238,0.5538461538461539,0.21746217389349687,0.4029922920370246,0.658707800573639,0.6705252726888965,0.41649688783124095,0.28426863205708697,0.39605211418509212
a3,0.4661816578483245,0.6544621078455806,0.7521942110177403,0.33654446222052675,0.5055582207656293,0.6311392240460516,0.6020308327454779,0.5029549974589134,0.36666666666666664,0.5989594950875406,0.7083333333333334,0.22266366143608826,0.48582546422537876,0.665452938879063,0.536031130654016,0.3913868194769225,0.40211993736969043,0.519323833004526
a2,0.0,0.0,0.0,0.0,0.0,0.0,0.0,0.0,0.22777777777777777,0.47901381631322687,0.36984126984126986,0.09478947316170527,0.09373214595348743,0.2552209833034365,0.19186574137009046,0.19493297956488662,0.25948917472986865,0.12745078600092644
a4,0.12350489017155682,0.4049448080709255,0.5155124277931296,0.17273948670265124,0.11634057336236397,0.38453186031653486,0.300485807432054,0.14274819834263225,0.0,0.0,0.0,0.0,0.0,0.0,0.0,0.0,0.16329525611046902,0.136711959311901
