"Similarity Measures","noun_path","noun_lch","noun_wup","noun_res","noun_jcn","noun_lin","noun_lesk","noun_vector","verb_path","verb_lch","verb_wup","verb_res","verb_jcn","verb_lin","verb_lesk","verb_vector","word2vec"
"Antecedent","0.37619047619047624","0.6732934622128006","0.7930876313229254","0.2733166642683571","0.35657182050593733","0.6621405017238564","0.6795905817331167","0.4615573570251684","0.4166666666666667","0.6090412516777713","0.6314814814814815","0.17945488804336454","0.3909723863388968","0.6763058176919038","0.5945203624358898","0.5234787409547715","0.5306317427957623"
"a2","0.3626984126984127","0.6555512252340235","0.7921670490058373","0.30023531704641326","0.39834747637063694","0.7122721538561537","0.5750059488294242","0.42099782511106465","0.4222222222222222","0.6042810017542247","0.5722222222222223","0.15054823484049298","0.4547424556399575","0.5359920513910781","0.6156678144251243","0.5440474177018376","0.43932499339599296"
