"Similarity Measures","noun_path","noun_lch","noun_wup","noun_res","noun_jcn","noun_lin","noun_lesk","noun_vector","verb_path","verb_lch","verb_wup","verb_res","verb_jcn","verb_lin","verb_lesk","verb_vector","word2vec"
"Antecedent","0.31216931216931215","0.5734297326749639","0.5817460317460318","0.19296977305608864","0.2660650964715254","0.40012551076321534","0.48686961379627963","0.3673440218166759","0.5","0.6598545153081948","0.625","0.11321037034010517","0.3587872150020225","0.3989011257718466","0.4723004435610507","0.5162704840908655","0.3676480803796883"
"a3","0.509920634920635","0.7362668126382252","0.7997835497835498","0.2728891035722241","0.40320982286291956","0.5816911451359795","0.7561361111774193","0.7278776779159618","0.8333333333333333","0.8087623589293433","0.9318181818181819","0.27667823287851545","0.7845062517479462","0.8700430766367455","0.8351293103448275","0.8499757090602298","0.4854404022275452"
"a2","0.2238095238095238","0.5696010742467473","0.6989962651727358","0.23616290675510843","0.17816536266613406","0.5821054504268725","0.49646260809839776","0.23448199311094167","0.49999999999999994","0.6598545153081949","0.65","0.24680593800572748","0.3343129483055065","0.5596872309578388","0.48736370276548846","0.5505645060270455","0.3436144634892565"
