Similarity Measures,noun_path,noun_lch,noun_wup,noun_res,noun_jcn,noun_lin,noun_lesk,noun_vector,verb_path,verb_lch,verb_wup,verb_res,verb_jcn,verb_lin,verb_lesk,verb_vector,word2vec,Average
a1,0.2028860028860029,0.5352312178197548,0.6616825242493692,0.19614251353540887,0.1403278155914092,0.48338826051405887,0.49964670241209536,0.3843281618937302,0.5226190476190476,0.6441288987521807,0.6821339061940567,0.2197375552243319,0.5325129027644092,0.7329976045552796,0.8047335600907031,0.6531543523510804,0.45097224759853693,0.49097783965008568
a2,0.0,0.0,0.0,0.0,0.0,0.0,0.0,0.0,0.0,0.0,0.0,0.0,0.0,0.0,0.0,0.0,0.30559815442847843,0.017976362025204612
Antecedent,1.0,0.9860896635111783,1.0,0.5307497243336319,1.0,1.0,1.0,0.9999999999999987,1.0,0.8832162807399176,1.0,0.4686894605361464,1.0,1.0,1.0,0.9999999999999992,1.0,0.93345559583063942
