"Similarity Measures","noun_path","noun_lch","noun_wup","noun_res","noun_jcn","noun_lin","noun_lesk","noun_vector","verb_path","verb_lch","verb_wup","verb_res","verb_jcn","verb_lin","verb_lesk","verb_vector","word2vec"
"Antecedent","0.5019047619047619","0.6961871163715179","0.7961570593149541","0.27913135216942153","0.4635167116729642","0.6474162258857333","0.5934203623148864","0.6886456046870622","0.5458333333333334","0.6837630551357349","0.7524621212121212","0.22830054285214707","0.5368625759724488","0.7061457022999293","0.9282045717592593","0.6981025952427904","0.5743911332279827"
"a3","0.17023809523809524","0.4984014643021378","0.6038961038961038","0.18365490662570436","0.16532531303953923","0.38574020876102677","0.258654221363803","0.22388949633700053","0.31785714285714284","0.5495491577138214","0.46875","0.0640063052454914","0.12184851933133327","0.2208844648158947","0.6052372392201913","0.491015302819867","0.22109129498523947"
"a2","0.22857142857142856","0.5671759675667156","0.7175867269984917","0.19309034958924656","0.15511858429544945","0.4919424329353186","0.470804232804233","0.29651058274461584","0.48750000000000004","0.6292265431526878","0.625","0.16101410224674761","0.3923928850935952","0.5417359581209271","0.6327562721669865","0.6071107382545939","0.4400077397636924"
