Similarity Measures,noun_path,noun_lch,noun_wup,noun_res,noun_jcn,noun_lin,noun_lesk,noun_vector,verb_path,verb_lch,verb_wup,verb_res,verb_jcn,verb_lin,verb_lesk,verb_vector,word2vec,Average
Antecedent,0.18522727272727274,0.511485753213633,0.6314775910364145,0.14135430849918673,0.09992932183289678,0.32670009842476433,0.31125984287588127,0.3632307474541155,0.75,0.7892658916591693,0.8333333333333333,0.19136234528157903,0.6515177657256056,0.8037658238096219,1.0,0.8767894184851945,0.33239647665359734,0.51759388182425103
a3,0.1456439393939394,0.4521544662884045,0.5835847159376572,0.15736232068806286,0.09716345457948092,0.34689246526057077,0.221221824960729,0.3849219403392815,0.625,0.6953155025784209,0.7,0.19136234528157903,0.5821966193783483,0.7282252716845439,0.6493135715824789,0.667993206397063,0.4206245673866713,0.44993977716101358
a2,0.5669642857142857,0.7132880362825229,0.8,0.3198873636651074,0.5454572724316604,0.6808789652704414,0.6249055800895167,0.6688775419833443,1.0,0.8832162807399176,1.0,0.3000407469956067,1.0,1.0,1.0,1.0,0.5111672004256883,0.74204019256459364
