Similarity Measures,noun_path,noun_lch,noun_wup,noun_res,noun_jcn,noun_lin,noun_lesk,noun_vector,verb_path,verb_lch,verb_wup,verb_res,verb_jcn,verb_lin,verb_lesk,verb_vector,word2vec,Average
Antecedent,0.49206349206349204,0.7109830429537021,0.8194444444444445,0.29682767247012,0.41797768381520517,0.6711460249512711,0.7551681195516813,0.6003199594994274,0.3333333333333333,0.570048317137423,0.48888888888888893,0.1184665780232698,0.1543524207461542,0.36219723965281175,0.4390364658911663,0.4365917289209173,0.38668662279283456,0.4737371785374202
a3,0.16984126984126982,0.5029187516117442,0.7206140350877193,0.2581115817433741,0.12770208969506305,0.5338252051912131,0.21770639354107035,0.20195522768259533,0.5,0.632681909857922,0.6,0.10535016164724119,0.39078904353104615,0.3333333333333333,0.436233511538622,0.5130692813014409,0.2896980761312515,0.38434293363146499
a2,0.18611111111111112,0.49085269826029143,0.5341880341880342,0.09909236714796714,0.0846295309102394,0.23580196911165838,0.49036411912677497,0.13645266102381845,0.27777777777777773,0.5334100141104896,0.4904761904761905,0.11541314496007667,0.13789641378376674,0.3389655265342045,0.46193726580454264,0.3423895917326023,0.2428234004929756,0.30579893038544237
a4,0.3194444444444444,0.6362833968817504,0.7954374057315233,0.2429588663088449,0.32281256088989774,0.6054353652883875,0.49472950686642664,0.39795089582559906,0.3333333333333333,0.570048317137423,0.48888888888888893,0.1184665780232698,0.1543524207461542,0.36219723965281175,0.4039326474391409,0.4244159238184133,0.24158269793170448,0.40660414642400078
