"Similarity Measures","noun_path","noun_lch","noun_wup","noun_res","noun_jcn","noun_lin","noun_lesk","noun_vector","verb_path","verb_lch","verb_wup","verb_res","verb_jcn","verb_lin","verb_lesk","verb_vector","word2vec"
"Antecedent","0.1765873015873016","0.5040515932696962","0.666515638382646","0.1987427392153522","0.08796755919302812","0.3286922945054435","0.20609373942851164","0.22177763617659252","0.7333333333333333","0.7484928320268595","0.8388888888888889","0.2268955950140014","0.6954431075804031","0.8455089564013912","0.8772902494331067","0.8240088265374436","0.5210692510692232"
"a3","0.2837962962962963","0.5351671394673235","0.6406976308292097","0.17852161126466623","0.24223245059767448","0.3998604240613472","0.38839467257481236","0.44316099469121956","0.3285714285714285","0.5614458778762137","0.5611111111111111","0.18992133729780486","0.27303989946331964","0.6085262514030062","0.3885112402217664","0.40075485843702","0.5379221987708986"
"a2","0.2757173382173382","0.5194658882900169","0.5858263929875183","0.2008443488781498","0.23326760604603594","0.3843340272454338","0.32637133032095983","0.34823348511266566","0.4619047619047619","0.6210090153246732","0.6","0.15830152509116738","0.4277020982659222","0.6117788945691099","0.6634013605442178","0.5096742868978766","0.46522019579862556"
