Similarity Measures,noun_path,noun_lch,noun_wup,noun_res,noun_jcn,noun_lin,noun_lesk,noun_vector,verb_path,verb_lch,verb_wup,verb_res,verb_jcn,verb_lin,verb_lesk,verb_vector,word2vec,Average
Antecedent,0.15238095238095237,0.4753005726915817,0.5164102564102564,0.09405917013877715,0.08232669947751095,0.23636675724022577,0.33156152882213197,0.2832356434182,0.3333333333333333,0.5854005934976205,0.5,0.17166058495643788,0.27277386379420965,0.5967541823709077,0.5212542087542085,0.35871354324069904,0.37991925521469816,0.34655594974951476
a3,0.2019047619047619,0.5458664938423204,0.6492424242424242,0.16414424590066745,0.08904426412716965,0.3577323551787758,0.3170348142548206,0.2805400569058954,0.3333333333333333,0.5854005934976205,0.5833333333333333,0.2014159182509998,0.3886861991262511,0.7479242138291692,0.7300934880722115,0.5813759265165055,0.4288850153613458,0.42270337868691799
a2,0.15857142857142859,0.4805910564856052,0.5438672438672438,0.13197211133024425,0.0889653459554363,0.28654943080313844,0.33321680180234103,0.3458064331619048,1.0,0.8832162807399176,1.0,0.29327556762154616,1.0,1.0,1.0,1.0,0.45611216108828956,0.58836140361335865
a4,0.2119047619047619,0.5579646017505973,0.6842424242424243,0.1989890709679249,0.10010115134444211,0.41521541205631396,0.2709006389142258,0.25747003399287,0.3333333333333333,0.5854005934976205,0.5357142857142857,0.10295643255837572,0.16754791974884709,0.32816280909960466,0.4547715667350265,0.41404634371340954,0.40380760534650434,0.3542664108776804
