Similarity Measures,noun_path,noun_lch,noun_wup,noun_res,noun_jcn,noun_lin,noun_lesk,noun_vector,verb_path,verb_lch,verb_wup,verb_res,verb_jcn,verb_lin,verb_lesk,verb_vector,word2vec,Average
Antecedent,0.36,0.61728623900391,0.736111111111111,0.25823095790728995,0.29437744197220245,0.6016034571355414,0.4272165355072133,0.40133402669792845,0.5,0.6953155025784209,0.8888888888888888,0.2715589348322199,0.6315868757236703,0.8725153423091507,1.0,0.753752011519726,0.36984239705087457,0.56938939542577338
a3,0.16888888888888892,0.49815996410699126,0.6440476190476191,0.1931528120538991,0.10217100723165029,0.4250844319014192,0.2420674349441486,0.18745978290754284,1.0,0.8832162807399176,1.0,0.33644549097127774,1.0,1.0,1.0,1.0,0.3744340519722181,0.59147810380973953
a2,0.11038461538461539,0.3839665874996253,0.4398515519568151,0.11558670622970135,0.06561561815870502,0.21218609026556895,0.13042410895767248,0.07623653578158814,0.5,0.6953155025784209,0.8,0.31443713214198105,1.0,0.9451754015350281,1.0,0.995262609930649,0.30345162255978864,0.47575847546942118
a4,0.38,0.6612522026362303,0.7863509039979627,0.23154622304211597,0.2802463511430862,0.5450408645483118,0.4421579326550675,0.5603782181831479,1.0,0.8832162807399176,1.0,0.2547120800721753,1.0,1.0,1.0,1.0,0.4472621252043256,0.67483312836602005
