Similarity Measures,noun_path,noun_lch,noun_wup,noun_res,noun_jcn,noun_lin,noun_lesk,noun_vector,verb_path,verb_lch,verb_wup,verb_res,verb_jcn,verb_lin,verb_lesk,verb_vector,word2vec,Average
Antecedent,0.2,0.5497975676468014,0.746031746031746,0.2668805125220804,0.22143450392808037,0.6146586998518988,0.3246762115887545,0.2645660554527265,0.5666666666666667,0.7109126763945601,0.738095238095238,0.24306057001598816,0.5652140672831896,0.7894577139832647,0.912063492063492,0.708914411415985,0.31626240821049245,0.51404073771476266
a3,0.15476190476190477,0.4794793435942155,0.5852272727272727,0.1945810742578236,0.1236005271751493,0.4616739648712102,0.6760084541062805,0.2447179652168575,0.6,0.7045268683945393,0.7,0.20175266901915556,0.5535848910419331,0.7588771419920141,0.7485298856746747,0.6475093504718983,0.5872879053849901,0.49541877756999531
a2,0.125,0.4223873290266882,0.4307692307692308,0.07982905326883642,0.10481892625100422,0.20754141288739644,0.250480679998343,0.199633232402353,0.4666666666666667,0.64496373094608,0.65,0.2085124876832733,0.4254489543164615,0.7113522530795962,0.5542350526417463,0.5423726180100968,0.36882324503947844,0.37604911017572062
a4,0.26666666666666666,0.6190357719578414,0.6875,0.1752251153243271,0.14390265859064755,0.4715571183630415,0.674946904946905,0.45916610559264304,0.4666666666666667,0.64496373094608,0.6333333333333333,0.16549712244083686,0.5535848910419331,0.6607020692316858,0.7212184377820863,0.5231294445544068,0.4946253473930646,0.49186596381365688
