"Similarity Measures","noun_path","noun_lch","noun_wup","noun_res","noun_jcn","noun_lin","noun_lesk","noun_vector","verb_path","verb_lch","verb_wup","verb_res","verb_jcn","verb_lin","verb_lesk","verb_vector","word2vec"
"Antecedent","0.3296296296296296","0.6078824887780532","0.7146825396825397","0.2760011674647939","0.39058169649324675","0.5594629458261274","0.390036401016179","0.3941398644422324","0.3333333333333333","0.5464076589572724","0.7017543859649122","0.19806747669431338","0.29743657238865423","0.6893157975191773","0.571182255244755","0.561396673602623","0.3593518290610646"
"a3","0.4365079365079365","0.6353518053864204","0.6573295985060691","0.28919213175282404","0.39873728463427766","0.4762111234781516","0.4694466009094492","0.48327690534329837","0.3333333333333333","0.5464076589572724","0.7017543859649122","0.19806747669431338","0.29743657238865423","0.6893157975191773","0.571182255244755","0.561396673602623","0.414197205583054"
"a2","0.5","0.7355552926291828","0.8166369578134285","0.3414977356720983","0.4229815621719399","0.6325822149405261","0.5206295120227257","0.6048464944565963","0.5","0.6953155025784209","0.8991596638655461","0.3244241414951453","0.7304106652985578","0.9193666097301139","1.0","0.693732577799883","0.4614061538278005"
"a4","0.5","0.7355552926291828","0.8166369578134285","0.3414977356720983","0.4229815621719399","0.6325822149405261","0.5206295120227257","0.6048464944565963","0.5","0.6953155025784209","0.8991596638655461","0.3244241414951453","0.7304106652985578","0.9193666097301139","1.0","0.693732577799883","0.4614061538278005"
