"Similarity Measures","noun_path","noun_lch","noun_wup","noun_res","noun_jcn","noun_lin","noun_lesk","noun_vector","verb_path","verb_lch","verb_wup","verb_res","verb_jcn","verb_lin","verb_lesk","verb_vector","word2vec"
"Antecedent","0.14417989417989416","0.4501656653188537","0.5135387488328664","0.14687411644392553","0.10516898555388482","0.35731088806549577","0.2852200646910793","0.2051541846130807","0.3125","0.5659041262274465","0.5375","0.10283332309484008","0.12915280866697496","0.27421906260268303","0.533213083213083","0.24909065689484672","0.28955522455847965"
"a3","0.36706349206349204","0.6483494502332032","0.7347222222222222","0.2398620463414157","0.29453735195295766","0.5671759194836653","0.6912234269034726","0.4919610515468787","0.3958333333333333","0.6208615807678466","0.5791666666666666","0.14766823916324034","0.16527616416785557","0.4221260373703869","0.6983084045584045","0.4302321009228375","0.3562516207504515"
"a2","0.19768518518518519","0.5269297445440874","0.6526455026455026","0.1807574866456164","0.13101260006290685","0.44469688440654537","0.4375131624161888","0.35026075899960984","0.3125","0.5659041262274465","0.4928571428571429","0.15838665440797242","0.13942997364752965","0.4041094554819463","0.47054126429126425","0.36500780700976826","0.3551983942493245"
"a4","0.37797619047619047","0.6553140684042595","0.7505341880341881","0.22608905801465115","0.2777728975765398","0.5529478414868166","0.770893080258642","0.5761359620945615","0.5208333333333333","0.6678367753082207","0.6416666666666666","0.17455072123294796","0.3537198968338911","0.4932421918522078","0.798076923076923","0.6033211916333454","0.45925449586870887"
