"Similarity Measures","noun_path","noun_lch","noun_wup","noun_res","noun_jcn","noun_lin","noun_lesk","noun_vector","verb_path","verb_lch","verb_wup","verb_res","verb_jcn","verb_lin","verb_lesk","verb_vector","word2vec"
"Antecedent","0.44000000000000006","0.7109304661768062","0.8282352941176472","0.26481982811854776","0.4571885299275644","0.6799565559747046","0.5739788610971936","0.4516538372962766","0.6037414965986395","0.6847845384317864","0.7666666666666667","0.2147043965046178","0.6544692566761351","0.8122310565325596","0.6658547181646597","0.678402377349785","0.5031768372751798"
"a3","0.4133333333333333","0.6924465502685088","0.8178571428571428","0.2824229437306036","0.383559339619363","0.7243268189959275","0.8639143228441475","0.40537155916417233","0.532312925170068","0.6579415701230013","0.7746031746031746","0.2239726147390399","0.6473389371205455","0.7459942226881229","0.6614426313432757","0.5975411258783662","0.47178913495401537"
"a2","0.4333333333333333","0.7102569580850414","0.8197619047619048","0.25761161313904085","0.40137046310907554","0.6760535547269619","0.7601775662983871","0.5045846981660571","0.5297619047619048","0.65277040440095","0.6952380952380953","0.16996357611947804","0.5650283716518396","0.6903011448107357","0.6666846228124425","0.6075831114759697","0.5211901479883475"
"a4","0.0","0.0","0.0","0.0","0.0","0.0","0.0","0.0","0.0","0.0","0.0","0.0","0.0","0.0","0.0","0.0","0.3153218298991863"
