Similarity Measures,noun_path,noun_lch,noun_wup,noun_res,noun_jcn,noun_lin,noun_lesk,noun_vector,verb_path,verb_lch,verb_wup,verb_res,verb_jcn,verb_lin,verb_lesk,verb_vector,word2vec,Average
a1,0.2222222222222222,0.5542006420404955,0.6766236124079261,0.2091024788976038,0.1298292035204547,0.4612152681712634,0.2959228964823291,0.3317370823481142,0.6,0.7045268683945395,0.7555555555555555,0.2003908234381116,0.5182441239217251,0.6428117942550904,0.7614457500843883,0.6447222673427003,0.4006068339828696,0.47700926018031709
a3,0.4799382716049383,0.6867042219266049,0.8216401387756886,0.36746352180616726,0.5024678207733879,0.6853746181779288,0.35868804154766454,0.5412656241403586,0.6333333333333334,0.7265098502106995,0.7333333333333333,0.19105784214608518,0.5315213213847318,0.6446146415842805,0.6886871461871462,0.6974418353435967,0.5071277069797351,0.57630407466209888
a2,0.15135327635327633,0.45222587994852426,0.5442953789703017,0.11380136364906532,0.07310012100609764,0.23872381559398848,0.19759058257870013,0.12232144838446472,0.6333333333333334,0.7265098502106995,0.7,0.17074074283626212,0.553345211575513,0.6520862597851028,0.8373992673992674,0.6270246295818952,0.3171435153124503,0.41829380450111431
Antecedent,1.0,0.9860896635111784,1.0,0.5268308766149083,1.0,1.0,0.7777777777777778,0.999999999999999,1.0,0.8832162807399178,1.0,0.40508840037795285,1.0,1.0,1.0,0.9999999999999997,1.0,0.91641194111892554
