Similarity Measures,noun_path,noun_lch,noun_wup,noun_res,noun_jcn,noun_lin,noun_lesk,noun_vector,verb_path,verb_lch,verb_wup,verb_res,verb_jcn,verb_lin,verb_lesk,verb_vector,word2vec,Average
Antecedent,0.5431818181818182,0.7057630623542941,0.7349206349206349,0.31597987918366705,0.5445218456227295,0.651098626575741,0.6888566263542185,0.6125451438412101,0.25,0.5074147244169241,0.4000000000000001,0.0,0.0639728564989513,0.0,0.2654016354016353,0.16385944405851274,0.41578488419422976,0.40372359891791576
a3,0.20555555555555555,0.5067590061074053,0.5957264957264957,0.1762998818773674,0.16741263453901617,0.4465248447434419,0.351577835077565,0.4090300287576952,0.3333333333333333,0.5854005934976205,0.5,0.15776604378479245,0.22330182807587207,0.5016523993942383,0.38692279942279934,0.4822998033889297,0.40784701119209804,0.37867118202789568
a2,0.1165151515151515,0.3965227752954852,0.37103174603174605,0.08107346893174786,0.0636678959806762,0.16362353531479773,0.149192883286141,0.1314654756033299,0.38888888888888884,0.6220388965245539,0.6313131313131314,0.15304504576833003,0.1680473246075637,0.4264575903987309,0.7709261734997029,0.4561867022890053,0.40816768605512815,0.32342143360612419
a4,0.1457142857142857,0.4574901648750491,0.5168449197860963,0.15459122034759254,0.09335336688480281,0.3477470154935462,0.1865050181519412,0.2236816727968402,0.4444444444444444,0.6586771995514874,0.6555555555555556,0.20212893473955548,0.7036492426679809,0.7905052638998664,1.0,0.5797812468136664,0.3753826764777795,0.44329718989414646
