"Similarity Measures","noun_path","noun_lch","noun_wup","noun_res","noun_jcn","noun_lin","noun_lesk","noun_vector","verb_path","verb_lch","verb_wup","verb_res","verb_jcn","verb_lin","verb_lesk","verb_vector","word2vec"
"a1","0.47142857142857153","0.6949882618812501","0.8025030525030524","0.34130876518162306","0.4729704215283321","0.7129569469995235","0.6315408258746573","0.5181472305284763","0.5833333333333334","0.7029916407585195","0.7480158730158729","0.1871477084116753","0.48744589228542873","0.6750815932938815","0.6805224867724867","0.6897409399069608","0.5437463223075647"
"a3","0.4185185185185185","0.6787534764217881","0.8064194338704143","0.2915457940069978","0.3673322731530556","0.6387227078454822","0.660195782529351","0.49974552285329643","0.7222222222222223","0.7709467401457024","0.8333333333333334","0.22299186534039464","0.6311059160560393","0.8454993383718881","0.8925595238095237","0.8148528904078676","0.4930565475057159"
"a2","0.16432980599647268","0.4913270449329863","0.5384097384097384","0.12654219976403286","0.09832809508262044","0.3215854275763112","0.26267148794194584","0.2221008604538289","0.3333333333333333","0.5854005934976206","0.5","0.10406703268394311","0.1565456988511598","0.3475769312543327","0.3495433358528597","0.44576474555800066","0.2824711228437359"
"Antecedent","1.0","0.9860896635111784","1.0","0.4932922450144268","1.0","1.0","1.0","0.9999999999999972","1.0","0.8832162807399176","1.0","0.3356997735301759","1.0","1.0","1.0","1.0","1.0"
"a4","0.36111111111111116","0.6601937088480816","0.7909285321566024","0.24138987335648915","0.3403769202099776","0.6046758666082552","0.5547428715770483","0.4029769835008668","0.47222222222222227","0.6533556928848036","0.623015873015873","0.1998799236588004","0.4133056000367444","0.7246065297400662","0.7141055681531873","0.5800112553593403","0.38679594974130915"
