Similarity Measures,noun_path,noun_lch,noun_wup,noun_res,noun_jcn,noun_lin,noun_lesk,noun_vector,verb_path,verb_lch,verb_wup,verb_res,verb_jcn,verb_lin,verb_lesk,verb_vector,word2vec,Average
a1,0.19659863945578232,0.5201466894776726,0.5985340289962139,0.13302802125250152,0.10495809715718159,0.3281571637311726,0.23001560710444865,0.3083438648862863,0.6666666666666667,0.7343084371187691,0.7916666666666666,0.17884083297712494,0.5791251098703386,0.7254929635813951,0.629128633463311,0.7047982055338777,0.43904296523461994,0.46287368195141348
a3,0.1415925344496773,0.4233772477564863,0.47847109031319557,0.13440137006416805,0.10129821267715573,0.3209170331084512,0.2922775161171135,0.28568783770557027,0.0,0.0,0.0,0.0,0.0,0.0,0.0,0.0,0.0520671729541736,0.13118176559682304
a2,0.3464285714285715,0.619848064199432,0.73129656720988,0.2453585269479483,0.35965660277943945,0.5792732207622606,0.5022757227652004,0.5111399081650255,0.7083333333333334,0.7617871643889691,0.8392857142857143,0.22503077557680123,0.7837841998383295,0.8484044496002463,0.858953477118542,0.7883480211630894,0.5997075712027266,0.60640658180973583
Antecedent,1.0,0.9860896635111783,1.0,0.4804999312423123,1.0,1.0,1.0,0.9999999999999982,1.0,0.8832162807399176,1.0,0.30892731428015846,1.0,1.0,1.0,1.0,1.0,0.92110195233962144
a4,0.11512733298447583,0.39099252508652194,0.42110781375487255,0.08886397004276003,0.07571680045299689,0.20626540148364286,0.22657305687289098,0.10843751651682876,0.0,0.0,0.0,0.0,0.0,0.0,0.0,0.0,0.09280317753614126,0.10152279969006654
