"Similarity Measures","noun_path","noun_lch","noun_wup","noun_res","noun_jcn","noun_lin","noun_lesk","noun_vector","verb_path","verb_lch","verb_wup","verb_res","verb_jcn","verb_lin","verb_lesk","verb_vector","word2vec"
"Antecedent","0.2222222222222222","0.5736498041612516","0.717948717948718","0.22550182056787302","0.20573808731698792","0.6091981019578055","0.26094404186795467","0.2178423054483046","0.875","0.8362410861995434","0.9444444444444444","0.23177938350841026","0.8833601239614302","0.9591170575212454","1.0","0.872538542878811","0.5078031024609168"
"a3","0.18888888888888888","0.5333227778003291","0.7058823529411765","0.18820512057971897","0.11210480743587942","0.440698019849112","0.25801315286520604","0.23873926860203798","0.875","0.8362410861995434","0.9558823529411764","0.23177938350841026","0.8833601239614302","0.9591170575212454","1.0","0.872538542878811","0.5184273984137285"
"a2","0.15873015873015872","0.4864439617652718","0.7134502923976608","0.21053812877555364","0.09156752868125806","0.42389525830484914","0.4513538480919434","0.18513001769066437","0.875","0.8362410861995434","0.9807692307692308","0.24907128730730826","1.0","0.9882807063209931","1.0","0.907468668866949","0.4826840194262831"
"a4","0.21428571428571427","0.5597205678191388","0.7712418300653594","0.19969611156257583","0.09831744413884812","0.4359055714114519","0.19496215589637","0.12839662573149666","0.15714285714285714","0.3785151259512245","0.44999999999999996","0.1525349778768774","0.1023335622632342","0.38286889679909375","0.24691378066378072","0.15902682878499078","0.32952048773688986"
