"Similarity Measures","noun_path","noun_lch","noun_wup","noun_res","noun_jcn","noun_lin","noun_lesk","noun_vector","verb_path","verb_lch","verb_wup","verb_res","verb_jcn","verb_lin","verb_lesk","verb_vector","word2vec"
"a1","0.3308641975308642","0.626014554710474","0.7484559815829166","0.28906276396703734","0.23039226918851444","0.5977040701143239","0.6198265081806857","0.4281674184387375","0.8333333333333334","0.8205826880194187","0.9185185185185186","0.27804712488967104","0.8827247254690094","0.9518298861047862","1.0","0.9086028126063099","0.6520662122587212"
"a2","0.28148148148148144","0.6173494581459522","0.7585507887365472","0.2509873630795071","0.15830905933596415","0.5459102024576539","0.5342657533474806","0.38101836685745044","0.5","0.6637946250048867","0.6666666666666666","0.22530378845955093","0.4529654412021135","0.7285724585343447","0.7727970442256156","0.622322411840297","0.5666443224908975"
"Antecedent","1.0","0.9860896635111784","1.0","0.5784770450454565","1.0","1.0","1.0","0.9999999999999996","1.0","0.8832162807399176","1.0","0.375634333413301","1.0","1.0","1.0","0.9999999999999996","1.0"
