Similarity Measures,noun_path,noun_lch,noun_wup,noun_res,noun_jcn,noun_lin,noun_lesk,noun_vector,verb_path,verb_lch,verb_wup,verb_res,verb_jcn,verb_lin,verb_lesk,verb_vector,word2vec,Average
a1,0.24172850958565245,0.5605816663536303,0.7056685611307459,0.2286789707935573,0.22098793815312234,0.4513643248128546,0.5095618534904249,0.23410552380859465,0.5111111111111111,0.6385136863710262,0.7037037037037036,0.22377040404018791,0.44174815783384086,0.7162656578493927,0.743867243867244,0.7131360123025424,0.2864046011885345,0.47830576037624489
a3,0.1849824778396207,0.5093950625273902,0.6677071838836544,0.20276074771757238,0.10415641681711155,0.39150583097806857,0.3623039021841152,0.30214302410583654,0.5111111111111111,0.6385136863710262,0.6888888888888888,0.18890403647737722,0.44174815783384086,0.6743134177599718,0.743867243867244,0.7131360123025424,0.46899439622204686,0.45849597628749522
a2,0.17614409400123687,0.4859217157081558,0.6243973346914523,0.18070536548164043,0.08476720883090069,0.34703237293697153,0.37426919339821374,0.2578434130360063,0.3444444444444444,0.5758800936505273,0.6141636141636142,0.2284375933880065,0.22512724246862068,0.5892982061548994,0.7530864197530863,0.45922823176720334,0.4180714533407833,0.39640105865975078
Antecedent,1.0,0.9860896635111783,1.0,0.5981105673973006,1.0,1.0,1.0,1.0,1.0,0.8832162807399176,1.0,0.6026462066718807,1.0,1.0,1.0,1.0,1.0,0.94529780696001642
a4,0.23974438260152545,0.556020374925044,0.6999766573295985,0.2332411882836416,0.20092904616434676,0.42545087358833095,0.6080412710448536,0.27969855510274344,0.3055555555555555,0.5594053038040551,0.4666666666666666,0.048800732842542514,0.09614780172368248,0.10866442823932569,0.22823456790123434,0.3232678257838317,0.5101351596386037,0.34646943477621067
