"Similarity Measures","noun_path","noun_lch","noun_wup","noun_res","noun_jcn","noun_lin","noun_lesk","noun_vector","verb_path","verb_lch","verb_wup","verb_res","verb_jcn","verb_lin","verb_lesk","verb_vector","word2vec"
"Antecedent","0.15277777777777776","0.4743779084138191","0.5837789661319074","0.1574328929859552","0.14473445622812015","0.3626482598520772","0.33711511960862967","0.328315292549332","0.306547619047619","0.5359607317006879","0.4916666666666667","0.16744233467979658","0.18737620607684397","0.4352513945569545","0.4678042872064613","0.3473941291628612","0.4234040092118441"
"a3","0.7333333333333334","0.8406589648897195","0.9047619047619048","0.42770609402244125","0.7262995298535276","0.8572559536030174","0.738996897565151","0.7720556003232373","0.2791666666666667","0.5312850240719265","0.598015873015873","0.2473995939744203","0.18913573365458333","0.5402326103482208","0.49296191077441076","0.4904853313765305","0.5768889837219917"
"a2","0.5666666666666667","0.7780253721692206","0.8914285714285715","0.4020498490631279","0.45641766527570465","0.7809751199427689","0.7421799516908214","0.581578004855553","0.6041666666666666","0.6678367753082208","0.7638888888888888","0.39976376633367916","0.5808230540860662","0.7572747479226387","0.7794449483954202","0.7385155757548949","0.6501460353182973"
"a4","0.2222222222222222","0.5630067908278834","0.7301282051282051","0.2182337701893581","0.14032194866699685","0.4989757709397753","0.5927451320033517","0.49611365958474263","0.0","0.0","0.0","0.0","0.0","0.0","0.0","0.0","0.30459416114514165"
