"Similarity Measures","noun_path","noun_lch","noun_wup","noun_res","noun_jcn","noun_lin","noun_lesk","noun_vector","verb_path","verb_lch","verb_wup","verb_res","verb_jcn","verb_lin","verb_lesk","verb_vector","word2vec"
"Antecedent","0.41666666666666663","0.7432314308092816","0.8833333333333333","0.204190819900198","0.20724766509435294","0.5906263877349605","1.0","0.5016056945093215","0.125","0.31951394625542745","0.2222222222222222","0.0","0.06387975820644765","0.0","0.228571428571429","0.331185506591533","0.3823524441844378"
"a3","0.1625","0.4860924483367448","0.6238095238095238","0.20776668868830067","0.10731695895096635","0.45041474040103097","0.225906290418864","0.158141651157214","0.125","0.31951394625542745","0.2222222222222222","0.0","0.05598728958300577","0.0","0.110109649122807","0.130708470875564","0.3673625681364008"
"a2","0.23809523809523808","0.5734297326749639","0.7291666666666667","0.17774230846071432","0.08167963754653117","0.359337286965363","0.565529891304348","0.3187809658520775","0.125","0.31951394625542745","0.2222222222222222","0.0","0.06640423086618187","0.0","0.228662131519274","0.32150868080869","0.18922675008576173"
"a4","0.26666666666666666","0.6190357719578414","0.7738095238095238","0.2742280042873376","0.15798071805537683","0.6070676559993873","0.6311301513358964","0.337925739246867","0.125","0.31951394625542745","0.2222222222222222","0.0","0.05769761578154773","0.0","0.222619047619048","0.240389543799644","0.3804625086654299"
