Similarity Measures,noun_path,noun_lch,noun_wup,noun_res,noun_jcn,noun_lin,noun_lesk,noun_vector,verb_path,verb_lch,verb_wup,verb_res,verb_jcn,verb_lin,verb_lesk,verb_vector,word2vec,Average
Antecedent,0.46402116402116406,0.7170957005660795,0.8440627713073533,0.344261646419441,0.4488763412534088,0.7266921235424414,0.6632020007926306,0.4985021309978203,0.43750000000000006,0.6306098144029336,0.6929563492063492,0.22036709811330174,0.4753693719923195,0.699426652510236,0.6371737985998306,0.6044152530281001,0.6196675339592551,0.5720117500419214
a2,0.47883597883597884,0.7360296393018777,0.8735108573343867,0.3488336735737415,0.4488763412534088,0.7367221461790641,0.6632020007926306,0.5161548215656508,0.43750000000000006,0.6306098144029336,0.6929563492063492,0.22036709811330174,0.4753693719923195,0.699426652510236,0.6371737985998306,0.6044152530281001,0.6196675339592551,0.57762654886170961
