Similarity Measures,noun_path,noun_lch,noun_wup,noun_res,noun_jcn,noun_lin,noun_lesk,noun_vector,verb_path,verb_lch,verb_wup,verb_res,verb_jcn,verb_lin,verb_lesk,verb_vector,word2vec,Average
a1,0.17916666666666667,0.49941086941449186,0.6186153307476836,0.1877228739749155,0.1068112495885218,0.40550719055758566,0.26547227088777137,0.30620519051227885,0.5962962962962963,0.7059245246473107,0.7716931216931217,0.23044658596581108,0.5016813693045112,0.6946706757968607,0.7830894567336214,0.7104338158278287,0.49864311268041905,0.47422297654680556
a3,0.2206439393939394,0.5337487629842987,0.6198091382301908,0.18705362969169287,0.21186365245327474,0.42850266922238456,0.38511513396421,0.19432333227991996,0.4444444444444444,0.6342516642001984,0.6587542087542088,0.2537889999262144,0.4135411076551153,0.7376002848865951,0.7535534688709292,0.5636267528678212,0.4125570225456758,0.45018695366888906
a2,0.2482142857142857,0.5882887324889146,0.7112067499064403,0.21460998402828133,0.240464964523056,0.5562340610107928,0.3576977466939406,0.307445967188715,0.4444444444444444,0.6342516642001985,0.6739618406285073,0.17931761687894837,0.3297658307886735,0.5923267915566002,0.6065067738890202,0.5215854593196658,0.42212587351590014,0.44873228157508138
Antecedent,1.0,0.9860896635111783,1.0,0.4880678983163461,1.0,1.0,1.0,0.999999999999998,1.0,0.8832162807399176,1.0,0.4157177507500683,1.0,1.0,1.0,1.0,1.0,0.92782891725397121
a4,0.4672619047619047,0.6616230181206381,0.7358516483516483,0.26073950068495577,0.434451599892498,0.5856259512105106,0.5497908526172135,0.516857706573747,0.42129629629629634,0.6133737999600322,0.6095679012345678,0.13048058359895356,0.29471706830439504,0.4809525217017292,0.49756333172999845,0.5043012269822724,0.3214838464677118,0.47564345638171029
