"Similarity Measures","noun_path","noun_lch","noun_wup","noun_res","noun_jcn","noun_lin","noun_lesk","noun_vector","verb_path","verb_lch","verb_wup","verb_res","verb_jcn","verb_lin","verb_lesk","verb_vector","word2vec"
"Antecedent","0.4444444444444444","0.7302337859624989","0.8898256671089487","0.3332067621074524","0.4205498559462771","0.8143303575186674","0.7530996073433268","0.5225308820053399","0.7777777777777778","0.7839443849924853","0.8333333333333334","0.21836969701641817","0.7403448318962802","0.892027146976277","1.0","0.7775555694941243","0.4966158484001831"
"a3","0.3888888888888889","0.6805978380887826","0.8370564892623715","0.2926047141988305","0.3705789393461854","0.6913799544578757","0.5967519318478582","0.48403570699106835","0.7777777777777778","0.7839443849924853","0.8333333333333334","0.21865438717232513","0.7403448318962802","0.892027146976277","0.7461735104669888","0.7775555694941243","0.5337132044807905"
"a2","0.22936507936507936","0.5595193176565166","0.7030525030525031","0.20730983230302139","0.1845981805010056","0.5411220570573517","0.39751535061346904","0.38745146371123734","0.7777777777777778","0.7839443849924853","0.8333333333333334","0.21865438717232513","0.7403448318962802","0.892027146976277","0.759529051195718","0.7775555694941243","0.3593282747646438"
"a4","0.1505952380952381","0.46172144882388616","0.6200980392156863","0.16546940375715283","0.09964346079826435","0.37644454898626317","0.20997573306253367","0.23053646609831802","0.7777777777777778","0.7839443849924853","0.8333333333333334","0.21865438717232513","0.7403448318962802","0.892027146976277","0.7461735104669888","0.7775555694941243","0.33130783225141913"
