"Similarity Measures","noun_path","noun_lch","noun_wup","noun_res","noun_jcn","noun_lin","noun_lesk","noun_vector","verb_path","verb_lch","verb_wup","verb_res","verb_jcn","verb_lin","verb_lesk","verb_vector","word2vec"
"a1","0.1107041107041107","0.3828441695066087","0.444396247027826","0.08671395171649282","0.05822536202820655","0.12783291410254669","0.11435942030188945","0.16985857602275764","0.35416666666666663","0.5933828534976465","0.5166666666666666","0.1950600282886094","0.3583837141532988","0.5193276620940175","0.8786491982056497","0.485765079240256","0.2576516249655281"
"a3","0.1550925925925926","0.4690564017471351","0.5359028885344674","0.126914456763646","0.07618884375561934","0.2803837091693148","0.241818067259298","0.18565195894026496","0.2791666666666666","0.5312850240719265","0.43333333333333335","0.07115460957629141","0.11624548871543598","0.22698362381192927","0.6010127314814815","0.5789604493476841","0.21743900785300874"
"a2","0.1810185185185185","0.495612948183838","0.599012099012099","0.15585926869968708","0.0734097751308454","0.298710134490583","0.2722107328068595","0.24904162592897258","0.5625","0.6953155025784209","0.675","0.25482127569061297","0.5993587931299081","0.7805267803926076","0.805073051948052","0.6715961356712282","0.39158281569510456"
"Antecedent","1.0","0.9860896635111783","1.0","0.6190620299964392","1.0","1.0","1.0","1.0","1.0","0.8832162807399176","1.0","0.4273234485094585","1.0","1.0","1.0","1.0","1.0"
"a4","0.3418650793650794","0.6192370221204634","0.7536516630943875","0.27701454017712007","0.2631447484604979","0.5267848553608433","0.5340094848475972","0.4666529543311187","0.3125","0.5659041262274465","0.5166666666666666","0.1343926372999063","0.25200155768835597","0.49977310135975345","0.31862573905584646","0.34843833543989977","0.3011015307110068"
