Similarity Measures,noun_path,noun_lch,noun_wup,noun_res,noun_jcn,noun_lin,noun_lesk,noun_vector,verb_path,verb_lch,verb_wup,verb_res,verb_jcn,verb_lin,verb_lesk,verb_vector,word2vec,Average
a1,0.27499999999999997,0.5901245940077238,0.7690631808278866,0.20150952635701327,0.14551511316055382,0.4930292491291912,0.46409923510467,0.3014007893517569,0.15476190476190477,0.3766059608229548,0.26785714285714285,0.0,0.06668237808402343,0.0,0.06726190476190474,0.29714469475780203,0.21695968580953975,0.27570678587023928
a2,0.15873015873015872,0.4864439617652719,0.6456140350877192,0.1755652602576193,0.10340199029201984,0.4105982960434574,0.2788759947470893,0.22938018150155295,0.29166666666666663,0.5464076589572724,0.5888888888888889,0.0984594856926241,0.2567461108265568,0.3833139952223747,0.3438809288284075,0.40262810974784546,0.4030942301133791,0.34139387960993556
Antecedent,1.0,0.9860896635111785,1.0,0.4521652526710598,1.0,1.0,1.0,1.0,1.0,0.8832162807399176,1.0,0.3048007691887932,1.0,1.0,1.0,1.0,1.0,0.91919246859476167
