Similarity Measures,noun_path,noun_lch,noun_wup,noun_res,noun_jcn,noun_lin,noun_lesk,noun_vector,verb_path,verb_lch,verb_wup,verb_res,verb_jcn,verb_lin,verb_lesk,verb_vector,word2vec,Average
Antecedent,0.20555555555555552,0.5404886461340076,0.6932539682539681,0.21419199807272496,0.12512748528218326,0.41636437060224285,0.4777186886199029,0.20715432406221812,0.2,0.4469241848755406,0.3333333333333333,0.12781605200648147,0.11121265806896558,0.3619307017405205,0.479264870931538,0.199196709522303,0.3804729765802717,0.32470626609657399
a3,0.10357744107744109,0.3689554811472988,0.3685703185703186,0.07084006605066569,0.05639565116058464,0.11009273849243044,0.09070151603901776,0.15146714293066854,0.2,0.4469241848755406,0.5333333333333333,0.16771115962443803,0.218915911956097,0.5943313809546823,0.21969696969697,0.271042533979174,0.384181409650512,0.2562786611493631
a2,0.14808201058201056,0.46336456032825857,0.5977656244684108,0.20436057842022048,0.08870698873559574,0.35113855805683997,0.2675756727361282,0.21510451043613107,0.2,0.4469241848755406,0.3333333333333333,0.0,0.08879499453043456,0.0,0.116959064327485,0.119177470636113,0.3336833811279491,0.23382181956437947
a4,0.39444444444444443,0.6835137263453347,0.8382936507936508,0.320617964458541,0.3080907754621628,0.5515581138025003,0.6238491299149355,0.5825675679745025,0.2,0.4469241848755406,0.7142857142857143,0.3553864578315689,0.9581604511405052,0.9314507328552477,0.286481481481482,0.271042533979174,0.46082459189180985,0.52514656009041849
