Similarity Measures,noun_path,noun_lch,noun_wup,noun_res,noun_jcn,noun_lin,noun_lesk,noun_vector,verb_path,verb_lch,verb_wup,verb_res,verb_jcn,verb_lin,verb_lesk,verb_vector,word2vec,Average
a1,0.1753113553113553,0.4833698644412402,0.5923453996983408,0.1704678353506212,0.10856840280156063,0.3835094078244256,0.379165482964598,0.2009045254098817,0.5555555555555555,0.684672489245053,0.8425925925925926,0.19895561392281122,0.7712472978135003,0.8894186896649033,0.5288644395631974,0.6285423145419237,0.355328393217715,0.46757762705407502
a3,0.22599567099567103,0.49646067834461627,0.5302656657068422,0.13679723875182725,0.171969575147159,0.2992194857717672,0.3713521424947157,0.2853082038972008,0.6666666666666666,0.7579490952989199,0.8425925925925926,0.23805334051143548,0.8444801652819068,0.9319226668095925,1.0,0.8627093101075013,0.3703112475678312,0.5312972791733086
a2,0.19527777777777777,0.5343273408312419,0.6512340600575894,0.18030209102932632,0.11362102128142837,0.4147184772502828,0.30011653250817816,0.1932100733795163,0.5555555555555555,0.684672489245053,0.8425925925925926,0.2113466978359939,0.7874431900026136,0.9098157406729525,0.5551226551226554,0.6285423145419237,0.4973728082575632,0.48560420105542607
Antecedent,1.0,0.9860896635111784,0.990909090909091,0.5088283376053981,1.0,1.0,1.0,1.0,1.0,0.8832162807399176,1.0,0.3172774973070644,1.0,1.0,1.0,1.0,1.0,0.92272475706309698
a4,0.2711904761904762,0.5671697706637093,0.641429403929404,0.20530488170320266,0.22556038589166588,0.44538626457416297,0.4170293450087839,0.2956559975296066,0.38888888888888884,0.622038896524554,0.6,0.22635661295825482,0.4416292581122701,0.6215028897688932,0.7345538720538721,0.5907783191643023,0.5096070499465465,0.45906366546521132
