"Similarity Measures","noun_path","noun_lch","noun_wup","noun_res","noun_jcn","noun_lin","noun_lesk","noun_vector","verb_path","verb_lch","verb_wup","verb_res","verb_jcn","verb_lin","verb_lesk","verb_vector","word2vec"
"Antecedent","0.15099206349206348","0.4553071686952801","0.4660179861418251","0.1239672000167519","0.11233917012585812","0.32279997679286915","0.20873475491888377","0.3030674224228077","0.5333333333333333","0.6357523651299615","0.6260317460317459","0.11740718984819214","0.4633763367053748","0.49191812980477","0.6132548135391607","0.5304853089589052","0.26954421774432824"
"a3","0.1255050505050505","0.40955310413285856","0.4359584623323013","0.10435434781001812","0.10137955739325133","0.2655869019365588","0.266219904409353","0.28425473561472797","0.4333333333333333","0.6137693833138014","0.6697435897435897","0.2415964628873871","0.6753951114941745","0.8194596203732483","0.5706012969668004","0.5858551770046846","0.2935570597381311"
"a2","0.1255050505050505","0.40955310413285856","0.4109584623323014","0.09688357903617463","0.09712779635705708","0.24378605997954098","0.25396752431844","0.28425473561472797","0.4333333333333333","0.6137693833138014","0.7168421052631578","0.24504091661625987","0.41181344884988524","0.7083652091585719","0.5737926077521219","0.6152391646045853","0.28451445545735876"
"a4","0.2732142857142857","0.6042150123164286","0.7510212418300654","0.17770852101740597","0.1303302642262657","0.4228675510933013","0.587733644905818","0.369012301770812","0.5666666666666667","0.6733325207622608","0.7530769230769231","0.18294829584692726","0.5081707943361142","0.6542627800444156","0.7565107659225305","0.580286860140336","0.43920960651510066"
