Similarity Measures,noun_path,noun_lch,noun_wup,noun_res,noun_jcn,noun_lin,noun_lesk,noun_vector,verb_path,verb_lch,verb_wup,verb_res,verb_jcn,verb_lin,verb_lesk,verb_vector,word2vec,Average
Antecedent,0.22333333333333333,0.5542240356475882,0.6981512605042017,0.2035066305382621,0.14322829388740166,0.49836944923664034,0.480793161451468,0.2808868317570524,0.5277777777777778,0.6586771995514874,0.6777777777777777,0.1257911848108998,0.415091890632527,0.4840467113595952,0.498619479580209,0.5569293607416753,0.4122988603522849,0.43761783758471656
a3,0.1354040404040404,0.4242180570199012,0.4251591545709193,0.06213815621325132,0.06051001456030667,0.12751193780283518,0.22824994877460378,0.06397858703683386,0.0,0.0,0.0,0.0,0.0,0.0,0.0,0.0,0.17428802574326047,0.10008576012505599
a2,0.55,0.7981888853496817,0.9131002331002331,0.343192500502773,0.6560717155095334,0.8301467571888491,0.8702288099575972,0.6306008051381204,0.3055555555555555,0.5594053038040551,0.4666666666666666,0.15393148433562642,0.1456184967215252,0.4445215606500644,0.459831133621456,0.2851851251182426,0.3698959415499258,0.51659652792764155
a4,0.20912698412698413,0.5139986381182771,0.48504594820384295,0.06213815621325132,0.14885939796523945,0.2514214999528746,0.34586896997000116,0.3732744643737942,0.5277777777777778,0.6586771995514874,0.6666666666666666,0.1257911848108998,0.415091890632527,0.4840467113595952,0.498619479580209,0.5569293607416753,0.23393800241953588,0.38572190190968458
