"Similarity Measures","noun_path","noun_lch","noun_wup","noun_res","noun_jcn","noun_lin","noun_lesk","noun_vector","verb_path","verb_lch","verb_wup","verb_res","verb_jcn","verb_lin","verb_lesk","verb_vector","word2vec"
"a1","0.34523809523809523","0.6437106225084834","0.7793753865182438","0.2505023700054244","0.29956698949424954","0.6217190880243304","0.5928710297713018","0.5454689143050518","0.4833333333333333","0.6513495389461007","0.6399999999999999","0.2386772262311568","0.5129522212146634","0.7605331222312184","0.6866329966329967","0.6379090159637968","0.5370183706236872"
"a3","0.19200680272108842","0.5000557683197909","0.5864135864135863","0.16501488394123137","0.19842364893606312","0.4006673512507231","0.463813540977324","0.2704070720547121","0.6066666666666667","0.6988145684862834","0.7266666666666667","0.1788790732259592","0.6776325416788763","0.7460087322660295","0.7273569023569024","0.6662296363792553","0.43514574905493875"
"a2","0.2604875283446712","0.5101056552580221","0.5363017934446506","0.14448566417877526","0.21069488872073747","0.30941464661114304","0.5147139812788551","0.5234702038391499","0.5066666666666667","0.6612344128539842","0.6866666666666668","0.17570125423604124","0.5246456182971075","0.6510419900630164","0.6597485847485848","0.6020118462285572","0.5328060900210714"
"Antecedent","1.0","0.9860896635111783","1.0","0.44566583230100854","1.0","1.0","1.0","0.9999999999999973","1.0","0.8832162807399178","1.0","0.4067892485219936","1.0","1.0","1.0","1.0","1.0"
"a4","0.12306384092098378","0.4066946549552077","0.45760073260073264","0.08111639326846909","0.061274510031371895","0.1613972127400975","0.39555347226316634","0.10630386710845362","0.6066666666666667","0.6988145684862834","0.7","0.19738086744599037","0.5189581252803566","0.6339049957204337","0.6580158730158729","0.6418454323761718","0.4520538320523937"
