"Similarity Measures","noun_path","noun_lch","noun_wup","noun_res","noun_jcn","noun_lin","noun_lesk","noun_vector","verb_path","verb_lch","verb_wup","verb_res","verb_jcn","verb_lin","verb_lesk","verb_vector","word2vec"
"Antecedent","0.25","0.6102881071881849","0.7754010695187166","0.23557080284940773","0.11656244727808959","0.4831191408997939","0.3844167205421165","0.1942513756601953","0.6666666666666666","0.7343084371187691","0.75","0.19765727426794916","0.5615789956464916","0.6929036942254853","0.648223336118073","0.65494358671855","0.3931922452137421"
"a3","0.18333333333333335","0.5250853828770929","0.6888888888888889","0.18773006787213936","0.1050874382743271","0.4150265072846619","0.5562246700364775","0.2708902102706515","0.6666666666666666","0.7343084371187691","0.75","0.19765727426794916","0.5615789956464916","0.6929036942254853","0.648223336118073","0.65494358671855","0.3142208024226934"
"a2","0.14583333333333331","0.4613802635670364","0.5854700854700855","0.20912229140992405","0.07981703537075244","0.37940357814123893","0.19604853526258248","0.2272719513812218","0.25","0.5074147244169241","0.4","0.1374616659532813","0.1392724576492432","0.4178200281792185","0.2651988694093955","0.2594975451613005","0.4601761432592637"
"a4","0.15476190476190477","0.4794793435942155","0.6234817813765182","0.14504863581291824","0.09560699052459709","0.3538149730865917","0.36602197756921","0.23017066043226603","0.6666666666666666","0.7343084371187691","0.75","0.22473724416143698","0.5719202894566625","0.7590949993697924","0.6870501893939395","0.7019814204905455","0.4540975514626595"
