"Similarity Measures","noun_path","noun_lch","noun_wup","noun_res","noun_jcn","noun_lin","noun_lesk","noun_vector","verb_path","verb_lch","verb_wup","verb_res","verb_jcn","verb_lin","verb_lesk","verb_vector","word2vec"
"Antecedent","0.18666666666666668","0.5300278198310346","0.6840336134453782","0.23189861480602966","0.10884251705251735","0.49308564389907394","0.353930745341615","0.300304503831304","0.41666666666666663","0.6403580480380207","0.5833333333333333","0.17304498003446922","0.18369183898203167","0.4999304767193361","0.634702978181239","0.5741017183964865","0.5185605534776722"
"a3","0.18190476190476187","0.521670278025767","0.6411764705882353","0.18592081541087457","0.10644397907597272","0.4251497079460835","0.3222047867476102","0.3323719370714456","0.6666666666666666","0.7343084371187691","0.75","0.19010152451179674","0.5692562171446451","0.7426150656766961","0.670258620689655","0.721679395933608","0.5312719341532497"
"a2","0.2452380952380952","0.5955447573828965","0.745014985014985","0.24199777819645316","0.14035345732279086","0.5211343192978666","0.43868704075833237","0.25983899657820864","0.3333333333333333","0.5854005934976205","0.5","0.16862277057436337","0.2793650067344459","0.5637444542703238","0.381155303030303","0.41756742421508003","0.2708803726106714"
