Similarity Measures,noun_path,noun_lch,noun_wup,noun_res,noun_jcn,noun_lin,noun_lesk,noun_vector,verb_path,verb_lch,verb_wup,verb_res,verb_jcn,verb_lin,verb_lesk,verb_vector,word2vec,Average
a1,0.22326007326007324,0.5091518181154608,0.6361990950226244,0.18892960347015386,0.15929886715473485,0.3279067579107007,0.35589481528895495,0.2674943099059378,0.39761904761904765,0.5970225091461235,0.5333333333333333,0.11462331110305168,0.27069327577508545,0.39307827649351046,0.5911461717837511,0.45141408524170784,0.43024021861692174,0.37925326877889248
a3,0.26984404484404484,0.5142735535330705,0.5942553173322405,0.2250138947556362,0.21160095391106548,0.33698985843312185,0.31516921849440493,0.2748820006730462,0.5166666666666667,0.6552697371922803,0.6634920634920636,0.276558468046686,0.5667762080087414,0.7725046402120421,0.7247817960865991,0.546856981831407,0.5046192046802909,0.46879732989372996
a2,0.23437395937395938,0.5164705919593229,0.6250700280112045,0.18044324839936574,0.15321539753664842,0.3340928508527438,0.4124604308277154,0.2642391558923919,0.39761904761904765,0.5970225091461235,0.5435374149659864,0.1723125478475116,0.27367897887512,0.5234015185894684,0.5921111973316854,0.5408098976868863,0.4248218210503201,0.39915768211561764
Antecedent,1.0,0.9860896635111783,1.0,0.6337558864114498,1.0,1.0,1.0,0.9999999999999978,1.0,0.8832162807399176,1.0,0.4907864741199925,1.0,1.0,1.0,0.9999999999999921,1.0,0.94081460616367818
a4,0.212026862026862,0.529697521824532,0.6673087972861727,0.18978107237710937,0.1534849155959012,0.37705559196048405,0.4218622914164674,0.2818970266335368,0.39761904761904765,0.5970225091461235,0.5435374149659864,0.142897369320256,0.27796338846115726,0.43434484350683783,0.453530552999261,0.4350939671138541,0.4173081939208905,0.38426066859849878
