"Similarity Measures","noun_path","noun_lch","noun_wup","noun_res","noun_jcn","noun_lin","noun_lesk","noun_vector","verb_path","verb_lch","verb_wup","verb_res","verb_jcn","verb_lin","verb_lesk","verb_vector","word2vec"
"a1","0.17023809523809522","0.4984014643021378","0.6622601959444064","0.20808769076029","0.10432772703637112","0.440445022593971","0.577551433590564","0.2327502107793852","0.4555555555555556","0.6125183966774608","0.6938271604938272","0.1766186547442853","0.45505491656443314","0.6729297879937234","0.644022567467176","0.5512650382328192","0.47691548838305875"
"a3","0.14199134199134197","0.4507954289499213","0.5736199473041578","0.14282265214528106","0.08874807660889027","0.31074184894294593","0.3088519013461044","0.16097745162763308","0.48148148148148157","0.6673422961160091","0.7626543209876543","0.23032124962188602","0.3531312796267388","0.706408136530657","1.0","0.6692010676698661","0.4417969134418632"
"a2","0.37333333333333335","0.644981520728326","0.7575123706702654","0.25021420756932","0.3117719381926787","0.5602976889475311","0.6361612684068226","0.38145664810778246","0.5648148148148149","0.6831027349027763","0.8097572362278246","0.26046789551921506","0.5930296988770888","0.7949093239320019","0.7354409171075837","0.6757185097217004","0.5066379459368149"
"Antecedent","1.0","0.9860896635111784","1.0","0.48251885289296503","1.0","1.0","1.0","1.0","1.0","0.8832162807399176","1.0","0.4008951675601415","1.0","1.0","1.0","1.0","1.0"
"a4","0.25190476190476196","0.5834466494746199","0.7016317016317017","0.2649920951449444","0.20713234903261385","0.6008554932755032","0.48558255101645875","0.36148773030016057","0.6203703703703705","0.7248584633831089","0.8009259259259259","0.2253144233489285","0.49308450810917276","0.7658564281699867","0.9118265993265994","0.6211594123194772","0.5293155314403866"
