"Similarity Measures","noun_path","noun_lch","noun_wup","noun_res","noun_jcn","noun_lin","noun_lesk","noun_vector","verb_path","verb_lch","verb_wup","verb_res","verb_jcn","verb_lin","verb_lesk","verb_vector","word2vec"
"Antecedent","0.2475829725829726","0.5426269823233475","0.6554409642644937","0.22610750222624684","0.22184463950898123","0.49876268533574014","0.3277324849423346","0.363345172957373","0.84375","0.8127534889293563","0.9015151515151515","0.2509071932848114","0.8062046853309345","0.8969940556333882","0.9353495896464646","0.9073414192485388","0.4431394409444758"
"a2","0.16915584415584417","0.48947905745855746","0.6334978746743453","0.21016983822233792","0.1282486518642278","0.44815500795773283","0.3714976612496853","0.37307068830902745","0.36458333333333337","0.5933828534976465","0.5232142857142856","0.11417924417434007","0.10700294202214818","0.3059783295137756","0.8142506896051104","0.5867008824875621","0.40434146267830257"
