Similarity Measures,noun_path,noun_lch,noun_wup,noun_res,noun_jcn,noun_lin,noun_lesk,noun_vector,verb_path,verb_lch,verb_wup,verb_res,verb_jcn,verb_lin,verb_lesk,verb_vector,word2vec,Average
a1,0.0,0.0,0.0,0.0,0.0,0.0,0.0,0.0,0.6458333333333334,0.710820839848582,0.7232142857142857,0.25426423938776804,0.5664551968194436,0.7010676933104487,0.8285520094562647,0.6381539408912389,0.3228035289238803,0.31712735692266147
a3,0.0,0.0,0.0,0.0,0.0,0.0,0.0,0.0,0.42708333333333337,0.6168704507678336,0.5708333333333332,0.19269071172063199,0.42884615825104766,0.6604414726940339,0.5956993527306027,0.5652564711906588,0.4156899029983783,0.2631418345305796
a2,0.0,0.0,0.0,0.0,0.0,0.0,0.0,0.0,0.40625,0.6031310871327337,0.5499999999999999,0.1494925242452706,0.32027135151344444,0.543752915452512,0.48505680083805086,0.45456437492418617,0.2793384597498011,0.22305044199152935
Antecedent,1.0,0.9860896635111783,1.0,0.4839524016932039,1.0,1.0,1.0,0.9999999999999991,1.0,0.8832162807399176,1.0,0.433184677820023,1.0,1.0,1.0,0.9999999999999997,1.0,0.92861429551554842
a4,0.44305555555555554,0.7071543845254854,0.8261904761904763,0.28917367641882313,0.5384253949513519,0.7612979572269388,0.6255030263314315,0.43983927720570826,0.32708333333333334,0.5720821724198737,0.5494227994227994,0.21516763004778125,0.3011504393051127,0.6192699594146648,0.3689607955977003,0.3722454470424236,0.4562853007333166,0.49484162504251628
