"Similarity Measures","noun_path","noun_lch","noun_wup","noun_res","noun_jcn","noun_lin","noun_lesk","noun_vector","verb_path","verb_lch","verb_wup","verb_res","verb_jcn","verb_lin","verb_lesk","verb_vector","word2vec"
"a1","0.0","0.0","0.0","0.0","0.0","0.0","0.0","0.0","0.3055555555555555","0.5594053038040551","0.4666666666666666","0.09891454122147687","0.12456049947022058","0.29548242797598795","0.2731226171023963","0.31683787446009","0.3080713975259315"
"a3","0.16666666666666666","0.5003731981073846","0.6666666666666666","0.1928529425647908","0.11199779901990936","0.4389753668055171","0.253017167011732","0.339751270180849","0.5277777777777778","0.6586771995514874","0.6333333333333333","0.11249281560491427","0.42060897758036253","0.46649295094717286","0.5033899433899434","0.48511093461809035","0.4479826589329248"
"a2","0.16666666666666666","0.5003731981073846","0.6153846153846154","0.16500952450458087","0.12620157816661284","0.40029460311267717","0.189140139751553","0.33799345412743","0.5277777777777778","0.6586771995514874","0.7166666666666667","0.20425304966281752","0.43436596599830835","0.6847559822678321","0.7510822510822509","0.48511093461809035","0.4727899375843237"
"Antecedent","1.0","0.9860896635111784","1.0","0.43070629252690523","1.0","1.0","1.0","1.0","1.0","0.8832162807399176","1.0","0.3561334396475562","1.0","1.0","1.0","1.0","1.0"
"a4","0.16666666666666666","0.5003731981073846","0.6666666666666666","0.16500952450458087","0.10452051213631838","0.3871679866058854","0.125749123206254","0.231043142996571","0.5277777777777778","0.6586771995514874","0.6333333333333333","0.11249281560491427","0.42060897758036253","0.46649295094717286","0.5033899433899434","0.48511093461809035","0.46516678511961357"
