Similarity Measures,noun_path,noun_lch,noun_wup,noun_res,noun_jcn,noun_lin,noun_lesk,noun_vector,verb_path,verb_lch,verb_wup,verb_res,verb_jcn,verb_lin,verb_lesk,verb_vector,word2vec,Average
a1,0.1111111111111111,0.39045828902658425,0.5,0.15737254529856753,0.07436568988368392,0.31833806896537675,0.239050330277038,0.111417523823181,0.3333333333333333,0.5854005934976205,0.5,0.0,0.09443768581012359,0.0,0.283117664136701,0.235856855665709,0.2328823067246808,0.24512599985610059
a3,0.14285714285714285,0.4585854890810465,0.5714285714285714,0.15737254529856753,0.12401970188361346,0.3801547570741143,0.171936097190853,0.310363494523105,0.3333333333333333,0.5854005934976205,0.5,0.0,0.07188632478994908,0.0,0.185153565708233,0.153603478472227,0.42304569922491475,0.26877298790372306
Antecedent,0.16666666666666666,0.5003731981073846,0.6666666666666666,0.1928529425647908,0.11199779901990936,0.4389753668055171,0.253017167011732,0.339751270180849,0.3333333333333333,0.5854005934976205,0.5,0.1852886829507872,0.10322012574005368,0.43284533626773186,0.42987012987013,0.235856855665709,0.4284525492310302,0.34732756962234784
a4,0.16666666666666666,0.5003731981073846,0.5454545454545454,0.13129684456587165,0.08789186250787484,0.3152986431551432,0.197396007525084,0.165314177686536,0.3333333333333333,0.5854005934976205,0.5,0.0,0.06339335619917816,0.0,0.198511904761905,0.0835428717040537,0.35262578682284224,0.24861763482282584
