"Similarity Measures","noun_path","noun_lch","noun_wup","noun_res","noun_jcn","noun_lin","noun_lesk","noun_vector","verb_path","verb_lch","verb_wup","verb_res","verb_jcn","verb_lin","verb_lesk","verb_vector","word2vec"
"Antecedent","0.6","0.7679436155789899","0.875","0.3156881767180841","0.5674415753583093","0.7303364117930466","0.8385281385281385","0.7563781801868925","0.41666666666666663","0.6403580480380207","0.6785714285714286","0.21572985088167568","0.46930483983773713","0.6471606802313337","1.0","0.6962916821325276","0.4414434743747314"
"a3","0.15476190476190477","0.4794793435942155","0.6386554621848739","0.17520326546276066","0.09407790528076505","0.35510349125947827","0.258282170727823","0.3947890534456625","0.35","0.5711198437269808","0.7017543859649122","0.17210203203758506","0.18456971619272997","0.5370298089939581","0.670437535221189","0.473353016860413","0.33758768097932673"
"a2","0.16666666666666666","0.5003731981073846","0.6458333333333333","0.19542688474481973","0.1470165222479227","0.5092874424619263","0.225990150147759","0.30088001410346055","0.5","0.6953155025784209","0.7777777777777777","0.2985326136769882","0.32081287528014835","0.7810138740869018","1.0","0.7446649300483166","0.3545977161568504"
"a4","0.16666666666666666","0.5003731981073846","0.6458333333333333","0.19542688474481973","0.1470165222479227","0.5092874424619263","0.225990150147759","0.30088001410346055","0.5","0.6953155025784209","0.7777777777777777","0.2985326136769882","0.32081287528014835","0.7810138740869018","1.0","0.7446649300483166","0.3545977161568504"
