"Similarity Measures","noun_path","noun_lch","noun_wup","noun_res","noun_jcn","noun_lin","noun_lesk","noun_vector","verb_path","verb_lch","verb_wup","verb_res","verb_jcn","verb_lin","verb_lesk","verb_vector","word2vec"
"Antecedent","0.225","0.5800428374174932","0.7417582417582418","0.1893332025980035","0.14602906836501914","0.5057015750279656","0.320760053181564","0.37863242452628154","0.0","0.0","0.0","0.0","0.0","0.0","0.0","0.0","0.14284491381692271"
"a3","0.375","0.7042384962689333","0.8733031674208145","0.33351749668591657","0.49745141596921405","0.868450633792806","0.7105531082558045","0.6050329220365","0.5","0.6953155025784209","0.8","0.2843301373564057","0.28588724674875676","0.7643544824709626","1.0","0.713371980781996","0.4701879044543518"
"a2","0.75","0.8921392744304301","0.9615384615384616","0.3775319156643682","0.7398043876965567","0.9303647199052407","1.0","0.7276190631021255","0.3333333333333333","0.5854005934976205","0.5","0.1969189713852482","0.1937948477439372","0.603617716040216","0.598417207792208","0.713371980781996","0.48403117547167335"
"a4","0.19642857142857142","0.5344367981346158","0.6974789915966386","0.2545595398608611","0.31108757955428545","0.6186580443342333","0.372176563050735","0.3313815990040775","0.3333333333333333","0.5854005934976205","0.5","0.12781605200648147","0.1018323660096041","0.3418388574977337","0.168934240362812","0.280085403498794","0.23593694937443493"
