Similarity Measures,noun_path,noun_lch,noun_wup,noun_res,noun_jcn,noun_lin,noun_lesk,noun_vector,verb_path,verb_lch,verb_wup,verb_res,verb_jcn,verb_lin,verb_lesk,verb_vector,word2vec,Average
Antecedent,0.1402116402116402,0.4498056587383385,0.6227954144620811,0.27770962230563984,0.1614082695504062,0.608956240364688,0.22150738079915766,0.47800673941707966,0.29166666666666663,0.5464076589572724,0.45,0.06390802600324073,0.09721222594823359,0.1865597182296263,0.2467532467532465,0.26892399961889946,0.3803699121237467,0.32307073059705665
a2,0.14761904761904762,0.45675994873771747,0.5854341736694678,0.21656988972777338,0.11704359538816715,0.46930989590063493,0.3885805202863197,0.34824802072894867,0.41666666666666663,0.6403580480380207,0.625,0.16129016540090174,0.5821966193783483,0.7078751568564416,1.0,0.7607635633713715,0.42312695526654814,0.4733436627668457
