Similarity Measures,noun_path,noun_lch,noun_wup,noun_res,noun_jcn,noun_lin,noun_lesk,noun_vector,verb_path,verb_lch,verb_wup,verb_res,verb_jcn,verb_lin,verb_lesk,verb_vector,word2vec,Average
a1,0.0,0.0,0.0,0.0,0.0,0.0,0.0,0.0,0.0,0.0,0.0,0.0,0.0,0.0,0.0,0.0,0.36999247959472986,0.021764263505572343
a3,0.11305199430199431,0.36140787957396775,0.4332516339869281,0.0976217282232739,0.07008610027307559,0.197430863099227,0.16410691223754834,0.13402743560040717,0.29999999999999993,0.554206245865342,0.45999999999999996,0.14640719678977374,0.09714700200309608,0.3551632983781499,0.2712512609744752,0.20837790071730916,0.22238415684101415,0.24623068287444602
Antecedent,0.171031746031746,0.48388808008923506,0.5920128847760426,0.13028788384555806,0.11369452150123328,0.29423504860404087,0.272388645948826,0.23518474802659636,0.5666666666666667,0.7109126763945601,0.7,0.1874552676750401,0.34305237791201126,0.6326958610861222,0.7064885114885116,0.5714879417830295,0.35006450952394524,0.41538513949136269
a4,0.31316137566137564,0.574361324170294,0.6506879944960441,0.19972029834955718,0.24390238492966546,0.44423679529940113,0.4871170991134511,0.4404759224852602,0.45,0.6293665571299407,0.5976470588235294,0.25941159230464045,0.3735140893662625,0.6947158017414123,0.6044011049337137,0.6536794164840954,0.414990685790749,0.47243467653408189
