Similarity Measures,noun_path,noun_lch,noun_wup,noun_res,noun_jcn,noun_lin,noun_lesk,noun_vector,verb_path,verb_lch,verb_wup,verb_res,verb_jcn,verb_lin,verb_lesk,verb_vector,word2vec,Average
Antecedent,0.2963293650793651,0.5855299361171807,0.7285943223443224,0.2870926343270747,0.25269326041047824,0.6381604047801683,0.5388237566096835,0.4443811283472477,0.41666666666666663,0.6403580480380207,0.5833333333333333,0.21263266426800717,0.5688007524793569,0.7492731075986874,1.0,0.5207304806412615,0.3977316621824859,0.52124303077784351
a3,0.17812499999999998,0.515337149242006,0.6633368738244898,0.21087351903689266,0.13571602913698144,0.4806874168650741,0.3021765509317653,0.29761461714830334,0.37499999999999994,0.6128793207678206,0.5595238095238095,0.10291906385555284,0.15444782961568154,0.3181239984088553,0.6153645833333332,0.4887620002451358,0.3039677914392754,0.37146209137499864
a2,0.2462797619047619,0.5161726644927208,0.6370535714285714,0.201773511932185,0.19706250332156902,0.42051839323573953,0.35281955756026623,0.3095997815484071,0.8333333333333333,0.8087623589293433,0.875,0.2707966194994954,0.8052586239222101,0.9190203602322078,0.8096301328502415,0.8570050106096473,0.4214841931532116,0.55773943399728887
a4,0.24285714285714285,0.580576477424275,0.7181415076151919,0.24941608141480237,0.2073384191987369,0.6009844985609503,0.4149161144815633,0.3927049339247189,0.49999999999999994,0.6598545153081947,0.625,0.14423107552352843,0.32548562753289495,0.440812390361379,0.42638888888888876,0.43238582624623406,0.39665691135628983,0.43280884768792888
