"Similarity Measures","noun_path","noun_lch","noun_wup","noun_res","noun_jcn","noun_lin","noun_lesk","noun_vector","verb_path","verb_lch","verb_wup","verb_res","verb_jcn","verb_lin","verb_lesk","verb_vector","word2vec"
"a1","0.2708333333333333","0.621802314458333","0.7632575757575757","0.23479411569640654","0.26207656873859425","0.566879463495499","0.7639504825492318","0.5337820963643807","0.5333333333333333","0.6889296945784","0.71","0.16619448185651545","0.5203011404577709","0.6300739796102992","0.8581506676744773","0.590866016701756","0.5131894209270926"
"a2","0.18392857142857144","0.5193141632492698","0.6818910256410257","0.21514077404621706","0.1126282446175647","0.47191751220804423","0.28021025472112426","0.2842991832726285","0.4833333333333333","0.6513495389461007","0.6399999999999999","0.13008076184113734","0.5165758522858219","0.5283870298432112","0.6149074074074077","0.5796538498430478","0.3651865726454523"
"Antecedent","1.0","0.9860896635111784","1.0","0.4645262218174671","1.0","1.0","1.0","1.0","1.0","0.8832162807399178","1.0","0.39787721224903266","1.0","1.0","1.0","1.0","1.0"
