Similarity Measures,noun_path,noun_lch,noun_wup,noun_res,noun_jcn,noun_lin,noun_lesk,noun_vector,verb_path,verb_lch,verb_wup,verb_res,verb_jcn,verb_lin,verb_lesk,verb_vector,word2vec,Average
Antecedent,0.3611111111111111,0.6989169896022492,0.8241830065359478,0.26352056649261496,0.4591914302350604,0.6909596226191059,0.7621659943772153,0.60824979973669,0.41666666666666663,0.6403580480380207,0.7017543859649122,0.20548031993173904,0.2676682404208961,0.6123901665373268,1.0,0.5100725702075319,0.4511608761590053,0.55728528203741723
a3,0.2333333333333333,0.5794815806743557,0.746031746031746,0.2525029612099073,0.22576579680765185,0.6126202491956163,0.37046394465181404,0.4722141001877693,0.5,0.6953155025784209,0.7333333333333334,0.22938554957458213,0.5920434949729573,0.7483588286778811,1.0,0.795881186184513,0.38502186293169355,0.53951491002032792
a2,0.5555555555555555,0.7875458720163137,0.8611111111111112,0.3343413345094419,0.5469962039898012,0.8409531036091545,1.0,0.716128186799703,0.75,0.7892658916591693,0.9,0.2695287156808184,0.7735361523591454,0.9278317423081539,1.0,0.795881186184514,0.6133012797733552,0.73305743150330804
a4,0.19444444444444442,0.5370115011343181,0.7072583419332646,0.1666245408322303,0.10324949113183306,0.4003083821302864,0.15888916654406335,0.4028666873696567,0.41666666666666663,0.6403580480380207,0.7333333333333334,0.2284200527438476,0.27355326777915656,0.6893885470341408,0.6606493506493505,0.6923652956220145,0.3291887460612357,0.43144563902634492
