Similarity Measures,noun_path,noun_lch,noun_wup,noun_res,noun_jcn,noun_lin,noun_lesk,noun_vector,verb_path,verb_lch,verb_wup,verb_res,verb_jcn,verb_lin,verb_lesk,verb_vector,word2vec,Average
Antecedent,0.1111111111111111,0.39045828902658425,0.3333333333333333,0.029883075095373943,0.08222087386944753,0.08929048937935868,0.202157091097309,0.134427044558384,0.6,0.6650702328077291,0.8888888888888888,0.202115057559541,0.5977784058449677,0.8014544923649589,0.6256306306306305,0.660184972559035,0.42351257174808915,0.40220685646322019
a3,0.3333333333333333,0.6882739762688813,0.8333333333333334,0.2829896941114954,0.22508072108115418,0.7176509225002083,1.0,0.232749031053178,0.6,0.6650702328077291,0.8888888888888888,0.202115057559541,0.5977784058449677,0.8014544923649589,0.6386181139122316,0.6739232201121115,0.5039835082835116,0.58148487832091322
a2,0.2,0.5497975676468014,0.75,0.254663007383628,0.23908190504892116,0.7084187852369549,0.202157091097309,0.417008294006701,0.625,0.6953155025784209,0.8888888888888888,0.202115057559541,0.5977784058449677,0.8014544923649589,0.6616161616161615,0.674967079575948,0.5178698698202497,0.52859600639232074
a4,0.3333333333333333,0.6882739762688813,0.8333333333333334,0.2829896941114954,0.22508072108115418,0.7176509225002083,1.0,0.232749031053178,0.625,0.6953155025784209,0.9117647058823529,0.202115057559541,0.5977784058449677,0.8014544923649589,0.6414285714285715,0.748402703921222,0.49113054216969987,0.5898706466724305
