"Similarity Measures","noun_path","noun_lch","noun_wup","noun_res","noun_jcn","noun_lin","noun_lesk","noun_vector","verb_path","verb_lch","verb_wup","verb_res","verb_jcn","verb_lin","verb_lesk","verb_vector","word2vec"
"a1","0.20028860028860032","0.5265055736855379","0.6549732014017728","0.22107918685502095","0.1396857858901728","0.5005686587113743","0.5077031609243268","0.39506185415425205","0.46875","0.6540974116731207","0.6770833333333333","0.21899309533349293","0.34701278212721653","0.6265301572906258","0.8335360241610241","0.5290911652030511","0.4622473704336462"
"Antecedent","0.14331581117295403","0.45114783448123336","0.5789685104811155","0.19197040737386714","0.11355727264767634","0.4393611912840654","0.34720535405417957","0.22415353554669676","0.3020833333333333","0.5561558925923594","0.5270833333333333","0.19522224224482718","0.23477733283420837","0.4853602208143434","0.5078821684910475","0.4008468999459044","0.4094883296668909"
"a2","0.39591836734693875","0.6223312644276205","0.7206877487837239","0.2762087560000267","0.35228162261109447","0.5452013823093051","0.4554048901423549","0.5140299286832669","0.32291666666666663","0.5756523598625336","0.491025641025641","0.17812265404915997","0.12393993723203917","0.43218355708195166","0.4965603365714972","0.44911624414473317","0.4991120191317651"
