Similarity Measures,noun_path,noun_lch,noun_wup,noun_res,noun_jcn,noun_lin,noun_lesk,noun_vector,verb_path,verb_lch,verb_wup,verb_res,verb_jcn,verb_lin,verb_lesk,verb_vector,word2vec,Average
Antecedent,0.24966422466422467,0.5901401496060126,0.6990950226244342,0.18902821515871338,0.18839125790124617,0.5136406926907515,0.49632623993768316,0.40233314595673203,0.6333333333333334,0.7109126763945601,0.8074592074592075,0.19667541433649577,0.6630251246241173,0.7803435640984954,0.7463588263588263,0.6189444057945828,0.5241928254736052,0.52999201920076611
a2,0.1848290598290598,0.516690981847266,0.6282655378809225,0.1690542234534006,0.12512831584048734,0.41055474258476327,0.24775375979113196,0.21026853037639398,0.5785714285714285,0.6649749789569932,0.7298245614035087,0.187868757466702,0.6608171681914083,0.7768967023400759,0.6701178389314304,0.6189444057945828,0.40786975844528456,0.45814298539440229
