Similarity Measures,noun_path,noun_lch,noun_wup,noun_res,noun_jcn,noun_lin,noun_lesk,noun_vector,verb_path,verb_lch,verb_wup,verb_res,verb_jcn,verb_lin,verb_lesk,verb_vector,word2vec,Average
a1,0.0,0.0,0.0,0.0,0.0,0.0,0.0,0.0,0.29,0.5421081379570653,0.5483208020050124,0.10775435687719817,0.12133000600301572,0.29511377754053003,0.2650337649679756,0.2948009058429844,0.24801309818234976,0.1595573440809489
a3,0.5407407407407407,0.7173357049530895,0.785243741765481,0.3208703251374975,0.5078781282129766,0.6752602471350406,0.6214672233127393,0.5882484456235958,0.6,0.7328956582107203,0.8299081035923142,0.2795275269019186,0.6989273623367105,0.8513277702046878,0.961091908091908,0.6729201543624082,0.5607239007085985,0.64378629066414272
a2,0.25595238095238093,0.5352950324678498,0.6541692225902752,0.21801152204293778,0.2076817826365187,0.4396201306711701,0.35026625721709953,0.24971162594065832,0.3233333333333333,0.5640911197732252,0.48,0.0916210474850575,0.11430505299160468,0.26205012251452886,0.5095733039913711,0.4590690657545157,0.41228437824538844,0.36041384580046565
Antecedent,1.0,0.9860896635111784,1.0,0.47511840358536417,1.0,1.0,1.0,0.9999999999999988,1.0,0.8832162807399178,1.0,0.4179917981599203,1.0,1.0,1.0,1.0,1.0,0.92720094976449297
a4,0.3485890652557319,0.5937724406294497,0.6932615277442864,0.26794607529865816,0.31547007971143304,0.6040998789536063,0.6882862411640337,0.4557293004309042,0.4833333333333333,0.6513495389461008,0.7104453441295547,0.23927232122453385,0.42821187718216897,0.7076917358043195,0.6052238915830899,0.5761570096316146,0.418326503386939,0.5168921273182211
