"Similarity Measures","noun_path","noun_lch","noun_wup","noun_res","noun_jcn","noun_lin","noun_lesk","noun_vector","verb_path","verb_lch","verb_wup","verb_res","verb_jcn","verb_lin","verb_lesk","verb_vector","word2vec"
"Antecedent","0.19064625850340136","0.5242269036978554","0.6318027210884354","0.18506035689490513","0.15191021144954728","0.439555420108967","0.2937924288370303","0.31099188528610344","0.5","0.6953155025784209","0.6666666666666666","0.199472058013818","0.19693862700854867","0.5640850001151198","1.0","0.46006047787155","0.33717187354592754"
"a3","0.20136054421768707","0.5424283663578716","0.6125719518576661","0.15148519461194712","0.09960531632024827","0.3445419593675438","0.41167105520756","0.31799197083636266","1.0","0.8832162807399176","1.0","0.34789128443422956","1.0","1.0","1.0","0.9999999999999896","0.3661793286496119"
"a2","0.3346938775510204","0.629099444141666","0.7628760595147149","0.22469732656485217","0.24891310500039324","0.542707051688648","0.5033863120968561","0.3532143829378257","1.0","0.8832162807399176","1.0","0.34789128443422956","1.0","1.0","1.0","0.9999999999999896","0.3515816018589894"
"a4","0.17675736961451247","0.5085247738291697","0.6641323195945044","0.17972668772043332","0.13679687810691904","0.4516080870283486","0.21383496898787785","0.24782736614770023","0.41666666666666663","0.6403580480380207","0.5833333333333333","0.27317068673273437","0.34384357058716575","0.7121100428250524","1.0","0.7014124442610055","0.36197253774431626"
