Similarity Measures,noun_path,noun_lch,noun_wup,noun_res,noun_jcn,noun_lin,noun_lesk,noun_vector,verb_path,verb_lch,verb_wup,verb_res,verb_jcn,verb_lin,verb_lesk,verb_vector,word2vec,Average
Antecedent,0.12263107263107265,0.4054762793308708,0.45332029082029085,0.13228066870166294,0.08920743279561501,0.27358788591469624,0.18378199954188532,0.18392669921110996,0.29166666666666663,0.5464076589572724,0.6444444444444444,0.1469978496679782,0.19726894064332237,0.3921400460157435,0.2777579365079365,0.38734939829229253,0.30968560513823795,0.29634887501653523
a3,0.12400793650793651,0.41081272419799025,0.43546151560857443,0.1098236266414827,0.08767996840023651,0.25726981050831094,0.29085791754862766,0.14473575920686843,0.12698412698412698,0.32164850628255465,0.225,0.0,0.06725121001029069,0.0,0.0927319902319903,0.20981844646772552,0.2592975064104169,0.18608123794159603
a2,0.14623015873015874,0.45860431040471195,0.5470923412099883,0.1339306427288153,0.09217212163926503,0.3169127850630923,0.25199566070933405,0.1987689639517595,0.29166666666666663,0.5464076589572724,0.6444444444444444,0.1469978496679782,0.20625594414473436,0.3921400460157435,0.2111832611832613,0.461636413560256,0.30092162542450196,0.31455064085305784
a4,0.31805555555555554,0.5765656924178036,0.672039072039072,0.21430597284300193,0.25300421161744296,0.49289784799477393,0.5159887618140173,0.48620511995614524,0.20833333333333331,0.45245726987652396,0.49411764705882355,0.09254698550092529,0.12336037071426538,0.2577980143342611,0.1064355287569575,0.37586749392479546,0.32210007885177094,0.35071052685820409
