Similarity Measures,noun_path,noun_lch,noun_wup,noun_res,noun_jcn,noun_lin,noun_lesk,noun_vector,verb_path,verb_lch,verb_wup,verb_res,verb_jcn,verb_lin,verb_lesk,verb_vector,word2vec,Average
Antecedent,0.09230769230769231,0.3381892466344556,0.2884615384615385,0.029883075095373943,0.053244326540513254,0.059689359166881506,0.13782843310435278,0.0907988328765253,0.611111111111111,0.7213107922719865,0.7222222222222222,0.13847526170457378,0.4479347526724647,0.5568925274298944,0.7853535353535354,0.6610889999647973,0.2479398600328545,0.351925386291222
a3,0.16666666666666666,0.5003731981073846,0.5757223942208461,0.22535982630012427,0.1824333835792049,0.5010456968865052,0.19769477052862636,0.3906545216233794,0.5555555555555555,0.6846724892450529,0.5833333333333334,0.11075209149624883,0.3938795448750596,0.3333333333333333,0.5713482384823847,0.553730582973999,0.317583420447123,0.40259641456793099
a2,0.242063492063492,0.5857158575127043,0.6868686868686869,0.20567335515163296,0.19557380745490774,0.5878682287999998,0.36823744463496005,0.2984394001891877,0.5555555555555555,0.6846724892450529,0.7592592592592592,0.14907824073725442,0.48014390957657355,0.5696520995503048,0.729656685906686,0.6306979580958747,0.41978461404423406,0.47934947556743324
a4,0.24444444444444446,0.5959563705208281,0.816951566951567,0.31032258654987827,0.43787346865784915,0.7170998253026539,0.5644715293524817,0.37542643568279127,0.7777777777777777,0.7839443849924853,0.8333333333333334,0.1604071098801604,0.6985909971210359,0.6666666666666666,0.9078974266474266,0.8006465675907933,0.5246316150026954,0.60096718273381566
