"Similarity Measures","noun_path","noun_lch","noun_wup","noun_res","noun_jcn","noun_lin","noun_lesk","noun_vector","verb_path","verb_lch","verb_wup","verb_res","verb_jcn","verb_lin","verb_lesk","verb_vector","word2vec"
"a1","0.1695165945165945","0.46950015364691094","0.5692697653223968","0.13182408021190697","0.10148967441079026","0.32643702380240847","0.20689140831722533","0.21475324828826317","0.7083333333333334","0.7579490952989199","0.8518518518518517","0.23854324928043466","0.702565256879298","0.8810866148443272","0.8710212480053751","0.8173475553591206","0.43315436131988033"
"a3","0.0","0.0","0.0","0.0","0.0","0.0","0.0","0.0","0.3611111111111111","0.6037197450110873","0.8073257080610022","0.20243959183710392","0.4852444925954138","0.7400010738360634","0.6790275778632088","0.47624322050680473","0.3746981180691899"
"a2","0.1703703703703704","0.48020968492692334","0.6199074074074074","0.1665986160510765","0.12335979078914695","0.4028425220701057","0.4481070822963939","0.31134776515738416","0.638888888888889","0.7396299437854531","0.8721405228758169","0.21533417476717545","0.5750361900304753","0.8199522335085877","1.0","0.7817468493293297","0.44254905043779785"
"Antecedent","1.0","0.9860896635111783","0.9761904761904763","0.4188324992171079","1.0","1.0","1.0","0.9999999999999982","1.0","0.8832162807399176","1.0","0.355874424916347","1.0","1.0","1.0","1.0","1.0"
"a4","0.37103174603174605","0.6553140684042594","0.7975247834380962","0.26104489548782367","0.344377185730401","0.6194360783253635","0.5031711562386177","0.4993371686863794","0.4444444444444445","0.6350365413713367","0.8042522564581387","0.2504830989441246","0.611323946235606","0.8468085228287688","0.6896390646390648","0.5281681504176469","0.4310981252099489"
