"Similarity Measures","noun_path","noun_lch","noun_wup","noun_res","noun_jcn","noun_lin","noun_lesk","noun_vector","verb_path","verb_lch","verb_wup","verb_res","verb_jcn","verb_lin","verb_lesk","verb_vector","word2vec"
"Antecedent","0.20000000000000004","0.5497975676468014","0.7407407407407408","0.22324845008376917","0.24876119158802648","0.6106788213232818","0.34424077389849966","0.30511174432632604","0.47916666666666663","0.6403580480380207","0.6","0.08982468464315271","0.3436022953997704","0.37917875101284815","0.6623675683291068","0.49007688614433753","0.3432567489083665"
"a3","0.21666666666666667","0.5699610808272626","0.7445533769063181","0.17851138630045763","0.1252324271344766","0.4496481537816166","0.3205863412399313","0.39741393181046164","0.47916666666666663","0.6403580480380207","0.6","0.08982468464315271","0.3436022953997704","0.37917875101284815","0.6623675683291068","0.49007688614433753","0.34216346480796084"
"a2","0.2611111111111111","0.6161198837012892","0.75","0.17851138630045763","0.12232903912270378","0.4305842670294515","0.5503138753346983","0.4335513914211813","0.47916666666666663","0.6403580480380207","0.6","0.13551458941478245","0.3436022953997704","0.4530040316224152","0.6891929651545038","0.49007688614433753","0.39443519183390224"
"a4","0.20555555555555557","0.5534862909807904","0.701860231271996","0.1651174293806481","0.10197760374096275","0.3886940485999888","0.27851398814136835","0.187569866085012","0.47916666666666663","0.6403580480380207","0.6","0.08982468464315271","0.3436022953997704","0.37917875101284815","0.6623675683291068","0.49007688614433753","0.3317138082322824"
