Similarity Measures,noun_path,noun_lch,noun_wup,noun_res,noun_jcn,noun_lin,noun_lesk,noun_vector,verb_path,verb_lch,verb_wup,verb_res,verb_jcn,verb_lin,verb_lesk,verb_vector,word2vec,Average
a1,0.4256132756132756,0.6551105803278731,0.7298825357648887,0.2554790535013913,0.36770107043724337,0.6005660211138408,0.4561278867653481,0.45820383143383303,0.5138888888888888,0.676996351064954,0.7373015873015872,0.25731704100057673,0.48881706244189305,0.7877465474045201,0.7802121353591942,0.6043737539761332,0.49163359307331744,0.54629242443933879
a3,0.5318181818181817,0.7446250476272046,0.8623843476784654,0.32486899853491674,0.46597196857312645,0.7042784945275963,0.838063325889204,0.5680704073098821,0.47222222222222227,0.6533556928848036,0.6574074074074073,0.2153474575946597,0.36753747399903886,0.6797539709278714,0.8381636492981029,0.5860687630458002,0.602610357073803,0.59485575096542864
a2,0.3510494555949102,0.6105023426443987,0.7147894245417464,0.23159914120557323,0.2936238851416932,0.5320043859468115,0.6040527221375398,0.3682608474731039,0.4583333333333333,0.6403580480380208,0.6261904761904762,0.2323505505549646,0.3723275309950996,0.6419165969277411,0.5885717031736851,0.5417002514220001,0.6168672899785779,0.49555870501762794
Antecedent,1.0,0.9860896635111783,1.0,0.4864093024527385,1.0,1.0,1.0,0.9999999999999981,1.0,0.8832162807399176,1.0,0.36368021152020136,1.0,1.0,1.0,1.0,1.0,0.92467032107200198
