"Similarity Measures","noun_path","noun_lch","noun_wup","noun_res","noun_jcn","noun_lin","noun_lesk","noun_vector","verb_path","verb_lch","verb_wup","verb_res","verb_jcn","verb_lin","verb_lesk","verb_vector","word2vec"
"a1","0.17083333333333334","0.4932328232220647","0.5870192307692308","0.18772718911172984","0.08818340313406343","0.31680409541046983","0.3099506133646825","0.3573307829646335","0.2599206349206349","0.5028047377592825","0.39999999999999997","0.0884259059865876","0.10024761998918824","0.24737569437553608","0.1614307930178026","0.26276180841053237","0.2769348703502519"
"a3","0.08064851814851814","0.3024977655427348","0.2457393483709273","0.029239984262388767","0.06190507565125938","0.06624813691802214","0.15078042189472565","0.082495812233644","0.0","0.0","0.0","0.0","0.0","0.0","0.0","0.0","0.13395867203889214"
"Antecedent","0.24444444444444446","0.5597044850326129","0.6797385620915033","0.2194687883620455","0.19174924619173567","0.476364065071799","0.422713255966228","0.32911774857092324","0.2833333333333333","0.49733296782669356","0.4185185185185185","0.06858779676848664","0.11302934306069534","0.21384515474077168","0.465542562295809","0.3215855821818387","0.2525325295316463"
"a4","0.0","0.0","0.0","0.0","0.0","0.0","0.0","0.0","0.0","0.0","0.0","0.0","0.0","0.0","0.0","0.0","0.08639459639365574"
