"Similarity Measures","noun_path","noun_lch","noun_wup","noun_res","noun_jcn","noun_lin","noun_lesk","noun_vector","verb_path","verb_lch","verb_wup","verb_res","verb_jcn","verb_lin","verb_lesk","verb_vector","word2vec"
"Antecedent","0.15624999999999997","0.4808767308372105","0.5340909090909091","0.12859102103896886","0.0851168283202374","0.3029220664133294","0.30311800041258696","0.30682880528290624","0.39999999999999997","0.6125183966774608","0.6666666666666666","0.19079078467483543","0.5300803602797678","0.7750461394001786","0.7398989898989901","0.6119987988065113","0.29495977877564533"
"a3","0.3055555555555556","0.5943235871881329","0.6698717948717949","0.21330234929735198","0.35602353607188536","0.5420834791624239","0.6494709021841119","0.4297560330118493","0.2888888888888889","0.5392417906235939","0.4682539682539682","0.11398848510746735","0.1246778328733873","0.3248746114475997","0.7131740687296243","0.5064626607635166","0.25990651583666596"
"a2","0.15624999999999997","0.4808767308372105","0.6052350427350428","0.15352262876887854","0.11035561195060847","0.3931273422252487","0.384282226675295","0.282644864025131","0.5666666666666667","0.6751519893979597","0.7333333333333333","0.25636857640928495","0.5300803602797678","0.7765795610183165","0.7398989898989901","0.670152508041459","0.295115154976243"
"a4","0.1005050505050505","0.36257790959248437","0.3785714285714286","0.10683878503031496","0.08197574596260764","0.2542348769719306","0.23787658408864804","0.12168125624193102","0.5","0.6953155025784209","0.7555555555555555","0.22298473044110612","0.5300803602797678","0.794670699453766","1.0","0.631866055189039","0.19064631256618503"
