"Similarity Measures","noun_path","noun_lch","noun_wup","noun_res","noun_jcn","noun_lin","noun_lesk","noun_vector","verb_path","verb_lch","verb_wup","verb_res","verb_jcn","verb_lin","verb_lesk","verb_vector","word2vec"
"a1","0.3815192743764172","0.595195851612964","0.6745724605631727","0.237559733457238","0.3435931864672905","0.5117966409539386","0.44690285857738393","0.42092101598031245","0.6333333333333333","0.7265098502106995","0.8266666666666665","0.3462685939074671","0.7023245818746716","0.8903084624965076","0.7807995241618428","0.7250756229736387","0.5519141330078434"
"a3","0.511904761904762","0.7510824957436244","0.866038961038961","0.3215845649068784","0.4139560712780627","0.7239652174641655","0.7993319982835742","0.6179503928810289","0.6333333333333334","0.7265098502106995","0.7897435897435897","0.2829113753945425","0.5503857189807377","0.7512722852585557","0.7406919708643847","0.705397731540497","0.5592753127581267"
"a2","0.25","0.6011655243310124","0.7553909858257685","0.21491092901534384","0.13755289112468347","0.5127846477176237","0.49411911425016164","0.44796710331654854","0.6","0.7045268683945395","0.8121212121212121","0.2733671047706453","0.5498213138842531","0.7911097193343939","0.9011111111111113","0.6557111992067675","0.4251232504538971"
"Antecedent","1.0","0.9860896635111783","1.0","0.47806323280320046","1.0","1.0","1.0","0.9999999999999963","1.0","0.8832162807399178","1.0","0.4082672065055634","1.0","1.0","1.0","1.0","1.0"
