"Similarity Measures","noun_path","noun_lch","noun_wup","noun_res","noun_jcn","noun_lin","noun_lesk","noun_vector","verb_path","verb_lch","verb_wup","verb_res","verb_jcn","verb_lin","verb_lesk","verb_vector","word2vec"
"Antecedent","0.3566666666666667","0.6293843469121867","0.7532976827094474","0.25731055429930416","0.3200254592572207","0.6252674633024183","0.5420388660227566","0.5668768953470228","0.5111111111111111","0.6385136863710262","0.7056277056277057","0.23565127543358758","0.4758000920697381","0.7503574483862278","0.6772045855379191","0.5361929919732623","0.5651674811017894"
"a3","0.24333333333333332","0.5797060833716108","0.6889724310776942","0.2202032399234101","0.1486271629056839","0.5392593821415836","0.6953175900612152","0.29821453224271294","0.5555555555555555","0.6586771995514874","0.725","0.23506792053704353","0.729243833926598","0.8350875428427725","0.729541446208113","0.684562182252341","0.4650335976953763"
"a2","0.20818181818181816","0.5369585239167993","0.666941391941392","0.1979637783263533","0.14113694574308475","0.49857554961649814","0.4692330417782786","0.3960568904734412","0.25","0.49677171108355617","0.4666666666666666","0.16262938586803988","0.1687648275504189","0.4970403944775205","0.3504127285608767","0.21819654772981234","0.35106911547903447"
"a4","0.2581818181818182","0.5809244875491194","0.7397570332480818","0.26547003501651617","0.22007847798078864","0.5978114672127276","0.5729872331453444","0.4087150678959962","0.25","0.49677171108355617","0.48325791855203626","0.16842365632717737","0.1666479263672448","0.5217982582563244","0.3614459993947173","0.32881523151348696","0.37557536168575645"
