"Similarity Measures","noun_path","noun_lch","noun_wup","noun_res","noun_jcn","noun_lin","noun_lesk","noun_vector","verb_path","verb_lch","verb_wup","verb_res","verb_jcn","verb_lin","verb_lesk","verb_vector","word2vec"
"Antecedent","0.14166666666666666","0.4311349937963446","0.41025641025641024","0.05847877530428087","1e-300","2.3335452437356927e-300","0.1803102355072464","0.3619059164028007","0.26666666666666666","0.5161623891865805","0.41666666666666663","0.07355363995004056","0.16739562953512732","0.2978022515436932","0.3360081393001455","0.292599321537393","0.21256802191933583"
"a3","0.0","0.0","0.0","0.0","0.0","0.0","0.0","0.0","0.26666666666666666","0.5161623891865805","0.618421052631579","0.1674471450371496","0.2676682404208961","0.6123901665373268","0.40307642411007805","0.3620327764550485","0.34563977212027597"
"a2","0.29166666666666663","0.6492810417285331","0.7815126050420168","0.3345690097534799","0.24741538512721017","0.7377978406792511","0.31057792599912204","0.2673017245836935","0.29166666666666663","0.5464076589572724","0.6617647058823529","0.1708375001054509","0.2676682404208961","0.6123901665373268","0.7326388888888891","0.444002179403735","0.25453684698966883"
"a4","0.26666666666666666","0.6190357719578414","0.7333333333333334","0.2062068178846852","0.20501145176353125","0.600804349610979","0.331439370511984","0.5096873914829355","0.625","0.6953155025784209","0.868421052631579","0.29436310120226084","0.6283941622842534","0.883493165646568","0.6781860067016315","0.767602081434229","0.4862246357435205"
