Similarity Measures,noun_path,noun_lch,noun_wup,noun_res,noun_jcn,noun_lin,noun_lesk,noun_vector,verb_path,verb_lch,verb_wup,verb_res,verb_jcn,verb_lin,verb_lesk,verb_vector,word2vec,Average
Antecedent,0.2807043650793651,0.5620423388469936,0.6760193753614807,0.23929465023076643,0.23258027829556688,0.5051528488484538,0.4303150819571261,0.26194102309002015,0.3444444444444444,0.5758800936505274,0.5555555555555555,0.1612159132254514,0.2287035305843598,0.5380234338964384,0.7793650793650793,0.4754648596515147,0.3841008754533473,0.42534139691391126
a3,0.3025297619047619,0.5790741388606092,0.7161409958720331,0.26628076512506393,0.3271783587973805,0.5723699837484794,0.45643216036645984,0.4132082900181789,0.5111111111111111,0.6385136863710262,0.7592592592592592,0.18354410454890316,0.44794636047552977,0.682967556967629,0.7846978557504873,0.591075723437458,0.5067736721940873,0.51406492851814456
a2,0.2214285714285714,0.5503630779621299,0.6846506112566484,0.19790713741798113,0.18400187764687623,0.4697211838772268,0.35910858565778303,0.35988754020868985,0.38888888888888884,0.622038896524554,0.6555555555555556,0.16060817259216786,0.13073372703432576,0.44804624483772404,1.0,0.4791672424009767,0.42415295986930834,0.43154472195055338
a4,0.33958333333333335,0.6367662655929545,0.7842746714070243,0.27083812850641126,0.34725942300849755,0.6297351187708776,0.45124561363917703,0.4061476785139364,0.3333333333333333,0.5854005934976205,0.7218782249742001,0.20716438217064437,0.2852116155854109,0.6511905684029252,0.8217592592592594,0.5287596030963719,0.49503276192901874,0.49974003382476451
