Similarity Measures,noun_path,noun_lch,noun_wup,noun_res,noun_jcn,noun_lin,noun_lesk,noun_vector,verb_path,verb_lch,verb_wup,verb_res,verb_jcn,verb_lin,verb_lesk,verb_vector,word2vec,Average
Antecedent,0.40547979797979794,0.6158091540928508,0.6974003636542336,0.2988779400894951,0.362805732682821,0.5368373401999909,0.49345603850228265,0.4571481352585107,0.3958333333333333,0.6208615807678466,0.7105263157894736,0.21789660000091335,0.29823725904894216,0.6846653972597124,0.6835565476190478,0.4210795107341358,0.5094980216731309,0.49470406286391283
a3,0.26615440115440114,0.5414125088795598,0.6530566234591002,0.25143161258683533,0.2529391484744525,0.5060449049692732,0.43542764767210757,0.35258188198743484,0.3958333333333333,0.6208615807678466,0.5946969696969697,0.20518001214011222,0.2097958749973617,0.5484380275606436,0.8166666666666668,0.3597757773127445,0.5066365485807978,0.44217256001409655
a2,0.22373015873015878,0.49542456425043657,0.5599789537947433,0.1640048282006965,0.17170750076685123,0.3108821689792011,0.3766200571542446,0.3196012323277989,0.4583333333333333,0.6208615807678466,0.6845238095238094,0.19231628741546614,0.5661908789582798,0.7053159513624397,0.6245089285714285,0.5631511501612475,0.36884130750688304,0.43564662892969797
a4,0.3702777777777778,0.62827772991199,0.770052053209948,0.29301263910923636,0.3492014786089685,0.6026755562376653,0.5217199824122805,0.4240684279893287,0.4583333333333333,0.6208615807678466,0.6,0.2031020890982082,0.5707860948616665,0.7380697910880109,0.8832643928398647,0.5496768723944095,0.5137004275236027,0.53512236630377263
