Similarity Measures,noun_path,noun_lch,noun_wup,noun_res,noun_jcn,noun_lin,noun_lesk,noun_vector,verb_path,verb_lch,verb_wup,verb_res,verb_jcn,verb_lin,verb_lesk,verb_vector,word2vec,Average
Antecedent,0.1053030303030303,0.37344796296157895,0.29393939393939394,0.02559189328304438,0.07003763984888835,0.06854419636529488,0.2974515463414307,0.12871300135172567,0.625,0.6953155025784209,0.7,0.10483119740413069,0.5452285489645914,0.5,0.550625,0.5957338801428855,0.20071433708437214,0.34591041944522288
a3,0.1865079365079365,0.5230822647922054,0.7162698412698413,0.21325944171391228,0.17289297683263902,0.5543141226921094,0.34054366549687404,0.20674153418779703,0.29166666666666663,0.5464076589572724,0.45,0.07016328488173927,0.21829308210802806,0.3236637561341108,0.7326388888888891,0.5057614892429605,0.3855974761339481,0.37869435802981943
a2,0.20555555555555557,0.5534862909807904,0.7802676626206039,0.24277862814179543,0.17289297683263902,0.5735205144928786,0.34054366549687404,0.22901361090959335,0.625,0.6953155025784209,0.7,0.10483119740413069,0.5452285489645914,0.5,0.5523958333333335,0.702530335943966,0.4783832037055749,0.47069079570357342
a4,0.18888888888888888,0.5333227778003291,0.6654456654456654,0.16753263475319033,0.12743591714944588,0.45266350007522077,0.21535710105665298,0.19150804181050432,0.625,0.6953155025784209,0.7,0.10483119740413069,0.5452285489645914,0.5,0.550625,0.5957338801428855,0.37843190056793463,0.42572473862575649
