"Similarity Measures","noun_path","noun_lch","noun_wup","noun_res","noun_jcn","noun_lin","noun_lesk","noun_vector","verb_path","verb_lch","verb_wup","verb_res","verb_jcn","verb_lin","verb_lesk","verb_vector","word2vec"
"Antecedent","0.2222222222222222","0.5393661326477328","0.7063492063492063","0.24717837369199563","0.22243402162521614","0.5793072563264652","0.28616110371465253","0.35391108446711905","0.5666666666666667","0.6751519893979597","0.611111111111111","0.19902130753201464","0.46006392922694356","0.6883187516938326","0.7765151515151517","0.5937231428405267","0.40486929465688415"
"a3","0.21666666666666667","0.5250853828770929","0.5705128205128205","0.15643638460343468","0.15453053178247533","0.4039782515578026","0.5556813871381885","0.25632855215609995","0.5111111111111111","0.6385136863710262","0.611111111111111","0.11255833509974807","0.4121855759863197","0.476051281196405","0.5658346283346284","0.5423171094627267","0.3778437566621162"
"a2","0.25","0.6102881071881849","0.8117647058823529","0.2616956278383671","0.12836615640873614","0.5688370422573898","0.2367521643162995","0.29207042760637403","0.5111111111111111","0.6385136863710262","0.611111111111111","0.11868819777862964","0.4121855759863197","0.476051281196405","0.6133046440738746","0.5423171094627267","0.3305299351871917"
"a4","0.35","0.6739932264982416","0.8196078431372549","0.302215006613688","0.3163773403830198","0.7316600400631185","0.747885241052943","0.46654059916213353","0.3444444444444444","0.5758800936505274","0.5","0.11156116079095046","0.13708572100756533","0.3231205524786728","0.5486476509659467","0.2634696232192133","0.38436665338839937"
