Similarity Measures,noun_path,noun_lch,noun_wup,noun_res,noun_jcn,noun_lin,noun_lesk,noun_vector,verb_path,verb_lch,verb_wup,verb_res,verb_jcn,verb_lin,verb_lesk,verb_vector,word2vec,Average
a1,0.09768089053803342,0.3508365854660091,0.21312021312021306,0.010967954264161877,0.06263930205691938,0.02421264680658038,0.2363308766721204,0.18493899259820848,0.47222222222222227,0.6456795547047046,0.6316993464052287,0.1648514357584042,0.2903179887861905,0.46857456397155944,0.7605141876064457,0.6084747264421753,0.4174364053038843,0.33179399368959178
a3,0.26904761904761904,0.6137058913419935,0.7041625041625041,0.18892242198760223,0.29759456883320645,0.5339494242133968,0.3713283996363549,0.3997231428705184,0.38888888888888884,0.6220388965245539,0.5934343434343433,0.1980612745833489,0.19283872874524566,0.5568082319394979,0.8856060606060607,0.5330632389654081,0.38909588556699815,0.45519232478514943
a2,0.2214285714285714,0.5711607931645223,0.7076530612244899,0.20336506386064998,0.1315939630509277,0.49640522010700894,0.3575497691118564,0.22533894902996243,0.4166666666666667,0.6090412516777712,0.5916666666666667,0.17582377936668425,0.262877061250851,0.4011493258300632,0.49492934592949805,0.4594722879452398,0.41044545758669276,0.3962686608175367
Antecedent,1.0,0.9860896635111783,1.0,0.4067929472592408,1.0,1.0,1.0,1.0,1.0,0.8832162807399176,1.0,0.44237191591225034,1.0,1.0,1.0,0.9999999999999937,1.0,0.92461592984838703
a4,0.31190476190476185,0.6491903652995477,0.7759002901860047,0.28082398737842434,0.4537357167199038,0.7466180583294756,0.5636428669688056,0.512343900319875,0.611111111111111,0.7213107922719862,0.7407407407407408,0.2620514313476078,0.4653062334183835,0.7032535900867916,0.8856060606060607,0.6655487296240873,0.4627171535544794,0.57716504646282618
