"Similarity Measures","noun_path","noun_lch","noun_wup","noun_res","noun_jcn","noun_lin","noun_lesk","noun_vector","verb_path","verb_lch","verb_wup","verb_res","verb_jcn","verb_lin","verb_lesk","verb_vector","word2vec"
"Antecedent","0.13541157916157914","0.436382638135785","0.539550107042367","0.17273998281052447","0.09725825506499808","0.37278255685281175","0.30036797075726507","0.1921494886328522","0.29166666666666663","0.5464076589572724","0.45","0.03677681997502028","0.10801978817324068","0.1009040057822841","0.3544846357346358","0.330289404769079","0.3446026654216885"
"a3","1.0","0.9860896635111783","1.0","0.47462781930355646","1.0","1.0","1.0","0.9999999999999994","1.0","0.8832162807399176","1.0","0.4879660189397071","1.0","1.0","1.0","1.0","1.0"
"a2","0.2523148148148148","0.5558664159425637","0.6818542998109561","0.22204615405027425","0.19971534995204054","0.5164704049641767","0.3427366299287989","0.4037057673323494","0.4583333333333333","0.6208615807678466","0.575","0.0755002425468878","0.3145792361373306","0.25","0.42602997656177505","0.36645239842154476","0.4838086893270162"
"a4","0.13541157916157914","0.436382638135785","0.539550107042367","0.17273998281052447","0.09725825506499808","0.37278255685281175","0.30036797075726507","0.1921494886328522","0.29166666666666663","0.5464076589572724","0.45","0.03677681997502028","0.10801978817324068","0.1009040057822841","0.3544846357346358","0.330289404769079","0.3446026654216885"
