Similarity Measures,noun_path,noun_lch,noun_wup,noun_res,noun_jcn,noun_lin,noun_lesk,noun_vector,verb_path,verb_lch,verb_wup,verb_res,verb_jcn,verb_lin,verb_lesk,verb_vector,word2vec,Average
a1,0.3363095238095238,0.6163211338639113,0.7359368572603867,0.2460746215152071,0.257397488942637,0.5440427631074368,0.6945490205761846,0.4476292960856334,0.5416666666666666,0.6716748443982703,0.6777777777777777,0.14909094157571676,0.49942843143636934,0.6447352876497771,0.5779491341991343,0.6117408080155559,0.3596190440298261,0.50658492005353029
a3,0.3543650793650794,0.6404720618904823,0.7829365079365079,0.26324018951778033,0.3266075654913873,0.626543095808297,0.5788993188340384,0.43365998555352553,0.5972222222222222,0.7083131474252036,0.7333333333333333,0.19226356089335975,0.49942843143636934,0.6844831666636896,0.7837962962962962,0.6984771858766666,0.41839472616593293,0.54837858086530433
a2,0.3263888888888889,0.604966600521501,0.7388591800356505,0.22664201756903704,0.2659296992769572,0.5369973257729653,0.5000079377556897,0.44699385858233004,0.375,0.6090412516777712,0.6444444444444444,0.188399708771247,0.3753422312055516,0.6492808330463283,0.8840612905298814,0.636878568151695,0.4472529099254282,0.49744039683266861
Antecedent,1.0,0.9860896635111783,1.0,0.4700565489886457,1.0,1.0,1.0,0.9999999999999994,1.0,0.8832162807399176,1.0,0.33870766143709674,1.0,1.0,1.0,1.0,1.0,0.92223942086334343
a4,0.31250000000000006,0.5866474490080341,0.706458939237577,0.20001684292471086,0.2386552617383905,0.4324800614035032,0.45084593891077235,0.41413223989544207,0.5416666666666666,0.6716748443982703,0.6777777777777777,0.14909094157571676,0.49942843143636934,0.6447352876497771,0.5779491341991343,0.6117408080155559,0.4207111429378899,0.4786183392809169
