Similarity Measures,noun_path,noun_lch,noun_wup,noun_res,noun_jcn,noun_lin,noun_lesk,noun_vector,verb_path,verb_lch,verb_wup,verb_res,verb_jcn,verb_lin,verb_lesk,verb_vector,word2vec,Average
Antecedent,0.36326530612244895,0.6473009068016822,0.7833333333333333,0.26187362344868775,0.2944538115173617,0.6364794059859757,0.5173172174522922,0.46790647592343587,0.5694444444444444,0.6899939959117369,0.7297979797979798,0.20209841041517762,0.5014730297315642,0.7316631674989003,0.8293933487383982,0.6844530415217799,0.5165818793089834,0.55451937517377536
a3,0.2964285714285714,0.6350691168597143,0.7907176365822981,0.28794802793171276,0.3865476196628035,0.7200896479664787,0.5922546416583067,0.38261518161275815,0.5416666666666666,0.6716748443982702,0.7212121212121212,0.18489387585190228,0.47245299981938443,0.6811954442655831,0.675641457308124,0.5990181649382869,0.49705725062931316,0.53744019228189965
a2,0.2979076479076479,0.5604091662142399,0.6738095238095239,0.19381067191040444,0.2762758562549281,0.5138598274834286,0.3493408096040128,0.424807185065846,0.5,0.6716748443982702,0.7166666666666667,0.22646960966544002,0.39321929715486675,0.6947157676464665,0.8362143034297053,0.5759519957081202,0.4955088261852179,0.49415541171204619
a4,0.17420634920634923,0.4835712640182499,0.615954991983298,0.21110291339436066,0.13866808973277828,0.4578005356804731,0.4040426765751772,0.24453258433507172,0.6527777777777778,0.7213107922719862,0.7674603174603174,0.20219909272764444,0.5971246178228171,0.7795141314157572,0.6430391213724549,0.7209920011816974,0.4173349670102184,0.48421366023331935
