"Similarity Measures","noun_path","noun_lch","noun_wup","noun_res","noun_jcn","noun_lin","noun_lesk","noun_vector","verb_path","verb_lch","verb_wup","verb_res","verb_jcn","verb_lin","verb_lesk","verb_vector","word2vec"
"Antecedent","0.33888888888888885","0.675837588165236","0.8396862568689194","0.2923690419833975","0.32735381675948394","0.6809596299972882","0.8177003552003552","0.39400959851592815","0.29","0.5421081379570654","0.6204395604395604","0.22394838984079737","0.16630883451099934","0.5353107419464553","0.4994858131286704","0.4551631741858052","0.47724500560161187"
"a3","0.5","0.774548227169531","0.8980908152734778","0.3531981366354467","0.4723283366144871","0.7488775153987786","1.0","0.44235280533175686","0.2733333333333333","0.526510964140926","0.42666666666666664","0.1389677399191691","0.10003999308188272","0.27476923878021353","0.3133972002372864","0.23317658294477103","0.48854012888185766"
"a2","0.33194444444444443","0.6132039954447371","0.761283550757235","0.262661288213958","0.2536048318679776","0.527424725548198","0.5350765542131714","0.4185311713865248","0.29","0.5421081379570653","0.6666666666666666","0.20549734879139128","0.11710219309919963","0.4492173348583515","0.5213031026339296","0.3302916066725112","0.5069486813806295"
"a4","0.31666666666666665","0.6527581867282227","0.8236043855238901","0.2712836188690641","0.3058451230217379","0.6070100857149057","0.5678479685878464","0.3869629182807435","0.4666666666666666","0.6449637309460801","0.7866666666666666","0.254989322536486","0.3330733851004668","0.6408483567128223","1.0","0.668664399370497","0.46980681457123424"
