Similarity Measures,noun_path,noun_lch,noun_wup,noun_res,noun_jcn,noun_lin,noun_lesk,noun_vector,verb_path,verb_lch,verb_wup,verb_res,verb_jcn,verb_lin,verb_lesk,verb_vector,word2vec,Average
a1,0.5333333333333333,0.7322399399012014,0.8376050420168066,0.3165299229378971,0.4906702769641546,0.7300529366502283,0.7434140314376794,0.5923539797002382,0.5888888888888889,0.6982313908349731,0.8312340680761734,0.2315248286657947,0.7217167455599341,0.7730613140146606,0.8577715978394274,0.6960047269581562,0.5188045088228235,0.64079044309425703
a3,0.22999999999999998,0.5797060833716108,0.7193893825472772,0.2252480691150911,0.21900459099614214,0.5419927799890712,0.4921106717076248,0.3004353889898716,0.5277777777777778,0.6899939959117369,0.7261904761904762,0.23513257744037452,0.31876416981215044,0.6308715304842744,0.8879985754985755,0.6478650627173825,0.5057602038579478,0.49872007861219919
a2,0.2019047619047619,0.5394806858422997,0.7059523809523809,0.230773616883391,0.19835548619547155,0.540256429739063,0.5808028872468526,0.3923826778236216,0.7833333333333333,0.7791841350689387,0.8650793650793651,0.24802825860942676,0.7612204105121215,0.8079646971909797,0.8701388888888889,0.7936654420924208,0.4201753429971494,0.57168816472708628
Antecedent,0.26222222222222225,0.5918041912798875,0.7191888812941445,0.184068533036189,0.2506983376994597,0.44344479110235246,0.37792554219352936,0.23906269120022738,0.6722222222222222,0.7295481871952224,0.7893217893217894,0.23144468829262274,0.585431087037232,0.7288566878167307,0.8010873074574997,0.7057557728542118,0.376468579618559,0.5110912654025942
