Similarity Measures,noun_path,noun_lch,noun_wup,noun_res,noun_jcn,noun_lin,noun_lesk,noun_vector,verb_path,verb_lch,verb_wup,verb_res,verb_jcn,verb_lin,verb_lesk,verb_vector,word2vec,Average
a1,0.2033333333333333,0.5520108016471947,0.6896857528436475,0.16927798360542348,0.09747906020552988,0.33750650788385067,0.3254290166355386,0.3085528599146914,0.875,0.8362410861995434,0.9166666666666666,0.27272663886388543,0.8184240899283374,0.9179961031358361,1.0,0.999999999999999,0.5228356890975612,0.57900974058594357
a3,0.16666666666666666,0.4911618322912661,0.5960593792172739,0.18368062105205588,0.09170419849457667,0.3551217274548465,0.3266677262167236,0.2396830650576197,0.3125,0.5659041262274465,0.4970588235294118,0.09773909862885913,0.11314330270637304,0.26302528424488714,0.49685846560846575,0.424247578846908,0.41606906301248014,0.33160535054446233
a2,0.37,0.6491540947279535,0.7913725490196079,0.3859029731501507,0.31088624141066523,0.6173386710420516,0.44010465575851176,0.4264463353330966,0.875,0.8362410861995434,0.9166666666666666,0.25160327510618935,0.8184240899283374,0.9179961031358361,1.0,0.9809425208161184,0.5318149676160496,0.65411142528886934
Antecedent,1.0,0.9860896635111784,1.0,0.5990703252089622,1.0,1.0,1.0,0.9999999999999984,1.0,0.8832162807399176,1.0,0.3965231469740026,1.0,1.0,1.0,1.0,1.0,0.93322937743729761
a4,0.3019047619047619,0.6366239789230586,0.7217582417582419,0.2556283066838471,0.28794209283009187,0.5040248716796895,0.4527163889973832,0.4371731823408022,0.75,0.7892658916591693,0.8333333333333333,0.2114159334167218,0.6441829727911401,0.8198790150406471,1.0,0.8646552298933503,0.508509398945232,0.58935374118808648
