Similarity Measures,noun_path,noun_lch,noun_wup,noun_res,noun_jcn,noun_lin,noun_lesk,noun_vector,verb_path,verb_lch,verb_wup,verb_res,verb_jcn,verb_lin,verb_lesk,verb_vector,word2vec,Average
Antecedent,0.41666666666666663,0.7432314308092816,0.8990384615384616,0.36148619120358283,1.0,0.9565268529991235,0.3845962908973115,0.348073833888296,0.75,0.7892658916591693,0.8333333333333333,0.20698054716643294,0.7090260409399299,0.8833139952223747,1.0,0.8723474682400435,0.5469359466216097,0.68828370301091857
a3,0.14166666666666666,0.4311349937963446,0.5098039215686274,0.13634099791681362,0.10510481198408851,0.35180971263431504,0.10884231683103845,0.1167913020763475,0.0,0.0,0.0,0.0,0.0,0.0,0.0,0.0,0.2746280841096722,0.12800722397552433
a2,0.41666666666666663,0.7432314308092816,0.8990384615384616,0.36148619120358283,1.0,0.9565268529991235,0.2263573191660565,0.41025556136915997,1.0,0.8832162807399176,1.0,0.273291239751721,1.0,1.0,1.0,1.0,0.4322274589936026,0.74131161548456326
