"Similarity Measures","noun_path","noun_lch","noun_wup","noun_res","noun_jcn","noun_lin","noun_lesk","noun_vector","verb_path","verb_lch","verb_wup","verb_res","verb_jcn","verb_lin","verb_lesk","verb_vector","word2vec"
"Antecedent","0.21071428571428572","0.5572398177760545","0.7295236572890025","0.22276985396488042","0.1761292023981667","0.5200847445255958","0.3266442976791043","0.23488164903543973","0.7083333333333334","0.7617871643889692","0.8205128205128205","0.24027845320090424","0.5922109877129129","0.8086950867055969","0.7903030303030303","0.8080289704994216","0.4365026897317861"
"a3","0.24642857142857144","0.5662893577896441","0.7110119047619048","0.23044705350933387","0.1652204763814414","0.5214781287194125","0.510199056662871","0.224761928894718","0.49999999999999994","0.6598545153081949","0.6845238095238095","0.18517343978583728","0.4130558989925966","0.6485446730061846","0.606758464727376","0.515992066285632","0.31347828518442206"
"a2","0.21071428571428572","0.5572398177760545","0.7121323529411765","0.18450742521911032","0.10415334184552483","0.4260648672067627","0.33821144874751574","0.30106237611124925","0.6666666666666667","0.7343084371187691","0.8246753246753247","0.21816374023046184","0.61410712423655","0.8118433577839779","0.7969187062937062","0.6554382170289957","0.39531084404085937"
"a4","0.1869047619047619","0.49183543597906976","0.555952380952381","0.13408903894853447","0.125796679926903","0.3443390725901802","0.34975720998837573","0.17752313518444374","0.5833333333333333","0.714811969848595","0.7083333333333333","0.1975081801572327","0.42384119129933123","0.6842652333031393","0.805060606060606","0.6307457568083558","0.3612138747668257"
