"Similarity Measures","noun_path","noun_lch","noun_wup","noun_res","noun_jcn","noun_lin","noun_lesk","noun_vector","verb_path","verb_lch","verb_wup","verb_res","verb_jcn","verb_lin","verb_lesk","verb_vector","word2vec"
"Antecedent","0.1","0.3618967894853046","0.18181818181818182","0.0","0.07942112242092703","0.0","0.126536461867921","0.189144567917929","0.3333333333333333","0.5854005934976205","0.5","0.12781605200648147","0.07126694374078227","0.2589010203730698","0.34209112959113","0.751153871279794","0.2816249336926155"
"a3","0.2","0.5497975676468014","0.6666666666666666","0.1928529425647908","0.1010842149085019","0.3808767339178841","0.197198498964803","0.35498008257851","0.5","0.6953155025784209","0.6666666666666666","0.14963634376434948","0.17279710107225787","0.4688445116006779","1.0","0.6309873641944","0.45527544884579807"
"a2","0.1111111111111111","0.39045828902658425","0.3333333333333333","0.029883075095373943","0.07601590430551391","0.08311204647974132","0.192494475533591","0.138143759060899","0.5","0.6953155025784209","0.6666666666666666","0.14963634376434948","0.17279710107225787","0.4688445116006779","1.0","0.6309873641944","0.31984061537257674"
"a4","0.3333333333333333","0.6882739762688813","0.875","0.2829896941114954","0.2585013667236842","0.7386297900324978","1.0","0.560653095676022","0.3333333333333333","0.5854005934976205","0.5","0.12781605200648147","0.07051475288051191","0.2645180725406654","0.323863636363636","0.48362705247963","0.3402043393543804"
