"Similarity Measures","noun_path","noun_lch","noun_wup","noun_res","noun_jcn","noun_lin","noun_lesk","noun_vector","verb_path","verb_lch","verb_wup","verb_res","verb_jcn","verb_lin","verb_lesk","verb_vector","word2vec"
"Antecedent","0.4305555555555555","0.6362833968817504","0.6627450980392157","0.3072461901089653","0.39047019921165327","0.47938555602341976","0.6094195595575856","0.39208429783834015","0.225","0.4771694546462324","0.6222222222222222","0.2340760297440007","0.17360667475377867","0.6033249167582222","0.45415521978021955","0.402310271933225","0.5133403943071155"
"a3","0.1759259259259259","0.5003731981073846","0.6472334682861","0.18458631921999272","0.09644868156583848","0.365420349672599","0.34875292597993734","0.26579955655922133","0.41666666666666663","0.6403580480380207","0.7083333333333333","0.19806747669431338","0.6900639403777673","0.8564215419728184","0.7229166666666665","0.6562202511964266","0.4704118501796878"
"a2","0.11798941798941798","0.4036468558643118","0.41111111111111115","0.05699454288548752","0.06922640663721023","0.12177947759630785","0.17590913883096634","0.11511219585981368","0.41666666666666663","0.6403580480380207","0.7083333333333333","0.19806747669431338","0.6900639403777673","0.8564215419728184","0.7229166666666665","0.6562202511964266","0.3001729032125746"
"a4","0.39444444444444443","0.5534862909807903","0.4452214452214452","0.24167249930935666","0.3696512285687783","0.3333333333333333","0.41187674040934913","0.3868501887396247","0.41666666666666663","0.6403580480380207","0.7285714285714285","0.2916853099217166","0.31276367248580833","0.7690631663585624","1.0","0.5850188996969995","0.41402437352648686"
