Similarity Measures,noun_path,noun_lch,noun_wup,noun_res,noun_jcn,noun_lin,noun_lesk,noun_vector,verb_path,verb_lch,verb_wup,verb_res,verb_jcn,verb_lin,verb_lesk,verb_vector,word2vec,Average
Antecedent,0.13392857142857142,0.4404864090538674,0.6282894736842105,0.1382420983931833,0.05030476355639472,0.18944120786855387,0.175231783266392,0.46833022325948404,0.3833333333333333,0.6057389458825007,0.625,0.1895801937113872,0.5890578186997335,0.6766022424872608,0.807292533360275,0.6564146783380718,0.3156756533072189,0.41605587821355516
a3,0.375,0.7042384962689333,0.8825910931174089,0.33980230541332446,0.5,0.4809204227066068,0.205174081128432,0.369615368579906,0.2791666666666667,0.5312850240719265,0.43333333333333335,0.13493025469337014,0.14912201374661982,0.3853620594825646,0.26948776245149797,0.303128081792595,0.2846476272232181,0.38987085827508261
a2,0.5625,0.7042384962689333,0.7666666666666666,0.5786862726492837,0.5405297573849918,0.66866326775128,0.5722309191871455,0.568029943956877,0.6125,0.680192867693075,0.6833333333333332,0.14398265435767638,0.572401684084669,0.6324900280588636,0.6329482462160576,0.6834980799351297,0.4248286621368933,0.58986593409887511
a4,0.25,0.6102881071881849,0.8235294117647058,0.258015669821333,0.06562995586664784,0.26650287021240726,0.21727535288733651,0.3102842337950115,0.6333333333333334,0.6996893349632491,0.7083333333333333,0.18029876159053265,0.5670119808457008,0.6698564088617416,0.7996012353963253,0.7357932816000798,0.38976492830968784,0.48148283528056529
