Similarity Measures,noun_path,noun_lch,noun_wup,noun_res,noun_jcn,noun_lin,noun_lesk,noun_vector,verb_path,verb_lch,verb_wup,verb_res,verb_jcn,verb_lin,verb_lesk,verb_vector,word2vec,Average
Antecedent,0.125,0.4223873290266882,0.4743589743589744,0.07375365521164123,0.0779485349307724,0.18705432318009588,0.23478124918740298,0.20065671561019727,0.3333333333333333,0.5854005934976205,0.5166666666666666,0.15188187491504435,0.42508134537115805,0.6839679762700575,0.31071879509379496,0.544158520531344,0.2966680958311197,0.331989293118583
a3,0.0,0.0,0.0,0.0,0.0,0.0,0.0,0.0,0.75,0.7892658916591693,0.8333333333333333,0.3005006934034802,0.6957355211207013,0.8930288126070403,1.0,0.878528732941961,0.23800284589291826,0.3751997547622708
a2,0.11825396825396826,0.3776515661707463,0.35498575498575496,0.07263551579451608,0.09668444860336978,0.19425226642422158,0.191720562731021,0.0919197934977924,0.41666666666666663,0.6403580480380207,0.5833333333333333,0.17879363779181834,0.14047169687915279,0.46892640886626114,0.592121842121842,0.43266694582333304,0.19561796371284262,0.30276825998203882
a4,0.1638888888888889,0.4908526982602914,0.5818181818181817,0.17636303387273924,0.0919716730723884,0.36575273352279236,0.19532791421031034,0.159719631401442,0.375,0.6013651134976725,0.5333333333333333,0.18776400421143252,0.1478834671947804,0.4974081888276767,0.581395400314319,0.3117616867224725,0.2518712808351551,0.3360868958814045
