"Similarity Measures","noun_path","noun_lch","noun_wup","noun_res","noun_jcn","noun_lin","noun_lesk","noun_vector","verb_path","verb_lch","verb_wup","verb_res","verb_jcn","verb_lin","verb_lesk","verb_vector","word2vec"
"Antecedent","0.11094017094017095","0.3810798454074671","0.4632352941176471","0.09963590507815506","0.0930651784254836","0.25236958073360827","0.14920533858058382","0.1906668156556016","0.2976190476190476","0.519480777768377","0.4388888888888889","0.1328287348210181","0.2146976542668607","0.4492114183346086","0.510595238095238","0.4098657684296647","0.4364902841978253"
"a3","0.0","0.0","0.0","0.0","0.0","0.0","0.0","0.0","0.0","0.0","0.0","0.0","0.0","0.0","0.0","0.0","0.28859406627346684"
"a2","0.3688888888888889","0.6328834128200495","0.7206349206349206","0.3260964646370857","0.3076251566734125","0.6312505835773559","0.5543134806167066","0.3945843814507094","0.46428571428571425","0.5821143704888758","0.6205128205128205","0.28677907524942076","0.4513972011378911","0.7650140428772008","0.5954837490551776","0.5435283477106113","0.5605475946574232"
