Similarity Measures,noun_path,noun_lch,noun_wup,noun_res,noun_jcn,noun_lin,noun_lesk,noun_vector,verb_path,verb_lch,verb_wup,verb_res,verb_jcn,verb_lin,verb_lesk,verb_vector,word2vec,Average
Antecedent,0.2546296296296296,0.5368704489114519,0.6787868993751347,0.2113229636323482,0.1918006892961706,0.4314234904913951,0.45357967057298826,0.34000076207939167,0.41666666666666663,0.6403580480380207,0.6666666666666666,0.24551164687256943,0.3078585788891837,0.7414184641938377,0.849387755102041,0.468085644888378,0.518600089515611,0.46782165381302854
a3,0.15224867724867722,0.4714318653026879,0.6201341142517612,0.167202414081908,0.10656167452455954,0.3849729119795227,0.2840546961897059,0.20769256245224627,0.3333333333333333,0.5854005934976205,0.5,0.0926443414753936,0.08444055304533235,0.2055196211044938,0.306331168831169,0.245541003169729,0.4395137762502214,0.305119018043433
a2,0.2547619047619048,0.5433516155845953,0.7259356551410217,0.24632618177462298,0.2495674388331679,0.5681004678174786,0.40041480940709095,0.26460934586045726,0.41666666666666663,0.6403580480380207,0.5833333333333333,0.19593745099868737,0.24860458118492396,0.5860775109731875,0.7476190476190475,0.510143923714241,0.4246677512464503,0.4474397489973469
a4,0.19788359788359786,0.5212316293506557,0.690901310018957,0.19272236266108614,0.13466804198149698,0.4375817894265176,0.36105133084872393,0.26212443296458443,0.25,0.5074147244169241,0.4,0.07355363995004056,0.10929620203880203,0.21510883832360778,0.33973214285714304,0.23767749331413252,0.2922416724893646,0.30724642403091962
