Similarity Measures,noun_path,noun_lch,noun_wup,noun_res,noun_jcn,noun_lin,noun_lesk,noun_vector,verb_path,verb_lch,verb_wup,verb_res,verb_jcn,verb_lin,verb_lesk,verb_vector,word2vec,Average
a1,0.0,0.0,0.0,0.0,0.0,0.0,0.0,0.0,0.6583333333333332,0.7072506524059221,0.7310606060606061,0.18679914043031906,0.5790528636621477,0.7287490909224416,0.8367772108843539,0.6989802625107533,0.46964195007356946,0.32921441825196746
a3,0.39583333333333337,0.6492810417285331,0.7829500221141088,0.26037019035960446,0.35708500210304794,0.658335605017313,0.46004731193618803,0.4874273063146868,0.4708333333333333,0.6367878605953609,0.606060606060606,0.1684704407846763,0.3190812922023389,0.5678756134197835,0.7450504949122437,0.6110161695800346,0.5084120220741551,0.51087750858054992
a2,0.18749999999999997,0.5278519253775846,0.7281495594189092,0.22702206380446147,0.18104360524305832,0.5972557739723854,0.35695604349105226,0.20968669705085424,0.6875,0.7382995671187821,0.8060897435897436,0.24037630583759062,0.6555941564723614,0.8445726954993991,0.838938492063492,0.718355883675286,0.47650346257263837,0.53068799854044701
Antecedent,1.0,0.9860896635111784,1.0,0.3820236397195611,1.0,1.0,1.0,0.9999999999999978,1.0,0.8832162807399176,1.0,0.33518698052728696,1.0,1.0,1.0,0.9999999999999996,0.9999999999999998,0.91685391555870244
a4,0.3125,0.6492810417285331,0.8351478243119109,0.278711065611687,0.39696284539801285,0.7216857221532111,0.665337561173097,0.425648535284264,0.7625,0.7582169769463092,0.8143939393939394,0.2206052010370637,0.7306700613126929,0.85722727327058,0.9020337301587301,0.7996289765408616,0.5386172639828611,0.62759811872375015
