"Similarity Measures","noun_path","noun_lch","noun_wup","noun_res","noun_jcn","noun_lin","noun_lesk","noun_vector","verb_path","verb_lch","verb_wup","verb_res","verb_jcn","verb_lin","verb_lesk","verb_vector","word2vec"
"Antecedent","0.4030612244897959","0.6750886043594002","0.8331021004893185","0.31609123162673036","0.4309860829406696","0.685426036719454","0.6298013144208665","0.4672038138931172","0.5285714285714286","0.6664105756323798","0.7129251700680271","0.21128552717241017","0.6411434368254075","0.7454594207710817","0.7062328957500422","0.6703600836374619","0.5872017959119986"
"a2","0.14523809523809522","0.44488769298392444","0.5730159810212884","0.15494587967571155","0.09893982036437511","0.3206794726794239","0.22334602672972698","0.2552211095559414","0.5047619047619047","0.650708445763694","0.6530612244897959","0.19234516275102206","0.5116365634548959","0.6774393081699233","0.6324850472002667","0.621771472957499","0.39853104812468415"
