"Similarity Measures","noun_path","noun_lch","noun_wup","noun_res","noun_jcn","noun_lin","noun_lesk","noun_vector","verb_path","verb_lch","verb_wup","verb_res","verb_jcn","verb_lin","verb_lesk","verb_vector","word2vec"
"Antecedent","0.5288888888888889","0.7201418319929247","0.8126050420168067","0.33750480364999047","0.5211044971250641","0.7104849827694032","0.6830624453854944","0.5969745183568033","0.6125","0.680192867693075","0.7842105263157895","0.29066187561723955","0.5695702497105406","0.7508144835652292","0.6648064681267805","0.694394793702658","0.4866475811918773"
"a3","0.34190476190476193","0.6089286971986425","0.7145098039215687","0.24253229690678096","0.2777392387000659","0.49649680788931816","0.3980424624834562","0.32931589780858445","0.3333333333333333","0.5738863862274725","0.5722222222222222","0.23441129810742917","0.5415875639172878","0.6340082464310515","0.7039196047008548","0.500567088844827","0.43414148757228493"
"a2","0.1427777777777778","0.4506949345668085","0.6088888888888889","0.14995780467261974","0.12000021708870652","0.3888290646018272","0.2344831428626696","0.2981187938194584","0.3208333333333333","0.5587637513421265","0.5758771929824561","0.11724563233235774","0.2481708881728048","0.4684475600545046","0.5232974713142983","0.42000327123416","0.3443570350968523"
"a4","0.5466666666666666","0.7520096877169682","0.8745098039215687","0.38486237820417946","0.5587918586518532","0.8272682364763115","0.5865064893985702","0.5832907452351199","0.5208333333333333","0.6678367753082208","0.7645676691729324","0.24813749874676677","0.4186549835090936","0.7107695197573495","0.8352187676105944","0.7024555854943543","0.512750139273496"
