Similarity Measures,noun_path,noun_lch,noun_wup,noun_res,noun_jcn,noun_lin,noun_lesk,noun_vector,verb_path,verb_lch,verb_wup,verb_res,verb_jcn,verb_lin,verb_lesk,verb_vector,word2vec,Average
Antecedent,0.11349206349206348,0.39320933926956003,0.4217032967032967,0.08121337918023995,0.08224194409707247,0.2054585599867116,0.169472832909759,0.15175089386425028,0.5277777777777778,0.6899939959117369,0.7206349206349206,0.2604062193802497,0.556300809873233,0.780771842944637,0.7904632544784059,0.6830823974053769,0.4059562552340298,0.41376057547901895
a3,0.21875,0.5163377181074366,0.6128205128205128,0.18603462782105923,0.18182240285455387,0.4457841147123059,0.41339930152971427,0.20431047144890527,0.31944444444444436,0.5724029486508379,0.5399831649831649,0.204840407304549,0.31593724233482195,0.592720674683197,0.46082251454561834,0.5711353827348403,0.41188778919877334,0.39814315989263144
a2,0.09595959595959597,0.34965940003620405,0.23214285714285712,0.02860163738849915,0.055988630112826475,0.054643056219069154,0.10238714285501373,0.12744175295076762,0.5833333333333334,0.7029916407585196,0.7222222222222222,0.1969593171562224,0.46652704733937367,0.6411615145282427,0.7695976540294721,0.706062144244456,0.5124981505012552,0.37342218216340767
a4,0.18055555555555552,0.49239093810735857,0.5392628205128205,0.11067055551971926,0.10359357287746018,0.25176475514530117,0.38820030961102403,0.37502926287982025,0.31944444444444436,0.5724029486508379,0.48333333333333334,0.06390802600324073,0.0661734028846143,0.1408803103664809,0.3300902993611328,0.16001151995527693,0.43818362833346675,0.29505268726716977
