"Similarity Measures","noun_path","noun_lch","noun_wup","noun_res","noun_jcn","noun_lin","noun_lesk","noun_vector","verb_path","verb_lch","verb_wup","verb_res","verb_jcn","verb_lin","verb_lesk","verb_vector","word2vec"
"Antecedent","0.43030303030303024","0.6239823338435746","0.711779448621554","0.32444546948717984","0.40472680595430655","0.6397709581103692","0.409234807312253","0.48561459776962224","0.5833333333333334","0.6403580480380207","0.868421052631579","0.202115057559541","0.5815472877215768","0.7793737073586515","0.5848128999623565","0.583766461344838","0.4790932561198826"
"a3","0.43030303030303024","0.6239823338435746","0.711779448621554","0.32444546948717984","0.40472680595430655","0.6397709581103692","0.409234807312253","0.48561459776962224","0.5833333333333334","0.6403580480380207","0.868421052631579","0.202115057559541","0.5815472877215768","0.7793737073586515","0.5848128999623565","0.583766461344838","0.4790932561198826"
"a2","0.43030303030303024","0.6239823338435746","0.711779448621554","0.32444546948717984","0.40472680595430655","0.6397709581103692","0.409234807312253","0.48561459776962224","0.2222222222222222","0.436492749876472","0.41666666666666663","0.14032656976347854","0.15398693207079162","0.424707245946471","0.195272762951334","0.2798735526347765","0.3889450872135875"
"a4","1.0","0.9860896635111785","1.0","0.5528894170227353","1.0","1.0","0.6666666666666666","1.0","0.5833333333333334","0.6403580480380207","0.868421052631579","0.202115057559541","0.5815472877215768","0.7793737073586515","0.5994897959183675","0.583766461344838","0.5580043340586905"
