Similarity Measures,noun_path,noun_lch,noun_wup,noun_res,noun_jcn,noun_lin,noun_lesk,noun_vector,verb_path,verb_lch,verb_wup,verb_res,verb_jcn,verb_lin,verb_lesk,verb_vector,word2vec,Average
Antecedent,0.6190476190476191,0.7797596980930712,0.8571428571428571,0.3353426306638569,0.5755023144781153,0.770482092037522,0.9169223788549234,0.6574740097823097,1.0,0.8832162807399176,1.0,0.2902980452778815,1.0,1.0,1.0,1.0,0.5732063481905176,0.77990554554756419
a3,0.6458333333333333,0.8176853526198558,0.9065934065934066,0.359665246185122,0.5951210167928822,0.8393106094911228,0.9169223788549234,0.6740942023821478,1.0,0.8832162807399176,1.0,0.2902980452778815,1.0,1.0,1.0,1.0,0.5732063481905176,0.79423213061535936
a2,1.0,0.9860896635111784,1.0,0.4748173902832991,1.0,1.0,1.0,0.9999999999999998,1.0,0.8832162807399176,1.0,0.2902980452778815,1.0,1.0,1.0,1.0,1.0,0.91967184587131035
