"Similarity Measures","noun_path","noun_lch","noun_wup","noun_res","noun_jcn","noun_lin","noun_lesk","noun_vector","verb_path","verb_lch","verb_wup","verb_res","verb_jcn","verb_lin","verb_lesk","verb_vector","word2vec"
"Antecedent","0.36455026455026457","0.6135548972000345","0.7259175865987012","0.2690568169059159","0.34395968445334196","0.5477441774492084","0.4706376946245677","0.47120111805786913","0.75","0.7892658916591693","0.8333333333333333","0.24790719953254386","0.7016542164528337","0.9107977170174697","1.0","0.807169373071362","0.4058802727068548"
"a3","0.23377425044091713","0.5697210764402523","0.7280622580416183","0.2814414219654851","0.18164048856350448","0.583556770236001","0.48565264442550266","0.26662483838318224","0.75","0.7892658916591693","0.8333333333333333","0.2688474522152826","0.8245815246304232","0.9473542916866887","1.0","0.876998404925448","0.4336370271470698"
"a2","0.23941120607787272","0.5038280482168414","0.6316755942142939","0.1949741451283369","0.19105519621855174","0.40360952444521114","0.38388568271377516","0.32514589663198123","0.3333333333333333","0.5854005934976205","0.5","0.12791433124873214","0.16010174745568145","0.43809797651213633","0.486032196969697","0.48601926199111145","0.3528587062805701"
"a4","0.31124338624338627","0.6127063793652481","0.7432738982532583","0.2699538989845928","0.26211444427655395","0.5761812017163268","0.47185383424312477","0.37239186513656664","0.75","0.7892658916591693","0.8333333333333333","0.1986192986405158","0.6856625844416031","0.8677036510501335","1.0","0.7416867685208905","0.3792801328500947"
