Similarity Measures,noun_path,noun_lch,noun_wup,noun_res,noun_jcn,noun_lin,noun_lesk,noun_vector,verb_path,verb_lch,verb_wup,verb_res,verb_jcn,verb_lin,verb_lesk,verb_vector,word2vec,Average
Antecedent,0.17142857142857143,0.504191528363924,0.5,0.09853126101586848,0.12315010318510844,0.2829280939373993,0.307714721222457,0.24965913914043553,0.41666666666666663,0.6403580480380207,0.6008771929824561,0.1352807588651046,0.2282688769379904,0.4601719021081664,0.714545177045177,0.5214915072823223,0.2876801489731288,0.36723198218781161
a3,0.1875,0.5163377181074366,0.5454545454545454,0.09362781019697074,0.144353031838556,0.29701201332314536,0.22991834300950897,0.4796882344180845,0.41666666666666663,0.6403580480380207,0.6008771929824561,0.1352807588651046,0.2282688769379904,0.4601719021081664,0.714545177045177,0.5214915072823223,0.33526958944505525,0.3851071421011299
a2,0.16666666666666666,0.5003731981073846,0.5454545454545454,0.13308761023000715,0.1066391882864032,0.34832986270398847,0.395156687127315,0.297351430491624,0.2,0.4469241848755406,0.34090909090909094,0.14055251654630263,0.10108759263698143,0.3168331863062776,0.336823263336356,0.25417102410835,0.4196137140518211,0.29705728010815624
a4,0.23809523809523808,0.5734297326749639,0.7291666666666667,0.22256904990023788,0.1822976285637122,0.6139876191818872,0.6179000603864735,0.586452788900343,0.5833333333333333,0.7148119698485951,0.7777777777777777,0.271367270146187,0.5154826575547654,0.8093805156646523,1.0,0.7811285377007882,0.5508624339032385,0.5745907811940506
