Similarity Measures,noun_path,noun_lch,noun_wup,noun_res,noun_jcn,noun_lin,noun_lesk,noun_vector,verb_path,verb_lch,verb_wup,verb_res,verb_jcn,verb_lin,verb_lesk,verb_vector,word2vec,Average
Antecedent,0.16064213564213564,0.45915297075518885,0.6261111111111111,0.1784782375221312,0.1778303146252244,0.40908754978856415,0.22794922390706684,0.179205956888072,0.2583333333333333,0.5038062968017263,0.5175438596491229,0.11880521495944443,0.2660075517434971,0.4799358264932391,0.37531334984459974,0.4070396612839255,0.297692127504606,0.33193733657958757
a3,0.1788888888888889,0.5102580720152678,0.6703785103785104,0.20837436934413328,0.1065949663996851,0.45565243918825526,0.5428842114702648,0.322480971240194,0.606060606060606,0.6462548856447348,0.7291666666666667,0.22321638285140027,0.6561196083641413,0.7943229937328209,0.712242120253484,0.7339588660966521,0.3323273803901068,0.49583423170504787
a2,0.1638095238095238,0.4935429884047327,0.6368724412842061,0.18680642270357312,0.11097951399551056,0.432546281223609,0.4398655162279018,0.28520968143635117,0.1875,0.40548207533614977,0.3098901098901099,0.0,0.07381300253208753,0.0,0.12197689780351038,0.28201972669574726,0.3468639572212917,0.26336341991554729
a4,0.29,0.6293843469121867,0.7954120595606663,0.2283993496750266,0.24177277512446235,0.5560436030737778,0.6743716669803628,0.3750888271737794,0.3416666666666667,0.5587637513421265,0.6675438596491228,0.17883819152297448,0.5863473935571759,0.6552403337691349,0.6704093822843822,0.4600217778437792,0.37582587763934006,0.48736058016323319
