Similarity Measures,noun_path,noun_lch,noun_wup,noun_res,noun_jcn,noun_lin,noun_lesk,noun_vector,verb_path,verb_lch,verb_wup,verb_res,verb_jcn,verb_lin,verb_lesk,verb_vector,word2vec,Average
Antecedent,0.47222222222222215,0.6989169896022492,0.8031189083820663,0.29161456632426347,0.4830674841066396,0.6900444790209871,0.5609893167981517,0.49892212836752736,0.4666666666666666,0.6252354131526747,0.6113636363636363,0.12642523427505958,0.34432293726570534,0.46427943363701313,0.48745750777000774,0.5402016598018268,0.39523972720791856,0.5035346065273304
a3,0.19444444444444442,0.5110162114407526,0.6221001221001221,0.17708136309530956,0.1345291763189054,0.42531104646221074,0.4180702082553933,0.24974726100923336,0.49999999999999994,0.6403580480380207,0.6325757575757576,0.22156920449222434,0.42976911493719144,0.7102160672992387,0.611694324194324,0.5456832518271267,0.4197791462005104,0.4378791028053392
a2,0.2638888888888889,0.5736498041612514,0.6754835807467385,0.17551016425297908,0.193770551444069,0.4956790665533166,0.46167588321228265,0.476338241839979,0.3,0.5507814913421005,0.5764354066985646,0.12539216199985181,0.14626931063731313,0.3509173567206304,0.27530618815105423,0.35878772576816775,0.34884763192915774,0.37345490907919682
