Similarity Measures,noun_path,noun_lch,noun_wup,noun_res,noun_jcn,noun_lin,noun_lesk,noun_vector,verb_path,verb_lch,verb_wup,verb_res,verb_jcn,verb_lin,verb_lesk,verb_vector,word2vec,Average
Antecedent,0.20595238095238091,0.5496388112289082,0.6956959706959708,0.19652813611592213,0.09496889404685127,0.4042996726519757,0.5429126513529728,0.3321648446924703,0.3,0.5507814913421005,0.4583333333333333,0.10305948295678644,0.1272602219333709,0.30693160711428014,0.30610080787362826,0.2872922924152628,0.3847422313363685,0.34392134294368137
a3,0.4000000000000001,0.6840749830884721,0.7955932955932957,0.254040666822216,0.30771300184056877,0.6104434700086775,0.6938143228738952,0.5412413312944429,0.7083333333333333,0.7617871643889691,0.8541666666666666,0.26642586266106844,0.6594532238589521,0.8638884857362646,1.0,0.7579349331066018,0.4812062982548391,0.6258892376193097
a2,0.19099511599511598,0.5093841316997864,0.6004273504273505,0.17094885648289795,0.17651847760717057,0.4894254385707551,0.2339942967930703,0.18109592825532397,0.25,0.49943246441689815,0.39642857142857146,0.034013147551412666,0.10436509211935156,0.10687113574447782,0.4663426541147355,0.40739073740958476,0.12448303323097853,0.29071273128514596
a4,0.1875,0.5110162114407526,0.607051282051282,0.16635635299810156,0.15252156165985645,0.46602393133297354,0.2914164321475982,0.22979381848652972,0.55,0.6801928676930751,0.7416666666666667,0.2453663196028401,0.4708011411037797,0.7544860447658566,0.835173016638534,0.6996631180250512,0.32849607060292324,0.46573675501269535
