Similarity Measures,noun_path,noun_lch,noun_wup,noun_res,noun_jcn,noun_lin,noun_lesk,noun_vector,verb_path,verb_lch,verb_wup,verb_res,verb_jcn,verb_lin,verb_lesk,verb_vector,word2vec,Average
Antecedent,0.175,0.4860924483367448,0.5858585858585859,0.16269831291494838,0.09396226687843813,0.3704859067396614,0.27667612721417045,0.388255114435174,0.3333333333333333,0.5854005934976205,0.5,0.2333280435379045,0.2605191622343153,0.6996693376285384,0.264880952380952,0.332666708482373,0.3302530675350654,0.35759293888281318
a3,0.0,0.0,0.0,0.0,0.0,0.0,0.0,0.0,0.3333333333333333,0.5854005934976205,0.5,0.14032656976347854,0.3593203163726423,0.6473275122682216,0.465277777777778,0.428382768046036,0.34045070066491345,0.22351879833670729
a2,0.15555555555555556,0.4701279283366928,0.6376811594202898,0.23639770355272213,0.09624938736416452,0.45835703899613406,0.5329710882247115,0.1492549713228675,1.0,0.8832162807399176,1.0,0.2674984965294168,1.0,1.0,1.0,1.0,0.4407328985562405,0.6075319122705124
a4,0.0,0.0,0.0,0.0,0.0,0.0,0.0,0.0,0.0,0.0,0.0,0.0,0.0,0.0,0.0,0.0,0.2736503319546927,0.016097078350276042
