Similarity Measures,noun_path,noun_lch,noun_wup,noun_res,noun_jcn,noun_lin,noun_lesk,noun_vector,verb_path,verb_lch,verb_wup,verb_res,verb_jcn,verb_lin,verb_lesk,verb_vector,word2vec,Average
a1,0.0,0.0,0.0,0.0,0.0,0.0,0.0,0.0,0.625,0.6953155025784209,0.7,0.24136071897356928,0.5423922340901055,0.6731677672820513,0.6981646825396826,0.640833272741999,0.2381581845033886,0.29731719780642457
a3,0.2222222222222222,0.5736498041612516,0.730920060331825,0.15611810718971167,0.10025119074811534,0.3039105512418933,0.28508175630690397,0.32553097925435964,0.75,0.7892658916591693,0.9,0.3179210282600597,1.0,0.9715867900539994,1.0,0.701984188860543,0.5886647835921189,0.57159455022836314
Antecedent,0.19166666666666665,0.5274910012872248,0.638095238095238,0.20185282277519778,0.19412677690905947,0.5521038051913584,0.5157538091128864,0.23521031964039965,0.3333333333333333,0.5854005934976205,0.65,0.24779415588944959,0.21349219013942056,0.656835190802015,0.6875,0.6753135842511555,0.37456325405956803,0.44003133774415254
a4,0.1619047619047619,0.4889895152696315,0.5904761904761905,0.13520898015766697,0.08959012236314658,0.2893406368321741,0.249043151820634,0.23443759673013234,0.3333333333333333,0.5854005934976205,0.625,0.2289702931756416,0.3126276013841033,0.6601110933444132,0.6814713064713065,0.5754095277447195,0.44266215568190354,0.39317510942278705
