"Similarity Measures","noun_path","noun_lch","noun_wup","noun_res","noun_jcn","noun_lin","noun_lesk","noun_vector","verb_path","verb_lch","verb_wup","verb_res","verb_jcn","verb_lin","verb_lesk","verb_vector","word2vec"
"Antecedent","0.2251190476190476","0.568835342561104","0.6713265002970884","0.20813593564286642","0.16305850698709556","0.47055046682526386","0.3930492108473493","0.2584299893446921","0.37499999999999994","0.6128793207678206","0.575","0.08934464169479239","0.3595200105150827","0.38076274204292","0.5250721961105995","0.5316403372390726","0.4660595373109524"
"a3","0.1903968253968254","0.5280622829287942","0.6624252940042413","0.18268976658722888","0.1554800410250266","0.45295966493799505","0.3129284798356409","0.32077300853620444","0.5416666666666666","0.687333242578395","0.7","0.20225489425793708","0.5869078316119701","0.7424991681823929","0.6824444772334797","0.507576461193779","0.44777369320117444"
"a2","0.4367857142857143","0.6500447077798409","0.7368024132730016","0.25632210775340364","0.44791057431947473","0.5652416863053722","0.5138074050034298","0.49002335676819964","0.37499999999999994","0.6128793207678206","0.6071428571428571","0.16997513373533168","0.3461462313589523","0.4758740247002675","0.828485576923077","0.5781139029308853","0.3352134892444138"
"a4","0.2452380952380952","0.5762909785202848","0.7356561085972851","0.2032814898169569","0.12340406952678847","0.4404262810600499","0.3528811165708964","0.2885204613090072","0.37499999999999994","0.6128793207678206","0.575","0.08934464169479239","0.3595200105150827","0.38076274204292","0.5516060502772663","0.5316403372390726","0.487339682030691"
