"Similarity Measures","noun_path","noun_lch","noun_wup","noun_res","noun_jcn","noun_lin","noun_lesk","noun_vector","verb_path","verb_lch","verb_wup","verb_res","verb_jcn","verb_lin","verb_lesk","verb_vector","word2vec"
"Antecedent","0.3565909090909091","0.6210883450926747","0.707875816993464","0.22798709699695693","0.27715712019167726","0.4711298811994033","0.4828156060204683","0.36514897825244674","0.3333333333333333","0.5854005934976205","0.5","0.07355363995004056","0.16992009673177447","0.2978022515436932","0.33511256354393604","0.3284723247686495","0.417923176369402"
"a3","0.19115440115440116","0.5084380361553198","0.586656223893066","0.11922813547286415","0.10867145761453594","0.29440217807073116","0.21192708227125862","0.28363004674679704","0.3333333333333333","0.5854005934976205","0.5","0.07016328488173927","0.23425395950525868","0.3236637561341108","0.34884259259259254","0.495653807094406","0.324819658941215"
"a2","0.27631313131313134","0.5938261722766905","0.6511102133160956","0.1397362866768566","0.1695090783038367","0.3981822460256451","0.3663694076479385","0.2803410371432344","0.41666666666666663","0.6403580480380207","0.65","0.13019626144526933","0.5545938013189375","0.4989682634100066","0.636063011063011","0.495653807094406","0.3464751840328792"
"a4","0.14257686757686755","0.4358343319950405","0.3520995670995671","0.048377426934959576","0.08313742682829756","0.1244485879483973","0.3676787120946219","0.32519197741692896","0.3333333333333333","0.5854005934976205","0.5","0.07016328488173927","0.23425395950525868","0.3236637561341108","0.34884259259259254","0.495653807094406","0.26767512751674"
