"Similarity Measures","noun_path","noun_lch","noun_wup","noun_res","noun_jcn","noun_lin","noun_lesk","noun_vector","verb_path","verb_lch","verb_wup","verb_res","verb_jcn","verb_lin","verb_lesk","verb_vector","word2vec"
"Antecedent","0.20305250305250305","0.5419543894107026","0.7069435466494292","0.17354531108572058","0.12704735906311468","0.42370019692368194","0.3813427722084023","0.2898196381829708","0.49000000000000005","0.6456372390378449","0.6577777777777778","0.1776891294707391","0.4917715775269504","0.6099349181513195","0.8433333333333334","0.6723155792905573","0.2730157754843283"
"a3","0.16758241758241757","0.4977414275271289","0.6569597069597068","0.18538819234710424","0.13640596510523317","0.43775638754711854","0.3508398739355433","0.279021962266592","0.45","0.6201551913138221","0.5733333333333334","0.14409229335870039","0.34409239699487965","0.5006453284014463","0.8663031400966184","0.6963780569028735","0.279011586518372"
"a2","0.29624542124542125","0.6138026409320485","0.7340530814215024","0.22508353026308717","0.21100509016714453","0.5660202199128134","0.5331941802848214","0.36695609765697956","0.4066666666666666","0.5860741015893854","0.5266666666666666","0.14200064203936416","0.34409239699487965","0.5006453284014463","0.45297264671293364","0.5092618437079508","0.3809412663458637"
"a4","0.2886446886446886","0.6043302471962131","0.7808195072900955","0.19363189725129257","0.21622988939872184","0.5171726949563855","0.44798810970670294","0.37451438897703654","0.37","0.5462807119566927","0.48","0.14682403586510098","0.2763309744247894","0.3996273891329599","0.4771085321298088","0.4808349486137214","0.34639094119839037"
