"Similarity Measures","noun_path","noun_lch","noun_wup","noun_res","noun_jcn","noun_lin","noun_lesk","noun_vector","verb_path","verb_lch","verb_wup","verb_res","verb_jcn","verb_lin","verb_lesk","verb_vector","word2vec"
"Antecedent","0.27842261904761906","0.5532486877760415","0.5886199874686717","0.2103097472520498","0.20397124775690081","0.43643259996843753","0.4661521360394441","0.4351157339564806","0.47916666666666663","0.6403580480380207","0.6","0.1938633082727781","0.422844071950919","0.6814737274711119","0.556106452726018","0.5243053834111785","0.4924091255849706"
"a3","0.19181547619047618","0.5190582743066324","0.6640314020344981","0.16605400398708378","0.0972653885884364","0.380462127446251","0.4371053977684485","0.2546714535070246","0.5208333333333333","0.6678367753082207","0.6416666666666666","0.21022251340827341","0.422844071950919","0.6944400761763372","0.8144047619047621","0.702609839409127","0.4048617771153745"
"a2","0.2013888888888889","0.5450027927046202","0.6852824463118582","0.19573105434884464","0.11582612868125473","0.44587684439926323","0.3184531004262064","0.3662234281169994","0.6458333333333333","0.738299567118782","0.869642857142857","0.2852361382604789","0.6516776728386713","0.8932467154039488","1.0","0.9209412112060658","0.35826755020339957"
