Similarity Measures,noun_path,noun_lch,noun_wup,noun_res,noun_jcn,noun_lin,noun_lesk,noun_vector,verb_path,verb_lch,verb_wup,verb_res,verb_jcn,verb_lin,verb_lesk,verb_vector,word2vec,Average
Antecedent,0.11487470862470861,0.38739861460989355,0.42515664160401,0.08352406152446928,0.06405480222702742,0.16915731769649195,0.1851772196359965,0.15866967085053413,0.2986111111111111,0.5410861522905884,0.5,0.13248660238349877,0.1944331608167463,0.385897748679872,0.31043530543530534,0.3353944498456766,0.3398405098391648,0.27212929865735852
a3,0.1323260073260073,0.4270795843005588,0.5556372549019608,0.18321943682787736,0.10907315422333912,0.39868660465478734,0.17388513044793025,0.24626112826452126,0.2824074074074074,0.5150908625970229,0.45,0.14203843652486972,0.16938261494519402,0.39624323329447203,0.4151968513863675,0.30320868914312854,0.2726801892505746,0.30425979914682472
a2,0.0,0.0,0.0,0.0,0.0,0.0,0.0,0.0,0.2986111111111111,0.5410861522905884,0.5,0.13248660238349877,0.1944331608167463,0.385897748679872,0.31043530543530534,0.3353944498456766,0.236772459152362,0.17265394057148004
a4,0.15844155844155844,0.47356009868684834,0.5833333333333333,0.17005121976532886,0.112475943223912,0.38437082023656444,0.2968516638353595,0.16816298324397227,0.44999999999999996,0.6302762914477902,0.6611111111111111,0.2501773703565999,0.39776301772917494,0.6378174509732314,0.6633288514836135,0.5249194959535254,0.3172063645397656,0.40469691613892289
