Similarity Measures,noun_path,noun_lch,noun_wup,noun_res,noun_jcn,noun_lin,noun_lesk,noun_vector,verb_path,verb_lch,verb_wup,verb_res,verb_jcn,verb_lin,verb_lesk,verb_vector,word2vec,Average
a1,0.11805555555555555,0.4064228090266362,0.5084033613445378,0.15497999566146312,0.07780989434708299,0.3129376934143875,0.324766741913481,0.2698052051622465,0.65,0.7328956582107202,0.7733333333333333,0.18806377742214683,0.583841682423982,0.7160055900934374,0.8541581632653061,0.7686476577272565,0.40866467474265095,0.46169363492024845
a3,0.1875,0.5163377181074366,0.6425339366515836,0.22471130027527858,0.12033159065925247,0.5001076351488734,0.646231546231546,0.4255913591777815,0.4,0.6201551913138222,0.7114285714285715,0.23556157506458386,0.5592031731790531,0.8176171781076575,0.7388623344074472,0.5571225251753787,0.3937262186598556,0.4880601090345954
a2,0.1625,0.4860924483367448,0.5879120879120879,0.16612280030156593,0.09851733855839237,0.3856704706100808,0.160595537424056,0.1668129905275237,0.2833333333333333,0.5386090720492027,0.44000000000000006,0.14510576484978222,0.234937914638944,0.4790501483114138,0.4651354370966848,0.4078875131493322,0.45012122559306567,0.3328472989818948
Antecedent,1.0,0.9860896635111784,1.0,0.5004001971647747,1.0,1.0,1.0,1.0,1.0,0.8832162807399178,1.0,0.3516111325793919,1.0,1.0,1.0,1.0,1.0,0.92478336905854475
a4,0.25,0.5943235871881329,0.6777777777777778,0.19380626786585997,0.19132122976254426,0.5385045757131417,0.4544995216820015,0.3366069612536725,0.6166666666666666,0.7109126763945601,0.7133333333333333,0.16459440782753015,0.5415120069070569,0.6696783492370157,0.8876780626780626,0.7016493925270735,0.46991461942036394,0.51251643742557595
