"Similarity Measures","noun_path","noun_lch","noun_wup","noun_res","noun_jcn","noun_lin","noun_lesk","noun_vector","verb_path","verb_lch","verb_wup","verb_res","verb_jcn","verb_lin","verb_lesk","verb_vector","word2vec"
"Antecedent","0.2638888888888889","0.6179642453682836","0.7410902822667529","0.16581451327390812","0.21996068504567703","0.4864020175717821","0.45650260223720746","0.2996017125834321","0","0","0","0","0","0","0","0","0.4137535334439491"
"a3","0.31666666666666665","0.6604343249083214","0.7994648869648869","0.268454326151284","0.36686491391909065","0.670921249105111","0.5073547809897718","0.33768278807192315","0","0","0","0","0","0","0","0","0.40932701613081823"
"a2","0.33055555555555555","0.6161198837012892","0.7298163709928417","0.20215669608670997","0.25784024361380237","0.4731741692079985","0.5206250415796764","0.4082374088033612","0","0","0","0","0","0","0","0","0.35708093859710527"
"a4","0.2890873015873016","0.546521672809734","0.6117958294428884","0.17107436368411588","0.25523104169670363","0.42062762257029385","0.45379227131650474","0.35848894940127446","0","0","0","0","0","0","0","0","0.40419425574437834"
