Similarity Measures,noun_path,noun_lch,noun_wup,noun_res,noun_jcn,noun_lin,noun_lesk,noun_vector,verb_path,verb_lch,verb_wup,verb_res,verb_jcn,verb_lin,verb_lesk,verb_vector,word2vec,Average
Antecedent,0.4444444444444444,0.7172361411157161,0.8564374394095756,0.3118654571107254,0.5498878043516688,0.7704635409726927,0.7009841015173985,0.556378808533084,0.47916666666666663,0.6403580480380208,0.6178571428571428,0.17817838432727343,0.4112832444968793,0.6092281335534238,0.5223033026341851,0.5678152591043085,0.5156552832976221,0.5558554824959312
a3,0.2333333333333333,0.5848030873410397,0.732936507936508,0.2038132159749451,0.14424001838836167,0.48312521611674347,0.434669332404452,0.3561967071325258,0.3125,0.5659041262274465,0.475,0.07355363995004056,0.14052661503680328,0.2739361920113324,0.4594135802469133,0.31197901542238604,0.4852829157073477,0.36889491195471635
a2,0.15787037037037036,0.46429615182358847,0.551370255704621,0.17535362239283958,0.10909163623986971,0.4003231020218989,0.34584181363264466,0.24378366074933344,0.3125,0.5659041262274465,0.475,0.072490728381957,0.17991299839171288,0.2961784884286855,0.2929861111111112,0.349763058303052,0.26142836654690144,0.30906438178388429
a4,0.38095238095238093,0.6483494502332032,0.7459221992890724,0.2776678130850984,0.4177729319228549,0.6994600310508141,0.6111750360841629,0.44513613243406364,0.5208333333333333,0.6678367753082207,0.6833333333333332,0.216835080360802,0.37140031366665016,0.6007398633147887,0.7785937500000002,0.5407901623405456,0.43485666748257484,0.53186207377599404
