"Similarity Measures","noun_path","noun_lch","noun_wup","noun_res","noun_jcn","noun_lin","noun_lesk","noun_vector","verb_path","verb_lch","verb_wup","verb_res","verb_jcn","verb_lin","verb_lesk","verb_vector","word2vec"
"Antecedent","0.20555555555555557","0.5534862909807903","0.734827264239029","0.1920433988845139","0.11517143905180471","0.43614780827815447","0.2606682270177307","0.2398956125003453","0.4583333333333333","0.6678367753082208","0.6398809523809523","0.22097045211002386","0.4147185343964115","0.7602246379232748","1.0","0.60489575666574","0.4269799604906745"
"a3","0.11958874458874458","0.4056775294934929","0.5121136173767752","0.13158506230937816","0.08167137515945248","0.29748026843618947","0.26187876816825","0.17628418031990378","0.37499999999999994","0.6128793207678206","0.5416666666666666","0.10216643750448498","0.28333299198550776","0.47554666803892176","0.6111500677506776","0.49316293710975745","0.36997336042304213"
"a2","0.1619047619047619","0.4889895152696315","0.6666666666666666","0.23855859024670786","0.11049195789867684","0.4947709010719481","0.23364786029743934","0.19347713907482098","0.3958333333333333","0.6208615807678467","0.6875","0.20012249912794483","0.2620812269242101","0.5770290427456419","0.6597264566395665","0.5189107347177409","0.3872554041143439"
"a4","0.2638888888888889","0.5736498041612514","0.6905982905982905","0.21376841869499316","0.3924580274107354","0.5202685381185986","0.520618111296527","0.3344748516063023","0.7083333333333333","0.7617871643889691","0.8095238095238095","0.21723061716664196","0.6576961584261751","0.8341880212082082","1.0","0.9124352193029035","0.48736033966427056"
