Similarity Measures,noun_path,noun_lch,noun_wup,noun_res,noun_jcn,noun_lin,noun_lesk,noun_vector,verb_path,verb_lch,verb_wup,verb_res,verb_jcn,verb_lin,verb_lesk,verb_vector,word2vec,Average
a1,0.17357142857142854,0.486303356393861,0.5939976689976689,0.15770086782531628,0.14081457006216005,0.3712356992708042,0.4222235902544308,0.2735785985302972,0.0,0.0,0.0,0.0,0.0,0.0,0.0,0.0,0.29195419176414045,0.17125764539235927
a3,0.17222222222222222,0.5003731981073846,0.46539682539682536,0.060268311499357484,0.11463334321107319,0.17932026321080993,0.1869543562735224,0.293285689692451,0.611111111111111,0.7213107922719862,0.7222222222222222,0.16343851144507282,0.5111433624954264,0.7060190285464444,0.8217592592592594,0.721490686073329,0.33114296191869436,0.42835836146807016
a2,0.3752380952380952,0.6465088528309418,0.758008658008658,0.24663558392163137,0.3466973288465304,0.5773644376431534,0.5840619066406493,0.49433768767758546,0.611111111111111,0.7213107922719862,0.7222222222222222,0.16343851144507282,0.5111433624954264,0.7060190285464444,0.8217592592592594,0.721490686073329,0.45409436199549696,0.55655540507221135
Antecedent,1.0,0.9860896635111784,1.0,0.4872151139218919,1.0,1.0,1.0,1.0,1.0,0.8832162807399176,1.0,0.32309824210794935,1.0,1.0,1.0,1.0,1.0,0.92233054707534923
a4,0.1665151515151515,0.48378119446836065,0.6082040508511096,0.16672949358223255,0.14460897818618593,0.3769133496322407,0.5009865505409741,0.16419065641177577,0.38888888888888884,0.622038896524554,0.6,0.18146558890626685,0.4551485715879755,0.671948671111353,1.0,0.6261824677798363,0.41009655874183953,0.44515876874874971
