Similarity Measures,noun_path,noun_lch,noun_wup,noun_res,noun_jcn,noun_lin,noun_lesk,noun_vector,verb_path,verb_lch,verb_wup,verb_res,verb_jcn,verb_lin,verb_lesk,verb_vector,word2vec,Average
a1,0.16104497354497352,0.4681248102518052,0.6042087542087543,0.1861858625959384,0.1322372218026832,0.4333072432285839,0.3364583877905018,0.3187489953216875,0.4270833333333333,0.6266186844029206,0.6516290726817042,0.18624397538594803,0.3302780843705867,0.5954203578749137,0.48106808122433126,0.5123540516745329,0.3616726342219323,0.40074614846559592
a3,0.18373015873015874,0.5212379031252109,0.6264977712346134,0.17457191142921072,0.08317347789007852,0.346221908654945,0.2545993892557514,0.21933765789917306,0.3511904761904762,0.5841682598693413,0.644345238095238,0.25048378189189574,0.47316282811460175,0.7040910905479822,0.786529276909675,0.5574762105454928,0.5217652711250588,0.42838721244170025
a2,0.13796296296296295,0.4412167503865752,0.5593137254901961,0.15122287229601797,0.10109105303532895,0.2929387149964134,0.23115025323338098,0.22715782256880931,0.375,0.6031310871327336,0.6587301587301587,0.23167641390585594,0.4849423872701486,0.6964705355215999,0.658436045791815,0.4680850557214488,0.3692803598889536,0.39340036464308231
Antecedent,1.0,0.9860896635111783,1.0,0.4703127886608968,1.0,1.0,1.0,0.999999999999995,1.0,0.8832162807399176,1.0,0.3660455877529131,1.0,1.0,1.0,1.0,1.0,0.92386260709793522
a4,0.0,0.0,0.0,0.0,0.0,0.0,0.0,0.0,0.0,0.0,0.0,0.0,0.0,0.0,0.0,0.0,0.22626785434643978,0.013309873785084693
