"Similarity Measures","noun_path","noun_lch","noun_wup","noun_res","noun_jcn","noun_lin","noun_lesk","noun_vector","verb_path","verb_lch","verb_wup","verb_res","verb_jcn","verb_lin","verb_lesk","verb_vector","word2vec"
"Antecedent","0.24444444444444446","0.5959563705208281","0.7412698412698413","0.21287134233059976","0.18101660447509793","0.5320250227252796","0.25895665180528266","0.34518000895475137","0.8333333333333334","0.8205826880194187","0.9111111111111111","0.2581161521989231","0.8770452277389372","0.9356305882136858","1.0","0.9766118223361802","0.6082265330759988"
"a3","0.2333333333333333","0.5901245940077238","0.7519607843137255","0.17276589080902924","0.13087348677625762","0.4674957892736418","0.25847677443329603","0.232634149405386","0.0","0.0","0.0","0.0","0.0","0.0","0.0","0.0","0.09537013171222423"
"a2","0.3055555555555555","0.6622786865753159","0.8268907563025211","0.28254931542799744","0.2344454965821078","0.722214465088248","0.767579012495943","0.46622023243588534","0.7222222222222222","0.7709467401457025","0.8111111111111112","0.20127647111374022","0.6226703425883952","0.811365609601563","0.8799828643578643","0.806676272621826","0.5372093773367969"
"a4","0.21666666666666667","0.5699610808272626","0.7205882352941178","0.18243636812982503","0.14515892413676765","0.47675872969343974","0.43850255621994766","0.3766281281869606","0.5277777777777778","0.6899939959117369","0.7739898989898991","0.24032128448413637","0.7596185261886222","0.8844214357323997","0.872945867945868","0.7656508389647287","0.579800456257767"
