Similarity Measures,noun_path,noun_lch,noun_wup,noun_res,noun_jcn,noun_lin,noun_lesk,noun_vector,verb_path,verb_lch,verb_wup,verb_res,verb_jcn,verb_lin,verb_lesk,verb_vector,word2vec,Average
Antecedent,0.25,0.6102881071881849,0.7963800904977376,0.215077324420908,0.1217923035076521,0.49389750002940114,0.6500649776818941,0.197160837558295,0.29166666666666663,0.5464076589572724,0.45,0.25191168891283977,0.3288503749647178,0.6468322821947896,0.665277777777778,0.37222816434662553,0.3624581175161602,0.42648787483652489
a3,0.25,0.5943235871881329,0.7362637362637363,0.21370305780483745,0.1217561408953409,0.4974166521187228,0.626508583505866,0.2559688664459115,0.225,0.4771694546462324,0.3666666666666667,0.1415799350528659,0.0888911502952876,0.3241663654737238,0.2889535728821445,0.38153262110776454,0.4281147161616909,0.35400088861817203
a2,0.19642857142857142,0.5344367981346158,0.6857142857142857,0.14504863581291824,0.07047285856980823,0.27863257450272455,0.278190247268403,0.1956639581575115,0.225,0.4771694546462324,0.3666666666666667,0.14675473921385435,0.13203393089971607,0.4264481034083585,0.205724506974507,0.27087322753539,0.31587397042192633,0.29124308996208764
a4,0.23809523809523808,0.5734297326749639,0.6952380952380952,0.18115109326633874,0.09661075103664642,0.4021141165570194,0.6010785455486545,0.2764379215091775,0.225,0.4771694546462324,0.3666666666666667,0.14675473921385435,0.13203393089971607,0.4264481034083585,0.4529761904761905,0.3769698702923715,0.3256322649042499,0.3525768655549279
