Similarity Measures,noun_path,noun_lch,noun_wup,noun_res,noun_jcn,noun_lin,noun_lesk,noun_vector,verb_path,verb_lch,verb_wup,verb_res,verb_jcn,verb_lin,verb_lesk,verb_vector,word2vec,Average
Antecedent,0.35714285714285715,0.6423164235574769,0.7605042016806722,0.23827611898016032,0.2800854344052723,0.5846066572266627,0.5121523783684513,0.3981971293182149,0.3,0.5507814913421005,0.4583333333333333,0.0,0.09853190061064504,0.0,0.2869311889925325,0.295800495579446,0.5013084495100073,0.3685275329439901
a3,0.18214285714285716,0.5133605147824901,0.6691020852785559,0.23583067142970904,0.1212576274705116,0.5197335820659359,0.36437211073640247,0.3874410493937152,0.675,0.7271680622334492,0.7708333333333334,0.21208323318590566,0.6243475518905043,0.7802003036875557,0.9038299663299663,0.7190971007474263,0.553108920874914,0.52699464532842544
a2,0.38055555555555554,0.6575184366517692,0.8072338652060015,0.28686516356419034,0.4204622328711003,0.6857727755508759,0.5502074111678766,0.5065958566704846,1.0,0.8832162807399176,1.0,0.328286763895681,1.0,1.0,1.0,0.9999999999999972,0.5754495091710757,0.71071552064967791
a4,0.3418650793650794,0.6192370221204634,0.7084590246354953,0.22317566086733007,0.25117314252784445,0.49716645844197255,0.4875283152250553,0.36926357549548333,0.5083333333333333,0.652714140422875,0.6761904761904762,0.2164859639074764,0.5792857017621965,0.7375785853478005,0.8896324711873492,0.6512622432269455,0.41631428086606387,0.51915679264254344
