"Similarity Measures","noun_path","noun_lch","noun_wup","noun_res","noun_jcn","noun_lin","noun_lesk","noun_vector","verb_path","verb_lch","verb_wup","verb_res","verb_jcn","verb_lin","verb_lesk","verb_vector","word2vec"
"Antecedent","0.3191919191919192","0.5743463859698584","0.689484126984127","0.23836699234964223","0.2539793490398928","0.49431826134954077","0.6353910110218477","0.49328820602266354","0.27777777777777773","0.5334100141104896","0.43333333333333335","0.11467541709510977","0.19938610854541852","0.3811035321404163","0.6060873376857784","0.34555032499397537","0.44100867751846584"
"a3","0.16335978835978834","0.4864439617652719","0.6602683178534572","0.17040514587477093","0.10018429397332178","0.39714192254459596","0.21162550046613468","0.23578571868409617","0.0","0.0","0.0","0.0","0.0","0.0","0.0","0.0","0.3889836306174102"
"a2","0.16335978835978834","0.4864439617652719","0.6602683178534572","0.16969521582062977","0.10018429397332178","0.39714192254459596","0.20920894966180048","0.23578571868409617","0.27777777777777773","0.5334100141104896","0.43333333333333335","0.06563965712841606","0.19318466086844044","0.2555426634815831","0.23703131044040135","0.28228920632226767","0.283769654056672"
"a4","0.32037037037037036","0.5842418305979024","0.6889619883040936","0.2395839934859255","0.2729811198364977","0.5329336562590944","0.5210118257601227","0.5168038175247741","0.5277777777777778","0.6586771995514874","0.6333333333333333","0.2447331750557087","0.43929075296992437","0.5318681676957955","0.7354617604617603","0.4842197604254026","0.41107933326068347"
