Similarity Measures,noun_path,noun_lch,noun_wup,noun_res,noun_jcn,noun_lin,noun_lesk,noun_vector,verb_path,verb_lch,verb_wup,verb_res,verb_jcn,verb_lin,verb_lesk,verb_vector,word2vec,Average
Antecedent,0.37333333333333335,0.6513673287283469,0.7754911754911755,0.2419356048904074,0.32762400939427383,0.6035022110493323,0.5657656369183832,0.3488483692865862,0.41666666666666663,0.6403580480380207,0.5833333333333333,0.13755994519553197,0.14108537237591529,0.4249366074411479,0.6506172839506175,0.4976909269808185,0.32682800692083197,0.45334963882321899
a3,0.0,0.0,0.0,0.0,0.0,0.0,0.0,0.0,0.6666666666666666,0.7343084371187691,0.8076923076923077,0.24323226610116863,0.609443277234496,0.853703752586901,0.8097351366582135,0.7776876826433575,0.3664127677873488,0.34522837026407227
a2,0.39,0.6669645025444861,0.7625974025974026,0.2743393313255999,0.3058674482024773,0.6464624121254031,0.5067835682624013,0.34099524771764644,0.5,0.6953155025784209,0.8444444444444444,0.26623840131915144,1.0,0.9657434729229867,1.0,0.8355924347316666,0.38700976461166026,0.61107964314022034
a4,0.19666666666666668,0.5265287539231721,0.648901098901099,0.19655851056652182,0.13213342438653863,0.4355229599183373,0.2082142948378492,0.15580116814680228,0.41666666666666663,0.6403580480380207,0.5833333333333333,0.0640063052454914,0.13877410016860325,0.24241522600879276,0.6070656477668674,0.471656004605206,0.3017670690894897,0.35096289872173275
