Similarity Measures,noun_path,noun_lch,noun_wup,noun_res,noun_jcn,noun_lin,noun_lesk,noun_vector,verb_path,verb_lch,verb_wup,verb_res,verb_jcn,verb_lin,verb_lesk,verb_vector,word2vec,Average
Antecedent,0.1423611111111111,0.4533980035670103,0.5916666666666666,0.18481032337841763,0.07888622605780451,0.366018700071018,0.14207450123708282,0.15840513046143864,0.225,0.4771694546462324,0.5888888888888889,0.18255418726307637,0.1430621829031063,0.5097674356078205,0.24776491624317748,0.324731999835847,0.44421011066038835,0.30945704932935802
a3,0.2857142857142857,0.6193376472017745,0.7582417582417582,0.2500991863976796,0.22296558285000473,0.589346306889262,0.5818980942334715,0.3722021758645865,0.25,0.5074147244169241,0.55,0.18255418726307637,0.12380050780420696,0.4691673235035967,0.1588326719576715,0.28898281167785,0.3666724634000334,0.3868958663185989
a2,0.09318910256410257,0.31940394757745943,0.3204656862745098,0.07028185804781209,1e-300,2.8045371113709555e-300,0.1094145845476881,0.11988787380095299,0.225,0.4771694546462324,0.3666666666666667,0.14640219852762754,0.09958896076016202,0.3610686969249517,0.2965154074529075,0.19230821221851652,0.3621117080104124,0.20938084458941186
a4,0.27321428571428574,0.6042150123164287,0.7547619047619047,0.23480076738291455,0.21745840632094648,0.5496072655971845,0.426095647876503,0.3918096118808172,0.29166666666666663,0.5464076589572724,0.6710526315789473,0.23766206250190364,0.1486782760255637,0.5710510327687599,0.7029761904761905,0.3914612612969425,0.44905038514808526,0.43893935689831276
