"Similarity Measures","noun_path","noun_lch","noun_wup","noun_res","noun_jcn","noun_lin","noun_lesk","noun_vector","verb_path","verb_lch","verb_wup","verb_res","verb_jcn","verb_lin","verb_lesk","verb_vector","word2vec"
"Antecedent","0.13473124098124098","0.43429169986077004","0.5368098927502952","0.14674802435195985","0.10807580771703469","0.35051932806342","0.3585892576213115","0.18938460375777874","0.20555555555555557","0.45061290820952954","0.33968253968253964","0.17747941517437002","0.10344448709044918","0.3715152592908417","0.2732131834215166","0.15779414799213512","0.31046926611793335"
"a3","0.22658730158730156","0.5645601959516319","0.7326189526847421","0.21015118843048727","0.13952987422138724","0.48463848752516653","0.5771554823356851","0.34529134332681716","0.2611111111111111","0.5132465009300284","0.43333333333333335","0.12628275065014996","0.09560173100900422","0.2967080775306834","0.3016966122868903","0.3244019648931463","0.487332374631033"
"a2","0.26769179894179895","0.5858258932558479","0.6884886849476634","0.14188061520844175","0.2282579438215103","0.4512757971007386","0.36650464876268507","0.32107369693921756","0.2611111111111111","0.5132465009300284","0.4666666666666666","0.17078496034690804","0.1846110232532765","0.4216903263018396","0.30274011610817203","0.21065894304180433","0.27921913150405103"
"a4","0.0","0.0","0.0","0.0","0.0","0.0","0.0","0.0","0.0","0.0","0.0","0.0","0.0","0.0","0.0","0.0","0.2683150205525169"
