Similarity Measures,noun_path,noun_lch,noun_wup,noun_res,noun_jcn,noun_lin,noun_lesk,noun_vector,verb_path,verb_lch,verb_wup,verb_res,verb_jcn,verb_lin,verb_lesk,verb_vector,word2vec,Average
a1,0.0,0.0,0.0,0.0,0.0,0.0,0.0,0.0,0.0,0.0,0.0,0.0,0.0,0.0,0.0,0.0,0.2618265369177477,0.01540156099516163
a3,0.3821428571428572,0.637590301178209,0.7069061264549985,0.22380971577854347,0.3741086075543533,0.5302682795790069,0.38479085394886453,0.3906713478841565,0.41666666666666674,0.622038896524554,0.6005291005291005,0.2082516088663736,0.46765457523484916,0.7114823920949073,0.4085738756531833,0.4570318193488529,0.41162023865191205,0.46671395665243459
a2,0.2049062049062049,0.5289009771609452,0.6468855705697811,0.19352017282794304,0.21521166760481864,0.4843290266554037,0.36007195802951564,0.22002282388856353,0.4259259259259259,0.646464431875843,0.6494708994708994,0.15503016967075434,0.1923547157605494,0.4984123804423257,0.8759119905859036,0.5203253018640429,0.4296485362114824,0.42631722079122952
Antecedent,1.0,0.9860896635111783,1.0,0.4918214516038178,1.0,1.0,1.0,0.9999999999999973,1.0,0.8832162807399176,1.0,0.3273067890467688,1.0,1.0,1.0,1.0,1.0,0.92284906970009872
a4,0.19679705215419502,0.529578635840868,0.6900286632871772,0.197408683914596,0.13229024328035038,0.45972905787114987,0.29461363874620344,0.2294178885057838,0.7407407407407408,0.7752792884279635,0.8395061728395061,0.2134302074095972,0.7422905094148361,0.8693027042476393,0.843917153340286,0.7768344215608974,0.5086931564036428,0.53175636576384899
