Similarity Measures,noun_path,noun_lch,noun_wup,noun_res,noun_jcn,noun_lin,noun_lesk,noun_vector,verb_path,verb_lch,verb_wup,verb_res,verb_jcn,verb_lin,verb_lesk,verb_vector,word2vec,Average
Antecedent,0.5800000000000001,0.7739926695331283,0.8746753246753247,0.43725109940450607,0.6545937686277757,0.7997799742244346,0.9139072298988316,0.6974462145704682,0.43999999999999995,0.6172684492216639,0.5666666666666667,0.06749568936294856,0.2919509616711831,0.27462388729185055,0.5588275512122677,0.5420017589855166,0.5553597104291613,0.56740240916327811
a3,0.0,0.0,0.0,0.0,0.0,0.0,0.0,0.0,0.0,0.0,0.0,0.0,0.0,0.0,0.0,0.0,0.2807267990424599,0.016513341120144701
a2,0.38675324675324674,0.6257442751922905,0.7072344322344323,0.3479490071948817,0.32287639851848154,0.5299920079768261,0.570624578318599,0.5622302447140923,0.3333333333333333,0.5854005934976205,0.5807017543859649,0.18479916572120728,0.12941782811688424,0.45567346128463226,0.4524140414208242,0.40795794641616007,0.43928225130476395,0.44837556272848478
