Similarity Measures,noun_path,noun_lch,noun_wup,noun_res,noun_jcn,noun_lin,noun_lesk,noun_vector,verb_path,verb_lch,verb_wup,verb_res,verb_jcn,verb_lin,verb_lesk,verb_vector,word2vec,Average
a1,0.23722222222222222,0.5776197963717972,0.7224067599067598,0.23243059420054496,0.19533994888014725,0.5227539419159278,0.49861446579713364,0.3423570904959986,0.31904761904761897,0.5615380351885693,0.5146520146520147,0.1386895810326188,0.15577688542787085,0.36862717057521815,0.4345584159843021,0.3858714359577335,0.33482601858074185,0.38484305860218937
a3,0.3926190476190476,0.6578432946879106,0.7844531010784881,0.34372047419524354,0.34802693429638615,0.6486762300300936,0.6626402484846907,0.44413295783029944,0.30238095238095236,0.543336572528553,0.5521040154498801,0.1700634789120903,0.11588284891309827,0.4044959090575748,0.4196824462988059,0.2994744954519023,0.4860477727802505,0.44562239882325105
a2,0.1454834054834055,0.45386758285235834,0.5837210012210011,0.16435354956557063,0.11139413001935569,0.36727480486151387,0.2412403845981351,0.1799870171520121,0.0,0.0,0.0,0.0,0.0,0.0,0.0,0.0,0.4314531308275553,0.1575750003871122
Antecedent,1.0,0.9860896635111784,1.0,0.537595540075452,1.0,1.0,1.0,0.9999999999999973,1.0,0.8832162807399176,1.0,0.4638700419971679,1.0,1.0,1.0,1.0,1.0,0.9335747956661008
a4,0.3976190476190476,0.6670852526420593,0.7883916083916084,0.35564798834965117,0.4233122219790279,0.6789361345749765,0.4923830197216811,0.48961058157710546,0.2785714285714286,0.5276344426598673,0.5906204906204906,0.22900923834158587,0.18116072130634656,0.5743886185887923,0.38877742753517813,0.3033439084128517,0.3750671841010789,0.4553858420583986
