"Similarity Measures","noun_path","noun_lch","noun_wup","noun_res","noun_jcn","noun_lin","noun_lesk","noun_vector","verb_path","verb_lch","verb_wup","verb_res","verb_jcn","verb_lin","verb_lesk","verb_vector","word2vec"
"a1","0.74","0.8612510887060036","0.9274725274725275","0.3938536349430938","0.7375444057630256","0.9022898106053552","0.8714042726111693","0.7687959494894272","0.5111111111111111","0.6385136863710262","0.611111111111111","0.11249281560491427","0.41568366367875004","0.471911523236259","0.5076726425284116","0.6061676928519447","0.5823723533621051"
"a3","0.85","0.9109293522465796","0.9538461538461538","0.41610396032958163","0.8301804575592779","0.9260370924534334","0.8985899057663062","0.8532157185893613","0.5833333333333334","0.6953155025784209","0.7333333333333334","0.20336912973160962","0.5422766410764123","0.7686448967750464","0.7702380952380953","0.7100994796023684","0.6391758649399564"
"a2","0.14126984126984127","0.45331759087542167","0.6083333333333333","0.1720330220941897","0.09833134618648268","0.37341068608552963","0.5095123073383947","0.1950638176542606","0.5111111111111111","0.6385136863710262","0.611111111111111","0.11249281560491427","0.41568366367875004","0.471911523236259","0.5292293277709943","0.6061676928519447","0.3298477634921292"
"Antecedent","1.0","0.9860896635111784","1.0","0.4636361938467998","1.0","1.0","1.0","1.0","1.0","0.8832162807399176","1.0","0.4315862703887808","1.0","1.0","1.0","1.0","1.0"
"a4","0.74","0.8612510887060036","0.9274725274725275","0.3938536349430938","0.7375444057630256","0.9022898106053552","0.942020202020202","0.7959733403422374","0.5111111111111111","0.6385136863710262","0.611111111111111","0.2066393177664286","0.4192658637110478","0.6356045341597457","0.6065257736091071","0.6061676928519447","0.621317034102114"
