"Similarity Measures","noun_path","noun_lch","noun_wup","noun_res","noun_jcn","noun_lin","noun_lesk","noun_vector","verb_path","verb_lch","verb_wup","verb_res","verb_jcn","verb_lin","verb_lesk","verb_vector","word2vec"
"Antecedent","0.24444444444444446","0.571805442494257","0.7653361344537816","0.23966129888987228","0.28254891387921255","0.6136792791347994","0.3668107694983971","0.3233915004214913","0.675","0.7271680622334492","0.8416666666666667","0.3059246485395333","0.7855240748421679","0.8612597725583002","0.8067567567567567","0.7306000615773964","0.46879572333707836"
"a3","0.1487649605296664","0.44368169622137194","0.533399470899471","0.14887901511799273","0.1352970140193547","0.40796133874518903","0.17826103336865654","0.1867761391763597","0.5083333333333333","0.6527141404228749","0.7166666666666667","0.16809318422226052","0.37390615345424766","0.606615283899327","0.5984487734487736","0.5864297347526655","0.18957608272682042"
"a2","0.2988095238095238","0.5547590677329701","0.5729500891265598","0.1637046212891343","0.26657597134867067","0.39423418791841475","0.5347365648714562","0.4588650389513565","0.3416666666666666","0.5782602186123007","0.5416666666666666","0.19494632014887112","0.4062424783991381","0.6114854276796999","0.777136575350861","0.5287345029848025","0.32961087854122106"
"a4","0.4305555555555556","0.7249122792958148","0.8599025974025974","0.3172948432694583","0.4784073568684111","0.7605151014383621","0.6887822622245808","0.5375901008903029","0.5083333333333333","0.6527141404228749","0.736111111111111","0.19476736721475463","0.37618981360161796","0.6377126331555611","0.753336940836941","0.5864297347526655","0.48114995305348746"
