Similarity Measures,noun_path,noun_lch,noun_wup,noun_res,noun_jcn,noun_lin,noun_lesk,noun_vector,verb_path,verb_lch,verb_wup,verb_res,verb_jcn,verb_lin,verb_lesk,verb_vector,word2vec,Average
Antecedent,0.1958333333333333,0.525549083923555,0.6615866044187487,0.2056567723178108,0.20908837769699481,0.5003949974110068,0.3699249801560594,0.3207921408848097,0.55,0.6801928676930751,0.7675438596491229,0.2086364804781387,0.4392521378387606,0.7407997499731975,0.8161475869809203,0.6356031146489175,0.4318028530095588,0.48581205531847127
a3,0.0,0.0,0.0,0.0,0.0,0.0,0.0,0.0,0.5083333333333333,0.6527141404228749,0.6925438596491228,0.17806696112674966,0.43856309819947226,0.7047779285073339,0.671243686868687,0.5727969185985595,0.22953903351852753,0.27344582118968591
a2,0.288015873015873,0.5880523323826791,0.7564491928107488,0.2443443356352562,0.24508337344494238,0.5862642774087463,0.5555813453437929,0.42018814318126524,0.31249999999999994,0.5659041262274465,0.6101270053475936,0.19094144262244164,0.16409074165818305,0.5135195702183201,0.39504005669454767,0.32642930312014673,0.4161602148674252,0.42227596082231811
a4,0.15825396825396823,0.4825514974966526,0.6132868275515334,0.18125426865891495,0.10431826873907665,0.4122242182485363,0.36472658500932575,0.2334545615605544,0.3,0.5507814913421005,0.4583333333333333,0.0,0.09097443069218242,0.0,0.306780753968254,0.35559299529101324,0.33730950863454134,0.29116721816352858
