Similarity Measures,noun_path,noun_lch,noun_wup,noun_res,noun_jcn,noun_lin,noun_lesk,noun_vector,verb_path,verb_lch,verb_wup,verb_res,verb_jcn,verb_lin,verb_lesk,verb_vector,word2vec,Average
Antecedent,0.2045787545787546,0.5368799924436741,0.6754495504495506,0.2160600576743272,0.13729224537842882,0.4669380987634955,0.46803215927522007,0.32494226877561255,0.41666666666666663,0.6403580480380207,0.7523809523809524,0.31978815960899837,0.6429882737124706,0.8325154006238387,0.6955632716049385,0.5247831006755426,0.4610699117595798,0.48919334778882773
a3,0.3097069597069598,0.6269107523645242,0.7537462537462537,0.22894249619766946,0.22889336203344454,0.5182021777691425,0.48321494633811846,0.39964692142043984,0.25,0.49145020441687215,0.625,0.2469202497072155,0.30310768126124477,0.6967991173791932,0.639957264957265,0.5044121699029059,0.47924472447763705,0.45800913421640504
a2,0.15592185592185592,0.474666371625176,0.5231043466337584,0.10727467593837782,0.06936768389938315,0.22108749667983643,0.17977527977562452,0.179824785174705,0.20833333333333331,0.45245726987652396,0.34285714285714286,0.0783029139070914,0.07223112520004146,0.1675834683734393,0.237265974765975,0.267947752016444,0.39753548707850944,0.24326688017983636
a4,0.32500000000000007,0.640777222952864,0.7791900407285023,0.2988741729852886,0.248581832253581,0.5878310191609202,0.6361769569543271,0.3720507397407269,0.20833333333333331,0.45245726987652396,0.4222222222222222,0.18221165472062645,0.09819798737149976,0.3929734250958734,0.2473544973544975,0.545432500651674,0.46520233825269064,0.40605101256795012
