"Similarity Measures","noun_path","noun_lch","noun_wup","noun_res","noun_jcn","noun_lin","noun_lesk","noun_vector","verb_path","verb_lch","verb_wup","verb_res","verb_jcn","verb_lin","verb_lesk","verb_vector","word2vec"
"Antecedent","0.17401244588744588","0.49851909583980236","0.5992521367521367","0.138113465595916","0.15071076814572143","0.38530845437599615","0.3918781158799029","0.2622647639332324","0.44999999999999996","0.6302762914477901","0.6259259259259259","0.16425141651484018","0.4490969327615321","0.6131394147109474","0.5595385713473585","0.5905482584145298","0.4222384464610592"
"a3","0.2982142857142857","0.5926625648737426","0.7116358604845447","0.2549440021195537","0.29557090038147826","0.5779936240060647","0.49187676576362127","0.37883848232754463","0.6444444444444445","0.7112290356817558","0.7277777777777779","0.20312900651616517","0.5834644581375424","0.6799698395133135","0.7578937024698149","0.7256478803753564","0.47279602130588066"
"a2","0.18779761904761902","0.5283778192556084","0.6422504578754579","0.15065700311286626","0.10078084806385518","0.3632906807294177","0.43639468779254076","0.23617317714248037","0.44999999999999996","0.6302762914477901","0.6674603174603174","0.18123622862095148","0.4715056014365901","0.6413765548915062","0.6624036636807141","0.6085703037417424","0.38296064652534395"
"a4","0.22291666666666668","0.5672658024752859","0.6968159581646424","0.20295359643987626","0.14194185719435704","0.4988478793161552","0.48565349359584553","0.27263940091448424","0.3055555555555555","0.5464076589572723","0.4865079365079364","0.10124805509089785","0.10298048351137046","0.25278524104383016","0.5876148050685069","0.552158323270103","0.2151701755668668"
