Similarity Measures,noun_path,noun_lch,noun_wup,noun_res,noun_jcn,noun_lin,noun_lesk,noun_vector,verb_path,verb_lch,verb_wup,verb_res,verb_jcn,verb_lin,verb_lesk,verb_vector,word2vec,Average
a1,0.6305555555555556,0.8011047736062338,0.8930860805860806,0.337704225697315,0.5703098719500513,0.7845403299219704,0.7991203065772031,0.7233647387252405,0.6458333333333334,0.7148119698485951,0.7678571428571428,0.24640107071982023,0.5845534473788583,0.7839026972667135,0.688015873015873,0.6872035706211737,0.6506160951390619,0.6652341813411895
a3,0.3722943722943723,0.6409261419619355,0.7490601503759399,0.2553952119103297,0.2691111806619213,0.5849506586281241,0.6969240644767464,0.4888555492198475,0.5833333333333333,0.714811969848595,0.8627136752136753,0.31163074859432544,0.6537284836183652,0.8661538086000321,1.0,0.7044833418014685,0.4981704300518985,0.60309077179946524
a2,0.2236111111111111,0.5404886461340076,0.6344988061100593,0.20967788962634012,0.24649741379500154,0.4824956831239971,0.4237180118623944,0.28048658033190216,0.49999999999999994,0.6598545153081949,0.78125,0.2492314331549522,0.4042657671632158,0.7341880382739212,0.8541666666666667,0.5542711786438648,0.3965787324340965,0.48089885139645455
Antecedent,1.0,0.9860896635111783,1.0,0.4370931236461659,1.0,1.0,1.0,0.9999999999999987,1.0,0.8832162807399176,1.0,0.5290837249141774,1.0,1.0,1.0,0.999999999999999,1.0,0.93149898781243734
a4,0.3458333333333334,0.6002063505979544,0.6585375408904821,0.17183539500857659,0.3874675401647803,0.46785991355418166,0.359578043751249,0.39584552636874726,0.3333333333333333,0.5659041262274465,0.488095238095238,0.07481817188217474,0.10958776819015509,0.2236064519544435,0.4624581396932512,0.3521118339614388,0.42971155213631257,0.378046485831947
