"Similarity Measures","noun_path","noun_lch","noun_wup","noun_res","noun_jcn","noun_lin","noun_lesk","noun_vector","verb_path","verb_lch","verb_wup","verb_res","verb_jcn","verb_lin","verb_lesk","verb_vector","word2vec"
"Antecedent","0.22539682539682537","0.5494517256478625","0.6621268165385813","0.19620980561580537","0.1423471417500672","0.4186444727992291","0.45603202120109315","0.2869582997157603","0.6066666666666667","0.6988145684862834","0.7955555555555555","0.19663418052591752","0.5508741642645807","0.7802088775959224","0.6823530692792057","0.6769556521858859","0.4651760087213791"
"a3","0.24797178130511466","0.5256472512934601","0.5357744107744107","0.17816957507208434","0.17512954936201178","0.260090611456506","0.3320395745972805","0.28408694091247383","0.6333333333333334","0.7265098502106995","0.8416666666666666","0.21497303539061963","0.5956528361725987","0.8186336766062503","0.9102473316912972","0.722750744926474","0.43225886673523667"
"a2","0.09124579124579126","0.336559696747345","0.34090600757267425","0.07331325902798017","0.049968326825704644","0.1020973254458472","0.1523093381589508","0.09225800879191716","0.6333333333333334","0.7265098502106995","0.8314102564102563","0.19663418052591752","0.5518536181320151","0.7814713843738438","0.8479155692792055","0.685111810337548","0.40940880052453527"
"a4","0.29550264550264554","0.6028117083560631","0.7248285827233195","0.29753151451147075","0.208179929501374","0.5132510929814977","0.45965019217503833","0.3591611343733129","0.6066666666666667","0.6988145684862834","0.7955555555555555","0.19663418052591752","0.5508741642645807","0.7802088775959224","0.6823530692792057","0.6769556521858859","0.3601704792844157"
