"Similarity Measures","noun_path","noun_lch","noun_wup","noun_res","noun_jcn","noun_lin","noun_lesk","noun_vector","verb_path","verb_lch","verb_wup","verb_res","verb_jcn","verb_lin","verb_lesk","verb_vector","word2vec"
"a1","0.19821428571428573","0.5421171828907085","0.6321428571428571","0.18225404118551453","0.16472684530452197","0.4771505292060992","0.30668355754786025","0.25075639399828276","0.47333333333333333","0.6392514310378241","0.62","0.152407624497131","0.3301388107792019","0.5659254218907191","0.6470436191488822","0.5612947598052","0.3925138068763584"
"a3","0.19356060606060604","0.49912966082877874","0.4885918003565063","0.11408280352606205","0.187332049604382","0.30942935283271783","0.19427677412905325","0.27293709798497773","0.4833333333333333","0.6513495389461007","0.6276190476190476","0.18359503721998555","0.3538098607375543","0.6342171944002434","0.5497508939473225","0.5672166160035194","0.46517353591301563"
"a2","0.3333333333333333","0.6767597689987332","0.8381900452488689","0.26327283272314544","0.34463886799373833","0.6341977779228944","0.6335627726351238","0.45680901927226547","0.3733333333333333","0.6016712754055247","0.6554545454545455","0.2512974055238341","0.4648919365263685","0.7804240478935778","0.6231263831040617","0.543651190011866","0.5004613058544773"
"Antecedent","1.0","0.9860896635111784","1.0","0.4410556391762624","1.0","1.0","1.0","1.0","1.0","0.8832162807399178","1.0","0.3881580865010974","1.0","1.0","1.0","1.0","1.0"
"a4","0.2791666666666666","0.6341584068431873","0.7577380952380952","0.22845390012444833","0.2758432761316581","0.6303726595148185","0.5200582723412045","0.35617883170322423","0.5733333333333334","0.6768315866701234","0.7","0.22420999429009206","0.5013095656012161","0.6939130731137848","0.7670235518449804","0.6412736530158873","0.5693289784589709"
