"Similarity Measures","noun_path","noun_lch","noun_wup","noun_res","noun_jcn","noun_lin","noun_lesk","noun_vector","verb_path","verb_lch","verb_wup","verb_res","verb_jcn","verb_lin","verb_lesk","verb_vector","word2vec"
"a1","0.3626984126984127","0.645232311814029","0.7942480993951583","0.31857662376111845","0.30506801958113544","0.6506511787241345","0.5218295353052849","0.45085798769486257","0.8333333333333333","0.8138282142536614","0.9238095238095239","0.2512741227769006","0.8209827403963795","0.9405872348650703","1.0","0.8850751718670586","0.5513371086038246"
"a3","0.3057539682539682","0.5778384691699835","0.6710526315789473","0.20263995100972274","0.25440923991677106","0.501252978951256","0.4424859454480485","0.3884021147950735","0.6","0.6932535439411651","0.7142857142857142","0.15774400632322313","0.5693142398896174","0.6954873894140946","0.6243694230939131","0.6624622099802487","0.35089842575575636"
"a2","0.20277777777777775","0.5404886461340076","0.6754181491023598","0.18559912699022027","0.1591857209520361","0.4645594146872735","0.3855229314897115","0.28259827103753965","0.6","0.6932535439411651","0.7142857142857142","0.15774400632322313","0.5693142398896174","0.6954873894140946","0.6243694230939131","0.6624622099802487","0.3878247048142512"
"Antecedent","1.0","0.9860896635111783","1.0","0.48383456496968585","1.0","1.0","1.0","0.9999999999999994","1.0","0.8832162807399176","1.0","0.315590499312336","1.0","1.0","1.0","1.0","1.0"
"a4","0.21805555555555553","0.5617236859040265","0.679438982070561","0.18508698023543926","0.16282730101791168","0.5033833736524417","0.543589100369761","0.3357176980627467","0.6","0.6932535439411651","0.7142857142857142","0.15774400632322313","0.5693142398896174","0.6954873894140946","0.6243694230939131","0.6624622099802487","0.46661616402344297"
