"Similarity Measures","noun_path","noun_lch","noun_wup","noun_res","noun_jcn","noun_lin","noun_lesk","noun_vector","verb_path","verb_lch","verb_wup","verb_res","verb_jcn","verb_lin","verb_lesk","verb_vector","word2vec"
"Antecedent","0.21373015873015871","0.5535443306528169","0.6677310924369748","0.1777009874433106","0.15437172979047625","0.44441076310778416","0.3963216978328223","0.22752410845218152","0.6333333333333333","0.7265098502106995","0.7849999999999999","0.19977743975029805","0.6268692813918143","0.7103520822779271","0.8712121212121211","0.7068864125143963","0.4260702901028426"
"a3","0.20357142857142857","0.5366245358881717","0.6509345788370556","0.18448702435200728","0.14505509237529185","0.4244358730441329","0.34478289580594285","0.30328568805813483","0.45","0.6293665571299407","0.58","0.15897978875613106","0.30970868184255196","0.3495135729889022","0.6119990426240426","0.5978609705100721","0.25035734317337394"
"a2","0.1479304029304029","0.452602428814387","0.5823292299375891","0.14706253234673217","0.08968158588649547","0.3333174197199598","0.1861893923132133","0.17695709255211173","0.3833333333333333","0.6137693833138014","0.5466666666666666","0.13810893188495846","0.16998437079585782","0.4376765569802137","0.6927224223022541","0.3365198077639584","0.18515323123625127"
"a4","0.3083333333333334","0.6222286759578518","0.7010205223053521","0.22635003614865049","0.22638484964371566","0.5140152238383825","0.4562001711695059","0.3546598033637564","0.6166666666666666","0.7109126763945601","0.7583333333333333","0.16174349202859556","0.5313525170744777","0.6637781312786235","0.7283549783549784","0.6643997328022634","0.48667963493137684"
