Similarity Measures,noun_path,noun_lch,noun_wup,noun_res,noun_jcn,noun_lin,noun_lesk,noun_vector,verb_path,verb_lch,verb_wup,verb_res,verb_jcn,verb_lin,verb_lesk,verb_vector,word2vec,Average
Antecedent,0.14285714285714285,0.4585854890810465,0.5,0.13129684456587165,0.10758789706080307,0.36048457623977953,0.296919923300209,0.277085332354486,0.3333333333333333,0.5854005934976205,0.6190476190476191,0.20429869952460447,0.17639167461787342,0.5546460388168459,0.7520661157024795,0.37461248203511055,0.4620624806215176,0.37274566133272602
a3,0.2,0.5497975676468014,0.6666666666666666,0.1928529425647908,0.10375884383232506,0.44397792919315887,0.264752678008822,0.207787170548188,0.41666666666666663,0.6403580480380207,0.7083333333333333,0.36647615980013987,0.6750807322759269,0.9071553072749599,1.0,0.5177334153567555,0.5073871692890416,0.49228144885268216
a2,0.3333333333333333,0.6882739762688813,0.8333333333333334,0.2829896941114954,0.32106789377303574,0.7654083721016808,1.0,0.444998883516747,0.3333333333333333,0.5854005934976205,0.5227272727272727,0.07481817188217474,0.11789469598074054,0.22427321147095655,0.256565656565657,0.3945390486787405,0.5471321386975715,0.45447585936897494
a4,0.125,0.4223873290266882,0.46153846153846156,0.07982905326883642,0.0767355277984834,0.19642684460908996,0.241468397745572,0.28947570436034,0.41666666666666663,0.6403580480380207,0.65,0.20114081313285043,0.30902967491505623,0.6851615864472193,0.6069628647214855,0.3955575431398385,0.5359911864077956,0.37257233540096502
