"Similarity Measures","noun_path","noun_lch","noun_wup","noun_res","noun_jcn","noun_lin","noun_lesk","noun_vector","verb_path","verb_lch","verb_wup","verb_res","verb_jcn","verb_lin","verb_lesk","verb_vector","word2vec"
"a1","0.24404761904761904","0.5900246858909128","0.746101517530089","0.2786229592553515","0.14871889620073359","0.5768234519102589","0.48389617372217747","0.2843899923992107","0.45","0.6293665571299407","0.58","0.1659159558798589","0.42060225461472844","0.6659129635398499","0.5177400594067261","0.49684697991103854","0.33024861918348497"
"a3","0.41666666666666663","0.7130986889947398","0.8501823806445655","0.28982002414058133","0.4386634917411472","0.7166405731249988","0.7966020152096973","0.5678797234059045","0.85","0.8080559694753189","0.9473684210526315","0.24887602540220963","0.8429490528043548","0.9250176562873026","0.8960976345083488","0.8738082671371039","0.547972525881276"
"a2","0.15986394557823128","0.48843385267128797","0.6553516143299426","0.20831297300465865","0.110107142364088","0.4552879015277823","0.37304907972644","0.2668836816563263","0.45","0.6293665571299407","0.58","0.16928532683186784","0.42060225461472844","0.6659129635398499","0.5440548315029284","0.49684697991103854","0.4667503676978993"
"Antecedent","1.0","0.9860896635111783","1.0","0.4857698102387111","1.0","1.0","1.0","1.0","1.0","0.8832162807399178","1.0","0.31592114749285577","1.0","1.0","1.0","1.0","1.0"
"a4","0.35595238095238096","0.6350691168597143","0.7602992245849388","0.3044342371219751","0.3177419205205048","0.6312891492403476","0.5670206617821748","0.43575721030426445","0.6333333333333333","0.7265098502106995","0.8758169934640522","0.2706808608546826","0.6316699067813487","0.8677443614650311","0.7451770451770452","0.7136802654611814","0.4573617111652222"
