"Similarity Measures","noun_path","noun_lch","noun_wup","noun_res","noun_jcn","noun_lin","noun_lesk","noun_vector","verb_path","verb_lch","verb_wup","verb_res","verb_jcn","verb_lin","verb_lesk","verb_vector","word2vec"
"Antecedent","0.2519047619047619","0.5834466494746199","0.6867887667887669","0.20135944199113354","0.15187776442750858","0.5037954998308668","0.45309174475652086","0.28908622974427256","1.0","0.8832162807399176","1.0","0.3634624663596996","1.0","1.0","1.0","1.0","0.44823424584570326"
"a3","0.19357142857142856","0.5302693200261812","0.6423443223443224","0.17703632900013191","0.12733071593941786","0.4428008495688903","0.2348628837186088","0.2677702220136984","1.0","0.8832162807399176","1.0","0.3623470511981151","1.0","1.0","1.0","1.0","0.428660799676592"
"a2","0.09635642135642135","0.3464125038582908","0.3327300150829563","0.05129744451791475","0.07090404616187078","0.10174141270461146","0.16186309161804163","0.13122821012906433","0.3333333333333333","0.5854005934976205","0.8421052631578947","0.20553010570743016","0.2996938677094065","0.7108104738789793","0.435813908474168","0.533550705661194","0.40895714325596666"
"a4","0.11397546897546898","0.39387753339847353","0.4059890109890111","0.07659559199743668","0.08698498676582637","0.1986676416608336","0.5317368237302051","0.4344611652012187","0.3333333333333333","0.5854005934976205","0.8421052631578947","0.20553010570743016","0.2996938677094065","0.7108104738789793","0.35970695970696","0.533550705661194","0.4006136431398133"
