Similarity Measures,noun_path,noun_lch,noun_wup,noun_res,noun_jcn,noun_lin,noun_lesk,noun_vector,verb_path,verb_lch,verb_wup,verb_res,verb_jcn,verb_lin,verb_lesk,verb_vector,word2vec,Average
Antecedent,0.18402777777777776,0.5003731981073846,0.63171869625043,0.1800663402125161,0.116256768281028,0.41823189201948097,0.19957439269093274,0.215946558167037,0.3055555555555555,0.5594053038040551,0.48148148148148145,0.15781089667409157,0.25957555234848373,0.5946636549798665,0.5748456790123456,0.39307787645933595,0.3147152075052271,0.35807804890158995
a3,0.16666666666666666,0.5003731981073846,0.6115384615384616,0.2044532656609167,0.10398175657037101,0.42471129901878873,0.35264286890645596,0.2731246719999422,0.3055555555555555,0.5594053038040551,0.48148148148148145,0.1766750305480148,0.2791528075175563,0.634430481038709,0.612854394675171,0.408971144645591,0.3248333377088069,0.3776971603202311
a2,0.2986111111111111,0.621802314458333,0.7111985236985237,0.21535632230718038,0.3632055052680225,0.5919194420835316,0.6462370186517528,0.28466029235814294,0.5277777777777778,0.6586771995514874,0.7083333333333334,0.19487749392310352,0.47388299637715314,0.7257527805816255,0.5746472663139329,0.5757547477540553,0.4210312405198542,0.50551325682758352
a4,0.2125,0.5402080177624389,0.6537047511312217,0.19111293098783824,0.15092564063831276,0.47585012302776564,0.21393696207060048,0.21950403120462525,0.0,0.0,0.0,0.0,0.0,0.0,0.0,0.0,0.20991699334360278,0.16868585000978858
