"Similarity Measures","noun_path","noun_lch","noun_wup","noun_res","noun_jcn","noun_lin","noun_lesk","noun_vector","verb_path","verb_lch","verb_wup","verb_res","verb_jcn","verb_lin","verb_lesk","verb_vector","word2vec"
"Antecedent","0.17857142857142858","0.5091530284500927","0.6855263157894737","0.2591850858402025","0.15089638772917086","0.5695528190203012","0.324728986547255","0.30469609138523196","0.5833333333333334","0.6953155025784209","0.6333333333333333","0.14998554756532093","0.5386716955421599","0.612156076694994","0.7966666666666667","0.5747325579662657","0.38011825933212395"
"a3","0.18888888888888888","0.5333227778003291","0.7019607843137253","0.2618830469612525","0.17385793380429337","0.6015759033683223","0.27667255566210097","0.298441761493323","0.3055555555555555","0.5594053038040551","0.4904761904761905","0.10267924312930553","0.10524389513870525","0.2909816089134773","0.257950191570881","0.33001232172163664","0.30695412977330433"
"a2","0.125","0.4223873290266882","0.5404007756948933","0.126517079913435","0.08359888307206376","0.27393045473655125","0.179603230516576","0.2470155047067327","0.5833333333333334","0.6953155025784209","0.6333333333333333","0.14998554756532093","0.5386716955421599","0.612156076694994","0.7966666666666667","0.5747325579662657","0.3390744348421222"
"a4","0.21428571428571427","0.5597205678191388","0.632954936360509","0.17562560794500695","0.16754376173542737","0.43919481566784563","0.3871398675939813","0.27675075560688367","0.75","0.7579490952989199","0.7999999999999999","0.15905363044589274","0.6941915302602529","0.6666666666666666","0.7966666666666667","0.7752127048312066","0.4906894928120447"
