Similarity Measures,noun_path,noun_lch,noun_wup,noun_res,noun_jcn,noun_lin,noun_lesk,noun_vector,verb_path,verb_lch,verb_wup,verb_res,verb_jcn,verb_lin,verb_lesk,verb_vector,word2vec,Average
a1,0.2795238095238095,0.582124028526114,0.6853801169590643,0.22294860760646892,0.2558130469393543,0.539859281369296,0.4360188815569514,0.3864325691074744,0.6111111111111112,0.7213107922719864,0.7632275132275131,0.20072206395353914,0.5354400267909221,0.771442752108261,0.8594555565955102,0.6771031905908991,0.5669000552441699,0.53498902373426138
a3,0.21666666666666665,0.5690513465094132,0.7022370766488415,0.18564884331601444,0.15313982518541142,0.5005235825112057,0.33582398690807863,0.3399990837890887,0.4000000000000001,0.5944398612242341,0.5535353535353535,0.13500037142298685,0.26094320441216784,0.441431721870108,0.7317644286667342,0.5485542927532424,0.4393404515589432,0.41812353511638184
a2,0.315,0.6325772509121972,0.7925070028011204,0.20267624117367297,0.2087501752391358,0.4934502845138379,0.3538576768407662,0.48232467864102047,0.6111111111111112,0.7213107922719864,0.7632275132275131,0.19266047487611998,0.5307159027586987,0.767372853192441,0.8295543510990666,0.6481469319791114,0.4525628457614829,0.52928271096466373
Antecedent,1.0,0.9860896635111784,1.0,0.4578451878135438,1.0,1.0,1.0,0.9999999999999962,1.0,0.8832162807399176,1.0,0.3306207113554402,1.0,1.0,1.0,1.0,1.0,0.92104540255412204
a4,0.19083333333333333,0.5163071259694064,0.6613811489508084,0.20436653674075886,0.1772887227060002,0.4947518983788354,0.4274513787922136,0.317479471554093,0.7407407407407408,0.7752792884279633,0.8544973544973545,0.21296816531399687,0.7200813087203134,0.858645852996646,0.9429629629629629,0.7734356277635026,0.44243295472807276,0.54770022779864724
