Similarity Measures,noun_path,noun_lch,noun_wup,noun_res,noun_jcn,noun_lin,noun_lesk,noun_vector,verb_path,verb_lch,verb_wup,verb_res,verb_jcn,verb_lin,verb_lesk,verb_vector,word2vec,Average
Antecedent,0.1875,0.5163377181074366,0.6703296703296704,0.24879255784638538,0.1914487572316893,0.6315133414324632,0.276891455594683,0.386176510747289,0.625,0.6953155025784209,0.9117647058823529,0.202115057559541,0.588008082234575,0.7887264104032159,1.0,0.729810795380717,0.3716303951058063,0.53066829179024977
a3,0.17142857142857143,0.504191528363924,0.7038043478260869,0.21328413356699755,0.11670422224869256,0.47752546826423725,0.2766929048389025,0.2699204544323185,0.6,0.6650702328077291,0.868421052631579,0.202115057559541,0.588008082234575,0.7887264104032159,0.670437535221189,0.6478413924320305,0.4226550175727493,0.48157802422543178
a2,0.26666666666666666,0.6190357719578414,0.7638888888888888,0.2304143278463455,0.10992817845777998,0.5015749474380502,0.6437536514118796,0.4699337751584395,0.29166666666666663,0.5464076589572724,0.6761363636363636,0.21397123903970172,0.2696252705032561,0.6327656332781154,0.4843281079300815,0.430603782820027,0.36479809902110505,0.44208817821638119
a4,0.41666666666666663,0.7432314308092816,0.8901098901098901,0.33566382301036435,0.5259836245332642,0.8250064080224084,1.0,0.7542852281941075,0.5,0.6953155025784209,0.7777777777777777,0.33065347496545516,0.5212935238755354,0.83843465985433,1.0,0.7192057084982666,0.4519194856871059,0.66620865909311033
