Similarity Measures,noun_path,noun_lch,noun_wup,noun_res,noun_jcn,noun_lin,noun_lesk,noun_vector,verb_path,verb_lch,verb_wup,verb_res,verb_jcn,verb_lin,verb_lesk,verb_vector,word2vec,Average
a1,0.12333333333333332,0.413788287026274,0.5433780529755762,0.13308422959742067,0.07399338764044189,0.27670834904323455,0.217684926394507,0.21791413414934882,0.25,0.5074147244169241,0.4000000000000001,0.11369376947688807,0.09413732663824521,0.24607323002013268,0.334230399230399,0.25894934279254167,0.3538047902914595,0.26812872253098385
a3,0.38166666666666665,0.6513673287283469,0.750161943319838,0.27232190073742135,0.31211338429332447,0.6181494770373229,0.5883382539233588,0.5393304384668756,0.5555555555555555,0.684672489245053,0.6666666666666666,0.1984734171569202,0.40846717866183146,0.49371283460952103,0.6898921945263408,0.6593914794165966,0.46252202977458773,0.52545901404624873
a2,0.13675324675324677,0.43784349703079367,0.5004309416074122,0.12891871042819142,0.07350530166658124,0.2615720621885278,0.19026196747085938,0.16282878353211278,0.611111111111111,0.7213107922719862,0.7222222222222222,0.24835219841170333,0.4429218411498715,0.6676815242714106,0.8518772893772893,0.7578439980591883,0.49888831482566137,0.43613669425753937
Antecedent,1.0,0.9860896635111784,1.0,0.49909888834456695,1.0,1.0,1.0,1.0,1.0,0.8832162807399176,1.0,0.3570775903771332,1.0,1.0,1.0,1.0,1.0,0.92502837782192915
a4,0.31999999999999995,0.6491540947279535,0.8033333333333333,0.3122300979642313,0.45390836095374765,0.7222248595801983,0.6468271228569993,0.5103731632019964,0.7777777777777778,0.7839443849924853,0.8333333333333334,0.2256441600158253,0.7369571855215762,0.8393982267732413,0.8336272780717225,0.8729409109602927,0.5495505355171886,0.63948381326952364
