"Similarity Measures","noun_path","noun_lch","noun_wup","noun_res","noun_jcn","noun_lin","noun_lesk","noun_vector","verb_path","verb_lch","verb_wup","verb_res","verb_jcn","verb_lin","verb_lesk","verb_vector","word2vec"
"Antecedent","0.23166666666666663","0.5762070174637483","0.7430769230769231","0.22055335707537","0.18215256698040827","0.570302588094838","0.4632731805231806","0.3602646339756732","0.75","0.7892658916591693","0.8333333333333333","0.3582350486545335","0.6856625844416031","0.8677036510501335","1.0","0.7416867685208894","0.40002119852386886"
"a3","0.2566666666666667","0.6074013650960268","0.7514102564102564","0.22759699400643202","0.2988508960811836","0.6079760226415125","0.40059779362196596","0.3909664777022154","0.41666666666666663","0.6403580480380207","0.625","0.23333849081862773","0.2742094628005851","0.7002655883665515","0.750764492753623","0.38192292129657346","0.2329919488866417"
"a2","0.15388888888888888","0.4726779163829685","0.6078571428571429","0.2151752898316604","0.11785292712870643","0.46676352760277534","0.29102235355069783","0.1859849557959262","0.2","0.4469241848755406","0.3333333333333333","0.14917835311090677","0.0910173517935571","0.3494518038766909","0.234947052947053","0.335851380277591","0.24848009459811884"
"a4","0.22166666666666668","0.5641089095554715","0.7498692810457517","0.22289433793299965","0.16139932147849273","0.5671028432549513","0.4583598258415968","0.2595989198349386","0.3333333333333333","0.5854005934976205","0.5833333333333333","0.21900701323542454","0.18197020378197337","0.5915195905119839","0.6905067155067155","0.49786819820384953","0.25517434449911675"
