Similarity Measures,noun_path,noun_lch,noun_wup,noun_res,noun_jcn,noun_lin,noun_lesk,noun_vector,verb_path,verb_lch,verb_wup,verb_res,verb_jcn,verb_lin,verb_lesk,verb_vector,word2vec,Average
a1,0.19761904761904758,0.5395570546386776,0.6416289592760182,0.13553297287144586,0.0892599633932032,0.3212916520971153,0.28165451086491466,0.19103134880629735,0.35416666666666663,0.5933828534976466,0.5916666666666667,0.17847754320222664,0.43528680780227585,0.5862506147091366,0.5088754790486215,0.5375637514161785,0.49379168909353127,0.39276691656880414
a3,0.11388888888888889,0.39634105243640566,0.4632502573679043,0.12045614138592896,0.08098268270635922,0.2728718417946338,0.33080592622582766,0.13536115936299248,0.31249999999999994,0.5659041262274465,0.5,0.10694010485675956,0.19350701254415648,0.4178919389563583,0.25253235289354975,0.31905503771010624,0.3809740237761565,0.29195662041961606
a2,0.2027777777777778,0.5516419293137959,0.6704248366013071,0.20951124005287272,0.15663925227298806,0.5226841834339986,0.4848374519913619,0.2922538284507715,0.37499999999999994,0.6128793207678206,0.6671122994652406,0.21934206517807733,0.6287728387085565,0.6627071452118747,0.7579130116959063,0.48962130183382746,0.4250459365506136,0.46642143642981126
Antecedent,1.0,0.9860896635111783,1.0,0.4960531206703291,1.0,1.0,1.0,1.0,1.0,0.8832162807399176,1.0,0.45661073320089235,1.0,1.0,1.0,1.0,1.0,0.93070410577190099
a4,0.44742063492063494,0.6606355750709435,0.752584670231729,0.25287887272823556,0.39218060098108304,0.5637278994042342,0.6334652831569282,0.4660203524295407,0.35416666666666663,0.5933828534976466,0.6522727272727272,0.2139825734483462,0.43528680780227585,0.5770134562520522,0.5088044370388751,0.49169636285359747,0.5302823754239198,0.50151777348114335
