"Similarity Measures","noun_path","noun_lch","noun_wup","noun_res","noun_jcn","noun_lin","noun_lesk","noun_vector","verb_path","verb_lch","verb_wup","verb_res","verb_jcn","verb_lin","verb_lesk","verb_vector","word2vec"
"Antecedent","0.2561177248677248","0.553025659318964","0.6258718133718133","0.1570166772243699","0.17402390373058174","0.35881474670739094","0.45710394932092635","0.26957859522339966","0.3333333333333333","0.5777244553175218","0.4944444444444444","0.1257564133844554","0.13444089335975962","0.3808342203781039","0.5697619359304141","0.43932131655837514","0.3782630767271789"
"a3","0.15479497354497354","0.4609844353664852","0.500133644735038","0.08806793378724058","0.06140549769007208","0.1760245020837092","0.3572306544322514","0.1211280625098336","0.47222222222222215","0.6456795547047047","0.6055555555555555","0.11829714876539706","0.31240164337476745","0.45329610690652994","0.6545469576719577","0.5708299061669325","0.24818311812313812"
"a2","0.25800565175565177","0.5352090121269538","0.5919683257918552","0.15619681867113058","0.17206379100686364","0.3646573249243487","0.3626324270505379","0.29151657548951193","0.5972222222222222","0.7083131474252037","0.7222222222222222","0.23593356280202257","0.4900578558327362","0.7605284370473431","0.796875","0.6971178836664191","0.38747325262402055"
"a4","0.24083994708994713","0.5275661329201774","0.5962883578982651","0.13907552709397453","0.16210661697945067","0.3144016685043911","0.2866055735689864","0.36863734757807126","0.47222222222222215","0.6456795547047047","0.6055555555555555","0.12392348965027579","0.31240164337476745","0.4623571442648136","0.6472718253968254","0.5197262805245252","0.2769807199958858"
