Similarity Measures,noun_path,noun_lch,noun_wup,noun_res,noun_jcn,noun_lin,noun_lesk,noun_vector,verb_path,verb_lch,verb_wup,verb_res,verb_jcn,verb_lin,verb_lesk,verb_vector,word2vec,Average
Antecedent,0.29583333333333334,0.6146619395730131,0.7213903743315508,0.2605666983148738,0.3266387602264586,0.6525109258805067,0.6682793255178938,0.41291659617149823,0.41666666666666663,0.6403580480380207,0.6666666666666666,0.30084617455495977,0.7090260409399299,0.8521158081757403,0.8411945542380326,0.4934162928211175,0.41896361072969446,0.54659128330470341
a3,0.175,0.4932328232220647,0.611904761904762,0.1487441681727621,0.12455587183009809,0.3678924350321025,0.2474519987479355,0.32558712034188303,0.3333333333333333,0.5854005934976205,0.5,0.0984594856926241,0.26466569469998436,0.3833139952223747,0.32131271506271497,0.4501873664193245,0.4204762115277265,0.34420697498278302
a2,0.3608974358974359,0.5817586475495304,0.6577380952380952,0.22484431075474098,0.33130510961269244,0.49459275267906194,0.4161625448790625,0.4164607029882605,0.41666666666666663,0.6403580480380207,0.5833333333333333,0.15683546807299945,0.5402762503684636,0.4902743547364851,0.6244708994708995,0.416744019268736,0.3401488669605977,0.45252161803029883
a4,0.1482142857142857,0.4553071686952801,0.5348039215686274,0.1442445116834688,0.11373014636336937,0.3528552625172816,0.285353183264657,0.16856998969105821,0.3333333333333333,0.5854005934976205,0.5,0.0984594856926241,0.26466569469998436,0.3833139952223747,0.6519537364059955,0.4597596216363915,0.3299778811374395,0.3417613418308113
