"Similarity Measures","noun_path","noun_lch","noun_wup","noun_res","noun_jcn","noun_lin","noun_lesk","noun_vector","verb_path","verb_lch","verb_wup","verb_res","verb_jcn","verb_lin","verb_lesk","verb_vector","word2vec"
"Antecedent","0.21666666666666667","0.567686745032639","0.7537112010796221","0.23272055951447726","0.1079129596499902","0.46827995863294847","0.516005519198102","0.30266184542664326","0.6111111111111112","0.70043292803182","0.7333333333333334","0.1768046137330383","0.5673910071922093","0.6453910894643148","0.6970970338952795","0.6401600350488035","0.5044282335719307"
"a3","0.14474206349206348","0.4553071686952801","0.5815826330532213","0.13170141322163997","0.09781930585710345","0.3286370708607218","0.287253785028046","0.22818533605088226","0.5277777777777778","0.6586771995514875","0.7618524902838628","0.1901743231499965","0.523297101225313","0.7229893152757337","0.6018946480906303","0.6176238077127789","0.5232195231062867"
"a2","0.16041666666666665","0.47373635595189056","0.5557692307692308","0.1483997141544896","0.0985137524369617","0.32116232542270784","0.2608693147998365","0.20544182070803177","0.5462962962962963","0.670889967227132","0.6851125635439361","0.13914152672038307","0.484724415160084","0.5639874765986461","0.6510983566466024","0.5553510694904664","0.47574791400994154"
"a4","0.16765873015873015","0.4899262708508001","0.6024038461538461","0.19634426835522562","0.14312323521289674","0.48176762037168774","0.31920148817001553","0.319311638046955","0.2222222222222222","0.4580484303293884","0.5571997804969941","0.13487857472069628","0.08469036775471911","0.278043062991576","0.2354629133815552","0.19413477751433958","0.2775528296533898"
