Similarity Measures,noun_path,noun_lch,noun_wup,noun_res,noun_jcn,noun_lin,noun_lesk,noun_vector,verb_path,verb_lch,verb_wup,verb_res,verb_jcn,verb_lin,verb_lesk,verb_vector,word2vec,Average
Antecedent,0.26857142857142857,0.6146409971068983,0.7295238095238095,0.1778125350789351,0.17213073796773645,0.4575029416676051,0.740307022084196,0.4426958413245422,0.25,0.49145020441687215,0.6333333333333333,0.16736515738310004,0.1476735323639876,0.49396841110329026,0.2971966129108985,0.196998825003797,0.40356630594889975,0.39321986445819584
a3,0.2335714285714286,0.5557513677502038,0.6866165413533835,0.19383118717212813,0.1549130592909858,0.47849504491788747,0.4420434960411524,0.3599072643923868,0.25,0.49145020441687215,0.7017543859649122,0.2356849288524483,0.37568616756599654,0.7403663830337565,0.2584240393306325,0.4093580491687965,0.4047921294647558,0.41015562807574868
a2,0.11484848484848487,0.38442466738720854,0.3300366300366301,0.05111348835006248,0.07374719362689357,0.11920140420623819,0.26992474133882627,0.2096069921918,0.22916666666666666,0.452457269876524,0.5441176470588236,0.16736515738310004,0.12083535524640363,0.44444445708374425,0.33181467655151853,0.2931405473523595,0.36418543925178193,0.2647312246151215
a4,0.19388888888888886,0.5201429459231514,0.6483333333333332,0.16236150985908088,0.1315297850496145,0.3986159810696363,0.2498712707399088,0.3009371780261968,0.22916666666666666,0.452457269876524,0.6691176470588236,0.16736515738310004,0.1355370862682383,0.4697063773331758,0.6540423213150485,0.2880533206554655,0.41263841730918055,0.35786853863270779
