Similarity Measures,noun_path,noun_lch,noun_wup,noun_res,noun_jcn,noun_lin,noun_lesk,noun_vector,verb_path,verb_lch,verb_wup,verb_res,verb_jcn,verb_lin,verb_lesk,verb_vector,word2vec,Average
Antecedent,0.3333333333333333,0.6882739762688813,0.75,0.3285519862075608,0.612540360540577,0.847629098551374,0.80005291005291,0.198965883846974,0.5972222222222222,0.7083131474252036,0.7055555555555554,0.28635145036288023,0.545012426013921,0.750395069028673,0.764087579476235,0.6617809781997773,0.5927058788820968,0.59828069740989265
a3,0.21666666666666667,0.5250853828770929,0.6566666666666667,0.19723218319664054,0.15759607460978042,0.5018974621974919,0.630238095238095,0.25554765390163947,0.3194444444444444,0.5724029486508379,0.5296296296296296,0.13691379058024175,0.25573142981406255,0.5149259605667862,0.512259619351481,0.3865274981701696,0.36247364010525013,0.39595524392158682
a2,0.3333333333333333,0.6492810417285331,0.770334928229665,0.19997362236002855,0.4172590618487335,0.6003237536225742,0.7141269841269839,0.294834117546514,0.513888888888889,0.676996351064954,0.6371794871794871,0.26318243637815447,0.5536103714513673,0.7780085738880862,0.7516633075056988,0.5814119742641966,0.5307911574812451,0.54507055240579083
a4,0.35,0.6739932264982416,0.7948717948717949,0.21994149438162677,0.31098947393796517,0.5876280915754251,0.7379488992276351,0.3375977468884745,0.3194444444444444,0.5724029486508379,0.48333333333333334,0.10185956875718698,0.14437519755300612,0.31510073201720273,0.43323541346315664,0.3051723561898644,0.3200176679415723,0.41223014057245694
