"Similarity Measures","noun_path","noun_lch","noun_wup","noun_res","noun_jcn","noun_lin","noun_lesk","noun_vector","verb_path","verb_lch","verb_wup","verb_res","verb_jcn","verb_lin","verb_lesk","verb_vector","word2vec"
"Antecedent","0.13135822510822512","0.4293514466469658","0.5534547152194211","0.1688610235191399","0.10640336257786343","0.3899315287488613","0.331532687618171","0.16272566750033027","0.3611111111111111","0.5960436068309886","0.5","0.18217880648874454","0.27210523816046567","0.586414988055667","0.6364205114205114","0.420799382557203","0.39922953615063933"
"a3","0.36696428571428574","0.6042150123164287","0.7581699346405228","0.28282347208902636","0.3351624586915518","0.6109324908083225","0.502657796633146","0.455536813396496","0.3055555555555555","0.5594053038040551","0.557142857142857","0.17628323065612359","0.20941044075301238","0.5158068107961536","0.588867845117845","0.7505329951356156","0.5758591330455208"
"a2","0.16349206349206352","0.4871597283503084","0.6415032679738563","0.21710197932929695","0.12359463047345515","0.4807255024170496","0.400349824672331","0.37140954324036723","0.2888888888888889","0.5392417906235939","0.5555555555555555","0.23268215041355847","0.27905927824437843","0.6372380194904279","0.584889055722389","0.3859569147822217","0.5340669031978599"
"a4","0.35714285714285715","0.5904615326885795","0.6928571428571428","0.2451996836752176","0.3236729414011129","0.531908371375299","0.5399496060501495","0.42716218116976024","0.3055555555555555","0.5594053038040551","0.5052910052910052","0.1733548719674077","0.4104113097296361","0.5638521444252992","0.44787491315269107","0.40258218514405936","0.3678438837642946"
