"Similarity Measures","noun_path","noun_lch","noun_wup","noun_res","noun_jcn","noun_lin","noun_lesk","noun_vector","verb_path","verb_lch","verb_wup","verb_res","verb_jcn","verb_lin","verb_lesk","verb_vector","word2vec"
"Antecedent","0.18187830687830686","0.5108694971165608","0.6417681160715216","0.1989175913371405","0.12972861584873252","0.4597540016304984","0.3346457389377313","0.34263034376535645","0.47916666666666663","0.6403580480380208","0.6845238095238095","0.2514924788900025","0.397316034204266","0.7261747797138888","0.8425595238095238","0.7171721332469198","0.3737453426305639"
"a3","0.11187269520602855","0.3863694195956031","0.3968253968253968","0.08909072158768666","0.06964877620608617","0.1926802855859265","0.22762995685355458","0.09858471198684694","0.47916666666666663","0.6403580480380208","0.6705128205128206","0.14702233028745465","0.3316310699146687","0.46986489620359395","0.4650109677527145","0.42780463735231344","0.24523013120960188"
"a2","0.23359788359788355","0.5769165941731011","0.7678182384064737","0.24279131904229756","0.18531703855642828","0.5773436842573225","0.5375960956230905","0.390094608723988","0.47916666666666663","0.6403580480380208","0.6845238095238095","0.2514924788900025","0.397316034204266","0.7261747797138888","0.8425595238095238","0.7171721332469198","0.40267693580219993"
"a4","0.1533950617283951","0.47277416280706447","0.5844665396522982","0.14634012931679988","0.09643189754269776","0.3265335375853896","0.29476210035912515","0.20832237423024877","0.35416666666666663","0.5933828534976465","0.5166666666666666","0.12126466575330638","0.14345912781496356","0.3692628430421984","0.4316274994846425","0.34697287766261775","0.32578709147762314"
