"Similarity Measures","noun_path","noun_lch","noun_wup","noun_res","noun_jcn","noun_lin","noun_lesk","noun_vector","verb_path","verb_lch","verb_wup","verb_res","verb_jcn","verb_lin","verb_lesk","verb_vector","word2vec"
"a1","0.0","0.0","0.0","0.0","0.0","0.0","0.0","0.0","0.0","0.0","0.0","0.0","0.0","0.0","0.0","0.0","0"
"a3","0.4083333333333334","0.6634654366366236","0.7618648018648019","0.3032901569474766","0.48084440356206193","0.6750554883105003","0.5500949598107414","0.4935414895813325","0.38541666666666663","0.6168704507678336","0.5754385964912281","0.1419638395919138","0.34884986203358664","0.5764960988068052","0.5980777235584929","0.5116415510722436","0.45759126138915185"
"a2","0.17722222222222223","0.504545772107012","0.6045815295815296","0.17863232347426186","0.13928259577165808","0.42868763011854005","0.366396702917113","0.24485417941076762","0.26458333333333334","0.5193498742444252","0.42916666666666664","0.08892927044265397","0.1325716060914465","0.25812509427907065","0.30077106663214004","0.23995424668275478","0.2970243518492109"
"Antecedent","1.0","0.9860896635111784","1.0","0.4695301353698797","1.0","1.0","1.0","1.0","1.0","0.8832162807399176","1.0","0.4115585738130088","1.0","1.0","1.0","1.0","1.0"
"a4","0.19555555555555557","0.532241053831428","0.6307109557109556","0.17382586228290353","0.11034032125501643","0.40546158761831885","0.3643957591251432","0.285140054452252","0.38541666666666663","0.6168704507678336","0.5754385964912281","0.17826347592985545","0.34884986203358664","0.6182174128104896","0.7196732733497441","0.5324446572754401","0.427278347901678"
