Similarity Measures,noun_path,noun_lch,noun_wup,noun_res,noun_jcn,noun_lin,noun_lesk,noun_vector,verb_path,verb_lch,verb_wup,verb_res,verb_jcn,verb_lin,verb_lesk,verb_vector,word2vec,Average
Antecedent,0.15125231910946194,0.46684996434991916,0.590796318527411,0.18518119719189055,0.08723841292483207,0.36487993703593596,0.34912998879866775,0.19659604207753073,0.0,0.0,0.0,0.0,0.0,0.0,0.0,0.0,0.35552468454219754,0.16161463909163803
a3,0.17874149659863944,0.5130860652577559,0.685476866331817,0.2389256389344881,0.11111921411850374,0.4733148935538947,0.3838243499289103,0.284126364499965,0.5083333333333333,0.6527141404228749,0.7062499999999999,0.1920577289350025,0.42999226554528763,0.7248524635636922,0.6039274469170233,0.552566220862344,0.44280395912401566,0.45188896752514984
a2,0.16683673469387755,0.49738393538907016,0.6708248516798024,0.2366364086230275,0.1002165097526764,0.4271352930457861,0.369202642501034,0.26862196226510543,0.5083333333333333,0.6527141404228749,0.7062499999999999,0.1920577289350025,0.42999226554528763,0.7248524635636922,0.6039274469170233,0.552566220862344,0.44280395912401566,0.44413858215611485
