Similarity Measures,noun_path,noun_lch,noun_wup,noun_res,noun_jcn,noun_lin,noun_lesk,noun_vector,verb_path,verb_lch,verb_wup,verb_res,verb_jcn,verb_lin,verb_lesk,verb_vector,word2vec,Average
Antecedent,0.5316666666666666,0.7265276399929455,0.8123249299719888,0.3933667079597155,0.5179619234400343,0.7552528808975523,0.653838408176864,0.5710148862692862,0.5104166666666667,0.6638456453082079,0.6825396825396826,0.26380340102415106,0.45660640793641655,0.6734083521587231,0.5147468764463118,0.5381123516067515,0.5146330986236228,0.57529803092268161
a3,0.1222893772893773,0.4068033933266363,0.46008991008991007,0.09288322602743884,0.07018905674298351,0.19222009307610505,0.2172063551978094,0.11170335506982332,0.40625,0.6128793207678207,0.5708333333333334,0.10700172374378213,0.22523397576747664,0.29663794077374894,0.4816963262199572,0.4626140012314735,0.3298540967584468,0.30390502855388962
a2,0.29357142857142854,0.6054296312907799,0.6890598290598291,0.2667487233320236,0.312080919413935,0.5861642816788878,0.6808950849253728,0.3516772983710154,0.46875,0.6306098144029337,0.5875,0.06995641992250015,0.3590222499960763,0.3309159390335277,0.4635695956950808,0.5189171138341987,0.4729789367551725,0.45222630978133899
a4,0.21857142857142856,0.5302693200261812,0.6880808080808081,0.23442350287537317,0.258185897904227,0.435521089538785,0.40802785004935804,0.2173163116668464,0.46875,0.6306098144029337,0.5875,0.06995641992250015,0.3590222499960763,0.3309159390335277,0.46562478939711094,0.5189171138341987,0.3725710809115069,0.39966256565946251
