Similarity Measures,noun_path,noun_lch,noun_wup,noun_res,noun_jcn,noun_lin,noun_lesk,noun_vector,verb_path,verb_lch,verb_wup,verb_res,verb_jcn,verb_lin,verb_lesk,verb_vector,word2vec,Average
a1,0.08158508158508158,0.30586936407941967,0.21428571428571427,0.02155207750565137,0.0683692640056832,0.047775150700864584,0.11762106339678487,0.10604115176593432,0.5555555555555555,0.684672489245053,0.6666666666666666,0.06968701415236145,0.4004605768572366,0.3333333333333333,0.4806735368091204,0.5860656844507334,0.22493888378237561,0.29206780048103348
a3,0.1365079365079365,0.44028515889124525,0.5190422322775264,0.19736074506082057,0.13330509743753627,0.4751164861657124,0.5198371683018477,0.253266336914666,0.611111111111111,0.7213107922719865,0.7456140350877193,0.20038302883477677,0.5313560821163366,0.7813602704170605,0.7876475376475377,0.689274981657943,0.23778316062197527,0.46944483301904338
a2,0.09722222222222222,0.34542199963883236,0.3803418803418803,0.08651627737230298,0.06445749535964201,0.17126807436456057,0.1508016648476493,0.06461546573177954,0.7777777777777778,0.7839443849924853,0.8333333333333334,0.24206292685959618,0.7165598668893177,0.8417745706762978,0.7492770548326103,0.8084949553158561,0.38027353430853467,0.44083196969792238
Antecedent,1.0,0.9860896635111785,1.0,0.4326940884239734,1.0,1.0,1.0,1.0,1.0,0.8832162807399176,1.0,0.341249744240016,1.0,1.0,1.0,1.0,1.0,0.92019116334794626
a4,0.11492673992673992,0.3905823263468307,0.4227994227994228,0.075694330292478,0.08732116195590901,0.1980604273538559,0.21742962627037402,0.20502703568898148,0.611111111111111,0.7213107922719865,0.7456140350877193,0.23667615248862606,0.5324460072086874,0.8170879224540051,0.7876475376475377,0.6909117082154239,0.33457072369813484,0.42289512122457784
