Similarity Measures,noun_path,noun_lch,noun_wup,noun_res,noun_jcn,noun_lin,noun_lesk,noun_vector,verb_path,verb_lch,verb_wup,verb_res,verb_jcn,verb_lin,verb_lesk,verb_vector,word2vec,Average
Antecedent,0.32685185185185184,0.6060381271110585,0.6759803921568627,0.19795582122174318,0.2742184814640521,0.5404121124698587,0.5445584952363379,0.45457451297705953,0.3611111111111111,0.5960436068309886,0.5555555555555555,0.21609988513328027,0.28178034335997726,0.6454020920054222,0.5947811447811446,0.376462550782595,0.30675970200708547,0.44438739917976383
a3,0.14663299663299664,0.45282411363781666,0.5013772175536881,0.08614897736248932,0.0698548550425408,0.18336935927124812,0.29035860667524044,0.1292327294854656,0.611111111111111,0.7213107922719862,0.7222222222222222,0.25534775400045917,0.4608591218893907,0.7727191023372009,0.8710016835016834,0.5797874962523617,0.4185649658882335,0.42780724147859611
a2,0.11878908128908128,0.4046621926789023,0.4785869903516962,0.10907554818004178,0.08438022753736692,0.2512218837034859,0.27648101942453684,0.1852711097715277,0.3055555555555555,0.5594053038040551,0.5111111111111111,0.14528459379813266,0.20494636672468405,0.5009404778122531,0.27915394790394804,0.3416103530910757,0.32349688181680225,0.29882192026789739
a4,0.22843915343915344,0.5642795675800633,0.6781512605042016,0.18448369102040427,0.1564790233815116,0.46337579905090137,0.5572315527668134,0.31343782938012543,0.3055555555555555,0.5594053038040551,0.5757575757575758,0.1535051855598977,0.10150012617676478,0.37856402874032385,0.299498032831366,0.24313157905238403,0.3481288647017336,0.35946612525310767
