Similarity Measures,noun_path,noun_lch,noun_wup,noun_res,noun_jcn,noun_lin,noun_lesk,noun_vector,verb_path,verb_lch,verb_wup,verb_res,verb_jcn,verb_lin,verb_lesk,verb_vector,word2vec,Average
a1,0.3898809523809524,0.6388341144719487,0.7467836257309941,0.21100573150887958,0.33345925787337294,0.5554556422847754,0.4825410767004825,0.5159100869401038,0.2916666666666667,0.5410861522905883,0.45952380952380945,0.04069114785387374,0.23902423536003278,0.1608202193285894,0.2612436451266747,0.2329355347262775,0.5153946523266751,0.38919156182909986
a3,0.17599206349206348,0.5022823632356543,0.5989974937343358,0.1822063691188896,0.12066896977219321,0.45063522885536844,0.30480046957955376,0.23538291919512322,0.5138888888888888,0.6403580480380208,0.6605820105820105,0.16997627660663925,0.4939094216442546,0.634064605297263,0.5279763046251326,0.5578664030399977,0.30155355064843076,0.41594949331493059
a2,0.0,0.0,0.0,0.0,0.0,0.0,0.0,0.0,0.0,0.0,0.0,0.0,0.0,0.0,0.0,0.0,0.292871709245819,0.017227747602695236
Antecedent,1.0,0.9860896635111784,1.0,0.42937608439991864,1.0,1.0,1.0,0.9999999999999988,1.0,0.8832162807399176,1.0,0.4143023618239871,1.0,1.0,1.0,1.0,1.0,0.92429319943970589
a4,0.15376984126984128,0.4624475435806,0.3836134453781513,0.04540344578137896,0.14197637409737138,0.190239668175035,0.2032898306328465,0.446485907030323,0.40277777777777773,0.5907221001643045,0.5865079365079364,0.22078621073479066,0.34282472044323775,0.617325296614441,0.5136148604403414,0.4359229160554263,0.2917850650099546,0.35467605527610341
