"Similarity Measures","noun_path","noun_lch","noun_wup","noun_res","noun_jcn","noun_lin","noun_lesk","noun_vector","verb_path","verb_lch","verb_wup","verb_res","verb_jcn","verb_lin","verb_lesk","verb_vector","word2vec"
"a1","0.2","0.5497975676468014","0.7142857142857143","0.254663007383628","0.3558893140432389","0.7833897058568988","0.216619565217391","0.256679931046165","0.25","0.5074147244169241","0.4","0.0","0.07671512549873782","0.0","0.307936507936508","0.175188534430784","0.3762735199790661"
"a3","0.16666666666666666","0.5003731981073846","0.6153846153846154","0.15737254529856753","0.15270777575001285","0.48952941848064163","0.120834432087592","0.318606001631865","0.0","0.0","0.0","0.0","0.0","0.0","0.0","0.0","0.23596478120755773"
"a2","0.125","0.4223873290266882","0.46153846153846156","0.11520039815599713","0.06755151231845202","0.2055345711848049","0.170007332643202","0.1207380095467","0.25","0.5074147244169241","0.5","0.20429869952460447","0.12061031744279342","0.49577947294032854","0.252083333333333","0.263270052498806","0.3717645726752104"
"Antecedent","1.0","0.9860896635111784","1.0","0.43070629252690523","1.0","1.0","1.0","1.0","0.3333333333333333","0.5854005934976205","0.5","0.0","0.08785333404446763","0.0","0.285714285714286","0.424433362076319","0.46344960337313384"
