"Similarity Measures","noun_path","noun_lch","noun_wup","noun_res","noun_jcn","noun_lin","noun_lesk","noun_vector","verb_path","verb_lch","verb_wup","verb_res","verb_jcn","verb_lin","verb_lesk","verb_vector","word2vec"
"Antecedent","0.17142857142857143","0.504191528363924","0.6607142857142857","0.13872287037919806","0.09815507676342512","0.33797683725479777","0.331770272245249","0.1439893874282285","0.2","0.4469241848755406","0.4444444444444444","0.2638533599633969","0.16215763268242048","0.6306326676764046","0.261468855218855","0.234101562466543","0.27020452284127866"
"a3","0.10101010101010101","0.3632590296996641","0.4375","0.07830236655898479","0.06323023054948353","0.08573978702938444","0.20693998559954352","0.10235918690709235","0.2","0.4469241848755406","0.3333333333333333","0.1705406542153321","0.10251173173202352","0.41094031660787406","0.349890455942827","0.26381622677795","0.3123717117396607"
"a2","0.13392857142857142","0.4404864090538674","0.38181818181818183","0.05485606418210518","0.08951665278862382","0.0964269160022357","0.30196481451324353","0.287576598036122","0.2","0.4469241848755406","0.3333333333333333","0.1705406542153321","0.10251173173202352","0.41094031660787406","0.349890455942827","0.26381622677795","0.31942119895078747"
"a4","0.13392857142857142","0.4404864090538674","0.5210084033613445","0.15478308674554891","0.0900289052482057","0.3279284322302035","0.331770272245249","0.203262661046807","0.2","0.4469241848755406","0.3333333333333333","0.1705406542153321","0.10251173173202352","0.41094031660787406","0.349890455942827","0.26381622677795","0.32285821488529215"
