"Similarity Measures","noun_path","noun_lch","noun_wup","noun_res","noun_jcn","noun_lin","noun_lesk","noun_vector","verb_path","verb_lch","verb_wup","verb_res","verb_jcn","verb_lin","verb_lesk","verb_vector","word2vec"
"a1","0.09273288439955107","0.3338146720584587","0.3173121025288208","0.048527110586655466","0.08646053368700668","0.1446345993006888","0.24438383451595522","0.24540615408391023","0.4791666666666667","0.6638456453082078","0.7069444444444445","0.24207579267726076","0.41486468074267424","0.7509275133727737","0.9211023351648351","0.7355241772635885","0.40238900188146715"
"a3","0.23394383394383395","0.5383757114152149","0.6472738093997124","0.18411494525427743","0.21225888436318308","0.45557413147463005","0.4690518683187855","0.344542905208046","0.46875","0.6540974116731209","0.6461538461538462","0.24489716380442517","0.5055302432905452","0.7478045486685096","0.7794349747474746","0.5544166657178111","0.47477158782686574"
"a2","0.19797178130511464","0.5114905581134476","0.6045235638114894","0.154738426204328","0.17322478837825572","0.3579224684515802","0.4899387033754953","0.3016452432716231","0.43750000000000006","0.6363669180380078","0.6041666666666666","0.2013851182006101","0.45827010465709117","0.6793150044456487","0.7439513611388612","0.6089125287087165","0.42347495393046125"
"Antecedent","1.0","0.9860896635111784","1.0","0.5110410777926788","1.0","1.0","1.0","0.9999999999999954","1.0","0.8832162807399176","1.0","0.41090086931805064","1.0","1.0","1.0","1.0","1.0"
"a4","0.2567901234567901","0.5755937296656195","0.6684598702142561","0.18550656793677858","0.3234543437680766","0.4811525464261099","0.6290366660147463","0.3384455328519741","0.4166666666666667","0.6226275544029077","0.6309523809523809","0.22757159478027897","0.3138216563191367","0.6619158091718754","0.5221872316293981","0.5065152723253001","0.4615470450610596"
