"Similarity Measures","noun_path","noun_lch","noun_wup","noun_res","noun_jcn","noun_lin","noun_lesk","noun_vector","verb_path","verb_lch","verb_wup","verb_res","verb_jcn","verb_lin","verb_lesk","verb_vector","word2vec"
"Antecedent","0.3982142857142857","0.6511902068568028","0.7784188034188034","0.2516277356714816","0.35254688086674213","0.6170505684732257","0.6421620489358495","0.6286915523224237","0.611111111111111","0.7213107922719862","0.7434343434343434","0.22444103538097507","0.5169392359335294","0.7589299984496027","0.8799828643578644","0.7861528192850032","0.49695157256965744"
"a3","0.328258547008547","0.5224273606243021","0.5761695906432749","0.20681050713205493","0.32070460557072505","0.4927867147199576","0.451799816784535","0.43382886510253427","0.34722222222222215","0.5907221001643045","0.5452380952380952","0.18819910367994477","0.27235778811871775","0.6091571638375534","0.4195243261372125","0.40054911507229685","0.25080474162745847"
"a2","0.3560606060606061","0.5807239575246729","0.6264423076923077","0.21186211684560408","0.33033514267212943","0.527113000189698","0.451799816784535","0.4700617230911035","0.4861111111111111","0.6586771995514874","0.6601010101010101","0.17445564118541868","0.4211904448534058","0.7105249845704108","0.6582037638287638","0.6156842200963379","0.5456384096090208"
