"Similarity Measures","noun_path","noun_lch","noun_wup","noun_res","noun_jcn","noun_lin","noun_lesk","noun_vector","verb_path","verb_lch","verb_wup","verb_res","verb_jcn","verb_lin","verb_lesk","verb_vector","word2vec"
"Antecedent","0.25277777777777777","0.593040482264276","0.7135104661420452","0.20456625426494376","0.26900781884795927","0.5010943891670038","0.34319250984138766","0.4116212928745972","0.3333333333333333","0.5464076589572724","0.6727272727272727","0.17852485731193515","0.17032826532652318","0.5277398831555508","0.6044070512820515","0.5708992403894865","0.44867716977504923"
"a3","0.15476190476190474","0.4794793435942155","0.5782790309106098","0.14602909744398643","0.10396259189336111","0.35804185067535693","0.34199999579666285","0.401802990365681","0.29166666666666663","0.5464076589572724","0.696969696969697","0.2522925236769035","0.2684050825725027","0.7246772755566908","0.635","0.6058937117554271","0.33777820892417065"
"a2","0.2986111111111111","0.5617236859040264","0.6399010346378767","0.16198755099983053","0.25596190831330934","0.4318098507527673","0.5851959802317787","0.42871710100871363","0.3333333333333333","0.5464076589572724","0.606060606060606","0.17852485731193515","0.23862345385559156","0.6258324378557597","0.6099252136752135","0.660329036309965","0.4962556362700695"
"a4","0.20992063492063492","0.5512819227332806","0.6713076526157021","0.15698162645223618","0.14119694282219475","0.4028871332799808","0.4083619601222097","0.3551281374640584","0.20833333333333331","0.45245726987652396","0.5727272727272728","0.19848898851955582","0.21244812973446492","0.6005234715810529","0.3821751165501165","0.336715390396893","0.38254264812212097"
