"Similarity Measures","noun_path","noun_lch","noun_wup","noun_res","noun_jcn","noun_lin","noun_lesk","noun_vector","verb_path","verb_lch","verb_wup","verb_res","verb_jcn","verb_lin","verb_lesk","verb_vector","word2vec"
"Antecedent","0.18055555555555555","0.5003731981073846","0.6476147382029735","0.23123496419809397","0.18818527753115388","0.49019358542786085","0.5836594216967853","0.3638898608468796","0.29166666666666663","0.5464076589572724","0.5","0.18682730665069153","0.2148221668904658","0.5906465718497248","0.3353708735909825","0.49576699186886697","0.3582243788720357"
"a3","0.10707070707070705","0.3703672194796977","0.38147186147186146","0.07938435723901376","0.06587141110153343","0.1732087224459377","0.2344342710877568","0.12502128833478016","0.3333333333333333","0.5854005934976205","0.5357142857142857","0.20984384995553207","0.18518261607182984","0.5522637328760185","0.623343345928573","0.43224550652746496","0.3936855838156199"
"a2","0.17023809523809524","0.47641848248597773","0.6188235294117647","0.1798543992170093","0.10751742240573652","0.4042255150949009","0.425242404738382","0.19242074863184722","0.225","0.4771694546462324","0.3666666666666667","0.0","0.062298314785337996","0.0","0.11545362273158319","0.1044441427825817","0.3076304442171859"
"a4","0.15746031746031747","0.464320374577701","0.557121212121212","0.168604987062781","0.10201908291602468","0.36412908527713245","0.265585276851332","0.18243742948618677","0.29166666666666663","0.5464076589572724","0.6166666666666667","0.18113943996762935","0.2211686486216698","0.6141989757332318","0.298432426948052","0.4840249910749025","0.3441544402985322"
