Similarity Measures,noun_path,noun_lch,noun_wup,noun_res,noun_jcn,noun_lin,noun_lesk,noun_vector,verb_path,verb_lch,verb_wup,verb_res,verb_jcn,verb_lin,verb_lesk,verb_vector,word2vec,Average
Antecedent,0.2698412698412698,0.5857158575127043,0.7394957983193278,0.2934694940805142,0.41260697664837503,0.6517499533542551,0.543466096530619,0.28353435482188133,0.29166666666666663,0.5464076589572724,0.45,0.17166058495643788,0.2513999182595946,0.5289788103313653,0.3751266095016095,0.37189264103110253,0.43641470505934127,0.42373102328660806
a3,0.3333333333333333,0.6729216999086839,0.8028154851684265,0.2854550670381508,0.4372297254283926,0.6951802398394268,0.7448657902737764,0.49019154650900537,0.29166666666666663,0.5464076589572724,0.45,0.14640219852762754,0.10812719543839998,0.37922257350842237,0.2859369171915705,0.2904454561495565,0.3747401346611635,0.43146715815293379
a2,0.24444444444444446,0.5959563705208281,0.75,0.24202223983136906,0.146441654633768,0.5706709947153082,0.6041544462016596,0.347268506685982,0.29166666666666663,0.5464076589572724,0.45,0.17166058495643788,0.2513999182595946,0.5201891752939708,0.3751266095016095,0.37189264103110253,0.3023085340524994,0.39891826151485377
