"Similarity Measures","noun_path","noun_lch","noun_wup","noun_res","noun_jcn","noun_lin","noun_lesk","noun_vector","verb_path","verb_lch","verb_wup","verb_res","verb_jcn","verb_lin","verb_lesk","verb_vector","word2vec"
"a1","0.15162037037037038","0.4609844353664853","0.5811141100614785","0.17702361972925204","0.1385433687793949","0.45015339351564965","0.23910657344743158","0.2617675296641247","0.4928571428571429","0.6395676073235945","0.6747899159663866","0.24026131938726553","0.4470790423430616","0.6235156785693166","0.6827132336388341","0.6008734456522858","0.241575340662988"
"a3","0.2875992063492064","0.6046808080640936","0.7295437405731522","0.23000882210880377","0.2445844389603684","0.5528471756208437","0.4716655954732518","0.48010475787183055","0.4928571428571429","0.6395676073235945","0.6642857142857143","0.24236123989766198","0.4471366661620026","0.6232064693401539","0.6972877269539287","0.6055109717819404","0.4228046626876322"
"a2","0.15618686868686865","0.46387222873555384","0.5864025221997357","0.18396720301477243","0.09993294151123257","0.408556099111358","0.24891349527289966","0.20049628196771718","0.4928571428571429","0.6395676073235945","0.6642857142857143","0.24026131938726553","0.4471366661620026","0.6232064693401539","0.6972877269539287","0.6008734456522858","0.28957021743470207"
"Antecedent","1.0","0.9860896635111783","1.0","0.44906091125200437","1.0","1.0","1.0","0.9999999999999994","1.0","0.8832162807399176","1.0","0.5819883847428693","1.0","1.0","1.0","1.0","1.0"
"a4","0.2945436507936508","0.611179630487485","0.7475175967823025","0.23820048297306898","0.2348992327584103","0.5665885514787604","0.4760330475601917","0.41666659124416583","0.42857142857142866","0.6213661446635783","0.6944444444444445","0.26323650654584635","0.3241345387934276","0.6296752650250559","0.6148811922661027","0.5877075315696537","0.39848110437799716"
