Similarity Measures,noun_path,noun_lch,noun_wup,noun_res,noun_jcn,noun_lin,noun_lesk,noun_vector,verb_path,verb_lch,verb_wup,verb_res,verb_jcn,verb_lin,verb_lesk,verb_vector,word2vec,Average
a1,0.0,0.0,0.0,0.0,0.0,0.0,0.0,0.0,0.6666666666666666,0.7579490952989199,0.7777777777777777,0.19437898157938646,0.4872583509411493,0.7479283322456588,1.0,0.7933683815546583,0.32043948420424523,0.337986298251086
a3,0.17214285714285715,0.4999287964047535,0.5854545454545454,0.12954196476909155,0.08079838185937074,0.2926070885955812,0.13779077134749837,0.17110485642443432,0.6666666666666666,0.7579490952989199,0.7777777777777777,0.21572225238803,0.4872583509411493,0.7479283322456588,1.0,0.9070171688425991,0.42346256492146656,0.47371479241649406
Antecedent,0.55,0.7542229217173615,0.8351981351981351,0.3143687807763794,0.5481195011944473,0.7686671279410277,0.7651347040056719,0.5542451336492887,0.6666666666666666,0.7579490952989199,0.8222222222222223,0.19437898157938646,0.4872583509411493,0.7479283322456588,1.0,0.7933683815546583,0.5527924045607681,0.65367769056186709
a4,0.26023809523809527,0.5834466494746198,0.7027705627705628,0.22250230962390577,0.2775238331791314,0.6017581717277941,0.6377473661364707,0.36427655557593364,0.3333333333333333,0.5854005934976205,0.5555555555555555,0.20635475303569825,0.1951780712424341,0.5284535331761893,0.4681097432659933,0.485228317520162,0.41316517120962915,0.43653191856253704
