"Similarity Measures","noun_path","noun_lch","noun_wup","noun_res","noun_jcn","noun_lin","noun_lesk","noun_vector","verb_path","verb_lch","verb_wup","verb_res","verb_jcn","verb_lin","verb_lesk","verb_vector","word2vec"
"a1","0.2222222222222222","0.5736498041612516","0.7450980392156863","0.2178859349791038","0.1124848968577389","0.4538027047646465","0.26433167823779563","0.21272864566805785","0.45","0.6293665571299407","0.6422222222222221","0.17304055642896735","0.37229489534932114","0.5811222291718112","0.6998089434477069","0.577221619920073","0.4034117202295965"
"a3","0.14537037037037037","0.45421439523335794","0.5982905982905983","0.20019335088845666","0.08716203943521601","0.39445808458680215","0.13559390769407834","0.1933615886918305","0.45","0.6293665571299407","0.6422222222222221","0.11438825494870401","0.34380704566359976","0.4635773648059528","0.3826059545030132","0.46241844662034853","0.3743457918000336"
"a2","0.1691919191919192","0.48224035855610453","0.6100361197110423","0.1623525753948801","0.08884759686131764","0.3542100053262467","0.471478688093595","0.3930140789698797","0.35","0.5917864014976413","0.5133333333333333","0.09051021507964223","0.15340166419668982","0.29817854452299897","0.38545701194230597","0.3534161367381684","0.3209212604549177"
"Antecedent","1.0","0.9860896635111785","1.0","0.502063407823215","1.0","1.0","0.6666666666666666","1.0","1.0","0.8832162807399178","1.0","0.41313280156623666","1.0","1.0","1.0","1.0","1.0"
"a4","0.1053030303030303","0.37344796296157895","0.2987012987012987","0.048361157750457025","0.07253203072760116","0.10722101612286428","0.10577220909896401","0.1933615886918305","0.45","0.6293665571299407","0.7076767676767677","0.19571197756305106","0.38900925520534985","0.6329361554786106","0.4178251755247554","0.46241844662034853","0.3854231555070091"
