"Similarity Measures","noun_path","noun_lch","noun_wup","noun_res","noun_jcn","noun_lin","noun_lesk","noun_vector","verb_path","verb_lch","verb_wup","verb_res","verb_jcn","verb_lin","verb_lesk","verb_vector","word2vec"
"a1","0.256016206016206","0.5548507977200038","0.6700431358704033","0.21542352078934465","0.20817368196034666","0.4859768261367218","0.5497381677371996","0.32210650237131283","0.5277777777777778","0.6899939959117369","0.811904761904762","0.2821993160950132","0.6449410736413093","0.8767574725090341","1.0","0.6345348992571095","0.4693266525781391"
"a3","0.2726495726495727","0.5805055189031647","0.7314492749715421","0.2393247328828433","0.2239682048348139","0.5590593978662108","0.557579104974024","0.32744908458413247","0.3888888888888889","0.622038896524554","0.6243386243386243","0.23685827006233465","0.3383496110561346","0.6408547014071447","0.5899517933796034","0.5024927236748067","0.46392717735036654"
"a2","0.22139335023950413","0.4946384182580434","0.5740290697586948","0.15642134834358973","0.1852761716107247","0.3707864063402671","0.29437888681083696","0.22143263999927013","0.6805555555555555","0.7396299437854531","0.8873015873015873","0.2665523647935207","0.6805186558566539","0.8859773904142291","0.9149470899470901","0.746049303434115","0.477128739702574"
"Antecedent","1.0","0.9860896635111783","1.0","0.49753994920584466","1.0","1.0","1.0","0.9999999999999983","1.0","0.8832162807399176","1.0","0.37440939531263934","1.0","1.0","1.0","1.0","1.0"
"a4","0.28434065934065933","0.5936049435708717","0.6909726522848695","0.1927412824464952","0.21679369963691303","0.48271279131982736","0.498744488914336","0.3887433360972847","0.40277777777777773","0.627360403191238","0.6986772486772487","0.2366076210279252","0.33027774486238365","0.7221390863297508","0.7768278018278018","0.5454381800248153","0.5064274530854794"
