"Similarity Measures","noun_path","noun_lch","noun_wup","noun_res","noun_jcn","noun_lin","noun_lesk","noun_vector","verb_path","verb_lch","verb_wup","verb_res","verb_jcn","verb_lin","verb_lesk","verb_vector","word2vec"
"Antecedent","0.546875","0.7512136908093076","0.8487296037296037","0.3700237624126213","0.4559098714383765","0.6804815977189302","0.6112370445557591","0.5679886148739822","0.75","0.7892658916591693","0.9444444444444444","0.2966583607525323","1.0","0.9917683191727674","0.6701814058956915","0.728570126688066","0.4949290974501648"
"a3","0.1680059523809524","0.48059897977306604","0.6318513787554035","0.15122967346599217","0.0826837910339055","0.32137689118081225","0.17066589140583674","0.2390484279851668","0.6666666666666666","0.7343084371187691","0.75","0.2552214353556893","0.5694465659179409","0.7429578677128279","0.639546659344796","0.7373961840122936","0.40080225220525323"
"a2","0.31249999999999994","0.612054080823246","0.7525391275391277","0.333391252337032","0.24542119329056325","0.5466243941410001","0.521744523462767","0.46827223177002764","0.41666666666666663","0.6403580480380207","0.6785714285714286","0.24563689727289423","0.24394989272247258","0.6698326635974547","0.6493055555555555","0.4725401022928615","0.5355989515479227"
"a4","0.21473214285714284","0.5602763652119326","0.7389081751581752","0.2628037960384935","0.2007777507042165","0.5298306958797627","0.2805725874928529","0.37458014329037403","0.6666666666666666","0.7343084371187691","0.8","0.337197794173433","0.5914607535339944","0.8547177215698599","0.668402777777778","0.7315596176805195","0.4870100449297765"
