"Similarity Measures","noun_path","noun_lch","noun_wup","noun_res","noun_jcn","noun_lin","noun_lesk","noun_vector","verb_path","verb_lch","verb_wup","verb_res","verb_jcn","verb_lin","verb_lesk","verb_vector","word2vec"
"Antecedent","0.3516666666666667","0.5978532452340258","0.6761437908496732","0.2167419217558222","0.29146176085980213","0.4811219909209479","0.5178295466632484","0.5176957265428804","0.75","0.7758444075047767","0.8488095238095238","0.2214596030587592","0.6868235273200873","0.7691614773934631","0.8882036798703465","0.8092412083319239","0.5120759328754295"
"a3","0.13754329004329005","0.44251968284486976","0.5456975772765246","0.14602483887256984","0.09855846217155242","0.350236618918213","0.4163722621101744","0.2224876873975939","0.36904761904761907","0.6056640147948926","0.6156462585034014","0.2620090708962642","0.46901076388839497","0.7644911089088976","0.7856194673741257","0.5362191606816001","0.44805713811078907"
"a2","0.14499999999999996","0.4311349937963446","0.46938360658948886","0.12586613421195064","0.11571175964867382","0.3213147725527711","0.34059080483675513","0.2791364263351251","0.29047619047619044","0.5367570255170397","0.3904761904761904","0.05507987157009076","0.15451529932270638","0.20238446551923145","0.37768541306748127","0.3854929263150237","0.3284720673938546"
"a4","0.3221067821067821","0.5638224027011454","0.6179481792717086","0.1747829421652592","0.2596482471450692","0.349439728819389","0.38854870673830383","0.3950380797139574","0.32142857142857134","0.5742597550575211","0.5523809523809524","0.10621147099548116","0.24988005929736112","0.31218173884509737","0.33378876940349006","0.26988926310563244","0.33699501157543194"
