"Similarity Measures","noun_path","noun_lch","noun_wup","noun_res","noun_jcn","noun_lin","noun_lesk","noun_vector","verb_path","verb_lch","verb_wup","verb_res","verb_jcn","verb_lin","verb_lesk","verb_vector","word2vec"
"Antecedent","0.1553030303030303","0.456245068862539","0.5683501683501683","0.15818210952555015","0.13328335429750862","0.4167119487813839","0.24569307179528366","0.319610014002153","0.3194444444444444","0.5724029486508377","0.5","0.13445624254536037","0.2490551204403889","0.4950501876045317","0.36140573904337114","0.4030625404582689","0.4645463295807175"
"a3","0.25","0.6102881071881849","0.8190476190476191","0.24633618328731588","0.11350657028318763","0.49232619502634306","0.22106980728056336","0.202078783375928","0.6527777777777778","0.7213107922719862","0.75","0.1540857326759506","0.577465669442566","0.6655349648202399","0.6628287468833687","0.6632118622008286","0.4007170901918601"
"a2","0.2916666666666667","0.6102881071881849","0.7290969899665551","0.24390150671117541","0.20124040642268937","0.5427421594692668","0.484288579915354","0.3893496046989253","0.34722222222222215","0.5907221001643045","0.5555555555555555","0.1850679561906956","0.318706913477171","0.6551163289956559","0.483231135868768","0.4592391706875489","0.43491966172317786"
"a4","0.3333333333333333","0.6729216999086839","0.8600170502983803","0.2915502611993122","0.10841120047932407","0.38790833293877514","0.289184066512358","0.33249500844680396","0.6527777777777778","0.7213107922719862","0.75","0.1540857326759506","0.577465669442566","0.6655349648202399","0.6628287468833687","0.6632118622008286","0.4704438452040776"
