"Similarity Measures","noun_path","noun_lch","noun_wup","noun_res","noun_jcn","noun_lin","noun_lesk","noun_vector","verb_path","verb_lch","verb_wup","verb_res","verb_jcn","verb_lin","verb_lesk","verb_vector","word2vec"
"Antecedent","0.38888888888888884","0.6676001932419998","0.7611295137610927","0.2602318491306967","0.4128425087905912","0.6110019164233585","0.5960332136000208","0.46253159681532585","0.4583333333333333","0.6208615807678466","0.7583333333333333","0.19365319226792993","0.39566425552003687","0.6776852883040033","0.6558101242192149","0.548222316528177","0.39963238574526894"
"a3","0.2601851851851852","0.5895633372645864","0.7019462019462019","0.23130253497250705","0.253613261091201","0.5173075830363596","0.4262700065238569","0.340869965490405","0.425","0.5862424786123266","0.7167763157894737","0.20683897215126715","0.38988457931658543","0.6761888104490773","0.47394083750551774","0.5378619677415165","0.3450571222858323"
"a2","0.1373737373737374","0.43215033061093516","0.4455775705775706","0.0949703065285411","0.10770065442595252","0.2672737677588641","0.18881294809066018","0.17972354114942915","0.4111111111111111","0.5507814913421005","0.625","0.18665728509738846","0.38536025872733903","0.6423794119634727","0.635356383382699","0.6233458230347667","0.3765489640195746"
"a4","0.20555555555555557","0.5481647843141063","0.6948494974810764","0.19501498762494526","0.10615278433051013","0.4284414239037411","0.39560293149436765","0.24663498273703974","0.425","0.5782602186123006","0.7571271929824561","0.21863314906776643","0.3941840110895077","0.7106608783878814","0.6291420720856205","0.60289054801101","0.4192075189287457"
