"Similarity Measures","noun_path","noun_lch","noun_wup","noun_res","noun_jcn","noun_lin","noun_lesk","noun_vector","verb_path","verb_lch","verb_wup","verb_res","verb_jcn","verb_lin","verb_lesk","verb_vector","word2vec"
"a1","0.24897959183673465","0.5961143029754421","0.7687074829931972","0.23783541921180243","0.1880185600033768","0.601352104372693","0.5513380867179588","0.3737971885711454","0.4666666666666666","0.64496373094608","0.6555555555555556","0.1475427757380426","0.5287022365673844","0.6340188220145093","0.4964952044613698","0.49881761980637906","0.44168238857349557"
"a3","0.12242063492063493","0.373218980783375","0.44402673350041766","0.1414408247202257","0.11089919353401609","0.32904616874505466","0.15188211842290336","0.13417614388694318","0.4666666666666666","0.64496373094608","0.6555555555555556","0.1475427757380426","0.5287022365673844","0.6340188220145093","0.48818135164751697","0.49881761980637906","0.28008855980973085"
"a2","0.5682539682539682","0.7535818285349548","0.8452380952380951","0.35245563291683485","0.5319649414644345","0.732693493282216","0.8120874214230339","0.6823799419736002","0.6333333333333333","0.7265098502106995","0.82","0.30522984943468845","0.6830491467815337","0.873651887979559","1.0","0.7173391393926251","0.5578813651286119"
"Antecedent","1.0","0.9860896635111783","1.0","0.475623741791441","1.0","1.0","1.0","0.9999999999999992","1.0","0.8832162807399178","1.0","0.39639105757074794","1.0","1.0","1.0","0.9999999999999979","1.0"
"a4","0.4846938775510204","0.7182698547167908","0.8298961689939135","0.3272251181735947","0.43811185381286016","0.7250231574998823","0.8040724316737091","0.6006923068669787","0.3333333333333333","0.5854005934976205","0.5666666666666667","0.12206913023108774","0.13709498400798525","0.3656483540567394","0.3815988756613758","0.3699302946387058","0.46730579733453886"
