Similarity Measures,noun_path,noun_lch,noun_wup,noun_res,noun_jcn,noun_lin,noun_lesk,noun_vector,verb_path,verb_lch,verb_wup,verb_res,verb_jcn,verb_lin,verb_lesk,verb_vector,word2vec,Average
Antecedent,0.47291666666666665,0.7356701133666086,0.8406970244238047,0.4111751098588822,0.36197923424533074,0.7100210793173485,0.6165820040122814,0.6101017974252277,0.511904761904762,0.6593499514124632,0.6632653061224489,0.19218913749393798,0.47814413760246444,0.7176560926433514,0.8200216450216449,0.6676084880554415,0.41513668410378773,0.58143642551037955
