Similarity Measures,noun_path,noun_lch,noun_wup,noun_res,noun_jcn,noun_lin,noun_lesk,noun_vector,verb_path,verb_lch,verb_wup,verb_res,verb_jcn,verb_lin,verb_lesk,verb_vector,word2vec,Average
Antecedent,0.27239229024943307,0.5369486235668073,0.6320802005012531,0.22360056888683655,0.2299146539491557,0.45813372985116063,0.587336623901959,0.3489410516549777,0.38888888888888884,0.622038896524554,0.6825396825396824,0.273367901143102,0.3598376978873572,0.786833679291297,0.7639283723522853,0.6555687077575296,0.4045086397746239,0.48393295345417081
a3,0.18032879818594102,0.4973839353890702,0.6355654149771797,0.19750810779573583,0.0878710278941364,0.26987669157442445,0.33647167126729643,0.2597782025934728,0.5555555555555555,0.684672489245053,0.6666666666666666,0.18401666267903952,0.40934666652567203,0.5694334783327112,0.9132730864055144,0.7709851186082833,0.4399772099523533,0.45051239903812385
a2,0.1785714285714286,0.5104142323270351,0.6630761395467278,0.17333172855302267,0.11279963506427952,0.40753107122430965,0.23649306306442783,0.22863564502065453,0.38888888888888884,0.6220388965245539,0.5555555555555555,0.17028554081152059,0.17110317762927305,0.47665760571370375,0.5359732425262727,0.50264345276185,0.3817885779148507,0.37151693421755022
