"Similarity Measures","noun_path","noun_lch","noun_wup","noun_res","noun_jcn","noun_lin","noun_lesk","noun_vector","verb_path","verb_lch","verb_wup","verb_res","verb_jcn","verb_lin","verb_lesk","verb_vector","word2vec"
"Antecedent","0.20023809523809524","0.5337683859340439","0.6837301587301587","0.15356593349456724","0.115364377300503","0.3743708728807361","0.6473536155202823","0.3238860084901772","1.0","0.8832162807399176","1.0","0.20966239480826138","1.0","1.0","1.0","1.0","0.37753686215968446"
"a3","0.09365301365301365","0.33469221423275924","0.3575396825396825","0.07039358799870535","0.07675979116125639","0.1779135409482086","0.1311177224386256","0.10628724449423485","1.0","0.8832162807399176","1.0","0.20966239480826138","1.0","1.0","1.0","1.0","0.3582584105219978"
"a2","0.19","0.5230296880153096","0.6672369426239395","0.23762973520758238","0.13501271502078777","0.5157436724544752","0.4046626907335556","0.32984555208582295","1.0","0.8832162807399176","1.0","0.20966239480826138","1.0","1.0","1.0","1.0","0.4805088705017464"
"a4","0.21857142857142856","0.5614636676584598","0.7502255639097745","0.3178327525917658","0.17339800385383636","0.622946859803605","0.5019053313211206","0.374739201683692","1.0","0.8832162807399176","1.0","0.20966239480826138","1.0","1.0","1.0","1.0","0.4421191126315012"
