"Similarity Measures","noun_path","noun_lch","noun_wup","noun_res","noun_jcn","noun_lin","noun_lesk","noun_vector","verb_path","verb_lch","verb_wup","verb_res","verb_jcn","verb_lin","verb_lesk","verb_vector","word2vec"
"Antecedent","0.1369047619047619","0.4465194357295938","0.5948879551820728","0.19693278757214894","0.10572938597585056","0.4368617100965495","0.2031507187855377","0.227612608640674","0.5555555555555555","0.6769963510649543","0.6728070175438597","0.12570317994847033","0.459643995023205","0.5374633888457756","0.7036793114858432","0.6444867161750939","0.3678727746636275"
"a3","0.2333333333333333","0.5901245940077238","0.7901793195910843","0.21648999181950754","0.12158199383205874","0.4934618286009118","0.3518234402816443","0.3326054971768693","0.5972222222222222","0.7083131474252036","0.805346700083542","0.24937377133347324","0.5464983254735002","0.8226832192791981","0.7957298024811396","0.6533541677239013","0.4686153290408946"
"a2","0.18095238095238098","0.5193935414582165","0.708994708994709","0.259256491442226","0.16605241759678577","0.6182106266555571","0.28945048219036235","0.28606011630489037","0.3055555555555555","0.5594053038040551","0.5071428571428571","0.19467414842005992","0.15076208255944798","0.5081655300792042","0.22371801527206284","0.4377948005055165","0.4479262907570126"
"a4","0.4444444444444444","0.7615505823227483","0.9130844645550528","0.308311818084799","0.4831589531781894","0.7742591855174624","1.0","0.4915413596709777","0.8055555555555555","0.802263536505952","0.8833333333333333","0.28252094675816936","0.8326697323267359","0.9309018695739638","0.9057118807118806","0.8354229732005365","0.5402899331759221"
