Similarity Measures,noun_path,noun_lch,noun_wup,noun_res,noun_jcn,noun_lin,noun_lesk,noun_vector,verb_path,verb_lch,verb_wup,verb_res,verb_jcn,verb_lin,verb_lesk,verb_vector,word2vec,Average
Antecedent,0.17708333333333331,0.5083554581074106,0.6282051282051282,0.19538618089078336,0.0873419279086502,0.28184204441237326,0.3308798347263677,0.2515094598572935,0.25,0.5074147244169241,0.45714285714285713,0.19863931973793944,0.32339088932999954,0.6842473819577566,0.36534137159137164,0.343641905279108,0.40750806403864276,0.35281940476093765
a2,0.14564393939393938,0.4521544662884045,0.5606227106227106,0.14336867877538667,0.0780802586104145,0.2832480622524294,0.3849358563103302,0.2162365370452075,0.4444444444444444,0.6586771995514874,0.7189542483660131,0.17636979760207996,0.19968094102674494,0.5651421770776238,0.834529505582137,0.6191784542269864,0.3975141408384708,0.40463420105969478
