Similarity Measures,noun_path,noun_lch,noun_wup,noun_res,noun_jcn,noun_lin,noun_lesk,noun_vector,verb_path,verb_lch,verb_wup,verb_res,verb_jcn,verb_lin,verb_lesk,verb_vector,word2vec,Average
a1,0.28690476190476194,0.6061387521923697,0.7693319365532987,0.20923485231175606,0.1960188293083597,0.4784345514672217,0.3822864751405584,0.3367661834444707,0.3238095238095238,0.5574578209683864,0.47619047619047616,0.12495316890280804,0.13757195500185657,0.33537763269793963,0.46330550270040544,0.4470321570513273,0.3579605811356542,0.38169265651653972
a3,0.1755621693121693,0.4699734184947937,0.5881357433989013,0.1464690322607004,0.18551979542916086,0.36370138420140047,0.30732109786959766,0.294600471690698,0.3238095238095238,0.5574578209683864,0.5142857142857142,0.1641798076264616,0.14662944003693415,0.4252619372493192,0.4413785509006304,0.4402971453464236,0.44497409461633824,0.3523268910292443
a2,0.3521825396825397,0.670616706579863,0.8123406499760989,0.2837248037841014,0.25380968874108517,0.571829902263192,0.6102417887080366,0.4096771954719358,0.34285714285714286,0.5772401650572548,0.5238095238095238,0.14544516096316418,0.15012301478226323,0.333251890588194,0.5474338614265891,0.4730100096130941,0.35161988836575264,0.43583611368646064
Antecedent,1.0,0.9860896635111783,1.0,0.5018179460090342,1.0,1.0,1.0,0.999999999999995,1.0,0.8832162807399176,1.0,0.551280184788283,1.0,1.0,1.0,0.9999999999999992,1.0,0.93661200441461212
a4,0.18343253968253967,0.5003680340215458,0.645857030396504,0.17422905453780782,0.11939681304999812,0.3949030388255303,0.38108730982507266,0.26447899290952276,0.3238095238095238,0.5574578209683864,0.47619047619047616,0.07485304060963203,0.13676648605077732,0.2158995376817096,0.4152162250380344,0.4336070636428695,0.40487633522883726,0.33543701896875106
