"Similarity Measures","noun_path","noun_lch","noun_wup","noun_res","noun_jcn","noun_lin","noun_lesk","noun_vector","verb_path","verb_lch","verb_wup","verb_res","verb_jcn","verb_lin","verb_lesk","verb_vector","word2vec"
"Antecedent","0.24722222222222223","0.5755335093719832","0.6974089635854342","0.22051357797690266","0.2924676454014958","0.5031358211879595","0.635646853171733","0.40721621403519775","0.611111111111111","0.7213107922719862","0.7456140350877193","0.21677855925124226","0.4557311369217361","0.7113434102230803","0.7499370118417735","0.689198626955092","0.37057874376481825"
"a3","0.5","0.7698200955335007","0.8965686274509803","0.35972384598084","0.3259188669251463","0.6209143849286319","1.0","0.6597882818438516","0.611111111111111","0.7213107922719862","0.7456140350877193","0.13474337170636067","0.4400232268201287","0.5368150126002841","0.7226190476190476","0.6639337879742236","0.4318681576704237"
"a2","0.24722222222222223","0.559936335555844","0.6575158175158174","0.24293939888190969","0.40501388205676064","0.5125628959895296","0.41197207812556813","0.3118050153578578","0.16666666666666666","0.3974998153361238","0.37142857142857144","0.09975756250956631","0.08553983609788278","0.24137032031958175","0.2504215229215227","0.366497787350919","0.37028401067235595"
"a4","0.13444444444444445","0.42871195275064844","0.5376765443019312","0.15107163085996328","0.07052496716256451","0.234184951758227","0.2613575119573496","0.24167375707421762","0.611111111111111","0.7213107922719862","0.7456140350877193","0.13474337170636067","0.4400232268201287","0.5368150126002841","0.7702861952861954","0.7770596929095377","0.35785316060721456"
