"Similarity Measures","noun_path","noun_lch","noun_wup","noun_res","noun_jcn","noun_lin","noun_lesk","noun_vector","verb_path","verb_lch","verb_wup","verb_res","verb_jcn","verb_lin","verb_lesk","verb_vector","word2vec"
"Antecedent","0.2833333333333333","0.6262016402915198","0.751981351981352","0.2359185029924967","0.2833048732120107","0.5740929069938434","0.6925997785254091","0.3901915035957297","0.3055555555555555","0.5594053038040551","0.6126984126984126","0.288537426108778","0.20481765290402654","0.6949259508624954","0.5581126488788343","0.5680699198651054","0.4198107515855466"
"a3","0.18373015873015872","0.5212379031252109","0.5813725490196078","0.14461586433249204","0.1275497209483384","0.323769994112376","0.40251984159525755","0.3815075799182798","0.2888888888888889","0.5392417906235939","0.5","0.2393037881431603","0.16074963985596324","0.5225096238701101","0.6338333734167066","0.5113915262413874","0.33099119287005097"
"a2","0.28194444444444444","0.6161198837012892","0.741788499025341","0.21929154465116354","0.2781734827695059","0.6615260189404691","0.48898458026468267","0.32222641869995006","0.4444444444444444","0.6586771995514874","0.611111111111111","0.22880826041133084","0.456279775789282","0.7002772819877584","0.911778846153846","0.6691081139607421","0.3295796652229962"
"a4","0.32103174603174606","0.6009178706069968","0.7005772005772005","0.20133386453185306","0.27857656914936907","0.5603481832974111","0.358217938076556","0.4958686372107626","0.3055555555555555","0.5594053038040551","0.5222222222222223","0.1926635789203651","0.16074963985596324","0.5249603899406149","0.8067738791423004","0.5645374985174813","0.3442009627371423"
