"Similarity Measures","noun_path","noun_lch","noun_wup","noun_res","noun_jcn","noun_lin","noun_lesk","noun_vector","verb_path","verb_lch","verb_wup","verb_res","verb_jcn","verb_lin","verb_lesk","verb_vector","word2vec"
"Antecedent","0.30000000000000004","0.6000192650169086","0.7287561366508735","0.25496876149908415","0.21284356062460544","0.48973752367194023","0.5283322083792781","0.3550428151416798","0.5","0.6220388965245539","0.5952380952380952","0.14385408972712235","0.40333447020798946","0.4844159004848423","0.668628117913832","0.5431871309363556","0.3454243774262751"
"a3","0.33703703703703713","0.6713179543019293","0.8209607729731568","0.2868233467815292","0.34363639056871637","0.6160650048558982","0.6269185784922088","0.3771700153085467","1.0","0.8832162807399176","1.0","0.3678628665175648","1.0","1.0","1.0","0.9999999999999997","0.47803820019565213"
"a2","0.4666666666666667","0.7339515470224282","0.8488786067733435","0.3216032713429231","0.42799375124720684","0.6744099120810501","0.7967926760856054","0.5506234259336724","0.5111111111111111","0.6385136863710262","0.8214285714285715","0.3247133621924638","0.7136070153190026","0.8432010055142339","0.6703278819945487","0.731913661832985","0.5895803121033535"
"a4","0.21574074074074073","0.5566597909298214","0.703029149881575","0.20002493065358246","0.14912250000703567","0.4527304986072256","0.5255389066444326","0.2833863968314574","0.27777777777777773","0.5227670007771216","0.4545454545454546","0.22110108041057863","0.172733281549288","0.5859965399421775","0.634325396825397","0.4044153474024654","0.4767880848309867"
