Similarity Measures,noun_path,noun_lch,noun_wup,noun_res,noun_jcn,noun_lin,noun_lesk,noun_vector,verb_path,verb_lch,verb_wup,verb_res,verb_jcn,verb_lin,verb_lesk,verb_vector,word2vec,Average
a1,0.3964285714285714,0.6735340008170025,0.7849993144110792,0.25293647436135286,0.4669032233859509,0.6908155329396353,0.7209533651714118,0.4315110543446042,0.3333333333333333,0.5854005934976205,0.5333333333333333,0.15142840114577982,0.18545230588121403,0.365724853023711,0.6684736023068891,0.3324095968267732,0.3306639068372985,0.46495890959091535
a3,0.17755102040816326,0.5090058510375732,0.5779257157408418,0.1328704591389448,0.10402287628425586,0.33044356366657784,0.16223882364844228,0.20801655826128812,0.3333333333333333,0.5854005934976205,0.5476190476190477,0.1665612544931436,0.4083464608175511,0.6405211625413626,0.6292938991623205,0.3355603490260496,0.3571682540475559,0.36505171898376898
a2,0.5166666666666667,0.7470022815234417,0.8494250847192024,0.2900122801396495,0.591442670880477,0.7601805551043427,0.8396057470607291,0.6278306361967498,0.7666666666666666,0.7860729876591589,0.8333333333333333,0.24131357681863658,0.8331974405290371,0.8788998052466811,1.0,0.8092540250461369,0.5315572977960644,0.70014476796393954
Antecedent,1.0,0.9860896635111783,1.0,0.4521142484175243,1.0,1.0,1.0,0.9999999999999994,1.0,0.8832162807399178,1.0,0.38878003352594465,1.0,1.0,1.0,1.0,1.0,0.92412942507026852
a4,0.3333333333333333,0.6751148822458549,0.8348346331539609,0.2987910784569661,0.4267334220120143,0.7215363091029989,0.5530769818082509,0.5366639156828232,0.6333333333333333,0.7265098502106995,0.7666666666666666,0.19589056526144932,0.5341910529002115,0.7555565485334009,0.8529761904761906,0.6743263511974394,0.4193176393822573,0.58463839727987366
