"Similarity Measures","noun_path","noun_lch","noun_wup","noun_res","noun_jcn","noun_lin","noun_lesk","noun_vector","verb_path","verb_lch","verb_wup","verb_res","verb_jcn","verb_lin","verb_lesk","verb_vector","word2vec"
"Antecedent","0.1518488455988456","0.4265857549828481","0.3993770934947406","0.09117761898077993","0.16459396481690775","0.21691393395865707","0.26464647591289625","0.19610881324446047","0.7777777777777778","0.7839443849924853","0.8571428571428571","0.2639830969980348","0.7900724769656012","0.9246458708860054","1.0","0.8627093101074964","0.33322391909259824"
"a3","0.16212662337662337","0.4613097606610195","0.5180925447101917","0.14666663301101757","0.14591329214399734","0.34532669927941445","0.3022983837630481","0.20728486926961187","0.5555555555555555","0.6846724892450529","0.6666666666666666","0.17942581527307763","0.5205644903802832","0.7236137450786222","0.8217592592592594","0.6838234586309703","0.30221781159134087"
"a2","0.0","0.0","0.0","0.0","0.0","0.0","0.0","0.0","0.5555555555555555","0.6846724892450529","0.7333333333333334","0.20812824750161776","0.44278969799232737","0.6649029817102905","0.48006923469642765","0.570329775682736","0.23386531804782373"
