Similarity Measures,noun_path,noun_lch,noun_wup,noun_res,noun_jcn,noun_lin,noun_lesk,noun_vector,verb_path,verb_lch,verb_wup,verb_res,verb_jcn,verb_lin,verb_lesk,verb_vector,word2vec,Average
Antecedent,0.27666666666666667,0.6016890651877708,0.7396638655462185,0.24023798000496582,0.21740527978304952,0.553993827104387,0.5806373186538342,0.4086830038771915,0.3333333333333333,0.570048317137423,0.5333333333333333,0.15431430416968017,0.3990025975609153,0.4421232785728281,0.5407012055308146,0.426506776939225,0.34776720726327587,0.43330043298028903
a3,0.2,0.5364136278310554,0.6587878787878787,0.2177800915348976,0.12458497258004173,0.49220112724991694,0.19737577894719338,0.33726926668653423,0.25,0.5074147244169241,0.4000000000000001,0.048800732842542514,0.14110206790372892,0.1880958473861258,0.26819410941362165,0.4459121964727643,0.255775004689853,0.30998278980841626
a2,0.1269047619047619,0.4210279190371457,0.4531202131202131,0.10000256420978562,0.06706068177331076,0.20496467381659667,0.21370806541851,0.15094036692235502,0.25,0.5074147244169241,0.4000000000000001,0.0,0.0838254788061286,0.0,0.154399188514357,0.20648041704922268,0.11030719630199042,0.20295036772301775
a4,0.18833333333333332,0.5265287539231721,0.6894173937517591,0.21033777526009861,0.1237166528866412,0.4787952550604374,0.3046067402769558,0.3522815612091652,0.25,0.5074147244169241,0.4000000000000001,0.04535086340188355,0.09031793023127031,0.11141605094913372,0.3292375416146483,0.2503594349871343,0.35715664340721265,0.30678062674763357
