Similarity Measures,noun_path,noun_lch,noun_wup,noun_res,noun_jcn,noun_lin,noun_lesk,noun_vector,verb_path,verb_lch,verb_wup,verb_res,verb_jcn,verb_lin,verb_lesk,verb_vector,word2vec,Average
Antecedent,0.17302489177489178,0.47632664118734,0.5657096171802054,0.18242104556986943,0.1383182178837417,0.45534004929197514,0.4275870745182962,0.349406092519503,0.6666666666666666,0.7343084371187691,0.8333333333333333,0.305132149633822,0.6564683153799863,0.8677180121911562,1.0,0.767541700166052,0.3638508398213328,0.52724429907276138
a3,0.5916666666666667,0.7555875231941357,0.8308080808080808,0.26665536225794567,0.5430580513652166,0.679159895485067,0.6304423780948067,0.6348650224494132,0.6666666666666666,0.7343084371187691,0.7857142857142857,0.2979232680717615,0.6276801646225785,0.8644489950574167,0.863756613756614,0.8125461465502275,0.6210447053974905,0.65919601548689077
a2,0.1572420634920635,0.47042980358062597,0.5630252100840336,0.1593805586838318,0.09441619528526124,0.36958382214945285,0.353208369735256,0.31860056914239077,0.6666666666666666,0.7343084371187691,0.75,0.2253145618550702,0.5438455394373204,0.6545192576653696,0.5951277377876215,0.582758683387363,0.2187105094028643,0.43865517561611539
