"Similarity Measures","noun_path","noun_lch","noun_wup","noun_res","noun_jcn","noun_lin","noun_lesk","noun_vector","verb_path","verb_lch","verb_wup","verb_res","verb_jcn","verb_lin","verb_lesk","verb_vector","word2vec"
"Antecedent","0.17817788272333726","0.5036276574141566","0.5759128040861788","0.15572216562934466","0.08515714006622366","0.3244080248505432","0.22464865053351965","0.19309621290971338","0.54","0.6456372390378448","0.6266666666666667","0.13874785722203145","0.44957615101751414","0.49335275430499026","0.7485337301587303","0.7041470294310737","0.3654665263466392"
"a3","0.5242424242424243","0.7446250476272046","0.8366101203421777","0.34221520442850006","0.46022227448407277","0.7074523480342986","0.7159236319652371","0.5440558527807627","0.55","0.6577353469461216","0.6399999999999999","0.12215533468161284","0.45572041042222544","0.4837219817927152","0.5940400508582327","0.5582074233061702","0.47156962110573986"
"a2","0.16103341103341104","0.45803783588732544","0.5125468185065708","0.09415973608327616","0.07694537474171603","0.20922794087324756","0.34108862209323854","0.21724389263983335","0.54","0.6456372390378448","0.6266666666666667","0.13874785722203145","0.44957615101751414","0.49335275430499026","0.7485337301587303","0.7041470294310737","0.3553863047006685"
"a4","0.293939393939394","0.606963920782301","0.7055867975724436","0.2688387128337575","0.21914465630928417","0.5462839773254596","0.3347927927764914","0.3394683648199606","0.5566666666666666","0.6612344128539841","0.6466666666666666","0.1692341220510288","0.46717094099621204","0.597535569157251","0.6621969696969698","0.5820375922216957","0.4302498636795108"
