Similarity Measures,noun_path,noun_lch,noun_wup,noun_res,noun_jcn,noun_lin,noun_lesk,noun_vector,verb_path,verb_lch,verb_wup,verb_res,verb_jcn,verb_lin,verb_lesk,verb_vector,word2vec,Average
a1,0.5580988455988456,0.6928397484089539,0.7618790849673202,0.30779683377508105,0.5424321579243838,0.6365612695159657,0.5595304259825405,0.6055228403375958,0.7777777777777777,0.7839443849924853,0.8333333333333334,0.23247743172347293,0.824113663638833,0.8161621867963836,0.8157242063492064,0.8000505785417489,0.6144981973895756,0.65663193923844132
a3,0.373483460983461,0.5537766478932697,0.6418790849673203,0.22810425526663689,0.3572449962103527,0.47354986931081094,0.3996167054438199,0.42707011669858347,0.6666666666666666,0.7343084371187691,0.7777777777777777,0.1563930867932742,0.5832229609503922,0.6188284649804456,0.8075081168831169,0.7935320420599311,0.5393970054628117,0.53719762914514346
a2,0.22405844155844154,0.4819611586084124,0.5794262316630737,0.1690592301213523,0.20444071597257918,0.41579035475476067,0.35166051825869094,0.3172576346068463,0.6944444444444443,0.7526275886322358,0.8055555555555555,0.20969903677770216,0.6325306568164811,0.7657062695470035,0.8926767676767677,0.7935320420599311,0.5359265894850307,0.51919724920819466
Antecedent,1.0,0.9860896635111784,1.0,0.4880494243955241,1.0,1.0,0.9,1.0,1.0,0.8832162807399176,1.0,0.3408274541595851,1.0,1.0,1.0,0.9999999999999991,1.0,0.91754016604742383
a4,0.44133699633699636,0.645705055977215,0.7391142191142192,0.2672798900405994,0.38933489138887345,0.5838700662659987,0.47277857343732627,0.4898544183635386,0.6666666666666666,0.7343084371187691,0.7777777777777777,0.19922806436603357,0.7030120407871654,0.7683239851101625,0.8687800625300625,0.8091509679005453,0.5157350791082237,0.59248571719353949
