"Similarity Measures","noun_path","noun_lch","noun_wup","noun_res","noun_jcn","noun_lin","noun_lesk","noun_vector","verb_path","verb_lch","verb_wup","verb_res","verb_jcn","verb_lin","verb_lesk","verb_vector","word2vec"
"Antecedent","0.16666666666666666","0.5003731981073846","0.5555555555555556","0.0974462997999774","0.08707559982397624","0.2356390478404205","0.2690593434343435","0.3188514326272685","0.4444444444444444","0.6586771995514874","0.611111111111111","0.17388466492565927","0.28155917274009223","0.5761320305021687","0.7361284951607533","0.574877027536607","0.5517318638234875"
"a3","0.26666666666666666","0.6190357719578414","0.7375","0.19477069163888533","0.18372334607401877","0.5425777205203486","0.3379922673944415","0.2812450385781705","0.3333333333333333","0.5854005934976205","0.5","0.17805483751132498","0.3103092546863491","0.6123231627629074","0.3978337799766374","0.4545394547100597","0.48854624230460947"
"a2","0.3333333333333333","0.6882739762688813","0.8125","0.17639246163884545","0.1537106147424832","0.4957284813030522","0.8719696969696971","0.3231529474242115","0.7777777777777778","0.7839443849924853","0.9629629629629629","0.2082849651079843","0.7051643327278797","0.8249695816844049","1.0","0.9098667476449237","0.5549037938109557"
