"Similarity Measures","noun_path","noun_lch","noun_wup","noun_res","noun_jcn","noun_lin","noun_lesk","noun_vector","verb_path","verb_lch","verb_wup","verb_res","verb_jcn","verb_lin","verb_lesk","verb_vector","word2vec"
"Antecedent","0.22888888888888886","0.5698212094637274","0.7326923076923076","0.23523615696109418","0.16957524041242786","0.5552177281973918","0.44164890866091805","0.3966295311838436","0.30833333333333335","0.5436411164567807","0.45833333333333326","0.1505131957198986","0.14678936421252375","0.4018474829215008","0.43737574154240827","0.36167561888316524","0.4148900343797031"
"a3","0.38666666666666666","0.6889474843606462","0.8046688605512134","0.3000447903586233","0.5487800904072929","0.7547999908709511","0.6738859472748203","0.3794388100902562","0.43333333333333335","0.5906163109971548","0.5694444444444444","0.18387260278020046","0.35886585783383224","0.6184096824779629","0.5104199297675828","0.4682772831560015","0.5484155489405771"
"a2","0.17555555555555558","0.5080448380148745","0.6490196078431373","0.1978179492720733","0.11524507435289484","0.4711511919798969","0.2313799162718746","0.3838374288980976","0.26666666666666666","0.5161623891865805","0.5555555555555556","0.13594547988680006","0.3367683460133188","0.48363882801641145","0.262944264729979","0.3753982607329812","0.47036089705481404"
"a4","0.37","0.6491540947279535","0.8028571428571428","0.24669125251566743","0.31899456279155836","0.616544403373217","0.4713582927601398","0.47678461691941376","0.30833333333333335","0.5436411164567807","0.49166666666666664","0.05185334271488021","0.31087447031219506","0.24865190923695865","0.427994485821211","0.31854550207188076","0.40486855756929935"
