"Similarity Measures","noun_path","noun_lch","noun_wup","noun_res","noun_jcn","noun_lin","noun_lesk","noun_vector","verb_path","verb_lch","verb_wup","verb_res","verb_jcn","verb_lin","verb_lesk","verb_vector","word2vec"
"Antecedent","0.369078540507112","0.5962445101778198","0.7060090468153464","0.27215919163841934","0.4079180219969661","0.5305933664509594","0.4815156496349017","0.4063408536397735","0.71875","0.7422906971187951","0.7964285714285715","0.22606664119051853","0.6785519479081266","0.8351982436854382","0.7165523262385115","0.7342771522266036","0.4082337513535229"
"a3","0.11250773036487324","0.38447555805838046","0.3832275917359951","0.0755353986206082","0.06121540827788236","0.15219958530745845","0.18686694144838864","0.0953427481841305","0.4166666666666667","0.6346009444029467","0.5791666666666666","0.21400094996019628","0.2978192920212925","0.6916906558485477","0.8397222222222223","0.5890021156341002","0.28321613938725376"
"a2","0.09868712636569779","0.3473062733560507","0.3835186648985852","0.1371324232252918","0.05446780107027328","0.122850628194938","0.11788822168077848","0.11303655756610886","0.5","0.6718279053082338","0.6416666666666666","0.19473246425378593","0.270752020873001","0.5580313644788912","0.8209113190730837","0.6251143716114729","0.3756000233672521"
"a4","0.6297619047619047","0.800688218141012","0.9051491365777079","0.39636347010429274","0.5820473283081943","0.7052528227814104","0.6317921065392716","0.6383143048156843","0.7291666666666666","0.7520389307538822","0.801923076923077","0.2220820681669156","0.6907410614692886","0.857061092035881","0.8613273300773301","0.8011118031208543","0.6014529641261388"
