Similarity Measures,noun_path,noun_lch,noun_wup,noun_res,noun_jcn,noun_lin,noun_lesk,noun_vector,verb_path,verb_lch,verb_wup,verb_res,verb_jcn,verb_lin,verb_lesk,verb_vector,word2vec,Average
a1,0.20436507936507933,0.5364399162195034,0.6676587301587302,0.2503820890901974,0.16075364394254107,0.5701817710335201,0.44184342825966416,0.2971443365123377,0.5979166666666667,0.697502418770835,0.7499999999999999,0.2260091657196371,0.6325929552349171,0.716667199716654,0.772689393939394,0.7534306764022272,0.4629259418853704,0.51402961252454549
a3,0.25,0.5747213307508091,0.699175824175824,0.19781386563423897,0.20556087376031618,0.5294861495448934,0.5193138774135151,0.3724776688681317,0.40327380952380953,0.6156381171395543,0.6482142857142857,0.18853954948911614,0.5266097288216786,0.6364262971562263,0.7385842526138581,0.46251619915617465,0.3757641907474119,0.46730094238293196
a2,0.34047619047619043,0.6221529103770157,0.73252442002442,0.22857874481654092,0.33314988761044856,0.6571248884286921,0.49122787855400013,0.4111476924953521,0.5282738095238095,0.6626133116799285,0.7069444444444444,0.22437216493555234,0.5977616078841225,0.7088802273868957,0.7829245580808082,0.7066855319051369,0.3752824519717916,0.53588945415265588
Antecedent,1.0,0.9860896635111783,1.0,0.44409802526643555,1.0,1.0,1.0,0.9999999999999986,1.0,0.8832162807399176,1.0,0.4273845301928152,1.0,1.0,1.0,0.9999999999999961,1.0,0.92592873527707886
a4,0.20436507936507933,0.5364399162195034,0.6676587301587302,0.2503820890901974,0.16075364394254107,0.5701817710335201,0.44184342825966416,0.2971443365123377,0.5979166666666667,0.697502418770835,0.7499999999999999,0.2260091657196371,0.6325929552349171,0.716667199716654,0.772689393939394,0.7534306764022272,0.4629259418853704,0.51402961252454549
