"Similarity Measures","noun_path","noun_lch","noun_wup","noun_res","noun_jcn","noun_lin","noun_lesk","noun_vector","verb_path","verb_lch","verb_wup","verb_res","verb_jcn","verb_lin","verb_lesk","verb_vector","word2vec"
"Antecedent","0.14166666666666664","0.44065549364343787","0.5821350762527233","0.14983533940708593","0.0985535932537309","0.35329303352453145","0.20490221246745324","0.21122019670886924","0.5","0.6953155025784209","0.6666666666666666","0.1280126104909828","0.2128695832746427","0.5209322568756625","1.0","0.690081692327295","0.4352676862501836"
"a3","0.16984126984126982","0.5029187516117442","0.6498943437023933","0.171010683036373","0.124839402231263","0.38758268096842025","0.3160322234200812","0.2613797142665375","0.07142857142857142","0.16781132814828909","0.13333333333333333","0.0","0.06517263400901803","0.0","0.068727789623312","0.109316555971942","0.2984061083783768"
"a2","0.2900132275132275","0.5430445278100444","0.4943667443667443","0.18745599702034946","0.22150939470213907","0.28526019661557567","0.338170939018523","0.25580278308909316","0.25","0.5074147244169241","0.4","0.14640219852762754","0.09119690695748865","0.3475894778705014","0.420597669238974","0.324054590424549","0.38319072356029155"
"a4","0.17519841269841271","0.5069674815262483","0.6412419938735727","0.16251593444637163","0.10212320403732973","0.34513759136069","0.2405215032567213","0.1842475184720261","0.5","0.6953155025784209","0.6666666666666666","0.1280126104909828","0.2128695832746427","0.5209322568756625","1.0","0.690081692327295","0.20646287405603767"
