"Similarity Measures","noun_path","noun_lch","noun_wup","noun_res","noun_jcn","noun_lin","noun_lesk","noun_vector","verb_path","verb_lch","verb_wup","verb_res","verb_jcn","verb_lin","verb_lesk","verb_vector","word2vec"
"Antecedent","0.16666666666666666","0.5003731981073846","0.6153846153846154","0.15737254529856753","0.10432336775721822","0.39581842218783686","0.201726248435109","0.310479853300629","0.611111111111111","0.7213107922719865","0.7222222222222222","0.183852065883182","0.5798160657093923","0.800290275290021","0.8217592592592594","0.727378259855254","0.3070595899801876"
"a3","0.16666666666666666","0.5003731981073846","0.6666666666666666","0.2829896941114954","0.13629462704628345","0.6061599233774098","0.208462732919255","0.295662070732541","0.8333333333333334","0.8205826880194187","0.8888888888888888","0.2625663396589526","0.7864401054575474","0.8997309690297076","1.0","0.917149766136756","0.33139789877800413"
"a2","0.25","0.6102881071881849","0.8235294117647058","0.21790654738354823","0.1431307487054342","0.5241452063389156","0.227219202898551","0.409023678547571","0.611111111111111","0.7213107922719865","0.7222222222222222","0.18587727547123167","0.5798160657093923","0.800290275290021","0.8217592592592594","0.7577962335144682","0.3824464849330496"
"a4","0.25","0.6102881071881849","0.8235294117647058","0.21790654738354823","0.13125991173329568","0.5330057404248145","0.296919923300209","0.547053872000526","0.611111111111111","0.7213107922719865","0.7222222222222222","0.21546149646466303","0.5798160657093923","0.800290275290021","0.8753674309229863","0.727378259855254","0.3546438145204796"
