Similarity Measures,noun_path,noun_lch,noun_wup,noun_res,noun_jcn,noun_lin,noun_lesk,noun_vector,verb_path,verb_lch,verb_wup,verb_res,verb_jcn,verb_lin,verb_lesk,verb_vector,word2vec,Average
Antecedent,0.1983333333333333,0.5386268618314489,0.6974450386215091,0.20774596354164654,0.131628107925487,0.45255350577959275,0.2335720614403924,0.1968293551527416,0.6770833333333334,0.7382995671187822,0.7583333333333333,0.19067296539090184,0.583031525333958,0.749301239945613,0.7532058691273772,0.7022567936090722,0.4322747743403931,0.48477609583287729
a3,0.19666666666666668,0.5421259277393113,0.6496037296037296,0.14824065664364444,0.08015624821093977,0.2707147060097737,0.2872160233439004,0.2428678789713694,0.59375,0.701072606213495,0.6958333333333333,0.17855323510164123,0.4933289800418066,0.692722726927522,0.7091557646164625,0.6308046396148267,0.3325552831672832,0.43796284742386504
a2,0.39357142857142857,0.6430097869230792,0.7471207430340556,0.3173666091142421,0.26559130281831106,0.44799462478381846,0.5704692698293711,0.5018825166419447,0.4166666666666667,0.6226275544029078,0.60625,0.20116157889776914,0.334506036111144,0.6298693764589731,0.6229933340295183,0.5189219008983821,0.5618553013121435,0.49422694297022085
a4,0.16023809523809524,0.486303356393861,0.584313725490196,0.15020203697120355,0.08730550925394275,0.3339500196549997,0.1737382826369362,0.2356279181103377,0.3229166666666667,0.5756523598625336,0.6220238095238095,0.193719507086077,0.17284967619781497,0.5454908770398288,0.4461585849216402,0.38288361699586104,0.44907624103268257,0.3483794284162639
