Similarity Measures,noun_path,noun_lch,noun_wup,noun_res,noun_jcn,noun_lin,noun_lesk,noun_vector,verb_path,verb_lch,verb_wup,verb_res,verb_jcn,verb_lin,verb_lesk,verb_vector,word2vec,Average
Antecedent,0.1339285714285714,0.4350978918108594,0.5204831932773109,0.16739929483458113,0.09946146962478952,0.38983206454242614,0.1274924819125816,0.13567093870446187,0.5555555555555555,0.6846724892450529,0.7777777777777777,0.19959927847663425,0.44891533214988094,0.715837800908146,0.5702380952380953,0.6607371524554594,0.3137626269315011,0.40802717734551086
a3,0.06577380952380951,0.24790992326360922,0.19135276917784658,0.026210122429344007,0.05832555960168758,0.05526432778980839,0.17743860282878088,0.057950256812761586,0.3055555555555555,0.5594053038040551,0.6888888888888888,0.2437541048834664,0.48726364850599574,0.7901900915402669,0.881855856634127,0.440463916682992,0.279819325850695,0.32690718022198173
a2,0.23020833333333332,0.5760517074174802,0.692775974025974,0.22162372535742814,0.19953641655631113,0.540300084234808,0.5537127056481319,0.3743579942733219,0.5555555555555555,0.6846724892450529,0.7777777777777777,0.19959927847663425,0.44891533214988094,0.715837800908146,0.5702380952380953,0.6607371524554594,0.4474583031284919,0.49702110151658135
a4,0.14776785714285712,0.4654622288949711,0.4355769230769231,0.0753512631376264,0.09871208486951355,0.21131881136055727,0.3237995380895974,0.33844785871764865,0.5555555555555555,0.6846724892450529,0.7777777777777777,0.19959927847663425,0.44891533214988094,0.715837800908146,0.5702380952380953,0.6607371524554594,0.35717772381231183,0.41570281005344745
