"Similarity Measures","noun_path","noun_lch","noun_wup","noun_res","noun_jcn","noun_lin","noun_lesk","noun_vector","verb_path","verb_lch","verb_wup","verb_res","verb_jcn","verb_lin","verb_lesk","verb_vector","word2vec"
"Antecedent","0.3501488095238095","0.6364962606575679","0.746013177998472","0.26098646686357885","0.34473465941521014","0.6126454866381629","0.6228957087690405","0.3920075982299122","0.5","0.66694671276224","0.7387878787878787","0.25934757156584576","0.4059309299727336","0.7424391101487982","0.9763038548752835","0.6143867916382575","0.4874810786373346"
"a3","0.4041666666666667","0.6988640950186744","0.852857740086001","0.31268595913714525","0.4124513657608026","0.7139726427972737","0.7210090650875941","0.5039534350671329","0.31666666666666665","0.5698034196814812","0.48","0.11068272383441946","0.1271718524113066","0.29422576068342177","0.37833288933288917","0.33572919504160204","0.49653821953968574"
"a2","0.18174603174603174","0.48183131340134533","0.5698293740573153","0.13623438306563782","0.17731691630027266","0.332838764827919","0.3319401688612793","0.24732453078127437","0.31666666666666665","0.5698034196814812","0.4942857142857142","0.08233525108444227","0.13741502086036517","0.24413856128900147","0.568697139659128","0.42414193165523517","0.3812555217544466"
"a4","0.23124999999999998","0.5796218948601402","0.7400449513936356","0.21019527872653107","0.1291045133157391","0.49597094106898765","0.4524426207918303","0.3722496741338008","0.31666666666666665","0.5698034196814812","0.5819047619047619","0.14580861262174896","0.11968703231487039","0.3826222970719555","0.44770292449281585","0.36139345129297157","0.43757579441854083"
