Similarity Measures,noun_path,noun_lch,noun_wup,noun_res,noun_jcn,noun_lin,noun_lesk,noun_vector,verb_path,verb_lch,verb_wup,verb_res,verb_jcn,verb_lin,verb_lesk,verb_vector,word2vec,Average
a1,0.23032106782106782,0.5095446531555164,0.5880293468141765,0.1867567857427908,0.18901521515629446,0.4324977900325407,0.3941072426912711,0.296551977806598,0.24583333333333335,0.5023738461218089,0.430952380952381,0.05107467488115112,0.13633994646706102,0.1637090606708809,0.3334757009800599,0.3387714327659408,0.36507420846927635,0.31731933316836164
a2,0.2415909090909091,0.5704304115524818,0.7106729055258467,0.212750880976678,0.15565947539150354,0.49000247043903505,0.38449270130880003,0.2922530059279851,0.4888888888888889,0.6418159921662968,0.6781201369436664,0.2149565677581625,0.42834875748030043,0.7002707183421308,0.5719827438695145,0.5613777765232743,0.4114135571588061,0.45617811172613409
Antecedent,1.0,0.9860896635111784,1.0,0.4754134886185845,1.0,1.0,1.0,1.0,1.0,0.8832162807399176,1.0,0.35973182796776415,1.0,1.0,1.0,1.0,1.0,0.92379125063749667
