"Similarity Measures","noun_path","noun_lch","noun_wup","noun_res","noun_jcn","noun_lin","noun_lesk","noun_vector","verb_path","verb_lch","verb_wup","verb_res","verb_jcn","verb_lin","verb_lesk","verb_vector","word2vec"
"Antecedent","0.13867521367521368","0.43285080392838193","0.40064935064935064","0.09246585138490629","0.14584151983409277","0.27329279806130957","0.2624559819937825","0.15206991502786826","0.5666666666666667","0.6751519893979597","0.6666666666666666","0.11255833509974807","0.40358120528220437","0.46944438417402384","0.7876803751803753","0.7366222833298237","0.39725397924581923"
"a3","0.1875","0.5003731981073846","0.5995215311004785","0.14787596979630302","0.1518566384579178","0.38480049317208936","0.27304524056061397","0.228773209591373","0.3611111111111111","0.5960436068309886","0.5222222222222223","0.18859884616460257","0.21524924258475098","0.5545425817810675","0.8315646258503401","0.6905162796593051","0.4232150656001529"
"a2","0.14375","0.4462576286816905","0.479004329004329","0.12310101677075984","0.15585598693184255","0.33535837078054037","0.2624559819937825","0.295866819751324","0.5833333333333334","0.6953155025784209","0.6888888888888888","0.22051401481525565","0.428838340474964","0.7009321374179832","0.790436507936508","0.8157830518849393","0.4040278278011576"
"a4","0.244047619047619","0.5918589199315745","0.7490196078431373","0.27150246292552893","0.1399210039138034","0.5836973173143156","0.5686452761514884","0.32079026277038175","0.5666666666666667","0.6751519893979597","0.6666666666666666","0.11255833509974807","0.40358120528220437","0.46944438417402384","0.7876803751803753","0.7366222833298237","0.4166195435786143"
