"Similarity Measures","noun_path","noun_lch","noun_wup","noun_res","noun_jcn","noun_lin","noun_lesk","noun_vector","verb_path","verb_lch","verb_wup","verb_res","verb_jcn","verb_lin","verb_lesk","verb_vector","word2vec"
"Antecedent","0.18492063492063493","0.5152048764494844","0.6455840455840456","0.19804639692244208","0.1398404187473508","0.4975896705965914","0.41051591389846803","0.23858714215631938","0.3703703703703704","0.6098261288489095","0.6111111111111112","0.16823786042023992","0.36797230059255764","0.5566600782361831","0.6453401560452844","0.5342430331207926","0.3877880472614654"
"a3","0.21718559218559216","0.54474965797454","0.6867833390666208","0.19268347687414486","0.2688865131834213","0.499576024719987","0.25532251872844897","0.25308059699787205","0.4907407407407407","0.6551295284403649","0.6952380952380953","0.228078658170412","0.41656142608975233","0.7057100164049009","0.5902413458917943","0.5707635004647973","0.39895197805693006"
"a2","0.47380952380952385","0.6948682596877451","0.8010964912280701","0.2463692821346177","0.4136310774400724","0.6204213731551584","0.6586451671829539","0.6213967128845677","0.5925925925925926","0.7090980245963419","0.7407407407407408","0.21867552020197545","0.5361126923247598","0.6677742596245937","0.8244721489538729","0.74147658251448","0.49347118270502194"
"a4","0.16554834054834056","0.4672957853994013","0.5395885547201337","0.15094445976953721","0.1297132850942309","0.3740847050160214","0.3647721848680158","0.23827847861316176","0.3611111111111111","0.6011610322843877","0.5814814814814815","0.103688064607774","0.36464586286954087","0.4584949105531714","0.4800024430759923","0.4804394547071019","0.21194266750360125"
