"Similarity Measures","noun_path","noun_lch","noun_wup","noun_res","noun_jcn","noun_lin","noun_lesk","noun_vector","verb_path","verb_lch","verb_wup","verb_res","verb_jcn","verb_lin","verb_lesk","verb_vector","word2vec"
"a1","0.0","0.0","0.0","0.0","0.0","0.0","0.0","0.0","0.0","0.0","0.0","0.0","0.0","0.0","0.0","0.0","0.07447997709215547"
"a3","0.36224489795918363","0.6540529539525857","0.8031440781440782","0.28115907298759063","0.2927912213599546","0.6221710182299531","0.5138099009095017","0.4226447408756881","0.3611111111111111","0.6037197450110874","0.6394660894660894","0.21096473632598534","0.2920853301800005","0.5969095802668714","0.6484518699705103","0.449530271723237","0.44447580871948983"
"a2","0.30238095238095236","0.5859444716707302","0.7171163202122955","0.2485828639665357","0.30458694068446324","0.5806564422875493","0.3751322835835867","0.37235387443610046","0.4444444444444444","0.6350365413713367","0.5833333333333334","0.107399774902087","0.2775001370526824","0.3901862994566363","0.45060065847346525","0.4613705001234661","0.3829514739951538"
"Antecedent","1.0","0.9860896635111783","1.0","0.4867460924144661","1.0","1.0","1.0","0.9999999999999998","1.0","0.8832162807399176","1.0","0.37745670800544545","1.0","1.0","1.0","1.0","1.0"
"a4","0.14235209235209237","0.4302745388904964","0.5407096171802055","0.13884924834287454","0.09053421333766089","0.33015285923020976","0.36740890799309295","0.2674413155956569","0.4444444444444444","0.6350365413713367","0.6097222222222222","0.11713234919967143","0.3537145881763409","0.4900663699940506","0.39689196159590895","0.47469992769621033","0.279435274037203"
