Similarity Measures,noun_path,noun_lch,noun_wup,noun_res,noun_jcn,noun_lin,noun_lesk,noun_vector,verb_path,verb_lch,verb_wup,verb_res,verb_jcn,verb_lin,verb_lesk,verb_vector,word2vec,Average
Antecedent,0.3055555555555555,0.6362833968817504,0.7319347319347319,0.24123233205929964,0.37160352708467,0.6053617701244496,0.509594922781736,0.379149651981332,0.2,0.4469241848755406,0.3333333333333333,0.0,0.07564008614498982,0.0,0.363041125541126,0.461698342241829,0.4473314430002465,0.35933437667885826
a3,0.27777777777777773,0.6362833968817504,0.7669340463458111,0.21170589816693597,0.1514543891100484,0.5077620142777041,0.3219861649794397,0.467511590660717,0.2,0.4469241848755406,0.3333333333333333,0.1852886829507872,0.0961725325496571,0.41557347648329673,0.290051020408163,0.281292991294988,0.2749487645291026,0.3450000155661796
a2,0.3333333333333333,0.6622786865753159,0.7682186234817814,0.25526979125442223,0.2598181017068516,0.6271723842984853,0.5210276343047506,0.434692942239799,0.2,0.4469241848755406,0.3333333333333333,0.22409673967777435,0.1423671908080556,0.5600726544612384,0.43032967032967,0.461698342241829,0.42428316166723395,0.41675981026996561
a4,0.8333333333333334,0.9234560707906795,0.9777777777777779,0.46143166424938853,1.0,0.9947677699789307,1.0,0.9186369977634694,0.25,0.5074147244169241,0.4,0.1852886829507872,0.0961725325496571,0.41557347648329673,0.442674489253437,0.281292991294988,0.7798788225238186,0.61574701960979339
