Similarity Measures,noun_path,noun_lch,noun_wup,noun_res,noun_jcn,noun_lin,noun_lesk,noun_vector,verb_path,verb_lch,verb_wup,verb_res,verb_jcn,verb_lin,verb_lesk,verb_vector,word2vec,Average
Antecedent,0.225,0.5800428374174932,0.696969696969697,0.1800161947505769,0.11515213236905947,0.4519319036715054,0.4872386363636365,0.381396613540952,0.39999999999999997,0.6125183966774608,0.5555555555555555,0.18882234002837373,0.3427311850784482,0.5645076590238162,0.8747685185185183,0.7691167723159916,0.5455971120359402,0.46890385613629559
a3,0.5625,0.7042384962689333,0.7307692307692308,0.276524546648247,0.5450110007041196,0.6114289504880854,0.6138522109683795,0.579915805406379,0.7777777777777778,0.7839443849924853,0.8333333333333334,0.3948417429810775,0.7063291179745531,0.7829377806546204,1.0,0.9996230567058539,0.37670328571094436,0.6635135718461187
a2,0.26666666666666666,0.6190357719578414,0.7738095238095238,0.2619263045285526,0.18853826004772403,0.6556474816248363,1.0,0.3212211043198485,0.5666666666666667,0.6751519893979597,0.6666666666666666,0.2618454159888278,0.6128798778017265,0.6914181442173529,0.8579282407407406,0.7200780684298747,0.5416946891826385,0.56948087482632037
a4,0.625,0.7981888853496817,0.8636363636363636,0.31354535454611665,0.583122076245696,0.7339395618171312,0.800751879699248,0.6576811814374425,0.39999999999999997,0.6125183966774608,0.5555555555555555,0.09170663013035464,0.328137551561185,0.4555123582601697,0.925925925925926,0.5768590382853193,0.47238379454356305,0.57614497374536544
