Similarity Measures,noun_path,noun_lch,noun_wup,noun_res,noun_jcn,noun_lin,noun_lesk,noun_vector,verb_path,verb_lch,verb_wup,verb_res,verb_jcn,verb_lin,verb_lesk,verb_vector,word2vec,Average
Antecedent,0.3029100529100529,0.5905989406804187,0.7417015457633307,0.2736302056141984,0.31254503608329676,0.5844504869645054,0.444836583896544,0.4616812508933552,0.4166666666666667,0.632681909857922,0.6666666666666666,0.23428777241799814,0.29823099356864935,0.6976087767284186,0.7673165954415954,0.5395983938143196,0.49852447199673233,0.49787860882145124
a3,0.11360352610352613,0.37561174631220684,0.37445533769063183,0.09364316761342886,0.09283567929743272,0.2212716208475786,0.22574885441606204,0.2531079926863725,0.611111111111111,0.7213107922719865,0.8222222222222223,0.22946603972759025,0.5978374424122969,0.7788194159892324,1.0,0.7351739404789877,0.3232453493434018,0.44526260226612174
a2,0.10412781662781662,0.35650618095134917,0.33265400177164883,0.06624968517621556,0.07563213460404587,0.15433329618774133,0.18895318154612803,0.14869079938061136,0.3611111111111111,0.5960436068309886,0.6979949874686717,0.21636623514013184,0.3852607813866755,0.7128745855407083,0.64110152000777,0.4908840276826963,0.25546050487151784,0.34024967389916633
a4,0.23169515669515667,0.5247059124570077,0.6469038111049148,0.20032742800903133,0.30074893179088585,0.4689220289657609,0.4223390781158093,0.33408026008028024,0.25,0.5074147244169241,0.5757575757575758,0.24463746416964505,0.26727164559562294,0.6605416270747196,0.402143599435612,0.40831546706733635,0.3989451971835542,0.40263234752469629
