"Similarity Measures","noun_path","noun_lch","noun_wup","noun_res","noun_jcn","noun_lin","noun_lesk","noun_vector","verb_path","verb_lch","verb_wup","verb_res","verb_jcn","verb_lin","verb_lesk","verb_vector","word2vec"
"Antecedent","0.12976190476190474","0.43040465246363674","0.5186415034241122","0.12764213489088988","0.08263404598948564","0.2946141000117409","0.147634284925723","0.2508591501224215","0.6666666666666666","0.7343084371187691","0.9210526315789473","0.24759442783307034","0.6498469338547033","0.8554052369394897","0.669047619047619","0.6900184819991645","0.30191751894125096"
"a3","0.12976190476190474","0.43040465246363674","0.5186415034241122","0.12764213489088988","0.08263404598948564","0.2946141000117409","0.153018207844368","0.27898691251773633","0.3333333333333333","0.5854005934976205","0.6710526315789473","0.17292833773545435","0.32950709204102435","0.6790689930736005","0.38799603174603203","0.3659022513031265","0.27829301957602454"
"a2","0.14973544973544972","0.46500767183263086","0.5514354066985646","0.11466920317330775","0.08479687533389663","0.2746649752464457","0.19295955033290768","0.18075202287321615","0.3333333333333333","0.5854005934976205","0.6","0.19560077403376933","0.3567559487814218","0.6647883262186249","0.373271911389644","0.4314931260736095","0.33315786449908996"
"a4","0.1427910052910053","0.4520100269858482","0.557843137254902","0.16465419996487848","0.10994609824425627","0.38321125801850475","0.19041706284396567","0.3165839894800819","0.6666666666666666","0.7343084371187691","0.9210526315789473","0.24759442783307034","0.6498469338547033","0.8554052369394897","0.707566738816739","0.6900184819991645","0.30048844642351447"
