"Similarity Measures","noun_path","noun_lch","noun_wup","noun_res","noun_jcn","noun_lin","noun_lesk","noun_vector","verb_path","verb_lch","verb_wup","verb_res","verb_jcn","verb_lin","verb_lesk","verb_vector","word2vec"
"Antecedent","0.18240740740740738","0.5168479879538569","0.6183561808561807","0.19701801201468558","0.14778558289153929","0.47749148284984116","0.2944779562566368","0.35912880837482214","0.5416666666666666","0.6586771995514874","0.6738095238095237","0.14902293325171326","0.5308652821981736","0.5420317473597257","0.6394280517371915","0.5457951210913639","0.3491327641172686"
"a3","0.187962962962963","0.525085382877093","0.6514041514041514","0.1836390665628651","0.12532967068154552","0.4573145412357142","0.3024918864035135","0.255982993902428","0.5416666666666666","0.6586771995514874","0.6706349206349206","0.2172022836555604","0.4352044545252938","0.6539200473724097","0.6314759672824191","0.6308177197146613","0.3391944049582357"
"a2","0.32261904761904764","0.6021906473591766","0.7107448107448108","0.2985212888757438","0.30802370465483303","0.6027583411124624","0.37391607746158045","0.34722465348333653","0.5","0.6273604031912379","0.6289915966386554","0.14372674243226977","0.4102516012098403","0.5045507905321372","0.48843292093185053","0.5626440845909434","0.410450037522569"
"a4","0.14173881673881675","0.4482651138768921","0.5246933621933622","0.12453479188759105","0.09232393293036094","0.28680551116800995","0.29731309485073504","0.1508695656000318","0.5416666666666666","0.6586771995514874","0.6706349206349206","0.2172022836555604","0.4352044545252938","0.6539200473724097","0.6314759672824191","0.6162539464499878","0.30906002513268177"
