"Similarity Measures","noun_path","noun_lch","noun_wup","noun_res","noun_jcn","noun_lin","noun_lesk","noun_vector","verb_path","verb_lch","verb_wup","verb_res","verb_jcn","verb_lin","verb_lesk","verb_vector","word2vec"
"Antecedent","0.07871794871794871","0.2938214262345917","0.3653190948385456","0.10446577649300312","0.06908076138168348","0.21900061525850423","0.05727100391358175","0.05584060489189776","0.5","0.6953155025784209","0.6666666666666666","0.14963634376434948","0.19312326791631002","0.49660679718148437","1.0","0.651023248856765","0.22610092057137945"
"a3","1.0","0.9860896635111784","1.0","0.5478037438343363","1.0","1.0","1.0","0.9999999999999909","1.0","0.8832162807399176","1.0","0.41238130824056357","1.0","1.0","1.0","1.0","1.0"
"a2","0.3471428571428571","0.6126692633016516","0.7275974025974026","0.25021585504704874","0.27853376797134843","0.5210737026109671","0.39043520435943707","0.368247994394987","0.3333333333333333","0.5854005934976205","0.5454545454545454","0.14963634376434948","0.09791680922330848","0.3689545858568519","0.353166935050993","0.291131338008565","0.5091528591445698"
"a4","0.17833333333333332","0.5010467061991495","0.6276923076923077","0.212128102712148","0.10434793636241242","0.4472119589283404","0.21932639741045162","0.1471319845444665","0.5","0.6953155025784209","0.6666666666666666","0.14963634376434948","0.19312326791631002","0.49660679718148437","1.0","0.651023248856765","0.2291592921211225"
