"Similarity Measures","noun_path","noun_lch","noun_wup","noun_res","noun_jcn","noun_lin","noun_lesk","noun_vector","verb_path","verb_lch","verb_wup","verb_res","verb_jcn","verb_lin","verb_lesk","verb_vector","word2vec"
"a1","0.2544642857142857","0.5253872581210262","0.6108391608391609","0.2180369113451433","0.2068698222024642","0.42528509503056927","0.3468022073782391","0.36946101799996794","0.2583333333333333","0.5117885568017524","0.47083333333333327","0.12766030695852726","0.11524691170052379","0.2746293329272714","0.524030612244898","0.30317255279908817","0.37731572132110264"
"a3","0.30625","0.5995393046876673","0.7434768694927363","0.27029987718340825","0.30952873851100227","0.6139161021483901","0.429322106331691","0.4084677782755897","0.2583333333333333","0.5117885568017524","0.5387254901960784","0.16853660094568162","0.12792711219242578","0.44185374937946853","0.48213973526473525","0.4025245751428207","0.33639432167804456"
"a2","0.08455815018315019","0.31129487413525564","0.3368291129160694","0.05803026759556536","0.05734259147719432","0.10840303461228047","0.17197931511932338","0.05924668341775338","0.35416666666666663","0.5933828534976465","0.611111111111111","0.19327844550957307","0.23680196493391686","0.5984480696155734","0.5965241308086487","0.5026492780791605","0.244965344271977"
"Antecedent","1.0","0.9860896635111783","1.0","0.4998944615830852","1.0","1.0","1.0","0.999999999999997","1.0","0.8832162807399176","1.0","0.38876630971499093","1.0","1.0","1.0","1.0","1.0"
"a4","0.1958874458874459","0.5215857505526365","0.6534722222222222","0.1831941410130292","0.11829091420333282","0.4153461000346126","0.5580943491624952","0.3030312401394045","0.35416666666666663","0.5933828534976465","0.6271929824561403","0.21809859731494233","0.23896925732704252","0.6319111301143415","0.677520326895327","0.5701165457165702","0.32989569373535177"
