"Similarity Measures","noun_path","noun_lch","noun_wup","noun_res","noun_jcn","noun_lin","noun_lesk","noun_vector","verb_path","verb_lch","verb_wup","verb_res","verb_jcn","verb_lin","verb_lesk","verb_vector","word2vec"
"Antecedent","0.20833333333333331","0.5553306526477848","0.6573426573426573","0.17392381885770763","0.1161233003758795","0.41257924489233466","0.45634318630298454","0.395687373101189","0.625","0.6953155025784209","0.8888888888888888","0.23103310842011876","0.55340237291994","0.726662169460099","0.646160468319559","0.6951502255775865","0.5843879198272676"
"a3","0.17142857142857143","0.504191528363924","0.5833333333333333","0.15402667036039397","0.10056869559287224","0.3738300636408365","0.2117630068574835","0.2096521531283095","0.3333333333333333","0.5854005934976205","0.65","0.2089805666799237","0.4430839234882825","0.7452214661956261","0.7326388888888891","0.581880094683034","0.5966018064170879"
"a2","0.1875","0.5163377181074366","0.6512820512820513","0.17803718902400126","0.12868258437520372","0.44835203358303743","0.433724347459162","0.43526496205636456","0.375","0.6013651134976725","0.6000000000000001","0.20146560846625666","0.2225327302763297","0.5543419751857678","0.6426767676767675","0.4051658113054075","0.4280526836886129"
"a4","0.20833333333333331","0.5553306526477848","0.696969696969697","0.21291244035198276","0.1356490201722648","0.502697633923032","0.3673924558056255","0.35403053731412704","0.29166666666666663","0.5464076589572724","0.55","0.22582016639968333","0.20530177392388743","0.636166790292058","0.34692159692159696","0.38466243964688","0.4694309694510521"
