Similarity Measures,noun_path,noun_lch,noun_wup,noun_res,noun_jcn,noun_lin,noun_lesk,noun_vector,verb_path,verb_lch,verb_wup,verb_res,verb_jcn,verb_lin,verb_lesk,verb_vector,word2vec,Average
Antecedent,0.14474206349206348,0.4553071686952801,0.5595238095238095,0.13043321630986587,0.11107670450107664,0.33363692763972663,0.2536205997550535,0.227114353711343,0.5111111111111111,0.6385136863710262,0.611111111111111,0.11666298819057996,0.4966548755265241,0.5491091707560739,0.6312037037037036,0.6102448471347154,0.43059750668228797,0.4006272849538442
a3,0.13392857142857142,0.4325041490538414,0.5962085921325052,0.17333585512422217,0.09916691208694756,0.3970198866770335,0.2376153313134975,0.208680912577428,0.5277777777777778,0.6586771995514874,0.6904761904761904,0.22290538914642313,0.5278997543107405,0.7803904697638132,0.621401351349268,0.6227382267718314,0.5399113646167963,0.43944929024461027
a2,0.12251984126984126,0.4154723490402258,0.5424242424242424,0.15611252518136026,0.10467563545417305,0.33341482723056004,0.138307901139972,0.24136460088897324,0.3444444444444444,0.5758800936505274,0.5370370370370371,0.20180087413795142,0.3488093531382405,0.7069874320648565,0.484126984126984,0.4595678096507903,0.4349634435397623,0.36164172908352604
