"Similarity Measures","noun_path","noun_lch","noun_wup","noun_res","noun_jcn","noun_lin","noun_lesk","noun_vector","verb_path","verb_lch","verb_wup","verb_res","verb_jcn","verb_lin","verb_lesk","verb_vector","word2vec"
"Antecedent","0.23166666666666663","0.554224035647588","0.6895442277021224","0.16639815599611726","0.10554598079920156","0.3787231676845547","0.5652756150742697","0.33050594667455274","0.6","0.6953155025784209","0.7533333333333332","0.16543363927306093","0.5077455644478442","0.6463637140161563","0.8244441438191437","0.6490275329789528","0.40099118022234675"
"a3","0.16547619047619044","0.4900439224968702","0.6114199525964232","0.15488501984639766","0.12038873208963008","0.38442862650080556","0.2457428033488232","0.35269977695402904","0.3","0.554206245865342","0.5222222222222221","0.17752715927324894","0.42209657121366967","0.6733244702310005","0.3803813837129054","0.4247358639626285","0.3134156170288826"
"a2","0.24000000000000005","0.5698212094637273","0.6821912865256519","0.1848288964785152","0.12911185353398905","0.41375763990827574","0.37946389632687144","0.18676696350485372","0.4333333333333333","0.6513495389461008","0.6761904761904762","0.2174492438200621","0.42209657121366967","0.7088227913823942","0.7021969696969697","0.692844826343168","0.3724883661114657"
"a4","0.15833333333333335","0.4768504903825961","0.5342657342657342","0.140616540121632","0.09067002609299792","0.3085919617190197","0.17390403960046436","0.232488054766401","0.6","0.6953155025784209","0.7688888888888888","0.21034341795981665","0.5126664202760257","0.7475586961865972","0.7796110306496337","0.6472211600581144","0.288956301768482"
