Similarity Measures,noun_path,noun_lch,noun_wup,noun_res,noun_jcn,noun_lin,noun_lesk,noun_vector,verb_path,verb_lch,verb_wup,verb_res,verb_jcn,verb_lin,verb_lesk,verb_vector,word2vec,Average
Antecedent,0.13363095238095235,0.435810701425106,0.5856950067476383,0.16588907603947434,0.07022638195898093,0.2108962656645898,0.2545888552869505,0.21586891924536475,1.0,0.8832162807399176,1.0,0.20966239480826138,1.0,1.0,1.0,1.0,0.3654519905462612,0.56064334263785276
a3,0.3541666666666667,0.5828093799179849,0.6304924242424242,0.33053349907202106,0.30853958554965843,0.4222885939392027,0.3999922919195395,0.421021829667499,1.0,0.8832162807399176,1.0,0.20966239480826138,1.0,1.0,1.0,1.0,0.4535444617154524,0.64683925930815445
a2,0.3384920634920635,0.5492575577760285,0.5665064102564102,0.29383388712054803,0.3048595810959867,0.35273026361288534,0.3822127482258416,0.3490843099225376,1.0,0.8832162807399176,1.0,0.20966239480826138,1.0,1.0,1.0,1.0,0.3528182256950911,0.62251021898503356
a4,0.15,0.45063146106651863,0.4637896825396825,0.10485611459328617,0.1346428203327234,0.3009926183139164,0.20809011313536074,0.17179968653397715,0.5,0.6953155025784209,0.8,0.20774222301482007,1.0,0.9953997351455868,1.0,0.825538872295157,0.2556790250652328,0.48614575615380495
