"Similarity Measures","noun_path","noun_lch","noun_wup","noun_res","noun_jcn","noun_lin","noun_lesk","noun_vector","verb_path","verb_lch","verb_wup","verb_res","verb_jcn","verb_lin","verb_lesk","verb_vector","word2vec"
"Antecedent","0.625","0.7981888853496817","0.8636363636363636","0.29468293646106714","0.5902716991883177","0.7442326462184803","0.9448352160594725","0.6288874798699335","0.6666666666666666","0.7343084371187691","0.7916666666666666","0.2226221017180941","0.7912405289810146","0.8637363176600313","0.9046783625730995","0.827287137458594","0.4817148718847347"
"a3","0.35","0.6739932264982416","0.8706293706293706","0.3255575608550213","0.5332031202421197","0.8281301005314827","0.6997949735449736","0.4512507478630465","0.3125","0.5543899189572984","0.5784722222222223","0.08820128265657215","0.20935736446500175","0.3433692049364736","0.5033085467092819","0.352933107178252","0.3382303004396982"
"a2","0.3125","0.6102881071881849","0.7282051282051283","0.20137724571176413","0.46539996545530066","0.56140936834501","0.6111805555555555","0.3360559022476085","0.47916666666666663","0.6403580480380207","0.6428571428571428","0.19280287430079895","0.6457535494509796","0.8053933152712187","0.49600415367460826","0.5687943788819485","0.36037164443620573"
"a4","0.1875","0.5163377181074366","0.6941176470588235","0.17911182463499675","0.11719286362061204","0.44564652687363954","0.301151512537382","0.293125538221212","0.6666666666666666","0.7343084371187691","0.7678571428571428","0.22185161385441088","0.7912405289810146","0.8637363176600313","0.9065255731922397","0.8271620317635587","0.40528358277048093"
