"Similarity Measures","noun_path","noun_lch","noun_wup","noun_res","noun_jcn","noun_lin","noun_lesk","noun_vector","verb_path","verb_lch","verb_wup","verb_res","verb_jcn","verb_lin","verb_lesk","verb_vector","word2vec"
"Antecedent","0.225","0.5800428374174932","0.7525252525252526","0.23556452007464734","0.16724756734870283","0.5813046641029642","0.3766561456110285","0.2654285042288485","0.5","0.6953155025784209","0.7368421052631579","0.19456772031082067","0.17601616446914992","0.5774528208064319","1.0","0.591762372369028","0.446792407681829"
"a3","0.1388888888888889","0.44541574356698443","0.6157894736842104","0.20067006090926295","0.11375942498168826","0.44034096079482593","0.2140215778019195","0.3629497978107945","0.5","0.6953155025784209","0.7368421052631579","0.19456772031082067","0.17601616446914992","0.5774528208064319","1.0","0.591762372369028","0.3829139032032067"
"a2","0.10795454545454546","0.37922354969971606","0.4182692307692308","0.07982905326883642","0.10213958843148983","0.24535636644157602","0.1939060105494925","0.245712573022352","0.16666666666666666","0.3974998153361238","0.2857142857142857","0.0","0.045625030346913543","0.0","0.166530612244898","0.0606222195707044","0.29060002668849066"
"a4","0.0","0.0","0.0","0.0","0.0","0.0","0.0","0.0","0.3333333333333333","0.5854005934976205","0.5","0.0","0.08106201223208549","0.0","0.393571428571429","0.272466506041608","0.467011632600312"
