"Similarity Measures","noun_path","noun_lch","noun_wup","noun_res","noun_jcn","noun_lin","noun_lesk","noun_vector","verb_path","verb_lch","verb_wup","verb_res","verb_jcn","verb_lin","verb_lesk","verb_vector","word2vec"
"Antecedent","0.167989417989418","0.4864439617652719","0.6342592592592592","0.20785360649363174","0.12188433186352211","0.45181473203387873","0.4167208423683624","0.2067406296513027","0.75","0.7704758138430197","0.8920634920634921","0.23768952567097612","0.7673420607465826","0.9149181265737736","0.8740476190476191","0.9020945288395747","0.5645284871356452"
"a3","0.17500000000000002","0.5073274881067636","0.6934329287270464","0.19894340635655025","0.11543214059757047","0.46590765167058473","0.296327479169094","0.16623989276973425","0.7166666666666667","0.7484928320268596","0.8133333333333332","0.1666571767898777","0.6830499796776802","0.7461697595357821","0.83531179138322","0.7278928860473275","0.6219346064191008"
"a2","0.1638888888888889","0.4908526982602914","0.6393018745959923","0.19382199520457669","0.10910456861627833","0.43401636241786656","0.23197889207131664","0.23566698400728434","0.31666666666666665","0.5698034196814813","0.48","0.10225284160518518","0.13089448041683427","0.3403823881345721","0.4186658987536182","0.35687816550429874","0.5655626870730476"
"a4","0.15595238095238095","0.47692346191817875","0.5849673202614379","0.19022126553397598","0.08943764352238708","0.39552887006685333","0.239722186961823","0.2257369721147079","0.31666666666666665","0.5698034196814813","0.4890909090909091","0.15338530293614588","0.25887144045747834","0.4781057919493156","0.3909165140415142","0.3441317173357798","0.41933039134598754"
