Similarity Measures,noun_path,noun_lch,noun_wup,noun_res,noun_jcn,noun_lin,noun_lesk,noun_vector,verb_path,verb_lch,verb_wup,verb_res,verb_jcn,verb_lin,verb_lesk,verb_vector,word2vec,Average
a1,0.21944444444444444,0.5664839358275731,0.6596643122958912,0.15150800443704196,0.13809731617077303,0.4172862853887731,0.269367753444462,0.2438618295478743,0.7777777777777778,0.7839443849924853,0.8333333333333334,0.20306696852524045,0.7037408444207935,0.8161229890637306,0.8175925925925926,0.7961993445216784,0.5262986809481373,0.52492887045485892
a3,0.20138888888888892,0.5423330078010019,0.6340735288103708,0.15193953219904432,0.13552015876206,0.4030734798200966,0.29847213207175344,0.22456608599776837,0.3333333333333333,0.5854005934976205,0.5,0.11180743974962536,0.11648541122704037,0.3201148710313215,0.32145593869731764,0.35990028844288635,0.40776236600156424,0.33221335625480547
a2,0.2126984126984127,0.54120016614305,0.6243107769423558,0.1440901978084408,0.10119501133216909,0.34528353970666625,0.1877351521096596,0.17967937978746526,0.7777777777777778,0.7839443849924853,0.8333333333333334,0.18881068983886795,0.7037408444207935,0.7929502697109302,0.8175925925925926,0.8070234689521903,0.5603608608375291,0.50598393288145405
Antecedent,1.0,0.9860896635111783,1.0,0.4472753552424662,1.0,1.0,1.0,1.0,1.0,0.8832162807399176,1.0,0.30137028065128657,1.0,1.0,1.0,1.0,1.0,0.91870303412616749
a4,0.6296296296296297,0.7875458720163139,0.8492647058823529,0.3127313026135666,0.5858622128899017,0.7082119855486045,0.74317840639398,0.7323146497384294,0.7777777777777778,0.7839443849924853,0.8333333333333334,0.13977492987217424,0.7037408444207935,0.6666666666666666,0.8175925925925926,0.7747923509373388,0.6704194854657566,0.67745771357480589
