Similarity Measures,noun_path,noun_lch,noun_wup,noun_res,noun_jcn,noun_lin,noun_lesk,noun_vector,verb_path,verb_lch,verb_wup,verb_res,verb_jcn,verb_lin,verb_lesk,verb_vector,word2vec,Average
a1,0.31842231842231844,0.5730246309105946,0.6795773469686514,0.2406856231590286,0.2732367813271687,0.4857787409917292,0.5786725837300232,0.34094129253862243,0.6388888888888888,0.7083131474252036,0.724074074074074,0.15261932545264836,0.6040150025371008,0.6917088621519755,0.6574596997370971,0.6785327676642939,0.3516755432791195,0.5116250958387375
a3,0.18518009768009766,0.4860185860095012,0.561198999801941,0.1743125213350242,0.131761244788343,0.3508496716898424,0.4350500246146363,0.31209794665433926,0.3333333333333333,0.5777244553175218,0.49444444444444446,0.06786317101929747,0.14453442079215964,0.20313801926954944,0.5236613804228593,0.3586092184010547,0.35298655817826946,0.33486847610307147
a2,0.20644841269841266,0.5474438536432312,0.6838945969750924,0.17824635010690312,0.16389837880365432,0.4772576313328094,0.3025160638039099,0.31606538255084754,0.7777777777777777,0.7839443849924853,0.8444444444444444,0.22789854438876178,0.7312535109262482,0.8692489498181285,1.0,0.7960404515602958,0.4058755498566656,0.54777966374586284
Antecedent,1.0,0.9860896635111783,1.0,0.5277443990735746,1.0,1.0,1.0,0.9999999999999963,1.0,0.8832162807399176,1.0,0.31472565720062634,1.0,1.0,1.0,0.9999999999999968,1.0,0.92422211767795814
a4,0.16497391497391498,0.3804339964388372,0.39598930481283423,0.08870568726925428,0.13871977878381858,0.18266653659566487,0.29902063643773863,0.18814909259768833,0.18888888888888888,0.43044939502906837,0.31746031746031744,0.024400366421271257,0.11150336154228808,0.07093852851314117,0.33923890234323034,0.41738963339409657,0.26610684062617634,0.23559030483107227
