Similarity Measures,noun_path,noun_lch,noun_wup,noun_res,noun_jcn,noun_lin,noun_lesk,noun_vector,verb_path,verb_lch,verb_wup,verb_res,verb_jcn,verb_lin,verb_lesk,verb_vector,word2vec,Average
Antecedent,0.20136054421768707,0.5424283663578716,0.6901260504201681,0.16699978846599808,0.1319550580947768,0.4439034739683264,0.29793521771115206,0.23560311978831558,0.6666666666666667,0.7444401477674052,0.7891156462585033,0.2397686627900219,0.6664702595607329,0.8255603585179713,0.817748239646736,0.7294708504024751,0.396830649926454,0.50508135885654482
a3,0.1501700680272109,0.45891905143178197,0.5586977215128476,0.13784113927137598,0.07521958176747824,0.27935487202605913,0.144346411381741,0.19400876075208645,0.42857142857142855,0.6279456916750916,0.5714285714285714,0.13909501771515717,0.25485650982890345,0.3877803053816647,0.4756908303211504,0.4723886708731303,0.2718964126789695,0.33107123792027343
a2,0.21445578231292514,0.5556311634352269,0.6980115122972265,0.1985384051995809,0.12770610708503655,0.4622636571879551,0.4531386619656062,0.25463089938392774,0.4523809523809524,0.6436478215437773,0.6292517006802721,0.24454445632333008,0.48553123790318636,0.7266255072634358,0.7016077597246427,0.6208854443795371,0.404180139385301,0.4631194828501129
