Similarity Measures,noun_path,noun_lch,noun_wup,noun_res,noun_jcn,noun_lin,noun_lesk,noun_vector,verb_path,verb_lch,verb_wup,verb_res,verb_jcn,verb_lin,verb_lesk,verb_vector,word2vec,Average
Antecedent,0.22916666666666666,0.5553306526477848,0.638157894736842,0.1409835375565713,0.10310158823558845,0.35442102128516395,0.29547055430861147,0.366426039401072,0.3333333333333333,0.5854005934976205,0.5,0.1705406542153321,0.10072894636741503,0.40670019367844246,0.457777777777778,0.391719894267274,0.5074508976918796,0.36098295562749272
a3,0.15555555555555556,0.4701279283366928,0.5476190476190476,0.12412719758721669,0.07123651115261202,0.2595580834286914,0.17023008800558498,0.09917310539845235,0.3333333333333333,0.5854005934976205,0.5,0.1705406542153321,0.10072894636741503,0.40670019367844246,0.3525,0.276947263086147,0.3866150538156865,0.29472903265163714
a2,0.41666666666666663,0.7432314308092816,0.8365384615384616,0.21994149438162677,0.47800164167298265,0.6136904633465339,1.0,0.5960341215169785,0.3333333333333333,0.5854005934976205,0.5,0.1705406542153321,0.10072894636741503,0.40670019367844246,0.3525,0.276947263086147,0.4402634885677624,0.47473639721638733
a4,0.14285714285714285,0.4585854890810465,0.5523809523809524,0.10465968155711955,0.10745401473929936,0.29959134691160305,0.29271056701666154,0.3173327292503195,0.3333333333333333,0.5854005934976205,0.5,0.1705406542153321,0.10072894636741503,0.40670019367844246,0.386111111111111,0.467596338325822,0.36656782404146043,0.32897358343321659
