"Similarity Measures","noun_path","noun_lch","noun_wup","noun_res","noun_jcn","noun_lin","noun_lesk","noun_vector","verb_path","verb_lch","verb_wup","verb_res","verb_jcn","verb_lin","verb_lesk","verb_vector","word2vec"
"Antecedent","0.39920634920634923","0.6666748755212251","0.8020170461346932","0.2959355964899327","0.3346799897592222","0.6314891260392934","0.48002760109182674","0.4584500113211358","0.5625","0.6953155025784209","0.7583333333333333","0.23048040873819517","0.48501242392501903","0.7749899634233622","0.8047727272727272","0.6753470959505492","0.4583601991937399"
"a3","0.16836419753086418","0.443605373164468","0.5354559727624744","0.11169721018129423","0.08339260215027533","0.22883635103798705","0.1865027363029547","0.1514307124652644","0.3125","0.5659041262274465","0.5708874458874459","0.20337941116294173","0.17205633930119174","0.5327085215053582","0.8264889277389277","0.41492865190741796","0.30711784982640516"
"a2","0.16507936507936505","0.4921755627677729","0.61805384922","0.14698759112316678","0.11383231752855871","0.3807805048104221","0.30727061178433623","0.21305354103469185","0.35416666666666663","0.5933828534976464","0.55","0.1926298765807302","0.3608829118566106","0.5381923792486467","0.8197683566433568","0.6148304361143866","0.3334988511855513"
"a4","0.391005291005291","0.6553106256803671","0.7959120400296871","0.26378844721176226","0.29935543090304295","0.5216206679129224","0.5083259372160596","0.4289427964144857","0.5208333333333333","0.6678367753082208","0.75","0.2236342612729553","0.4673554211636721","0.7428753139256384","0.817566287878788","0.626647702921307","0.3691755837777543"
