"Similarity Measures","noun_path","noun_lch","noun_wup","noun_res","noun_jcn","noun_lin","noun_lesk","noun_vector","verb_path","verb_lch","verb_wup","verb_res","verb_jcn","verb_lin","verb_lesk","verb_vector","word2vec"
"Antecedent","0.19999999999999998","0.5079148995357048","0.616979678633814","0.1620402403029678","0.2083394965333436","0.347408545999037","0.32281320079216413","0.1667049059749751","0.3208333333333333","0.5587637513421265","0.632695374800638","0.25433210155199887","0.40332180338586293","0.7013142221833342","0.5873592569047117","0.5458770781673737","0.3945517664383627"
"a3","0.6595238095238095","0.8006882181410121","0.8777056277056277","0.38438223765656615","0.6132211860204135","0.7479227854911911","0.6646668144616237","0.6629996948532936","0.75","0.7892658916591693","0.8888888888888888","0.4428173732912967","0.915614791748884","0.9708406724631705","1.0","0.9049332963129876","0.6240503136877241"
"a2","0.4571428571428572","0.6830939578282497","0.7713936856794","0.33811021862976925","0.43814056306226723","0.6545102355359874","0.7813542109349209","0.4993080996713261","0.35416666666666663","0.5933828534976464","0.7814327485380117","0.25446700522043053","0.43271085873481624","0.7195582680193716","0.6810521009439278","0.5450733478319627","0.47403137581498955"
"a4","0.4166666666666667","0.6491903652995477","0.7451310594167737","0.292491043943946","0.40099858161751384","0.6282280664007877","0.4507008115707573","0.4685840570125529","0.5416666666666666","0.6873332425783949","0.8055555555555556","0.3910679993309971","0.5165415076067773","0.8146411245599068","0.8347578347578347","0.7557691006812558","0.4364817320757464"
