Similarity Measures,noun_path,noun_lch,noun_wup,noun_res,noun_jcn,noun_lin,noun_lesk,noun_vector,verb_path,verb_lch,verb_wup,verb_res,verb_jcn,verb_lin,verb_lesk,verb_vector,word2vec,Average
a1,0.12107971393685679,0.4066946549552077,0.4551282051282052,0.11727151762213173,0.09683207482811552,0.2880259550394829,0.1657311317433083,0.27500281096848417,0.5,0.66694671276224,0.6333333333333333,0.1696015828257897,0.31003763729918365,0.4822562263675746,0.8653703703703703,0.5292175964643372,0.41176258314150205,0.38201718275212493
a3,0.32023809523809527,0.5813831802421437,0.6446220446220446,0.22993268594428648,0.3658045506908022,0.5371809983286473,0.51176829135766,0.43337280299088954,0.45,0.6293665571299407,0.7218181818181818,0.2475743738229851,0.47712306797967263,0.6212795655928327,0.6900110347169169,0.6278533736894831,0.384100655377108,0.49843702703186399
a2,0.12884615384615383,0.4172256191018423,0.45278530992816707,0.10630455536353119,0.08561289964682925,0.2447874329111682,0.3268325182998156,0.16586422058476055,0.5333333333333333,0.6889296945784,0.8180765639589168,0.28243033540252666,0.6238046938163987,0.855769674623352,0.91621749709985,0.684797291291358,0.42266671589375393,0.45613438292236219
Antecedent,1.0,0.9860896635111783,1.0,0.4872164653672369,1.0,1.0,1.0,0.9999999999999999,1.0,0.8832162807399178,1.0,0.4362573130259741,1.0,1.0,1.0,1.0,1.0,0.92898704250848863
a4,0.2785714285714286,0.6025650529018939,0.6584605870320157,0.18858238667147614,0.29966856949658155,0.5084443038739702,0.5084921435307412,0.3428379866437147,0.4333333333333333,0.6137693833138014,0.5599999999999999,0.07547471088653987,0.2993261281069523,0.3084834605043193,0.43353896103896117,0.4664718521860186,0.38688291901085003,0.40970018865309388
