Similarity Measures,noun_path,noun_lch,noun_wup,noun_res,noun_jcn,noun_lin,noun_lesk,noun_vector,verb_path,verb_lch,verb_wup,verb_res,verb_jcn,verb_lin,verb_lesk,verb_vector,word2vec,Average
Antecedent,0.18194444444444446,0.5127292904922388,0.5984848484848484,0.13421456339007506,0.08484128384925888,0.29319436083972084,0.2525687014488545,0.25039784861660497,0.8333333333333334,0.8087623589293433,0.875,0.24707213409880222,0.8282341576899932,0.933859006095578,0.8694234006734007,0.8750686615332632,0.5185731960790381,0.53515891705875274
a3,0.2523809523809524,0.5767362850462285,0.6941391941391941,0.2196850029187569,0.31098760786818175,0.5004361853294608,0.26250314224004523,0.237365721753048,0.5416666666666666,0.6873332425783949,0.7352941176470589,0.180089682678372,0.6143612093331142,0.6516568206530043,0.838125,0.6330525847885174,0.40412538814254206,0.49058463553903164
a2,0.2523809523809524,0.5767362850462285,0.6941391941391941,0.24158298673256556,0.3163115058252847,0.545746869375246,0.35313350200538496,0.15988258553883572,0.49999999999999994,0.6598545153081947,0.6875,0.13613917122064015,0.6143612093331142,0.6516568206530043,0.5659027777777778,0.5563813717021475,0.3666234972262891,0.46343136730969764
a4,0.1419642857142857,0.4481667938099602,0.5165064102564103,0.0974805127561971,0.07165674798803272,0.21243415470138585,0.17345210100135375,0.22046815461398034,0.3333333333333333,0.5854005934976205,0.5416666666666666,0.2013467881744635,0.16659487163016098,0.54347584544474,0.4888851477740365,0.535333299395716,0.3893781548889939,0.33338493303807865
