"Similarity Measures","noun_path","noun_lch","noun_wup","noun_res","noun_jcn","noun_lin","noun_lesk","noun_vector","verb_path","verb_lch","verb_wup","verb_res","verb_jcn","verb_lin","verb_lesk","verb_vector","word2vec"
"Antecedent","0.2879629629629629","0.6208801336248359","0.8020697167755991","0.28790961732670284","0.17793869499752565","0.5819347292019433","0.49001008958707565","0.3082270850489553","0.611111111111111","0.7213107922719862","0.7666666666666666","0.18973980628837053","0.4631858951473875","0.6875955899891925","0.7108774555168317","0.698482404831104","0.5207764375133823"
"a3","0.1599206349206349","0.48388808008923506","0.58853544116702","0.1690121397524383","0.0887260323714857","0.3472002359816217","0.26462932607261613","0.20642469431275426","0.0","0.0","0.0","0.0","0.0","0.0","0.0","0.0","0.09484089197029621"
"a2","0.0","0.0","0.0","0.0","0.0","0.0","0.0","0.0","0.0","0.0","0.0","0.0","0.0","0.0","0.0","0.0","0.372164030404817"
