Similarity Measures,noun_path,noun_lch,noun_wup,noun_res,noun_jcn,noun_lin,noun_lesk,noun_vector,verb_path,verb_lch,verb_wup,verb_res,verb_jcn,verb_lin,verb_lesk,verb_vector,word2vec,Average
a1,0.37103174603174605,0.6606355750709435,0.782579851162433,0.29521389839658135,0.27152748198634696,0.5872557774823431,0.5883546210199171,0.4922611492344761,0.3958333333333333,0.6208615807678466,0.5583333333333333,0.19347399968264067,0.17893716865216808,0.5538290808935488,0.8765151515151515,0.7394070457436323,0.46723117239557926,0.50784011568835419
a3,0.3349206349206349,0.6192370221204634,0.7329988851727983,0.22424598710489316,0.26253222803870513,0.498565413273194,0.3600523861391623,0.42007181566058066,0.7083333333333334,0.7617871643889691,0.8392857142857143,0.25402968631891176,0.7842309008574192,0.8702332043577728,1.0,0.855679038871426,0.48965340454852013,0.5891680481995587
a2,0.17817460317460318,0.5130005082019747,0.6413386564702354,0.18901824223022703,0.08839449980964137,0.3760122702679849,0.25317115219110903,0.29844792608521664,0.3125,0.5659041262274465,0.475,0.06390802600324073,0.13762015731540594,0.21651777139080577,0.3024591329068943,0.4048314241275135,0.32505734236761047,0.3141974022805829
Antecedent,1.0,0.9860896635111783,1.0,0.48804597234117614,1.0,1.0,1.0,1.0,1.0,0.8832162807399176,1.0,0.33893899547941975,1.0,1.0,1.0,1.0,1.0,0.92331123012186422
a4,0.24027777777777778,0.5848030873410398,0.7065799396681749,0.2216350489755228,0.14644469085490044,0.5277695577895809,0.4370332039274783,0.35758973349434847,0.7083333333333334,0.7617871643889691,0.7916666666666666,0.2291794461821057,0.6050031318439226,0.8251457288882402,1.0,0.8063693052714964,0.4560184128323569,0.55327271936681854
