Similarity Measures,noun_path,noun_lch,noun_wup,noun_res,noun_jcn,noun_lin,noun_lesk,noun_vector,verb_path,verb_lch,verb_wup,verb_res,verb_jcn,verb_lin,verb_lesk,verb_vector,word2vec,Average
a1,0.22962962962962966,0.5688725586054658,0.6912961479524947,0.23936127749645342,0.19049902076990988,0.5291726370547514,0.49413935958717226,0.3297458313301493,0.6666666666666666,0.7484928320268596,0.7466666666666666,0.20640884304711332,0.5584662332908296,0.7724803415568813,1.0,0.8724614470572716,0.3684681769746636,0.54193103939488108
a3,0.20044091710758377,0.5311388479089508,0.7043724612352064,0.21428342023917687,0.1451051074599245,0.5181345272836908,0.3407682517030047,0.24268546707333088,0.5166666666666666,0.6733325207622609,0.7180952380952381,0.20931865262071286,0.5588106727931317,0.6956978168655084,0.7208333333333334,0.6014320578454936,0.39269467878250514,0.46963591986916003
a2,0.23624338624338626,0.5728945763892834,0.6859509885825674,0.16620260077028604,0.1424870844085432,0.41995560933118203,0.501282840519336,0.3173332163319176,0.22000000000000003,0.47112040069209404,0.36,0.09016407752286901,0.10887388780904579,0.24957809621026886,0.20346694925868122,0.3288548487122548,0.3095306335853104,0.3167023056686486
Antecedent,1.0,0.9860896635111784,1.0,0.4689108659398263,1.0,1.0,1.0,1.0,1.0,0.8832162807399178,1.0,0.39792165004372615,1.0,1.0,1.0,1.0,1.0,0.92565520354321451
a4,0.19290123456790123,0.5168479879538568,0.5804491155368349,0.16092288933800677,0.12167828432845257,0.39607520083895675,0.36159758267687114,0.2862479472014787,0.32999999999999996,0.5583788198649694,0.5244444444444445,0.18203973390425685,0.3281283712531589,0.5108164938735468,0.5481641341750036,0.358422483727595,0.35512154750818337,0.3713080159525598
