Similarity Measures,noun_path,noun_lch,noun_wup,noun_res,noun_jcn,noun_lin,noun_lesk,noun_vector,verb_path,verb_lch,verb_wup,verb_res,verb_jcn,verb_lin,verb_lesk,verb_vector,word2vec,Average
a1,0.0625,0.23448655086519143,0.11764705882352941,0.0,0.06073127884991836,0.0,0.0852517162471396,0.0557982588044479,0.0,0.0,0.0,0.0,0.0,0.0,0.0,0.0,0.2706127306100597,0.052178093776487432
a3,0.1,0.3618967894853046,0.18181818181818182,0.0,0.07529504463770702,0.0,0.263008906798311,0.151304282001051,0.3333333333333333,0.5854005934976205,0.6166666666666667,0.18113943996762935,0.2222334361457564,0.6153886044887772,0.23146645021645001,0.412322729469928,0.32141690672425266,0.27368772736770408
Antecedent,0.125,0.4223873290266882,0.36363636363636365,0.029883075095373943,0.08676591150141133,0.09376352274309697,0.204650803604608,0.248481210957831,0.3333333333333333,0.5854005934976205,0.6166666666666667,0.18113943996762935,0.2222334361457564,0.6153886044887772,0.635165261019809,0.49651411929576206,0.46969725895720027,0.33706511352576052
a4,0.16666666666666666,0.5003731981073846,0.625,0.16500952450458087,0.12641776197667692,0.42894301026773396,0.23424301242236,0.336836419762176,0.3333333333333333,0.5854005934976205,0.7083333333333333,0.1764025653131443,0.12703745356792243,0.44868098313836347,0.6523384353741495,0.4735708983191435,0.33243679160901707,0.37770729301138856
