"Similarity Measures","noun_path","noun_lch","noun_wup","noun_res","noun_jcn","noun_lin","noun_lesk","noun_vector","verb_path","verb_lch","verb_wup","verb_res","verb_jcn","verb_lin","verb_lesk","verb_vector","word2vec"
"a1","0.0","0.0","0.0","0.0","0.0","0.0","0.0","0.0","0.0","0.0","0.0","0.0","0.0","0.0","0.0","0.0","0.28766640571095653"
"a2","0.1898148148148148","0.5203956590649795","0.632650974756238","0.15555186649099356","0.10380574656889546","0.36117997478516145","0.41186151526924486","0.2163440576163788","0.0","0.0","0.0","0.0","0.0","0.0","0.0","0.0","0.36775198289358063"
"Antecedent","1.0","0.9860896635111784","1.0","0.4812611060302847","1.0","1.0","1.0","1.0","1.0","0.8832162807399176","1.0","0.5118461020639591","1.0","1.0","1.0","0.9999999999999976","1.0"
