"Similarity Measures","noun_path","noun_lch","noun_wup","noun_res","noun_jcn","noun_lin","noun_lesk","noun_vector","verb_path","verb_lch","verb_wup","verb_res","verb_jcn","verb_lin","verb_lesk","verb_vector","word2vec"
"Antecedent","0.34523809523809523","0.6111419311990358","0.7313725490196078","0.26063565141109934","0.3004413277037137","0.538820646649219","0.4313098193978588","0.6090506600438317","1.0","0.8832162807399176","1.0","0.4998598844320244","1.0","1.0","1.0","1.0","0.5207263694168671"
"a3","0.17222222222222222","0.4847760242912453","0.5536234817813764","0.11909468151837795","0.09030021092437983","0.28878939499472867","0.33767993425298065","0.3461767257785663","0.5","0.6953155025784209","0.6666666666666666","0.1280126104909828","0.20787418017851883","0.5150033183649781","1.0","0.719034267371361","0.3153179892933137"
"a2","0.3702380952380952","0.6331249130151959","0.7605128205128204","0.3220140409779931","0.3561634469418221","0.6686665777875223","0.596509434180671","0.45053484270497035","0.25","0.5074147244169241","0.4","0.0","0.07514411269123315","0.0","0.250372023809524","0.173325480960675","0.44645272261349045"
"a4","0.15968253968253968","0.45793456657768017","0.5357142857142857","0.10880112325897091","0.08162482030264147","0.2492180042427255","0.29124514646438293","0.2322165219135835","0.5","0.6953155025784209","0.6666666666666666","0.1705406542153321","0.20787418017851883","0.5150033183649781","1.0","0.719034267371361","0.2970104363229476"
