Similarity Measures,noun_path,noun_lch,noun_wup,noun_res,noun_jcn,noun_lin,noun_lesk,noun_vector,verb_path,verb_lch,verb_wup,verb_res,verb_jcn,verb_lin,verb_lesk,verb_vector,word2vec,Average
a1,0.47291666666666665,0.7259218797315214,0.7977202621939464,0.2762577358054365,0.45933563162118357,0.6636611376063832,0.532237145384459,0.512160935845926,0.30666666666666664,0.5577053117732046,0.4666666666666666,0.0,0.10248859994698256,0.0,0.23958841899544003,0.33878725363090983,0.3069450894405629,0.39759172952799754
a3,0.19181547619047618,0.5314143666914867,0.6886608489549667,0.1605101215689561,0.11002966609057473,0.38828568644396433,0.24238713593432118,0.302559319358376,0.5733333333333333,0.6768315866701233,0.7222222222222222,0.15688663282853513,0.5144867033449266,0.6356189252196719,0.5762712652844233,0.6681249311204855,0.3835336830042176,0.44252775907418007
Antecedent,0.2805059523809524,0.5594267339684686,0.6467733353602919,0.23100196576785717,0.23072235653720147,0.5275122910431103,0.4578666090648407,0.3247818251573388,0.5733333333333333,0.6768315866701233,0.7222222222222222,0.14834171238676497,0.5118542082742568,0.6164151470220334,0.5605140692640692,0.6681249311204855,0.39605553994877146,0.47836963644247776
a4,0.10006313131313133,0.36031061089630706,0.5491820377689942,0.12594445493359718,0.06884096021748887,0.2506123230060886,0.5230501722583903,0.0990084325429557,0.6,0.7328956582107202,0.7942857142857143,0.2745970503876469,0.8495171012903558,0.9465793516691552,1.0,0.7861116721312698,0.2958595951841449,0.49157989800564472
