"Similarity Measures","noun_path","noun_lch","noun_wup","noun_res","noun_jcn","noun_lin","noun_lesk","noun_vector","verb_path","verb_lch","verb_wup","verb_res","verb_jcn","verb_lin","verb_lesk","verb_vector","word2vec"
"Antecedent","0.15624999999999997","0.4808767308372105","0.5340909090909091","0.12859102103896886","0.0851168283202374","0.3029220664133294","0.30311800041258696","0.30682880528290624","0.39999999999999997","0.6125183966774608","0.6666666666666666","0.19079078467483543","0.5300803602797678","0.7750461394001786","0.7398989898989901","0.6119987988065113","0.29495977877564533"
"a3","0.20476190476190476","0.538810630519444","0.6416666666666666","0.16429983541028223","0.1291665775124081","0.4229328825828968","0.41561186491504803","0.32572906441532806","0.3444444444444444","0.5758800936505273","0.5444444444444444","0.1621355225494365","0.41978882847152055","0.5128726568842635","0.7962962962962963","0.4266017184393856","0.24041735137885958"
"a2","0.3333333333333333","0.6492810417285331","0.7716346153846154","0.255742902567468","0.37512136072835234","0.6634979861846426","0.7572207351745854","0.47755529920759976","0.6666666666666666","0.7579490952989199","0.8666666666666667","0.29954316825108457","0.7396386373186989","0.8763365727850676","1.0","0.6900197644239867","0.34101299630315896"
"a4","0.15555555555555556","0.4701279283366928","0.5238095238095238","0.1341595621413992","0.07773123641090106","0.2810955961747621","0.306232117784177","0.1914618029442715","0.3444444444444444","0.5758800936505273","0.5444444444444444","0.1621355225494365","0.41978882847152055","0.5128726568842635","0.7962962962962963","0.4747865917059486","0.2984948888570103"
