"Similarity Measures","noun_path","noun_lch","noun_wup","noun_res","noun_jcn","noun_lin","noun_lesk","noun_vector","verb_path","verb_lch","verb_wup","verb_res","verb_jcn","verb_lin","verb_lesk","verb_vector","word2vec"
"Antecedent","0.5419580419580419","0.6497533145819645","0.5773809523809523","0.23337073970827366","0.534045496025684","0.5","0.5720111437807027","0.5889830465007083","0.3333333333333333","0.5854005934976205","0.5441176470588236","0.09378810123638513","0.20264065311015805","0.3070640254420814","0.20163751463700252","0.628626821724891","0.48563554672723075"
"a3","0.17529761904761904","0.48278589596548016","0.5360576923076923","0.11058904005614331","0.12888015453096738","0.31885150099480397","0.18431413982430125","0.3031892377372335","0.41666666666666663","0.6403580480380207","0.5833333333333333","0.1651013428613386","0.35618834722643805","0.5938541179239216","0.727777777777778","0.517763844366603","0.3997326964913116"
"a2","0.0","0.0","0.0","0.0","0.0","0.0","0.0","0.0","0.25","0.5074147244169241","0.4","0.0","0.07717832116406458","0.0","0.0981282526671871","0.25772522899675254","0.27462302790410786"
"a4","0.3917748917748918","0.6172522248084625","0.6517857142857142","0.21312227050324706","0.3554997901581348","0.47027532083650847","0.36255203114905876","0.5049255184681181","0.41666666666666663","0.6403580480380207","0.717948717948718","0.24351913739347067","0.3346562664545011","0.6750220211691662","1.0","0.659658221710093","0.49212501837986644"
