"Similarity Measures","noun_path","noun_lch","noun_wup","noun_res","noun_jcn","noun_lin","noun_lesk","noun_vector","verb_path","verb_lch","verb_wup","verb_res","verb_jcn","verb_lin","verb_lesk","verb_vector","word2vec"
"Antecedent","0.4793154761904762","0.6799012677552821","0.7661064425770309","0.3037018397124555","0.44947215754874686","0.6621425125389632","0.521687036872891","0.5309881967731861","0.52","0.6562919759000425","0.6855266955266955","0.23089160262335945","0.47474542244653756","0.7196360431153982","0.5961776496776373","0.5782580266307374","0.5334317391502144"
"a3","0.16582792207792207","0.4893045022114971","0.6382707570207571","0.15769862942672921","0.07750424403573591","0.32075853687589756","0.18973335289078613","0.17703474146968554","0.395","0.6045274253596526","0.5766013071895425","0.15346396589305228","0.28337458522071507","0.5020975639174585","0.5371920112032635","0.45276112138594043","0.28438730615116725"
"a2","0.20570436507936507","0.5274232366914736","0.6408604467427996","0.21212413077705003","0.20281011685066255","0.5053842635412094","0.3799155730705005","0.301380935393721","0.37","0.585737347543503","0.5599346405228759","0.13443485928039692","0.2832363940078528","0.48951468626767436","0.3818109761880088","0.43745945058200847","0.43409617140151713"
"a4","0.2913194444444444","0.573443848667713","0.7199494949494949","0.23359239228624473","0.2561219005007143","0.5532986890564826","0.34023862607454824","0.3827969230537844","0.5916666666666666","0.6921225985784105","0.7780200501253133","0.25549058541132263","0.5468635903909719","0.760403563063638","0.6793942754861274","0.6379808734380183","0.5660919537297276"
