Similarity Measures,noun_path,noun_lch,noun_wup,noun_res,noun_jcn,noun_lin,noun_lesk,noun_vector,verb_path,verb_lch,verb_wup,verb_res,verb_jcn,verb_lin,verb_lesk,verb_vector,word2vec,Average
Antecedent,0.37797619047619047,0.6553140684042595,0.6697330447330447,0.17152916114271677,0.2535472475941005,0.4507798725488974,0.6265663285287787,0.3586103555459735,0.25,0.5074147244169241,0.4,0.0,0.069852547495948,0.0,0.247126436781609,0.227059014243191,0.44807718763487986,0.33609330467920673
a3,0.1875,0.5285625278767826,0.637987012987013,0.13413141138932835,0.09334794787971328,0.31052196700715706,0.28773636854355855,0.30094354608184687,0.25,0.5074147244169241,0.4,0.0,0.08165748614431391,0.0,0.28125,0.250462425746054,0.3036192082683217,0.2679490956671185
a2,0.22499999999999998,0.5800428374174932,0.6791019438078262,0.1560420489383707,0.1182181626187408,0.3936208175115162,0.37792350304647204,0.44587249802885637,0.3333333333333333,0.5854005934976205,0.5714285714285714,0.36043246038352633,0.17535597019303897,0.7160785262774895,0.618246336996337,0.346565674827685,0.41629168002436856,0.41758558578419097
a4,0.12314814814814816,0.41466020394987235,0.3781033781033781,0.06000665523462917,0.06550872442606111,0.13204398453780986,0.20022379989617153,0.13102888100508056,0.25,0.5074147244169241,0.4,0.2542354464527815,0.12595169521192554,0.5609771660633074,0.448214285714286,0.397455476439485,0.30908410247204704,0.27988568659246515
