"Similarity Measures","noun_path","noun_lch","noun_wup","noun_res","noun_jcn","noun_lin","noun_lesk","noun_vector","verb_path","verb_lch","verb_wup","verb_res","verb_jcn","verb_lin","verb_lesk","verb_vector","word2vec"
"Antecedent","0.23666666666666666","0.5895909572794942","0.7047219447219447","0.21319725148486451","0.16759791155428977","0.527856051989911","0.2940487551849902","0.3518763131448906","0.611111111111111","0.7213107922719865","0.5555555555555555","0.1681198161947783","0.44195162717450814","0.6384723097474727","0.7911522633744856","0.7950706550917843","0.3669674935301954"
"a3","0.27499999999999997","0.6194994730043034","0.7884952766531714","0.21913535681023122","0.15959025906729465","0.5640575740809981","0.702890342246456","0.3768652229818798","0.611111111111111","0.7213107922719865","0.8222222222222223","0.24486517960736112","0.5428647517262357","0.8098382987371968","1.0","0.9045892296936023","0.3277474208630643"
"a2","0.23888888888888887","0.559936335555844","0.5694083694083693","0.10424326340458298","0.13962804896653452","0.3026905810024713","0.33447233103742163","0.24046902811571763","0.0","0.0","0.0","0.0","0.0","0.0","0.0","0.0","0.1760058335580466"
"a4","0.25","0.6039022991881642","0.7802614379084967","0.19902715449078823","0.15235128378936655","0.5130788007406797","0.43606727064399314","0.43594591967638563","0.3333333333333333","0.5854005934976205","0.5","0.14760812892843791","0.4303015541972222","0.5132989722899297","0.7502645502645503","0.5231131190352284","0.3515554597812386"
