"Similarity Measures","noun_path","noun_lch","noun_wup","noun_res","noun_jcn","noun_lin","noun_lesk","noun_vector","verb_path","verb_lch","verb_wup","verb_res","verb_jcn","verb_lin","verb_lesk","verb_vector","word2vec"
"a1","0.509920634920635","0.7362668126382252","0.8555555555555555","0.33333748075651976","0.44888039194244866","0.7394244172754313","0.7555020096694589","0.6031466369577493","0.6666666666666666","0.7343084371187691","0.875","0.197378182905056","0.6173021336584327","0.8170368557408549","1.0","0.6382624698822565","0.5337375183013435"
"a3","0.4916666666666667","0.7201520293722683","0.8433952528379772","0.3487501880795945","0.4581297722251265","0.7558506410739928","0.7660947010531663","0.5746359340206422","0.5833333333333334","0.6403580480380207","0.8125","0.197378182905056","0.6173021336584327","0.8170368557408549","0.642559523809524","0.603575270946522","0.5518451436448131"
"a2","0.35000000000000003","0.6373549234713081","0.772921888053467","0.2906156864010362","0.29280465509142267","0.6417347374333328","0.5678531602329455","0.44974192683232683","0.625","0.6953155025784209","0.8636363636363636","0.18847325959941946","0.5579998569897509","0.718518070303628","0.6390625","0.5477125481418592","0.4502173231393762"
"Antecedent","1.0","0.9860896635111783","1.0","0.4618645730019568","1.0","1.0","1.0","1.0","1.0","0.8832162807399176","1.0","0.32835381147430365","1.0","1.0","1.0","1.0","1.0"
"a4","0.16845238095238094","0.4981585016881976","0.6483516483516484","0.20794229212848772","0.13978038206057566","0.5254392786376728","0.272271645872327","0.2507883363229663","0.5833333333333334","0.6403580480380207","0.8125","0.197378182905056","0.6173021336584327","0.8170368557408549","0.642559523809524","0.603575270946522","0.3567420575801799"
