"Similarity Measures","noun_path","noun_lch","noun_wup","noun_res","noun_jcn","noun_lin","noun_lesk","noun_vector","verb_path","verb_lch","verb_wup","verb_res","verb_jcn","verb_lin","verb_lesk","verb_vector","word2vec"
"Antecedent","0.5733333333333334","0.7641077956252449","0.8522875816993464","0.3323524273226974","0.49984410376155547","0.7500237402932322","0.7185010822510822","0.6342406254455273","0.7777777777777777","0.7839443849924853","0.8333333333333334","0.18857566271471674","0.7089627902578156","0.7907952459791984","0.7529761904761904","0.7310779747160577","0.7229464228580664"
"a3","0.23166666666666663","0.5542240356475882","0.6667998667998668","0.20838757943745573","0.11745738666375867","0.46627998259200876","0.3857766138423844","0.24015890199686102","0.7777777777777777","0.7839443849924853","0.8333333333333334","0.21987301250140803","0.7136259652286739","0.8582067635962224","1.0","0.8378652071544126","0.33128691439921387"
"a2","0.41666666666666663","0.6790626104527628","0.8129713423831071","0.2994413160057702","0.3568516177223681","0.6806161558038256","0.5886037422113464","0.5215398624316523","0.3333333333333333","0.5854005934976205","0.5","0.18008004709937464","0.31214903682158796","0.6244775846285231","0.3930555555555553","0.3663770386294513","0.48476056890710606"
"a4","0.4119047619047619","0.6707050686474952","0.7837412587412588","0.28160828092014467","0.33410052428270814","0.6441934977514872","0.5556836107816502","0.45225320912697153","1.0","0.8832162807399176","1.0","0.22876864119679796","1.0","1.0","1.0","1.0","0.5928736857767453"
