Similarity Measures,noun_path,noun_lch,noun_wup,noun_res,noun_jcn,noun_lin,noun_lesk,noun_vector,verb_path,verb_lch,verb_wup,verb_res,verb_jcn,verb_lin,verb_lesk,verb_vector,word2vec,Average
a1,0.19206349206349205,0.5313196597154416,0.6863626139941928,0.19083897591473478,0.13500022322375765,0.4803949508887602,0.500705318238433,0.3129021701588913,0.6666666666666666,0.7484928320268595,0.8377777777777778,0.2548465485896657,0.7118793743726848,0.8419318867127272,0.931283422459893,0.7087857122615455,0.4495633202096329,0.54004793795736217
Antecedent,0.17976190476190476,0.5142732849541546,0.7022792022792022,0.2086902252720626,0.1709799696476542,0.4995578777885068,0.2666491312800606,0.23871998108583,0.7333333333333333,0.7640900058429988,0.8142857142857143,0.16432562705636297,0.6759745384241604,0.7232120253724702,0.776985596707819,0.7418564948023129,0.45128135406283565,0.50742683923278731
a2,0.17717236467236466,0.48908068342509753,0.5385947385947386,0.11431827299059193,0.10625199676027987,0.29600019098988356,0.153862591322238,0.20382215394335837,0.6333333333333333,0.7265098502106995,0.7333333333333333,0.15494490473726646,0.5255807917550177,0.6573475418304068,0.745580808080808,0.6884526506153839,0.36955057901491456,0.43021981091821859
