Similarity Measures,noun_path,noun_lch,noun_wup,noun_res,noun_jcn,noun_lin,noun_lesk,noun_vector,verb_path,verb_lch,verb_wup,verb_res,verb_jcn,verb_lin,verb_lesk,verb_vector,word2vec,Average
Antecedent,0.2333333333333333,0.5901245940077238,0.7843137254901961,0.2394277413297088,0.20880578824486426,0.5849726175679741,0.300026347786784,0.317881979651878,0.5,0.6953155025784209,0.6666666666666666,0.20576339030545993,0.2480312666542864,0.6706775822896831,1.0,0.732980779065354,0.46732149590973715,0.49680251828718058
a3,0.2888888888888889,0.6421151733948548,0.7555555555555555,0.19561732627485728,0.23642070776149193,0.6252033861470051,0.27003778298770165,0.3641561241836197,0.5,0.6953155025784209,0.7142857142857143,0.2341583623259898,0.2597837021663031,0.7060837805886928,1.0,0.732980779065354,0.5364489672867235,0.5151206913818337
a2,0.17777777777777778,0.5168479879538568,0.6524064171122995,0.18148258772080506,0.11440823730188614,0.4416353274197459,0.2537947280965113,0.27396194503308263,0.5,0.6953155025784209,0.6666666666666666,0.34882017031288115,0.2480312666542864,0.742161837331391,1.0,0.732980779065354,0.49685896245762,0.47312648196956386
a4,0.5111111111111111,0.741387069142287,0.8472222222222222,0.31036098971082776,0.4984954354263391,0.7456902200586281,0.776482657064382,0.6686118498686736,1.0,0.8832162807399176,1.0,0.2526670019009426,1.0,1.0,1.0,0.999999999999999,0.6072405666064932,0.75544031787363652
