"Similarity Measures","noun_path","noun_lch","noun_wup","noun_res","noun_jcn","noun_lin","noun_lesk","noun_vector","verb_path","verb_lch","verb_wup","verb_res","verb_jcn","verb_lin","verb_lesk","verb_vector","word2vec"
"a1","0.30666666666666664","0.6215857600041171","0.7626136513984811","0.24063267947357417","0.24082612313441598","0.5619339857470133","0.5570150448567806","0.40322591644102096","0.8333333333333334","0.8205826880194187","0.9523809523809524","0.2974136314826419","0.795224537099514","0.9447265140049218","1.0","0.8470784211438634","0.43914044364637234"
"a3","0.25928571428571423","0.5560943186990926","0.665225651541441","0.20014526665803847","0.1916510233189532","0.4341974470307825","0.4101138454832496","0.40899795557717644","0.8333333333333334","0.8205826880194187","0.9523809523809524","0.29608794264988186","1.0","0.9885283162463026","1.0","0.9653934676259137","0.2990957508453279"
"a2","0.255952380952381","0.589374953331185","0.7257872846108139","0.20885325208918512","0.3410999118409422","0.5849578607126423","0.5567208243340103","0.35785075060929633","0.7777777777777777","0.7839443849924853","0.8333333333333334","0.2244702886336978","0.7234668449182488","0.8333569492832492","0.786954365079365","0.7862268149061773","0.36590817170827994"
"Antecedent","1.0","0.9860896635111784","1.0","0.4797532769549931","1.0","1.0","1.0","1.0","1.0","0.8832162807399176","1.0","0.35982417015515594","1.0","1.0","1.0","1.0","1.0"
"a4","0.1719047619047619","0.5022372842558828","0.6278511684394037","0.18019984554389756","0.10989837188676224","0.42168613580360725","0.4471435655923644","0.30490753266552395","0.3333333333333333","0.5854005934976205","0.5897435897435898","0.19372988494044874","0.49704548879116645","0.6695511198350766","0.7286644455762104","0.5171233525531956","0.2836658966863995"
