"Similarity Measures","noun_path","noun_lch","noun_wup","noun_res","noun_jcn","noun_lin","noun_lesk","noun_vector","verb_path","verb_lch","verb_wup","verb_res","verb_jcn","verb_lin","verb_lesk","verb_vector","word2vec"
"Antecedent","0.4375","0.642676430137992","0.7020757020757021","0.2253946573725767","0.3909633669952503","0.5178655048674604","0.4955201341162147","0.4597646952559081","0.32738095238095233","0.5554571989708619","0.5678571428571428","0.1926755686902779","0.2519795975560893","0.6154497869436434","0.662829829162066","0.5009122007126006","0.45906129794172545"
"a3","0.11189458689458691","0.37788266942044","0.3165057165057165","0.04639519751508272","0.06985745029423526","0.1006753497794718","0.1668726154406305","0.1373190378164868","0.0","0.0","0.0","0.0","0.0","0.0","0.0","0.0","0.31763358553878596"
"a2","0.3654761904761905","0.6274744170436996","0.7361514302690774","0.297778274437235","0.40700567778138713","0.5877680236585153","0.38225999673628985","0.5165865715002949","0.7083333333333333","0.7617871643889692","0.8823529411764706","0.28863259159414123","0.5931723327320422","0.8264325590638306","0.8549908424908426","0.7620422871992585","0.5668047227189398"
"a4","0.24880536130536132","0.4598507504689962","0.5069401444788442","0.12972975379219545","0.22485138852616396","0.30137972642051825","0.329313322286317","0.3123567830266496","0.0","0.0","0.0","0.0","0.0","0.0","0.0","0.0","0.3848543170680541"
