Similarity Measures,noun_path,noun_lch,noun_wup,noun_res,noun_jcn,noun_lin,noun_lesk,noun_vector,verb_path,verb_lch,verb_wup,verb_res,verb_jcn,verb_lin,verb_lesk,verb_vector,word2vec,Average
Antecedent,0.2,0.5497975676468014,0.6666666666666666,0.16500952450458087,0.10851330015920549,0.4167438883448718,0.294802499543879,0.282467395733482,1.0,0.8832162807399176,1.0,0.20966239480826138,1.0,1.0,1.0,1.0,0.5584859135933573,0.60796267245535429
a3,0.14285714285714285,0.4585854890810465,0.5,0.11520039815599713,0.10366900086530792,0.32275181823368193,0.311365236071118,0.273288555632246,0.5,0.6953155025784209,0.6666666666666666,0.19456772031082067,0.30303553145121126,0.6075316476192438,1.0,0.753578836970389,0.4758597332875382,0.43672195763416655
a2,0.16666666666666666,0.5003731981073846,0.6153846153846154,0.15737254529856753,0.12693176542591722,0.44355046001179693,0.771695402298851,0.283693497621544,1.0,0.8832162807399176,1.0,0.20966239480826138,1.0,1.0,1.0,1.0,0.4593248411643046,0.62458068632516639
a4,0.0,0.0,0.0,0.0,0.0,0.0,0.0,0.0,0.0,0.0,0.0,0.0,0.0,0.0,0.0,0.0,0.29168815919707003,0.017158127011592354
