"Similarity Measures","noun_path","noun_lch","noun_wup","noun_res","noun_jcn","noun_lin","noun_lesk","noun_vector","verb_path","verb_lch","verb_wup","verb_res","verb_jcn","verb_lin","verb_lesk","verb_vector","word2vec"
"a1","0.20158730158730157","0.54120016614305","0.6974984438219732","0.18569892947763422","0.11215748980844864","0.44181009208189","0.40264980896211283","0.3626037217859947","0.7666666666666667","0.7860729876591588","0.8","0.2293257067800704","0.7346420603115376","0.8505312662289215","0.845094696969697","0.8118784801674117","0.38901770742025077"
"a3","0.18492063492063493","0.5152048764494844","0.6840686274509804","0.17936206325829987","0.10162795086516052","0.40797772493329876","0.36722034930434727","0.21152098979970482","0.7666666666666667","0.7860729876591588","0.8949999999999999","0.2489340538601362","0.8565472980681834","0.9444762128795257","0.8545538720538721","0.8139656966205328","0.5200460022080856"
"a2","0.18055555555555555","0.5110162114407526","0.6582139265962795","0.18388481559052372","0.1319751823093588","0.4450259437892979","0.3796970539512134","0.2775725971670912","0.5666666666666667","0.7109126763945601","0.7714285714285715","0.2438366844909309","0.6237681308201272","0.8511274090574255","0.8545538720538721","0.6423230239028473","0.4532897617966514"
"Antecedent","1.0","0.9860896635111783","1.0","0.46475150053227815","1.0","1.0","1.0","0.9999999999999977","1.0","0.8832162807399178","1.0","0.2863930582652048","1.0","1.0","1.0","1.0","1.0"
