Similarity Measures,noun_path,noun_lch,noun_wup,noun_res,noun_jcn,noun_lin,noun_lesk,noun_vector,verb_path,verb_lch,verb_wup,verb_res,verb_jcn,verb_lin,verb_lesk,verb_vector,word2vec,Average
Antecedent,0.20753968253968252,0.5452955410889634,0.723013478895832,0.22123850402977718,0.11325896070580521,0.45508856498628236,0.4611964122560882,0.4059669161674908,0.3333333333333333,0.5854005934976205,0.5357142857142857,0.23385422677269924,0.19423866245943966,0.6235980378477246,0.6389008808651665,0.4328164009276425,0.3312163433237345,0.41421593090656278
a3,0.1992985409652076,0.5088597825990621,0.573824867942515,0.1491336405305189,0.12234896395719569,0.36015105990239255,0.4224335249143263,0.22961325104994945,0.3333333333333333,0.5854005934976205,0.5,0.06390802600324073,0.14217244385065833,0.23013587517099696,0.19607153022373952,0.362336794087846,0.28858282667056256,0.30985912086465683
a2,0.0,0.0,0.0,0.0,0.0,0.0,0.0,0.0,0.3333333333333333,0.5854005934976205,0.5,0.06390802600324073,0.13600190459416292,0.22064541152397146,0.161468253968254,0.362336794087846,0.2110532378933568,0.1514204444059874
a4,0.0,0.0,0.0,0.0,0.0,0.0,0.0,0.0,0.3333333333333333,0.5854005934976205,0.65,0.2720087957872295,0.5686064365266238,0.762370658798325,0.7042413726624255,0.436214176496096,0.24242554655360748,0.26791770080325061
