"Similarity Measures","noun_path","noun_lch","noun_wup","noun_res","noun_jcn","noun_lin","noun_lesk","noun_vector","verb_path","verb_lch","verb_wup","verb_res","verb_jcn","verb_lin","verb_lesk","verb_vector","word2vec"
"Antecedent","0.5566666666666666","0.7641077956252449","0.8694677871148458","0.4475106617464271","0.5643020456587893","0.8007074381253929","0.7652004298812353","0.5936330024941257","0.6","0.6650702328077291","0.7222222222222222","0.26086697149109916","0.5646683046912355","0.7823822082225311","0.73625","0.678150625958898","0.7034219674261016"
"a3","0.17412698412698413","0.5019005302100004","0.6157509157509158","0.19069096342524022","0.09336313351171122","0.3465315242972546","0.3535342656101346","0.24055549954334574","0.41666666666666663","0.6403580480380207","0.6944444444444444","0.2912392444570203","0.6796601581863211","0.8053471060363591","0.7326388888888891","0.5060940815571405","0.5437662264790888"
"a2","0.1322222222222222","0.4229996528423925","0.48987179487179483","0.13393119360298864","0.067210942054145","0.2636360711122717","0.1830779411717248","0.1710667913964903","0.20833333333333331","0.45245726987652396","0.34285714285714286","0.13605259020565066","0.12669327271525338","0.37665421364322205","0.2513560157790925","0.2565964786555855","0.27800997510212505"
"a4","0.24","0.5918041912798875","0.7417032967032967","0.22008967432448528","0.11470760721577866","0.4310624624720184","0.5173215687610317","0.2499326769761744","0.25","0.49145020441687215","0.4675324675324675","0.24919116678801198","0.2432544706791154","0.6498769775865223","0.7495039682539685","0.7140579608390645","0.5275112385733158"
