Similarity Measures,noun_path,noun_lch,noun_wup,noun_res,noun_jcn,noun_lin,noun_lesk,noun_vector,verb_path,verb_lch,verb_wup,verb_res,verb_jcn,verb_lin,verb_lesk,verb_vector,word2vec,Average
Antecedent,0.0768997668997669,0.28865402241207955,0.24188034188034185,0.037908236326609356,0.07762818307094296,0.10406414420233523,0.183546861134429,0.1754707862212168,0.125,0.31951394625542745,0.375,0.14963634376434948,0.2244135650533497,0.572649207219407,0.199439102564103,0.46916631801164,0.19905921268866852,0.22470176692380395
a3,0.15380952380952378,0.4559628327724334,0.5638558964255559,0.1293428496401253,0.05178917867002543,0.12424785706719954,0.23451739418291012,0.10633037179820559,0.125,0.31951394625542745,0.375,0.14963634376434948,0.2244135650533497,0.572649207219407,0.199439102564103,0.46916631801164,0.21088994601839187,0.26268025489721453
a2,0.33999999999999997,0.5918041912798875,0.6584370015948963,0.18460514953551432,0.2720194786413773,0.43174426480151357,0.4212523923637102,0.4040960644908013,0.5,0.6953155025784209,0.9230769230769231,0.31362811673912205,0.4317150231299484,0.843821733498792,1.0,0.4445250783865,0.2979371203495553,0.51493988473335062
a4,0.16175324675324676,0.47542365266309294,0.5149050949050948,0.11365246953889299,0.08163480788835589,0.26150463903645427,0.2192062238282752,0.283008740916025,0.16666666666666666,0.3974998153361238,0.4444444444444444,0.14963634376434948,0.2244135650533497,0.572649207219407,0.288159756909757,0.387121468007655,0.266863729555568,0.29462022779333874
