"Similarity Measures","noun_path","noun_lch","noun_wup","noun_res","noun_jcn","noun_lin","noun_lesk","noun_vector","verb_path","verb_lch","verb_wup","verb_res","verb_jcn","verb_lin","verb_lesk","verb_vector","word2vec"
"Antecedent","0.09272902342755283","0.3257854481321502","0.41390424590888997","0.1073702009205848","0.06104866859982042","0.1961121517619574","0.18219398736499337","0.14539632923225904","0.4666666666666666","0.6449637309460801","0.7433333333333334","0.24401553371753648","0.6056842815324771","0.8302413500105557","0.6328266178266178","0.6125524295032481","0.39854763523053477"
"a3","0.4303571428571429","0.6661619041201821","0.7566201041820237","0.2965349213263041","0.37531845865577007","0.6233699809647137","0.5672391786454287","0.4809733439479193","0.5333333333333333","0.6889296945784","0.7743525480367586","0.25432756434962445","0.6028385054006181","0.8526195932350795","1.0","0.7607263694715424","0.5201395876400521"
"a2","0.1960858585858586","0.5192478967382558","0.6144820049231814","0.2104395827614824","0.1023482115807689","0.42880860661181935","0.4411247580928922","0.24010447621683056","0.6166666666666666","0.7109126763945601","0.8511111111111112","0.267981040673085","0.6895252982279341","0.8586348171741912","0.8950757575757576","0.8242981415298981","0.39770916043082066"
