"Similarity Measures","noun_path","noun_lch","noun_wup","noun_res","noun_jcn","noun_lin","noun_lesk","noun_vector","verb_path","verb_lch","verb_wup","verb_res","verb_jcn","verb_lin","verb_lesk","verb_vector","word2vec"
"a1","0.348637165303832","0.5917501785628407","0.6793144477355004","0.21124384505257449","0.3036254345428644","0.4809608242421592","0.4465060066329251","0.3998162438944005","0.33055555555555555","0.5628824488037446","0.48333333333333334","0.12152911912105552","0.17584603862334222","0.3993187902340059","0.45549310119528036","0.46219067933235575","0.37215319951638126"
"a3","0.39858906525573196","0.654087936683489","0.7787277537277537","0.2953921495340745","0.39422190528028545","0.6835577738467455","0.6797653601413267","0.4941880652418828","0.5694444444444444","0.6899939959117368","0.7504273504273504","0.20079148862211205","0.5190298663534773","0.6730486095696603","0.8709230976180128","0.6390557230119028","0.36320365607973853"
"a2","0.2001322751322751","0.5291949224045829","0.652152996451242","0.1695987310624996","0.13988220051213998","0.41147892538966185","0.3528174812571459","0.23608119206147757","0.4972222222222223","0.6255160415242434","0.6369281045751635","0.14272473643550604","0.43021894823514245","0.5613734681061563","0.5107790659845322","0.5779611649759967","0.27733196450399694"
"Antecedent","1.0","0.9860896635111784","1.0","0.4571257920679629","1.0","1.0","1.0","1.0","1.0","0.8832162807399176","1.0","0.41212733538285634","1.0","1.0","1.0","1.0","1.0"
"a4","0.309700176366843","0.6091587082541252","0.7567543567543568","0.24824968260100969","0.27564229207603663","0.5862347593025345","0.5411229761022988","0.3875487300640781","0.3333333333333333","0.5777244553175218","0.6095543345543345","0.16398181115496194","0.370916156266921","0.49934145279586467","0.503332615547282","0.40439784785392635","0.35336781267591144"
