Similarity Measures,noun_path,noun_lch,noun_wup,noun_res,noun_jcn,noun_lin,noun_lesk,noun_vector,verb_path,verb_lch,verb_wup,verb_res,verb_jcn,verb_lin,verb_lesk,verb_vector,word2vec,Average
Antecedent,0.14285714285714285,0.4585854890810465,0.5714285714285714,0.13254368326510596,0.09261162960867254,0.3287810240929318,0.236131779100529,0.279646823026708,0.25,0.5074147244169241,0.4,0.14710727990008113,0.09751484304848715,0.35049591893656734,0.28,0.163836610262642,0.2646574389436575,0.276683115174651
a3,0.1111111111111111,0.39045828902658425,0.3333333333333333,0.07982905326883642,0.09016352765007193,0.16955176803136673,0.316583747927031,0.263218726865917,0.25,0.5074147244169241,0.4,0.12781605200648147,0.09442268634859231,0.32505057540436044,0.11384218648473,0.14605879831552,0.35110276256669704,0.23940925545632688
a2,0.2,0.5497975676468014,0.7142857142857143,0.20067006090926295,0.12119854903743901,0.48635608690887605,0.302335119562594,0.227665468761885,0.2,0.4469241848755406,0.3333333333333333,0.12781605200648147,0.05908450979473032,0.21221223512742388,0.0759080767514502,0.0973328185424931,0.17226344024688764,0.26630489516417144
a4,0.09090909090909091,0.336059770372744,0.375,0.07982905326883642,0.08543252887954104,0.21392679715966184,0.324996336996337,0.210646769831707,0.25,0.5074147244169241,0.4,0.0,0.05179470495637486,0.0,0.0845833333333333,0.0723456515796902,0.267715225752633,0.19709729337981607
