"Similarity Measures","noun_path","noun_lch","noun_wup","noun_res","noun_jcn","noun_lin","noun_lesk","noun_vector","verb_path","verb_lch","verb_wup","verb_res","verb_jcn","verb_lin","verb_lesk","verb_vector","word2vec"
"Antecedent","0.27499999999999997","0.629117528548072","0.7954674954674954","0.27682726344212144","0.2577053295442712","0.6995658095166458","0.5242646942159285","0.37175397156288303","0.27777777777777773","0.5334100141104896","0.43333333333333335","0.048800732842542514","0.12035892654092128","0.16181799963301727","0.449498614260519","0.36544119489261667","0.5098190102261649"
"a3","0.11917989417989416","0.407695585778816","0.43083028083028085","0.12892266062660632","0.07589357310440299","0.27385277113389006","0.21408571587115666","0.17226343266718191","0.4444444444444444","0.6586771995514874","0.719047619047619","0.22762937004731917","0.2558733725766289","0.6599032936185357","0.765281057326512","0.532697013902812","0.4832534013134729"
"a2","0.14742063492063492","0.46265304031921617","0.5906296432612222","0.20282704682845587","0.16188476721021913","0.4790535671070058","0.3370073624831315","0.2528676711446805","0.611111111111111","0.7213107922719862","0.746031746031746","0.23443687738175678","0.5541186159412845","0.7866545766326339","1.0","0.7664069025792033","0.46553651529829854"
