"Similarity Measures","noun_path","noun_lch","noun_wup","noun_res","noun_jcn","noun_lin","noun_lesk","noun_vector","verb_path","verb_lch","verb_wup","verb_res","verb_jcn","verb_lin","verb_lesk","verb_vector","word2vec"
"Antecedent","0.16028138528138525","0.4834717766846154","0.5972625413801884","0.15724875672683966","0.09733319639409016","0.35850827057789725","0.2260992485399184","0.23777000229068745","0.4583333333333333","0.6208615807678466","0.575","0.17100844049108516","0.428424974498485","0.6644573081089021","0.4435909359737485","0.49894569830915625","0.3456998210780915"
"a3","0.15844155844155847","0.47979856658656544","0.6465852587228889","0.17402307495614056","0.09725806203905275","0.3901190435670449","0.25151618389461594","0.19139999377149228","0.29166666666666663","0.5464076589572724","0.4928571428571429","0.19698920485190793","0.1773867096027521","0.5336272620485705","0.49351420691881226","0.33152430413052747","0.46885837275421394"
"a2","0.1933293978748524","0.5302802643939454","0.6770452200018764","0.188232727656977","0.1398045309657015","0.45481588853124466","0.2908145672084728","0.23863718571459655","0.3333333333333333","0.5738863862274723","0.5734126984126984","0.23075922311057015","0.22507331607591186","0.6123428521994676","0.464542104720676","0.4258957110176562","0.40531611590800987"
"a4","0.0","0.0","0.0","0.0","0.0","0.0","0.0","0.0","0.29166666666666663","0.5464076589572724","0.475","0.10214934976230224","0.08628998909820979","0.2095223900418437","0.3184465452847807","0.14752071965093913","0.2568000733219504"
