Similarity Measures,noun_path,noun_lch,noun_wup,noun_res,noun_jcn,noun_lin,noun_lesk,noun_vector,verb_path,verb_lch,verb_wup,verb_res,verb_jcn,verb_lin,verb_lesk,verb_vector,word2vec,Average
Antecedent,0.16984126984126982,0.5029187516117442,0.5818181818181817,0.1305069234820894,0.08395305390619773,0.28941075821786283,0.3332427431354527,0.22476046711375064,0.3333333333333333,0.5854005934976205,0.5,0.07016328488173927,0.12570130402866733,0.21234224812405117,0.229726146869004,0.36561388663864247,0.3015082337092601,0.29648477530640394
a3,0.10227272727272728,0.364835623257392,0.3682539682539683,0.045513943346627006,0.06534049553152575,0.08816081014348638,0.22606565225127864,0.13992402492954334,0.3333333333333333,0.5854005934976205,0.5357142857142857,0.07016328488173927,0.10590106073336072,0.19506959773132473,0.24468843664495848,0.31790057034047403,0.19139702582642257,0.23411384904059221
a2,0.19166666666666665,0.5274910012872248,0.6934472934472935,0.1919534102337835,0.12837716213397568,0.46648979328670537,0.2376302579449713,0.31122388282775537,0.41666666666666663,0.6403580480380207,0.6857142857142857,0.21573095145694304,0.20349648978763074,0.5814595740764247,0.645327812284334,0.4427142200124185,0.27461313991820585,0.40319768563431202
a4,0.15132275132275133,0.4662804485848107,0.5938997821350762,0.153698143594558,0.10005356091369959,0.35995126283078394,0.261244829482009,0.233813026080728,0.3333333333333333,0.5854005934976205,0.5,0.07016328488173927,0.12570130402866733,0.21234224812405117,0.219855343069629,0.37477580011370004,0.29112136078591855,0.29605629839876918
