"Similarity Measures","noun_path","noun_lch","noun_wup","noun_res","noun_jcn","noun_lin","noun_lesk","noun_vector","verb_path","verb_lch","verb_wup","verb_res","verb_jcn","verb_lin","verb_lesk","verb_vector","word2vec"
"a1","0.16366843033509698","0.49070598393609965","0.6783044841868371","0.2200526789636659","0.10449587315231261","0.40101436522952977","0.35087793321834515","0.28035171767467054","0.625","0.6953155025784209","0.7","0.2725285623212039","0.5824342525356223","0.7643705719336102","0.6715196078431375","0.7005671246423955","0.3979908118902765"
"a3","0.31234567901234567","0.6051366904703078","0.7735905668310209","0.2885352702227939","0.3008831002148946","0.6246990864303471","0.5311831291621848","0.3627383712954544","0.625","0.6953155025784209","0.7","0.2375698947611925","0.5582347111038181","0.7028765315613356","0.611202592111904","0.70056712464239","0.40265481283518906"
"a2","0.21913580246913578","0.4573878951823891","0.511684660368871","0.1661655703896031","0.20976994536122173","0.3748647010083931","0.3358487647748349","0.24759966718787066","0.375","0.6013651134976725","0.6000000000000001","0.10387111150741003","0.5582347111038181","0.4976998675727934","0.651386413151119","0.613336560789974","0.20094739445187643"
"Antecedent","1.0","0.9860896635111784","1.0","0.4927532940709043","1.0","1.0","1.0","1.0","1.0","0.8832162807399176","1.0","0.38434611581589284","1.0","1.0","1.0","1.0","1.0000000000000002"
"a4","0.16208513708513708","0.458539133064811","0.5852153531978093","0.16142739558644623","0.09671385960668354","0.35368444488846795","0.47718917140361405","0.20200340838333317","0.26666666666666666","0.5161623891865805","0.41666666666666663","0.0640063052454914","0.10610394414405047","0.19774537481439233","0.598295985060691","0.5633199765389441","0.23452794078479125"
