Similarity Measures,noun_path,noun_lch,noun_wup,noun_res,noun_jcn,noun_lin,noun_lesk,noun_vector,verb_path,verb_lch,verb_wup,verb_res,verb_jcn,verb_lin,verb_lesk,verb_vector,word2vec,Average
a1,0.4583333333333333,0.6676001932419999,0.7090848965848967,0.21805026822606233,0.41752283936037154,0.5213950492105512,0.5137347131548884,0.5425433549979014,0.9,0.8456361251076183,0.9333333333333332,0.23201703459616327,0.8337729383556663,0.916195830239818,1.0,0.8644787525364306,0.5430640338261519,0.65392721741795223
a3,0.2349206349206349,0.5696010742467473,0.7493748081983376,0.2653593841139102,0.1880757711750064,0.5894205972991738,0.6100595331693673,0.42350185393237233,0.3833333333333333,0.6137693833138014,0.6565656565656566,0.21096358147977895,0.36091887583488,0.7039115894299249,0.7136313388991962,0.4728617102780349,0.45256515870808256,0.48228436969989635
a2,0.18055555555555555,0.5056947047740685,0.5776477063241771,0.11549838190681679,0.1456710405514142,0.34845953376994493,0.23624192257456303,0.28141474684575957,0.9,0.8456361251076183,0.9454545454545455,0.22690246801326666,0.8337729383556663,0.916195830239818,1.0,0.8644787525364306,0.4479328282914019,0.55126806354712043
Antecedent,1.0,0.9860896635111783,1.0,0.4645947430617805,1.0,1.0,1.0,0.9999999999999917,1.0,0.8832162807399178,1.0,0.2955828942539093,1.0,1.0,1.0,1.0,1.0,0.91938138715098694
a4,0.1738215488215488,0.4769188518894205,0.5486311933680355,0.15430065581690822,0.10634154006443329,0.3560192005324776,0.30542985772405884,0.27851051552367173,0.0,0.0,0.0,0.0,0.0,0.0,0.0,0.0,0.2594642048697591,0.15643750403590076
