"Similarity Measures","noun_path","noun_lch","noun_wup","noun_res","noun_jcn","noun_lin","noun_lesk","noun_vector","verb_path","verb_lch","verb_wup","verb_res","verb_jcn","verb_lin","verb_lesk","verb_vector","word2vec"
"Antecedent","0.18333333333333335","0.5250853828770929","0.6833333333333333","0.26820335472575046","0.12117642034619522","0.5640928321627234","0.2945459655323505","0.329548954716524","0.25","0.5074147244169241","0.8235294117647058","0.3034470912723686","0.3340934111607313","0.8018023582091874","0.341269841269841","0.435874624910898","0.5001507085147159"
"a3","0.08012820512820512","0.3016232904393227","0.2583333333333333","0.029883075095373943","0.07493322557700793","0.08197564481601752","0.1420693968639175","0.09543942048641879","0.3333333333333333","0.5854005934976205","0.75","0.3034470912723686","0.5217711540947894","0.8633510170507335","1.0","0.438004562226136","0.3261965620351909"
"a2","0.375","0.7042384962689333","0.8823529411764706","0.30706837428602324","0.6001484243958731","0.7947789176243081","0.7534188034188035","0.346817473520383","0.2","0.4469241848755406","0.7368421052631579","0.20429869952460447","0.17601616446914992","0.5774528208064319","0.567040598290598","0.368745918955552","0.4358334077665102"
"a4","0.25","0.6102881071881849","0.8117647058823529","0.21790654738354823","0.11576938604437745","0.5008952127134803","0.239028703255507","0.33513582960360355","0.25","0.5074147244169241","0.7777777777777778","0.20429869952460447","0.12690751600467132","0.5085019954373696","0.226934154078049","0.436657047852302","0.32904200237641246"
