"Similarity Measures","noun_path","noun_lch","noun_wup","noun_res","noun_jcn","noun_lin","noun_lesk","noun_vector","verb_path","verb_lch","verb_wup","verb_res","verb_jcn","verb_lin","verb_lesk","verb_vector","word2vec"
"a1","0.6875","0.8451640798900558","0.911764705882353","0.36432449325512717","0.7817886223705857","0.8761579921958953","0.854026875901876","0.659877407024603","0.47333333333333333","0.6392514310378241","0.6333333333333333","0.1928695132261175","0.33921886776973953","0.6269669789222754","0.7060185185185186","0.5099696601296675","0.5584252422084961"
"a3","0.23958333333333331","0.5828093799179849","0.7000915750915752","0.18828032173998632","0.1179070504581615","0.4258884367927762","0.42458655702703324","0.2882405010475391","0.33999999999999997","0.5796882935893647","0.626984126984127","0.17549133875610531","0.1973378712542505","0.5054977481493891","0.3571611316265246","0.36404204570328186","0.46923659928590833"
"a2","0.6458333333333334","0.8176853526198558","0.8809523809523809","0.3720695618722252","0.5930753716136615","0.8340611611137387","0.854026875901876","0.6716259167799753","0.3666666666666666","0.6073835753137805","0.5882352941176471","0.11979960611772748","0.2137330192655625","0.36139546305630804","0.4056336096373692","0.3729959621036404","0.4515786793910363"
"Antecedent","1.0","0.9860896635111784","1.0","0.4231341546557851","1.0","1.0","1.0","0.9999999999999972","1.0","0.8832162807399178","1.0","0.41530320707036383","1.0","1.0","1.0","1.0","1.0"
"a4","0.2","0.5497975676468014","0.6981792717086835","0.19022618810655834","0.09329971090877255","0.40389252150105925","0.4489290409249945","0.15877947207684473","0.3333333333333333","0.5854005934976205","0.5599999999999999","0.11931362937706876","0.09969888590735446","0.3039882209205123","0.5489467839006774","0.41004861517812563","0.403042829918219"
