"Similarity Measures","noun_path","noun_lch","noun_wup","noun_res","noun_jcn","noun_lin","noun_lesk","noun_vector","verb_path","verb_lch","verb_wup","verb_res","verb_jcn","verb_lin","verb_lesk","verb_vector","word2vec"
"Antecedent","0.4086734693877551","0.6388319012923035","0.7664627254410536","0.2578230915868999","0.36137251285058575","0.5739001373681774","0.44208090236057346","0.455082057933841","0.7666666666666666","0.7860729876591589","0.9083333333333334","0.3214575161945173","0.7227286457360133","0.9017845928497067","1.0","0.779969370296514","0.5063977185969989"
"a3","0.36904761904761907","0.6482719139370696","0.776491295819027","0.28197336480376045","0.4018713046866846","0.6693325003055896","0.5065953641517871","0.4262217047113617","0.6333333333333333","0.7265098502106995","0.8083333333333333","0.2577174742354248","0.5560295929061009","0.8037705953315717","0.86780788294477","0.7174221615960196","0.4868004545182988"
"a2","0.2654195011337869","0.5223374451999899","0.6503501400560223","0.19796426237379983","0.2262846510495725","0.44237473147591894","0.3338232767147716","0.3666159547261804","0.5066666666666667","0.6612344128539842","0.7711111111111111","0.20642243756522793","0.5675197599533189","0.7608029023773147","0.7619804777304776","0.5349251285260689","0.38960432125114625"
"a4","0.5285714285714286","0.7692839584036406","0.8744331065759637","0.3336366694027948","0.5596977044113861","0.7919941632579057","0.9110991817888371","0.524190994681817","0.6333333333333333","0.7265098502106995","0.8083333333333333","0.2577174742354248","0.5560295929061009","0.8037705953315717","0.86780788294477","0.7174221615960196","0.47696740672017074"
