Similarity Measures,noun_path,noun_lch,noun_wup,noun_res,noun_jcn,noun_lin,noun_lesk,noun_vector,verb_path,verb_lch,verb_wup,verb_res,verb_jcn,verb_lin,verb_lesk,verb_vector,word2vec,Average
Antecedent,0.19325396825396823,0.5364399162195034,0.6322239422084623,0.15872113761600815,0.11230866510571315,0.37630628662286947,0.21523914423393484,0.19229978291827776,0.3333333333333333,0.5854005934976205,0.5,0.06525540374150875,0.11380620558990755,0.16063620639515075,0.5262221398770313,0.38068249494029527,0.3278900617603048,0.31823642837140526
a3,0.19510582010582012,0.5247253762965777,0.5895807895807895,0.15887896234527554,0.1836103940794299,0.4002178485705307,0.2574372862205215,0.2894470870445303,0.3125,0.5659041262274465,0.55,0.11880521495944443,0.27404700527908565,0.4785306126560143,0.3818808058261185,0.46226422359904296,0.3582858761006118,0.35889537817007289
a2,0.24722222222222223,0.5848030873410398,0.7260614772224679,0.1888572270816086,0.16488057533478848,0.4890746490650701,0.6063844414549282,0.32092884243603564,0.5,0.6953155025784209,0.6666666666666666,0.1577994889148605,0.3806178566349771,0.6482175855463165,1.0,0.7531266526755682,0.3789904366169565,0.50052627716423093
a4,0.19325396825396823,0.5364399162195034,0.6322239422084623,0.1875563900255601,0.11230866510571315,0.42860256638922145,0.27175621364328517,0.21111385734728394,0.6458333333333333,0.714811969848595,0.8,0.2288580791242048,0.6112604059339216,0.7981905209598369,0.7993646041889443,0.7793036421672588,0.3881285705416204,0.49052980266415958
