"Similarity Measures","noun_path","noun_lch","noun_wup","noun_res","noun_jcn","noun_lin","noun_lesk","noun_vector","verb_path","verb_lch","verb_wup","verb_res","verb_jcn","verb_lin","verb_lesk","verb_vector","word2vec"
"Antecedent","0.35714285714285715","0.6423164235574768","0.7353210514975221","0.21283628250801068","0.2541855044542216","0.49085598530023106","0.5694494013564857","0.41097558529578704","0.8888888888888888","0.8335803328662014","0.9166666666666666","0.2971468304757542","0.8656324746239896","0.9339362860067025","0.9330695346320347","0.9522286634636634","0.567161791860486"
"a3","0.34015151515151515","0.6118137138491958","0.6971925133689839","0.2693526480854565","0.33538314887232284","0.6778561899971001","0.5151752469111925","0.46387608026072896","0.2972222222222222","0.5493235472138246","0.45555555555555555","0.15509469263375172","0.12733948457133484","0.3202211061311781","0.30304524937402766","0.40886180114956233","0.4759274407657981"
"a2","0.6041666666666667","0.7615505823227483","0.7986425339366515","0.32997517596819725","0.6085457796179875","0.8019869512841115","0.7438605751471635","0.705179727796578","0.5194444444444445","0.6485954429612569","0.6959064327485379","0.16491417105560655","0.4643221651683848","0.6443911926321153","0.594237855208214","0.6686721678478201","0.5605296280328413"
"a4","0.08684648684648684","0.3219224954093073","0.36318352699931644","0.10081210034093861","0.06324728358468643","0.19255568472996906","0.2712133698213888","0.10801036486023845","0.5194444444444445","0.6485954429612569","0.6959064327485379","0.16491417105560655","0.4643221651683848","0.6443911926321153","0.5768116572048024","0.6686721678478201","0.30274271170926564"
