"Similarity Measures","noun_path","noun_lch","noun_wup","noun_res","noun_jcn","noun_lin","noun_lesk","noun_vector","verb_path","verb_lch","verb_wup","verb_res","verb_jcn","verb_lin","verb_lesk","verb_vector","word2vec"
"Antecedent","0.4333333333333333","0.6776142150371853","0.7832658569500676","0.32758325780746816","0.36857973761981067","0.5928174501445004","0.4871121146184553","0.4395059290532773","0.3333333333333333","0.5854005934976205","0.5","0.12781605200648147","0.18217553310887896","0.43303554278161155","0.258787313432836","0.533819952723895","0.4376026565317936"
"a3","0.39421768707483","0.6179586057015667","0.7265306122448979","0.3193037758544047","0.3655830858702504","0.5864431946480757","0.5672713273603417","0.47562043210604626","1.0","0.8832162807399176","1.0","0.20966239480826138","1.0","1.0","1.0","1.0","0.487696712727534"
"a2","0.5561224489795917","0.745112823025576","0.8389324960753533","0.37077438640412674","0.5017932306680042","0.6739038255362461","0.7429782686578904","0.5674554007179615","0.5","0.6953155025784209","0.6666666666666666","0.20741337085952083","0.41805208187985987","0.7666279904447494","1.0","0.935073779775143","0.494000966014242"
"a4","0.31088435374149664","0.6022564758328807","0.7258038143487059","0.22573870356083736","0.23380159948300253","0.47612587415023805","0.3734522172681188","0.3355588935870864","0.3333333333333333","0.5854005934976205","0.7777777777777778","0.19456772031082067","0.313741893440501","0.7089562986509145","0.25","0.490154171515244","0.3925826943435769"
