"Similarity Measures","noun_path","noun_lch","noun_wup","noun_res","noun_jcn","noun_lin","noun_lesk","noun_vector","verb_path","verb_lch","verb_wup","verb_res","verb_jcn","verb_lin","verb_lesk","verb_vector","word2vec"
"Antecedent","0.24876543209876545","0.5058647947228754","0.5753874379261377","0.1939038520034524","0.29078358329420223","0.4393530879525075","0.3004565851724736","0.27772502216474326","0.3333333333333333","0.5594053038040551","0.5222222222222223","0.17616153190493314","0.15314519810032887","0.4922689827419307","0.6329236249526103","0.5002396052140777","0.40349285635620585"
"a3","0.11406926406926408","0.3939547293921591","0.4399865814726496","0.1264939084110755","0.07512278676869714","0.268366860875555","0.18546737799506952","0.29962477131297033","0.3333333333333333","0.5594053038040551","0.48412698412698413","0.09891454122147687","0.13727806118835595","0.300920699528179","0.48826142322519134","0.4481573362838251","0.33001558019971705"
"a2","0.3060337810337811","0.5099281582801084","0.5130880815091341","0.15203589316860033","0.27733628451937437","0.36967670826820503","0.3192427065091074","0.3387441225241525","0.3611111111111111","0.5960436068309886","0.5793650793650794","0.1271257719382394","0.21521884955352621","0.4077093050235123","0.535242826818914","0.4481573362838251","0.3399732600319167"
"a4","0.14797178130511462","0.44407971983716293","0.5331142713495655","0.1404313784963075","0.09656232583807259","0.33499791619807895","0.21354866431961547","0.21981131179500205","0.3333333333333333","0.5594053038040551","0.5222222222222223","0.1271257719382394","0.15314519810032887","0.3476297870806444","0.628004346699999","0.5002396052140777","0.27815951722491505"
