Similarity Measures,noun_path,noun_lch,noun_wup,noun_res,noun_jcn,noun_lin,noun_lesk,noun_vector,verb_path,verb_lch,verb_wup,verb_res,verb_jcn,verb_lin,verb_lesk,verb_vector,word2vec,Average
Antecedent,0.23666666666666666,0.5895909572794942,0.7391955567652163,0.23584746213671015,0.16160081430478163,0.592610255526987,0.46430767925074284,0.27736665851546843,0.4444444444444444,0.6586771995514874,0.7996031746031745,0.2828688051060935,0.612158675765644,0.8560110706333784,0.9076305557665206,0.5990406758339987,0.3406329222595809,0.51754432790649352
a3,0.27999999999999997,0.6328834128200495,0.7583333333333333,0.20707662016875697,0.1846725906001654,0.5674779619352744,0.246900586528051,0.3038842739588592,0.38888888888888884,0.622038896524554,0.7425925925925926,0.21161422703184393,0.30162475790252813,0.693945728962364,0.5669466877069217,0.5119461011677383,0.29268721259072944,0.44197140427721471
a2,0.19714285714285715,0.5311231440370321,0.663795518207283,0.17454067154162806,0.14272066354810153,0.46671050673523934,0.2301360748457514,0.21136847427347938,0.5555555555555555,0.684672489245053,0.7000000000000001,0.18936918956893442,0.46202904022837865,0.5855326056886446,0.5491379517909837,0.53114089351486,0.31214209500240225,0.42277163123095196
a4,0.2019047619047619,0.5394806858422998,0.682843137254902,0.20138842583176828,0.1568646107337135,0.5248630166819752,0.3850181213924776,0.22038528029092835,0.38888888888888884,0.622038896524554,0.6592592592592593,0.18199123324516875,0.2913853973802636,0.6460121278062747,0.7636008230452673,0.551857714340287,0.3199892019487268,0.43163362249244219
