"Similarity Measures","noun_path","noun_lch","noun_wup","noun_res","noun_jcn","noun_lin","noun_lesk","noun_vector","verb_path","verb_lch","verb_wup","verb_res","verb_jcn","verb_lin","verb_lesk","verb_vector","word2vec"
"Antecedent","0.52","0.7045446581767855","0.7813157894736842","0.31031677568325466","0.486253786986891","0.6691721611308655","0.6843585245164193","0.5327404363307122","0.6666666666666666","0.7579490952989199","0.7857142857142857","0.31010977575342413","0.7147977538699527","0.9105344452942128","1.0","0.7896619760413434","0.6081684457201603"
"a3","0.5185714285714286","0.718170098187678","0.8397058823529411","0.34798719336665596","0.4799562055496849","0.7173145958623913","0.5514384170151758","0.5918558497584289","0.8333333333333334","0.8205826880194187","0.8888888888888888","0.27410155190164853","0.748370635789366","0.8967060005934672","1.0","0.9651550056566977","0.5823990204109604"
"a2","0.5071428571428571","0.6999276824745271","0.8297058823529412","0.34798719336665596","0.4799562055496849","0.7173145958623913","0.5514384170151758","0.5554132047938158","0.8333333333333334","0.8205826880194187","0.8888888888888888","0.27410155190164853","0.748370635789366","0.8967060005934672","1.0","0.9651550056566977","0.5823990204109604"
