Similarity Measures,noun_path,noun_lch,noun_wup,noun_res,noun_jcn,noun_lin,noun_lesk,noun_vector,verb_path,verb_lch,verb_wup,verb_res,verb_jcn,verb_lin,verb_lesk,verb_vector,word2vec,Average
Antecedent,0.4777777777777778,0.6787534764217882,0.7857142857142857,0.3160716249454105,0.4358194098645542,0.6555814168297452,0.5485136152162013,0.5237680986463747,0.6,0.7045268683945395,0.7830769230769231,0.24114406258972682,0.5611950412070088,0.8048342539408123,1.0,0.8002495608340805,0.44365607542640434,0.60945191122856657
a3,0.1402116402116402,0.4498056587383385,0.5200501253132832,0.098938060427171,0.08383752886868029,0.24638128684066407,0.28356131146781566,0.2568383228699043,0.4666666666666667,0.64496373094608,0.6,0.15216604776774084,0.3726387232383822,0.558686076993608,0.7544616275537328,0.64135196889607,0.38846092507350555,0.39170704128666367
a2,0.47222222222222227,0.6989169896022492,0.7862838915470495,0.28392399345286873,0.4447813024196607,0.6321342880476509,0.5316881582800074,0.5306862468024054,0.4666666666666667,0.64496373094608,0.6333333333333333,0.1867693989851287,0.3726387232383822,0.5749015009828244,0.7544616275537328,0.6650783008864116,0.42127861809842543,0.53533699959206471
a4,0.12261904761904763,0.41428986919767974,0.3571095571095571,0.053399189223226756,0.06244605391417735,0.11231704643848257,0.1698335157817917,0.09624914173888592,0.3666666666666666,0.6073835753137805,0.5833333333333333,0.1502109330575715,0.350110041611802,0.5294859749902898,0.6932034632034632,0.5234403101616284,0.29025216949104843,0.3224911699324961
