Similarity Measures,noun_path,noun_lch,noun_wup,noun_res,noun_jcn,noun_lin,noun_lesk,noun_vector,verb_path,verb_lch,verb_wup,verb_res,verb_jcn,verb_lin,verb_lesk,verb_vector,word2vec,Average
a1,0.38333333333333336,0.6972470524226082,0.7841687552213868,0.2615079412067267,0.2894870038041657,0.6623075490971023,0.6779919945101037,0.49209781296567584,0.6309523809523808,0.7175971794586199,0.7238095238095238,0.1668900897284398,0.5778757409835898,0.6154415006855131,0.74987708364082,0.7256259897451668,0.47320191272837864,0.56643604966432548
a3,0.2648351648351649,0.604001853345886,0.7019147519147519,0.20035652839289922,0.1607811912067728,0.5200654160174129,0.5299801945445556,0.3200387806170664,0.4761904761904762,0.6593499514124631,0.6428571428571429,0.2666865480309792,0.5831473231553532,0.805501555713689,1.0,0.6753196853180111,0.42682055595963764,0.51987335997130946
a2,0.29496336996336997,0.6097652571922072,0.7331201306433506,0.24277514581202359,0.3349246420932007,0.6062703009208744,0.5096908701924063,0.38143104869917904,0.32142857142857145,0.574259755057521,0.4857142857142857,0.10540917057940367,0.2376569929065269,0.3892566837679661,0.33798585146928845,0.3933377201834091,0.3211258305631867,0.4046538604227512
Antecedent,1.0,0.9860896635111783,1.0,0.4863410440170239,1.0,1.0,1.0,1.0,1.0,0.8832162807399176,1.0,0.3396593298308893,1.0,1.0,1.0,1.0,1.0,0.92325331282935341
a4,0.16785714285714284,0.49334343075832204,0.5528830144214759,0.1387553878287443,0.11249820075008797,0.34521803468758916,0.2817058156602633,0.20546176376202988,0.6309523809523808,0.7175971794586199,0.7238095238095238,0.12640226384603548,0.5045881794869479,0.551522343508511,0.7382321478887413,0.6936393309794704,0.3127780967809463,0.42924966102569606
