"Similarity Measures","noun_path","noun_lch","noun_wup","noun_res","noun_jcn","noun_lin","noun_lesk","noun_vector","verb_path","verb_lch","verb_wup","verb_res","verb_jcn","verb_lin","verb_lesk","verb_vector","word2vec"
"Antecedent","0.3519047619047619","0.6210268051069192","0.7218782249742002","0.2122513360143528","0.29371661061245363","0.5155752857606972","0.43647024152771996","0.42234857147695515","0.6666666666666666","0.7343084371187691","0.75","0.2931768782371304","0.585126330296126","0.8213703969850633","0.6541331684188825","0.610517669979707","0.44329552628870705"
"a3","0.146031746031746","0.46167513268068927","0.5993984962406016","0.1371683973416271","0.10777203563936584","0.3200755680986314","0.1967372632079316","0.22802756978066258","0.41666666666666663","0.6403580480380207","0.7045454545454546","0.27386094800803057","0.3403854058746073","0.7482756243357181","0.689814814814815","0.5464761847569245","0.4082819696184079"
"a2","0.22000000000000003","0.573993783463355","0.7335497835497835","0.21581805276536983","0.15736315265532155","0.5246281521778856","0.31592028097116137","0.3394048849302155","0.3333333333333333","0.5854005934976205","0.5","0.10214934976230224","0.10991833829009892","0.2558105259274192","0.2251048205843605","0.28632116003492447","0.49406918789965343"
"a4","0.1857142857142857","0.512880728323881","0.6413157894736843","0.14800696006826647","0.12927737681225457","0.35460225227984427","0.39550179887539677","0.3041787657064298","0.41666666666666663","0.6403580480380207","0.65","0.2626073121876483","0.5967131974107546","0.804731601763745","0.689814814814815","0.41265100575367447","0.4326931060284893"
