Similarity Measures,noun_path,noun_lch,noun_wup,noun_res,noun_jcn,noun_lin,noun_lesk,noun_vector,verb_path,verb_lch,verb_wup,verb_res,verb_jcn,verb_lin,verb_lesk,verb_vector,word2vec,Average
a1,0.5222222222222223,0.7283894242955044,0.7859022556390977,0.2740027486970126,0.4271580778010116,0.6670897634975687,0.8279373965560163,0.5874862561788733,0.6805555555555557,0.7396299437854531,0.8244047619047619,0.26601688934339757,0.7121547149655946,0.8499655506727901,0.8405726218226218,0.7638829568091793,0.6006288547546891,0.65282352908831476
a3,0.5194444444444445,0.7384711808857348,0.8385802469135802,0.3328738716040173,0.43057895442832655,0.6980557203713501,0.626845080458562,0.5647689976932466,0.3154761904761904,0.5524406856329986,0.5257936507936508,0.19940351046232294,0.1903170147502388,0.557487819075209,0.6415609853109854,0.49292644152158127,0.5150760975209886,0.51412358190255469
a2,0.22777777777777775,0.5765656924178036,0.733394582904387,0.1624629733367843,0.09835938921622694,0.35202941678982586,0.2373119175936508,0.18249307924984068,0.5972222222222222,0.7083131474252036,0.7688492063492064,0.21586123458048076,0.4892873411219983,0.7416306726034455,0.8149817314483592,0.6851517489661668,0.4739290352775152,0.47444830407534677
Antecedent,1.0,0.9860896635111783,0.9666666666666667,0.4994963817111846,1.0,1.0,1.0,0.999999999999992,1.0,0.8832162807399176,1.0,0.38899600372855986,1.0,1.0,1.0,1.0,1.0,0.92496852919749983
