Similarity Measures,noun_path,noun_lch,noun_wup,noun_res,noun_jcn,noun_lin,noun_lesk,noun_vector,verb_path,verb_lch,verb_wup,verb_res,verb_jcn,verb_lin,verb_lesk,verb_vector,word2vec,Average
Antecedent,0.5714285714285714,0.804768432361195,0.911297852474323,0.2735675115098834,0.46633953995182825,0.764509297589794,0.9127289377289377,0.5852363537188384,0.6875,0.742290697118795,0.7666666666666667,0.19112480899362505,0.5585723498639363,0.6929481292150023,0.8333333333333333,0.7957613271229556,0.4796578967924945,0.64927833563942239
a3,0.7619047619047619,0.889858628716137,0.9396825396825397,0.346038314741335,0.6915358802202102,0.8439114010101557,0.9067289272030651,0.7344671397922548,0.35416666666666663,0.5933828534976465,0.5166666666666666,0.14766423887058364,0.4032571365091845,0.459677983015531,0.635561933106576,0.5732510987934575,0.4487761489499955,0.60273719525569225
a2,0.24716553287981857,0.5801035960377432,0.6730158730158731,0.223379229034627,0.18029122961671432,0.48490411255991417,0.4675147703149499,0.37094752061523134,0.6875,0.742290697118795,0.7666666666666667,0.1707684391136074,0.5667912406219253,0.6500159079047831,0.8203125,0.7475959724560683,0.3863131488699085,0.5156221433427427
a4,0.5714285714285714,0.804768432361195,0.9079365079365079,0.2657447383353302,0.46633953995182825,0.764509297589794,0.92400273850397,0.576091113642959,0.3333333333333333,0.5738863862274725,0.5166666666666666,0.12293313729704103,0.24987265134394954,0.4274502787348573,0.5439669913419912,0.5577949971017723,0.4734936490621925,0.53413053122702536
