"Similarity Measures","noun_path","noun_lch","noun_wup","noun_res","noun_jcn","noun_lin","noun_lesk","noun_vector","verb_path","verb_lch","verb_wup","verb_res","verb_jcn","verb_lin","verb_lesk","verb_vector","word2vec"
"Antecedent","0.4386904761904762","0.6972108188330421","0.7887076739050424","0.33505024346200013","0.36075833925383477","0.697300244732845","0.6080954540695518","0.5692713811026424","0.41666666666666663","0.6403580480380207","0.7563025210084033","0.26907129322959944","0.7506832610993783","0.9098058218075475","0.712752525252525","0.5384203501653135","0.46096192916987627"
"a3","0.25416666666666665","0.6044927633805731","0.7207493164730008","0.25730846484713316","0.1690582209684666","0.5693692473311449","0.49785194796661847","0.5189858239999867","0.41666666666666663","0.6403580480380207","0.6190476190476191","0.20037635746871263","0.606850955440881","0.7434136924786023","0.712752525252525","0.589298210405176","0.427206862963062"
"a2","0.3449404761904762","0.646244494292655","0.74136335156072","0.3079041581699725","0.26517823922571176","0.6338439486881003","0.602842438909763","0.49415575371206555","0.41666666666666663","0.6403580480380207","0.7205882352941176","0.1469978496679782","0.31802013281990366","0.42734516382177945","0.6310763888888891","0.5526544314600546","0.4522031513973811"
