Similarity Measures,noun_path,noun_lch,noun_wup,noun_res,noun_jcn,noun_lin,noun_lesk,noun_vector,verb_path,verb_lch,verb_wup,verb_res,verb_jcn,verb_lin,verb_lesk,verb_vector,word2vec,Average
Antecedent,0.2777777777777778,0.5943235871881329,0.7033411033411033,0.22383106214381873,0.22408038251868603,0.5580757029029987,0.6298275482112172,0.3498992019495778,0.26666666666666666,0.5161623891865805,0.5952380952380952,0.1674471450371496,0.2808022928791766,0.5828047063524292,0.4680194805194805,0.2920331047922275,0.3764710592518571,0.41804713564452789
a3,0.3729166666666667,0.6146619395730131,0.6654704944178629,0.18613650398330112,0.3397748574836723,0.45167574475335026,0.44622407904143124,0.5199283007384683,0.26666666666666666,0.5161623891865805,0.6222222222222222,0.220345750463258,0.2563513766466327,0.5698873346167495,0.7711940836940835,0.40078692019005946,0.42671518052397606,0.44983061828635257
a2,0.6333333333333333,0.8025627177345098,0.8973214285714286,0.3271398157861102,0.5847255609314944,0.8194890552867655,0.8767094017094017,0.708110985870566,0.26666666666666666,0.5161623891865805,0.6111111111111112,0.1960817029455167,0.2563513766466327,0.5698873346167495,0.5133815836940835,0.2920331047922275,0.4095732977637988,0.54592005097923402
a4,0.37777777777777777,0.6190357719578414,0.7202380952380952,0.26722101287636246,0.3421978936780925,0.6194882212524871,0.46602734118851846,0.4436453866873865,0.35,0.5711198437269808,0.6928104575163399,0.22255502027597684,0.2563513766466327,0.5991070836104316,0.7711940836940835,0.31225941273436353,0.4679910206079806,0.47641292938054997
