"Similarity Measures","noun_path","noun_lch","noun_wup","noun_res","noun_jcn","noun_lin","noun_lesk","noun_vector","verb_path","verb_lch","verb_wup","verb_res","verb_jcn","verb_lin","verb_lesk","verb_vector","word2vec"
"Antecedent","0.18843537414965983","0.5268987366285762","0.7000428376478797","0.17592382930034337","0.08917453919266774","0.3706274121549314","0.29377076330577134","0.2611655583248782","0.3333333333333333","0.5738863862274725","0.6309523809523809","0.33457845385552104","0.2531195733155173","0.6249744764643224","0.6289306104523498","0.48919901366021395","0.3253765676859667"
"a3","0.1943877551020408","0.5268987366285762","0.6805178211635532","0.24417009508061052","0.13719331152108125","0.5137490018359254","0.29627719035970174","0.4025653281250775","0.35416666666666663","0.5933828534976465","0.6121794871794871","0.2566810139223076","0.24981392114049675","0.7021202744670221","0.6736368492618492","0.602684391312331","0.4138285932723808"
"a2","0.09648526077097505","0.3455775054785927","0.2817911780096654","0.053640609937623616","0.05610704289098498","0.11005150210303456","0.07471081524667009","0.07979697860708332","0.35416666666666663","0.5933828534976465","0.7457107843137255","0.2618609738276928","0.40010078573009894","0.7735622222477939","0.7237071484282583","0.4468634849422468","0.2831757636303912"
"a4","0.15493197278911566","0.4751022585088712","0.6107653317737352","0.206422008791523","0.1102087778808667","0.43356169166269815","0.2777795210240973","0.2466856446159797","0.4458333333333333","0.6057389458825008","0.7262626262626263","0.2449774659145661","0.3822862205322078","0.667965169250608","0.534889455782313","0.6332636323406392","0.28607573508261996"
