Similarity Measures,noun_path,noun_lch,noun_wup,noun_res,noun_jcn,noun_lin,noun_lesk,noun_vector,verb_path,verb_lch,verb_wup,verb_res,verb_jcn,verb_lin,verb_lesk,verb_vector,word2vec,Average
Antecedent,0.431547619047619,0.6858093090123228,0.8204656862745098,0.2219283453278718,0.35258373548114286,0.5936482505300474,0.640317680571177,0.4814201552167785,0.29166666666666663,0.5464076589572724,0.45,0.06390802600324073,0.13269105069369402,0.23008222647957605,0.40136141636141653,0.30078642444544046,0.5049350149385026,0.42056230976513403
a3,0.23809523809523808,0.5734297326749639,0.7267156862745098,0.20809534608076652,0.19818656106499905,0.55470190328494,0.4648119363154327,0.37381002865802904,0.625,0.6953155025784209,0.75,0.6010400082216609,0.5835638108052464,0.7695427399227572,0.6584249084249085,0.6576403418108895,0.46894563364835257,0.53807761046241864
a2,0.17708333333333331,0.5083554581074106,0.5986111111111111,0.1453947149145743,0.1341096622905537,0.35998688778447424,0.26220603422834976,0.26803932831997673,0.29166666666666663,0.5464076589572724,0.45,0.14917835311090677,0.14603089981378692,0.4598428998280848,0.268922743922744,0.30078642444544046,0.30916045903852957,0.31622250799254203
a4,0.0,0.0,0.0,0.0,0.0,0.0,0.0,0.0,0.0,0.0,0.0,0.0,0.0,0.0,0.0,0.0,0.24359033788049453,0.014328843404734972
