"Similarity Measures","noun_path","noun_lch","noun_wup","noun_res","noun_jcn","noun_lin","noun_lesk","noun_vector","verb_path","verb_lch","verb_wup","verb_res","verb_jcn","verb_lin","verb_lesk","verb_vector","word2vec"
"Antecedent","0.2222222222222222","0.5393661326477328","0.5285714285714286","0.1555522166892065","0.2036038717030952","0.40386405379445","0.3172410423183355","0.475471358148631","0.0","0.0","0.0","0.0","0.0","0.0","0.0","0.0","0.3241726820412123"
"a3","0.0","0.0","0.0","0.0","0.0","0.0","0.0","0.0","0.41666666666666663","0.6403580480380207","0.6190476190476191","0.1977470347920846","0.14598882356632914","0.5261583270424308","0.738888888888889","0.5715891022755606","0.16100164545773263"
"a2","0.21666666666666667","0.5250853828770929","0.5284090909090909","0.13698087517982502","0.16605652433721113","0.3693148950162489","0.5996600227392546","0.382900792857253","0.6666666666666666","0.7343084371187691","0.75","0.10483119740413069","0.549102955011836","0.5","0.653409090909091","0.62103247999447","0.5139552592629586"
"a4","0.2222222222222222","0.5393661326477328","0.5285714285714286","0.1555522166892065","0.20407436136424262","0.40386405379445","0.29628755624881753","0.475471358148631","0.6666666666666666","0.7343084371187691","0.75","0.10483119740413069","0.549102955011836","0.5","0.653409090909091","0.62103247999447","0.48032765124389987"
