Similarity Measures,noun_path,noun_lch,noun_wup,noun_res,noun_jcn,noun_lin,noun_lesk,noun_vector,verb_path,verb_lch,verb_wup,verb_res,verb_jcn,verb_lin,verb_lesk,verb_vector,word2vec,Average
Antecedent,0.24583333333333335,0.5995393046876674,0.7941468253968254,0.23855418473564577,0.19944822856103464,0.5496148109129129,0.6273003724816808,0.3714782090939762,0.25,0.5074147244169241,0.4,0.14710727990008113,0.1499924948717909,0.4682221155396819,0.226216583124478,0.350864591009977,0.3602045395340634,0.38152574103529835
a3,0.0,0.0,0.0,0.0,0.0,0.0,0.0,0.0,0.0,0.0,0.0,0.0,0.0,0.0,0.0,0.0,0.23083413928056193,0.013578478781209526
a2,0.2152777777777778,0.5553306526477848,0.7553329023917259,0.23604903804399596,0.1468986325832098,0.5301904332853825,0.3687805958715793,0.3059235906307213,0.25,0.5074147244169241,0.4,0.14710727990008113,0.11253442298964747,0.3978074371040832,0.243211812638832,0.401313227287836,0.31110659545504543,0.34613406606027219
