Similarity Measures,noun_path,noun_lch,noun_wup,noun_res,noun_jcn,noun_lin,noun_lesk,noun_vector,verb_path,verb_lch,verb_wup,verb_res,verb_jcn,verb_lin,verb_lesk,verb_vector,word2vec,Average
Antecedent,0.18333333333333335,0.5250853828770929,0.641025641025641,0.1622759961174653,0.12018987314188645,0.4372888536131192,0.349796609441006,0.3597894625461145,0.3333333333333333,0.5854005934976205,0.5,0.20429869952460447,0.18708076042742097,0.5276512330260932,0.619470273316427,0.472541984570735,0.34163780025048673,0.38530587235543412
a3,0.1388888888888889,0.44541574356698443,0.43939393939393934,0.07769232767820952,0.08875931705189011,0.21405203428578046,0.231195493787216,0.15984435382187,0.3333333333333333,0.5854005934976205,0.5,0.14963634376434948,0.18708076042742097,0.5276512330260932,0.619470273316427,0.472541984570735,0.20408795993051798,0.31614379884360444
a2,0.15555555555555556,0.4701279283366928,0.5,0.09362781019697074,0.08875931705189011,0.216060650343986,0.264911000230502,0.15984435382187,0.3333333333333333,0.5854005934976205,0.5,0.1705406542153321,0.18708076042742097,0.5441969025379998,0.619470273316427,0.472541984570735,0.3099414245465079,0.33361132599899079
a4,0.225,0.5800428374174932,0.717948717948718,0.25072113344821184,0.14280917431714102,0.5533123932074646,0.296982131523644,0.3328731591216795,0.3333333333333333,0.5854005934976205,0.5,0.1705406542153321,0.19924567012850006,0.5755377674586731,0.619470273316427,0.472541984570735,0.34929020113296866,0.40617941321399664
