"Similarity Measures","noun_path","noun_lch","noun_wup","noun_res","noun_jcn","noun_lin","noun_lesk","noun_vector","verb_path","verb_lch","verb_wup","verb_res","verb_jcn","verb_lin","verb_lesk","verb_vector","word2vec"
"a1","0.06357560568086884","0.23685578982851693","0.21267056530214423","0.03657070945473679","0.0357361132340157","0.07112749201188552","0.08293434960101624","0.036368253697165995","0.4583333333333333","0.6403580480380207","0.5944444444444444","0.1175647831069249","0.34285806259179363","0.47773513136065376","0.5223729917050645","0.5447708557862943","0.27616652117241114"
"a3","0.0941919191919192","0.33680965993464546","0.3146825396825397","0.05414225278682663","0.05618899171719181","0.1427121333117045","0.21234783734783724","0.10630776446164425","0.4583333333333333","0.6403580480380207","0.5944444444444444","0.14297775432222096","0.34285806259179363","0.5301467061546455","0.5537913341355372","0.5950520068873694","0.3322678833009674"
"a2","0.06357560568086884","0.23685578982851693","0.21267056530214423","0.03657070945473679","0.0357361132340157","0.07112749201188552","0.08293434960101624","0.036368253697165995","0.5833333333333334","0.7029916407585196","0.7777777777777778","0.21577522875075003","0.5672927579532947","0.7606898140109081","0.7837337244595308","0.6528747665967866","0.34666820002343046"
"Antecedent","1.0","0.9860896635111785","1.0","0.6881532261116355","1.0","1.0","1.0","1.0","1.0","0.8832162807399176","1.0","0.39801191612312614","1.0","1.0","1.0","1.0","1.0"
"a4","0.47222222222222227","0.6989169896022492","0.8129713423831072","0.47025316331611294","0.4090557435055083","0.6534017092471339","0.5411056437737316","0.5452816483284414","0.4861111111111111","0.6586771995514874","0.7083333333333334","0.20605105409088983","0.44805529802625044","0.6425497723286978","0.7853296725932989","0.5543996058404564","0.3539349170192774"
