Similarity Measures,noun_path,noun_lch,noun_wup,noun_res,noun_jcn,noun_lin,noun_lesk,noun_vector,verb_path,verb_lch,verb_wup,verb_res,verb_jcn,verb_lin,verb_lesk,verb_vector,word2vec,Average
Antecedent,0.1976190476190476,0.5395570546386776,0.672979797979798,0.1552649620516008,0.10761747011160301,0.3750598106899045,0.329648359247149,0.23505619340915265,0.75,0.7892658916591693,0.8333333333333333,0.2839263335663749,0.6856625844416031,0.8677036510501335,1.0,0.8697074950726015,0.3558650534117882,0.5322510022518786
a3,0.1619047619047619,0.4889895152696315,0.6825396825396824,0.22454134184916594,0.08157693065985981,0.41091115609623247,0.22466236918309668,0.19591958945507135,0.75,0.7892658916591693,0.9285714285714286,0.2720778833295404,1.0,0.9741714448094926,1.0,0.7868412634271404,0.3309122819126303,0.54722856121570018
a2,0.0,0.0,0.0,0.0,0.0,0.0,0.0,0.0,0.41666666666666663,0.6403580480380207,0.7944444444444444,0.22399111265991944,0.6796601581863211,0.8154320753068782,0.428388476602762,0.555293941104702,0.27599223572666776,0.28413100933743424
a4,0.2222222222222222,0.5736498041612516,0.738897268309033,0.2536282011711462,0.17426673449293362,0.5892006493691195,0.3321515960298013,0.21825764788047763,0.75,0.7892658916591693,0.9444444444444444,0.23153844990863978,1.0,0.9917683191727674,0.6701814058956915,0.6875785336385475,0.34203971294330665,0.55935828713520874
