Similarity Measures,noun_path,noun_lch,noun_wup,noun_res,noun_jcn,noun_lin,noun_lesk,noun_vector,verb_path,verb_lch,verb_wup,verb_res,verb_jcn,verb_lin,verb_lesk,verb_vector,word2vec,Average
a1,0.5175925925925927,0.7059515753204195,0.7782651072124757,0.2761819794503277,0.46925128708475644,0.5848547474719893,0.5882999771816085,0.6172397839953061,0.645,0.7080565264404322,0.72,0.2325084679683615,0.5791203583618042,0.766792756511334,0.7136507377528882,0.7058846944514561,0.5731445468912231,0.59892912580511604
a2,0.18324314574314574,0.47906677272962855,0.5743265993265994,0.14937845174860706,0.12846867444852936,0.36463876618832947,0.3918335633134822,0.3299733064678165,0.575,0.69992118548648,0.8132352941176471,0.2731345566871594,0.5781368170121378,0.8309916218133646,0.8367454634973818,0.6849803103848586,0.41971097052683914,0.48898738232305922
Antecedent,1.0,0.9860896635111783,1.0,0.5060750674202047,1.0,1.0,1.0,1.0,1.0,0.8832162807399178,1.0,0.3893799505747908,1.0,1.0,1.0,1.0,1.0,0.92733888013212296
