"Similarity Measures","noun_path","noun_lch","noun_wup","noun_res","noun_jcn","noun_lin","noun_lesk","noun_vector","verb_path","verb_lch","verb_wup","verb_res","verb_jcn","verb_lin","verb_lesk","verb_vector","word2vec"
"Antecedent","0.14285714285714285","0.4585854890810465","0.5333333333333333","0.13254368326510596","0.10468334706813771","0.35636457778071945","0.190938013136289","0.32713346784077","0.75","0.7892658916591693","0.8333333333333333","0.30253797251717907","0.700116784756097","0.9067835464534257","1.0","0.927000525123401","0.36251430023294073"
"a3","0.25","0.6102881071881849","0.8235294117647058","0.27396175035965004","0.1733018943031839","0.654525825289812","0.358435638435638","0.38935103988815","0.3333333333333333","0.5854005934976205","0.5833333333333333","0.2732078700967071","0.2985608931035542","0.7373145564071868","1.0","0.524282605766957","0.4803931469444433"
"a2","0.2","0.5497975676468014","0.75","0.311104433378413","0.2644743052922011","0.7665339429022006","0.341025641025641","0.292307267573901","0.0","0.0","0.0","0.0","0.0","0.0","0.0","0.0","0.39426269070960257"
"a4","0.25","0.6102881071881849","0.8235294117647058","0.21790654738354823","0.14119485369366097","0.546050272871471","0.533222093149643","0.38935103988815","0.6666666666666666","0.7343084371187691","0.75","0.28853604995387927","0.5945075024520209","0.8315789833471348","1.0","0.9490601920437041","0.3099291244307198"
