"Similarity Measures","noun_path","noun_lch","noun_wup","noun_res","noun_jcn","noun_lin","noun_lesk","noun_vector","verb_path","verb_lch","verb_wup","verb_res","verb_jcn","verb_lin","verb_lesk","verb_vector","word2vec"
"Antecedent","0.26222222222222225","0.5918041912798875","0.6925490196078431","0.16304215618802104","0.1755882639758537","0.46805600106231005","0.4262495209433804","0.3109008294904278","0.39999999999999997","0.6293665571299407","0.7","0.2362217803411409","0.4690895694727294","0.7469308690199037","0.8414188218390806","0.5806490262603402","0.43329693657829865"
"a3","0.20690476190476187","0.5238835120261605","0.6776398438163145","0.1957439487701119","0.10662315866423148","0.41997232996238426","0.415139541139179","0.3856024801031438","0.6333333333333333","0.7265098502106995","0.7888888888888889","0.2837859213235339","0.5454682427240327","0.7834761951565689","0.7385555555555555","0.6485787835611425","0.43460053823606587"
"a2","0.44666666666666666","0.7144295320846689","0.8446753246753247","0.2821854456684766","0.365251837570374","0.6354799769649311","0.5775324720638486","0.5147296499074925","0.5","0.6669467127622399","0.7555555555555555","0.39367031488341453","0.5541357425573521","0.7810939438457811","0.7738940546632854","0.627331572132233","0.46899199012656523"
"a4","0.2752380952380952","0.6089286971986425","0.7572803666921315","0.22546897984769534","0.17459955888247478","0.5189469643665257","0.4124973842764338","0.4182360387565372","0.39999999999999997","0.6293665571299407","0.6416666666666666","0.21086933370070934","0.46180015511335554","0.7536835013340524","0.735412573181804","0.43862143939678566","0.3330957499066523"
