Similarity Measures,noun_path,noun_lch,noun_wup,noun_res,noun_jcn,noun_lin,noun_lesk,noun_vector,verb_path,verb_lch,verb_wup,verb_res,verb_jcn,verb_lin,verb_lesk,verb_vector,word2vec,Average
Antecedent,0.17142857142857143,0.504191528363924,0.6238095238095238,0.18857074101251037,0.10630485495865746,0.43868890493391494,0.21660990170642053,0.219899582287135,0.611111111111111,0.7213107922719862,0.7592592592592592,0.2331982490691986,0.5030177134683812,0.7553290405733047,0.748076923076923,0.6664781897921294,0.4245017196238087,0.46422274157333876
a3,0.13392857142857142,0.4404864090538674,0.4807692307692308,0.11520039815599713,0.08174326205155867,0.26629485465294445,0.2123513880766185,0.193817720629995,0.5555555555555555,0.684672489245053,0.6666666666666666,0.18702279141098233,0.44498746279180484,0.6882930544011397,0.4832508660493737,0.6322575026561114,0.41809420319243934,0.39325837804634761
a2,0.10555555555555556,0.37617753925594444,0.3205128205128205,0.029883075095373943,0.0834577937971929,0.09051201906932921,0.2779979752993065,0.1470915076532825,0.5555555555555555,0.684672489245053,0.6666666666666666,0.11249281560491427,0.4256046896054859,0.47767851426053715,0.4832508660493737,0.6322575026561114,0.5612980992749657,0.35474502853867457
a4,0.225,0.5800428374174932,0.7017543859649122,0.2055939925373802,0.14498098086347624,0.5049837899608679,0.328335452632784,0.30215797065268046,0.5555555555555555,0.684672489245053,0.6666666666666666,0.11892322490278084,0.4256046896054859,0.5043160163754168,0.505013119596453,0.6322575026561114,0.5397469237874087,0.44856503520120738
