"Similarity Measures","noun_path","noun_lch","noun_wup","noun_res","noun_jcn","noun_lin","noun_lesk","noun_vector","verb_path","verb_lch","verb_wup","verb_res","verb_jcn","verb_lin","verb_lesk","verb_vector","word2vec"
"Antecedent","0.5502164502164503","0.7270350178877977","0.8197374520903932","0.31723074542878815","0.515281010235142","0.7038158478071609","0.6329802905343278","0.6252787112630218","0.4727777777777778","0.6265104071758129","0.6852380952380953","0.24082316922476568","0.39007457425988257","0.668252596864097","0.695766258432925","0.5906380390661204","0.5447845496346185"
"a3","0.2107142857142857","0.5390244669103251","0.6478017080958257","0.15149088217036913","0.15040861539020361","0.40570929958855734","0.391074445776958","0.4353420659283607","0.411025641025641","0.5757689347341204","0.5276190476190477","0.06999779291434798","0.3268003301876666","0.3294655024536443","0.4141645706723834","0.42705151273033665","0.30307378622437225"
"a2","0.4766233766233767","0.7137520116027832","0.8304390054390055","0.3123234274753386","0.5176939451494108","0.7125299320677401","0.6490496595165272","0.5578804585102844","0.36935897435897436","0.5647774438260403","0.5042857142857142","0.1657401522373146","0.3708485850674671","0.45054187346282043","0.6109783739503127","0.4840830680661089","0.4816027651223063"
"a4","0.22435064935064933","0.48979083104845633","0.5684102739365898","0.148992083982347","0.19272869818024238","0.378316911477375","0.38841438151459173","0.3811075035595756","0.4533333333333334","0.6187118202677431","0.5958410732714138","0.1711208793398868","0.45750150595935","0.5606071885415783","0.5350918846716719","0.5098896651865663","0.48311426114329875"
