"Similarity Measures","noun_path","noun_lch","noun_wup","noun_res","noun_jcn","noun_lin","noun_lesk","noun_vector","verb_path","verb_lch","verb_wup","verb_res","verb_jcn","verb_lin","verb_lesk","verb_vector","word2vec"
"Antecedent","0.2881613756613757","0.5382842778864978","0.6944444444444443","0.2742069367859925","0.25227872893724784","0.4670112899696779","0.34185185185185185","0.29537956690911765","0.5555555555555555","0.684672489245053","0.7222222222222222","0.2042366879698685","0.5012798874825231","0.7355985490350143","0.607311114811115","0.671485797287157","0.38774515511006513"
"a3","0.16296296296296295","0.4826153033370552","0.5875202769939611","0.18689818483557893","0.09905161028501015","0.3919059346937313","0.25363844055084833","0.2384172775097058","0.3444444444444444","0.5758800936505273","0.5555555555555555","0.1405541180891107","0.1273081994130836","0.3642056123386379","0.5015700483091786","0.32585001065604163","0.23433819283810484"
"a2","0.15033670033670032","0.4552297320479484","0.5588693957115008","0.15358669490921864","0.08838793401942102","0.2941827793606517","0.13855378748235903","0.1302534920509857","0.2888888888888889","0.5392417906235939","0.4444444444444444","0.12121585400042369","0.22516345588185405","0.43805094448280285","0.35441893424036297","0.37723995161657736","0.24085329621389093"
"a4","0.1810185185185185","0.49561294818383805","0.6537336932073774","0.1994557472261278","0.11046662115286855","0.4167840964719607","0.32734264214786185","0.18037395937999764","0.5555555555555555","0.684672489245053","0.7222222222222222","0.14581510158933086","0.4160425948226734","0.5184532079369358","0.7579861111111109","0.7068947091962042","0.4081136840922274"
