"Similarity Measures","noun_path","noun_lch","noun_wup","noun_res","noun_jcn","noun_lin","noun_lesk","noun_vector","verb_path","verb_lch","verb_wup","verb_res","verb_jcn","verb_lin","verb_lesk","verb_vector","word2vec"
"Antecedent","0.1687830687830688","0.4969528083235585","0.5578529657477026","0.1689081745470961","0.10877373113479313","0.3769370461869827","0.38033343678633297","0.3115184312964091","0.5","0.6598545153081948","0.625","0.1683530241811691","0.4106056057972277","0.647943276813697","0.5292885872297637","0.5549688238786961","0.4877369221235442"
"a3","0.16101614434947767","0.47145176736073563","0.5711562402738873","0.12265650553888624","0.10048216838557085","0.3153337703020781","0.23955743338973587","0.32323215023729623","0.5","0.6598545153081948","0.6666666666666666","0.18881265689771465","0.43663574594097426","0.7042806380174109","0.5103995310245311","0.5647955837505154","0.45543625603062976"
"a2","0.17544091710758378","0.4925566193776493","0.5651835093011565","0.12148547027389268","0.09048406894983474","0.29090561502179224","0.2784891136850294","0.2640800751428482","0.5416666666666666","0.687333242578395","0.6666666666666666","0.19603227770342185","0.39561294680698433","0.628291190096549","0.6204229797979797","0.6043920594561892","0.3564873447271725"
"a4","0.25854700854700857","0.533745180183621","0.6348594798543199","0.17680698976625617","0.20481173516323783","0.4348639699556175","0.37579360395468836","0.33738522083480865","0.6666666666666666","0.7343084371187691","0.75","0.19862709868161643","0.5707755267040672","0.7361113987466417","0.651881313131313","0.697873131867187","0.4069340477033408"
