Similarity Measures,noun_path,noun_lch,noun_wup,noun_res,noun_jcn,noun_lin,noun_lesk,noun_vector,verb_path,verb_lch,verb_wup,verb_res,verb_jcn,verb_lin,verb_lesk,verb_vector,word2vec,Average
a1,0.2419047619047619,0.5869457153824824,0.7273809523809524,0.22945223672870002,0.15236318722850997,0.47706443508498897,0.5773291475446646,0.49559759852494845,0.7777777777777777,0.7839443849924853,0.9166666666666666,0.29878450074705815,1.0,0.9864332567812651,0.801111111111111,0.7984909240368423,0.5141137193725034,0.60972708095680694
a3,0.30666666666666664,0.644981520728326,0.8073597455176402,0.28953007630651156,0.2953900976603543,0.6177095758754657,0.8368462738141119,0.5456118266995047,0.3333333333333333,0.5854005934976205,0.7116402116402116,0.17441901238860766,0.24320811096872705,0.5703476831789961,0.383873177949265,0.396692307702976,0.4623468281019101,0.48266806129589584
a2,0.17888888888888888,0.510258072015268,0.6367032967032966,0.20194488574606018,0.11042952394212524,0.4336802548546303,0.45201344113608244,0.27078895513802304,0.38888888888888884,0.6220388965245539,0.7286324786324787,0.2387485103795187,0.21036986706725788,0.638852704675294,1.0,0.529174796023669,0.45559595738828707,0.4474711422355484
Antecedent,1.0,0.9860896635111784,1.0,0.5854937563427862,1.0,1.0,1.0,0.9999999999999979,1.0,0.8832162807399176,1.0,0.36866155206956935,1.0,1.0,1.0,1.0,1.0,0.93079183839196755
a4,0.18714285714285714,0.5254108441287761,0.6516666666666666,0.1809332939067202,0.09630061907990946,0.3898966687554084,0.41804728590656576,0.23094658946191876,0.3333333333333333,0.570048317137423,0.48888888888888893,0.04267087016366094,0.15842461947700417,0.20251054920641462,0.49870255348516196,0.45466690891233036,0.46195958005962423,0.34656179092427442
