Similarity Measures,noun_path,noun_lch,noun_wup,noun_res,noun_jcn,noun_lin,noun_lesk,noun_vector,verb_path,verb_lch,verb_wup,verb_res,verb_jcn,verb_lin,verb_lesk,verb_vector,word2vec,Average
Antecedent,0.34382716049382717,0.6488363444550085,0.7626906318082789,0.24059319569009693,0.24778584242996984,0.5684122207273304,0.7073493766883103,0.5159323424148115,0.5666666666666667,0.6751519893979597,0.8148148148148148,0.20965985644380014,0.46984329759665133,0.7489252371246714,0.7888888888888891,0.569458594792734,0.44163028526597164,0.54826274974704658
a3,0.315954415954416,0.610161294922041,0.7038707880813144,0.18631800884046787,0.23139064331194406,0.49020784906337983,0.5406296160653433,0.4521714446003336,0.5666666666666667,0.6751519893979597,0.8148148148148148,0.19726877253061745,0.46984329759665133,0.7395101879535083,0.7240624999999999,0.5360434104682823,0.3976652502342409,0.50892535002952821
a2,0.4212121212121212,0.6826038675805463,0.8039526921879863,0.29984314860531647,0.34516119422138547,0.6420098446468192,0.712769330517764,0.5029167809984119,0.5666666666666667,0.6751519893979597,0.8148148148148148,0.19726877253061745,0.46984329759665133,0.7395101879535083,0.7648148148148147,0.5360434104682823,0.4716531350579879,0.56742565113362664
a4,0.3888888888888889,0.7040344150556485,0.8456218980728784,0.2845514702300663,0.28657808790510175,0.679421858646037,0.8248411055917682,0.5839851024584478,0.5666666666666667,0.6751519893979597,0.8148148148148148,0.19726877253061745,0.46984329759665133,0.7395101879535083,0.7505853994490357,0.5901616689877857,0.5686637529357546,0.58650525748127247
