Similarity Measures,noun_path,noun_lch,noun_wup,noun_res,noun_jcn,noun_lin,noun_lesk,noun_vector,verb_path,verb_lch,verb_wup,verb_res,verb_jcn,verb_lin,verb_lesk,verb_vector,word2vec,Average
Antecedent,0.5074074074074074,0.7307780470733971,0.8480610021786492,0.36736229019542965,0.4504391857305823,0.7521876084795637,0.6470169575597677,0.5537862944235104,0.4666666666666666,0.6449637309460801,0.6666666666666667,0.22167790325246553,0.3476706398340081,0.6584478439257921,0.5420533170533169,0.539147264198528,0.5706950043099316,0.55970751940598595
a3,0.30168350168350166,0.5930481307694543,0.6672962114138585,0.21058251884324794,0.22501310420698012,0.40909623117365024,0.42401450793325934,0.34326586689072375,0.43999999999999995,0.6172684492216639,0.6428571428571429,0.22167790325246553,0.33260260113944123,0.6354001624679742,0.38415937765937774,0.5143665720690779,0.43389767189761425,0.43507235020467255
a2,0.4185185185185185,0.6823011475329108,0.8168057650410592,0.29280234760839147,0.37540429874388104,0.6213756747270122,0.5452907213546456,0.45269045385923956,0.4133333333333333,0.589573167497248,0.6095238095238096,0.1049992374995794,0.27403998328397083,0.2967351052131971,0.3493765297306032,0.43608861541375427,0.4886114945574178,0.45691001196697478
