Similarity Measures,noun_path,noun_lch,noun_wup,noun_res,noun_jcn,noun_lin,noun_lesk,noun_vector,verb_path,verb_lch,verb_wup,verb_res,verb_jcn,verb_lin,verb_lesk,verb_vector,word2vec,Average
Antecedent,0.34183673469387754,0.6423022412190214,0.7887445887445887,0.2276729850956008,0.23529035101180426,0.512795305168687,0.45781036328696484,0.37577833082684686,0.625,0.6953155025784209,0.8333333333333333,0.1886867772163497,0.5823487687474476,0.7479110716397801,0.611931818181818,0.660184972559035,0.3812926596727216,0.52401387082213513
a3,0.357312925170068,0.6361600683615826,0.7560524209683874,0.2546614778951649,0.3631355003677396,0.5859806325858473,0.5930064375426396,0.3964117755349222,0.6666666666666666,0.7343084371187691,0.8333333333333333,0.22070168342931507,0.7097250856150124,0.8975164898907784,0.590300091431557,0.660184972559035,0.4756801242908653,0.57241988957421674
a2,0.1317939996511425,0.42489611761522383,0.45980755938739126,0.1211683287187684,0.08716526908833536,0.2618352798828281,0.26586252954904205,0.16714921061085536,0.5833333333333334,0.6403580480380207,0.7666666666666666,0.1886867772163497,0.5814249600560524,0.7465010459547862,0.5870454545454545,0.660184972559035,0.3079504836269123,0.41069588450001165
a4,0.21785714285714283,0.5661621275818616,0.7256648113790971,0.23127470903878164,0.1649090189459792,0.5509961809350846,0.49992984120398204,0.30779029096301125,0.6,0.6650702328077291,0.7666666666666666,0.1886867772163497,0.5814249600560524,0.7465010459547862,0.5933169533169536,0.660184972559035,0.33645600425744654,0.49428774916117402
