Similarity Measures,noun_path,noun_lch,noun_wup,noun_res,noun_jcn,noun_lin,noun_lesk,noun_vector,verb_path,verb_lch,verb_wup,verb_res,verb_jcn,verb_lin,verb_lesk,verb_vector,word2vec,Average
Antecedent,0.2888888888888889,0.6161198837012892,0.7965811965811967,0.2910602553898864,0.4182704108751907,0.7210726009900833,0.47900040561086366,0.46879599432215135,1.0,0.8832162807399176,1.0,0.20771289255686065,1.0,1.0,1.0,0.9999999999999956,0.49630537134856406,0.68629554005911109
a3,0.0,0.0,0.0,0.0,0.0,0.0,0.0,0.0,0.0,0.0,0.0,0.0,0.0,0.0,0.0,0.0,0.2826322237755529,0.016625424927973701
a2,0.15873015873015872,0.4864439617652719,0.594017094017094,0.17044153828597927,0.09045725560914807,0.3648073896463744,0.1859081599154743,0.21522758643120898,1.0,0.8832162807399176,1.0,0.20771289255686065,1.0,1.0,1.0,0.9999999999999956,0.38543799938615425,0.57308237159315512
