Similarity Measures,noun_path,noun_lch,noun_wup,noun_res,noun_jcn,noun_lin,noun_lesk,noun_vector,verb_path,verb_lch,verb_wup,verb_res,verb_jcn,verb_lin,verb_lesk,verb_vector,word2vec,Average
a1,0.19075091575091577,0.5275933680887207,0.6715463646459122,0.18516627598920848,0.13047202575415587,0.4345676148343868,0.37858626217199987,0.2708394954563945,0.38068783068783074,0.5811316858790081,0.5166666666666667,0.11572707478828897,0.2177963842219805,0.31497266893295495,0.5026571177051544,0.42666287674177733,0.372112404262981,0.36576100191637273
a3,0.35454822954822957,0.5943633027267358,0.6795883940620784,0.24867128583741424,0.29840116915228504,0.4903336462681207,0.5507397850239473,0.456371484785973,0.43253968253968256,0.6209434888549725,0.6221815221815222,0.19571921100879408,0.36791446150611656,0.5991440319469759,0.6224260109250364,0.5356161994059314,0.5103150003012907,0.48116570035735912
a2,0.3482905982905983,0.6402826722192221,0.7831418958115791,0.2652367225781816,0.273269265203734,0.6044440361202648,0.4840480156932258,0.4090532618934763,0.38068783068783074,0.581131685879008,0.5446368446368447,0.16190364218894046,0.29306795098350447,0.5263348057346816,0.5620923710348662,0.46362993948767645,0.4963209725880336,0.45985720653127465
a4,0.5153846153846154,0.7537168818923524,0.8686490985133518,0.3551682363675024,0.47124754618112963,0.7658811025317516,0.8846296438072029,0.5956592351253276,0.5092592592592592,0.6673422961160091,0.7030562030562031,0.27868949671633025,0.5839178566729637,0.8145362226435124,0.7777234403195276,0.6476863086177637,0.6023426389156583,0.63499353424238014
