"Similarity Measures","noun_path","noun_lch","noun_wup","noun_res","noun_jcn","noun_lin","noun_lesk","noun_vector","verb_path","verb_lch","verb_wup","verb_res","verb_jcn","verb_lin","verb_lesk","verb_vector","word2vec"
"Antecedent","0.1986111111111111","0.5404886461340076","0.7264005602240897","0.20743907987431376","0.14184065429701928","0.5275890469740068","0.6543310262147648","0.3356421095452904","0.75","0.7892658916591693","0.9285714285714286","0.3261861058804529","1.0","0.9747093127661829","1.0","0.8336567951360465","0.41089412857664004"
"a3","0.15126262626262627","0.4634671269711846","0.49821048834206727","0.14667508797322173","0.0987499418443794","0.3247274362829063","0.48171689819977187","0.17047149617906246","0.6666666666666666","0.7343084371187691","0.75","0.2261368514560131","0.6011865773841037","0.7617568614838226","0.7560771744595275","0.709893117338599","0.3530836969224877"
"a2","0.16984126984126982","0.5029187516117442","0.6446392659627954","0.21204937905381183","0.12930005682935294","0.4933239465950094","0.24298366263062485","0.20894315383383885","0.6666666666666666","0.7343084371187691","0.7857142857142857","0.2451680008351147","0.6011865773841037","0.7651648051295201","0.7560771744595275","0.644777368446318","0.2429775743676121"
"a4","0.14371693121693122","0.4472497770623016","0.5393090569561158","0.17782685008406793","0.09832532687380886","0.3792482868328511","0.46869822251425913","0.3315950001404928","0.41666666666666663","0.6403580480380207","0.6136363636363636","0.2089805666799237","0.2510431766046973","0.5356803449376923","0.627007266926622","0.687347205859836","0.37790635680725654"
