Similarity Measures,noun_path,noun_lch,noun_wup,noun_res,noun_jcn,noun_lin,noun_lesk,noun_vector,verb_path,verb_lch,verb_wup,verb_res,verb_jcn,verb_lin,verb_lesk,verb_vector,word2vec,Average
Antecedent,0.21666666666666667,0.5699610808272626,0.7666666666666666,0.22661383354448197,0.1364800355800401,0.5459418035771954,0.2407775505174173,0.32597473662829235,0.41666666666666663,0.6403580480380207,0.6666666666666666,0.20016555530814029,0.2914249752162838,0.6638759844311699,0.6776785714285715,0.549220460346726,0.29031650313462515,0.43679151795558202
a3,0.13888888888888887,0.4483826187202536,0.5464052287581699,0.1433755106050984,0.08905666406617324,0.3260107810774399,0.22579376297754303,0.2594369399941214,0.41666666666666663,0.6403580480380207,0.6666666666666666,0.23565692487379628,0.3129731508296102,0.7185150820727946,1.0,0.5818808587553025,0.3358748468525197,0.41682015528488625
a2,0.24444444444444446,0.5959563705208281,0.794973544973545,0.2218315292129156,0.14305794552455162,0.520832662973368,0.5118635829676363,0.2803215877606343,0.41666666666666663,0.6403580480380207,0.7333333333333334,0.25527343054696755,0.3078671623593855,0.7344877018781464,1.0,0.582709628294908,0.25057912947090333,0.48438569229213257
a4,0.15595238095238095,0.47692346191817875,0.5777777777777778,0.14081997060959314,0.09584603171218169,0.3411045906947639,0.2655844881491433,0.192845542391077,0.3333333333333333,0.5854005934976205,0.6636363636363636,0.16771115962443803,0.09847117232208494,0.3854925886803808,0.313766095016095,0.27969207239306,0.2850894982614023,0.31526159535116915
