Similarity Measures,noun_path,noun_lch,noun_wup,noun_res,noun_jcn,noun_lin,noun_lesk,noun_vector,verb_path,verb_lch,verb_wup,verb_res,verb_jcn,verb_lin,verb_lesk,verb_vector,word2vec,Average
Antecedent,0.49861111111111117,0.7071543845254854,0.7828548085901027,0.2841853313171374,0.5443245388886739,0.625712349986755,0.6668320061375056,0.5986957447899034,0.5833333333333334,0.6953155025784209,0.6888888888888888,0.31775349268065,0.5641608946576333,0.7785962887771282,0.738425925925926,0.586262558925255,0.48402075015830015,0.59677223007483604
a3,0.24861111111111112,0.5765656924178036,0.6925976800976801,0.22111429894369905,0.2425425178871811,0.5286524491085924,0.6730809140097865,0.40878785133414786,0.3055555555555555,0.5594053038040551,0.4666666666666666,0.26809443436623503,0.2042853620098699,0.6454054206167774,0.5268314093314094,0.3735971831066074,0.49646471730153363,0.43754462162757124
a2,0.3888888888888889,0.6805978380887826,0.7799306086070792,0.26939907450279404,0.2932584377719862,0.6146620216529596,0.6869924618487507,0.4817644218397672,0.38888888888888884,0.6220388965245539,0.6919191919191919,0.2965936730894442,0.49350891149350434,0.7659289079354656,0.6628553526673827,0.41636089210984667,0.5208302427521352,0.53261286532831886
a4,0.27499999999999997,0.6161198837012892,0.7586640211640212,0.25666976599287683,0.2015015709583202,0.5830504824299271,0.5877819958998293,0.444226474941186,0.3055555555555555,0.5594053038040551,0.5666666666666668,0.16045523151930466,0.15466825666295728,0.3888276265771437,0.498803606237817,0.448699736322955,0.5717661513811657,0.43399190175382768
