Similarity Measures,noun_path,noun_lch,noun_wup,noun_res,noun_jcn,noun_lin,noun_lesk,noun_vector,verb_path,verb_lch,verb_wup,verb_res,verb_jcn,verb_lin,verb_lesk,verb_vector,word2vec,Average
Antecedent,0.1946624803767661,0.5010362312523837,0.6257274201546646,0.1680602138596506,0.09579755838059445,0.3504095011376821,0.26983911077240985,0.29240229739283824,0.41666666666666663,0.6403580480380207,0.65,0.2283018772818932,0.22718938043592374,0.6706780527873114,0.689814814814815,0.670573531356264,0.2943599171600726,0.4109339471687033
a3,0.10289115646258504,0.35798179555995097,0.36575432848724765,0.06109261881068834,0.06752119523151558,0.1327801460896964,0.10480443614897395,0.0687053116537787,0.3333333333333333,0.5854005934976205,0.5,0.18560200978892774,0.22216287341985735,0.6146315246875591,0.3762345679012345,0.31187699222637,0.28414798911870726,0.27499534543635568
a2,0.14251700680272109,0.4463698317022204,0.5817519352238503,0.144808680672971,0.09457724475459964,0.32862207423753115,0.19765850705006752,0.1633306063091681,0.6666666666666666,0.7343084371187691,0.75,0.2787855187939472,0.5967131974107546,0.816829273143866,0.6474206349206351,0.67674786377399,0.3931944171410793,0.45060599386604927
a4,0.14795918367346936,0.46615217579108903,0.6156944964220505,0.16749375411026945,0.10059621843859243,0.36611904125591294,0.20052517973188685,0.21851883978079797,0.41666666666666663,0.6403580480380207,0.5833333333333333,0.2421057951806655,0.5496827047157943,0.6919822412977016,0.6498299319727889,0.44537764762486753,0.4561769604523062,0.40932777755801247
