"Similarity Measures","noun_path","noun_lch","noun_wup","noun_res","noun_jcn","noun_lin","noun_lesk","noun_vector","verb_path","verb_lch","verb_wup","verb_res","verb_jcn","verb_lin","verb_lesk","verb_vector","word2vec"
"a1","0.2743589743589744","0.5821103550568676","0.6966030199061872","0.1884651994241273","0.20130843803480847","0.4342007144410064","0.31816880205036013","0.30079280762962457","0.3962962962962963","0.5861489358218037","0.5940917107583774","0.12682316119603965","0.41849704028649265","0.4639544106779877","0.4490417904018568","0.4406849083858279","0.41521079198219596"
"a3","0.24401709401709407","0.5278375640133757","0.561127761127761","0.18829389762183185","0.1765606476186614","0.39548882999226265","0.3649491233388872","0.30860425484259163","0.4425925925925926","0.6034791289508473","0.5650793650793651","0.1441973361791401","0.3759644891901694","0.494192798436072","0.5325047212332087","0.5250259296542207","0.4587247284698044"
"a2","0.3797008547008547","0.6789912718302301","0.8126043877532327","0.30282408856302595","0.27813848931349544","0.5184920989206476","0.5205938710170659","0.41032164094167645","0.3592592592592593","0.5617234004705147","0.4984126984126984","0.09396836315611419","0.27612377725819093","0.3830816873249609","0.4490417904018568","0.46039711650848436","0.40497484313810245"
"Antecedent","1.0","0.9860896635111783","0.9926739926739927","0.612549741327965","1.0","1.0","1.0","0.9999999999999999","1.0","0.8832162807399176","1.0","0.41885874582712496","1.0","1.0","1.0","0.9999999999999984","1.0"
"a4","0.19081196581196583","0.4395092917851358","0.4117202556116583","0.12257317509276255","0.12021935770666763","0.2034074901233097","0.24077287006104894","0.2012454800516567","0.3592592592592593","0.5617234004705147","0.4984126984126984","0.09396836315611419","0.27612377725819093","0.3830816873249609","0.4490417904018568","0.4406849083858279","0.33469030757295104"
