Similarity Measures,noun_path,noun_lch,noun_wup,noun_res,noun_jcn,noun_lin,noun_lesk,noun_vector,verb_path,verb_lch,verb_wup,verb_res,verb_jcn,verb_lin,verb_lesk,verb_vector,word2vec,Average
Antecedent,0.4243386243386243,0.6793619898695644,0.7833925773038259,0.28205354132657173,0.4755788376426595,0.6736466334172325,0.5980059415713278,0.4598381074212344,0.8333333333333334,0.8205826880194187,0.9173789173789173,0.24064353511156197,0.8510691707048379,0.9320967935766602,1.0,0.8245185471851819,0.5611027281605565,0.668055409785971
a3,0.2561728395061728,0.5334638300231953,0.639713453232545,0.18370751327496937,0.22700071296494537,0.4650802906252138,0.3351364745557456,0.3256265316299325,0.5925925925925927,0.7248584633831089,0.7222222222222223,0.22766055161582585,0.6418038721389676,0.8173667261977822,0.9305555555555556,0.663512919646352,0.4441097900367806,0.51356378465893571
a2,0.3030864197530864,0.6015890193591851,0.7349291231644173,0.20838757321838014,0.22182985238010905,0.5300485093781981,0.5829795999132056,0.41563766923504086,0.5185185185185185,0.6917678314672981,0.7056530214424951,0.21361609667210985,0.7327744912775142,0.8284454721046525,0.8445195545195545,0.5100817892625407,0.4278949620294811,0.53363291198210505
a4,0.3299382716049383,0.6192933836503203,0.7293521732634219,0.24240840013047973,0.3455271942365415,0.607900174429395,0.5739040340337174,0.43175623505814315,0.35185185185185186,0.597613361173265,0.6543209876543209,0.1821450675189,0.28005953024346186,0.628873460041446,0.44603012549268584,0.44234740322007154,0.3792414857807074,0.46132724349315701
