"Similarity Measures","noun_path","noun_lch","noun_wup","noun_res","noun_jcn","noun_lin","noun_lesk","noun_vector","verb_path","verb_lch","verb_wup","verb_res","verb_jcn","verb_lin","verb_lesk","verb_vector","word2vec"
"Antecedent","0.2611111111111111","0.6161198837012892","0.7563131313131312","0.1901888931528101","0.1622630090433532","0.39026932756978283","0.28910543373538","0.1814250901316883","0.3333333333333333","0.5854005934976205","0.5","0.14640219852762754","0.08185941054045721","0.3031428698985532","0.258333333333333","0.151349137843678","0.3384845532965136"
"a3","0.1638888888888889","0.4908526982602914","0.569833675096833","0.11243857270692781","0.10592572948662571","0.2928807099403082","0.33229863924421066","0.35351075336254034","0.3333333333333333","0.5854005934976205","0.5","0.14640219852762754","0.10541184349430531","0.3636330876379138","0.22827380952381","0.403102626134919","0.28149898627328024"
"a2","0.45555555555555555","0.6787534764217882","0.793859649122807","0.28065088610188477","0.4182773374620145","0.6388056461173989","0.5583864283864284","0.5451285532442823","0.3333333333333333","0.5854005934976205","0.5714285714285714","0.20429869952460447","0.13469671971662986","0.5233775403509761","0.275","0.479934418589078","0.43957488810883394"
"a4","0.2333333333333333","0.5901245940077238","0.7519607843137255","0.18145455540607888","0.13423891106157004","0.4538621385278474","0.485882718044043","0.4353147761259217","0.3333333333333333","0.5854005934976205","0.5714285714285714","0.20429869952460447","0.10541184349430531","0.4278256821975202","0.193541666666667","0.352498082837293","0.2802765175457536"
