Similarity Measures,noun_path,noun_lch,noun_wup,noun_res,noun_jcn,noun_lin,noun_lesk,noun_vector,verb_path,verb_lch,verb_wup,verb_res,verb_jcn,verb_lin,verb_lesk,verb_vector,word2vec,Average
a1,0.3167388167388167,0.5782925492414366,0.6822472848788638,0.24779751304612152,0.2819793696192218,0.5019566164720014,0.3764203665098491,0.4429525050007539,0.40625000000000006,0.6128793207678207,0.6721230158730158,0.243852334456784,0.3784312022706994,0.7156532866278643,0.5835773952434373,0.547426889120754,0.4788905897460682,0.47455700327138278
a3,0.2726851851851852,0.5120877380303103,0.5677476118652589,0.16269245401206778,0.23384211681008094,0.359787563366639,0.38403468828779586,0.3010252326768158,0.0,0.0,0.0,0.0,0.0,0.0,0.0,0.0,0.23192016278464792,0.17798957370698834
a2,0.35575396825396827,0.6192370221204635,0.7266339869281047,0.22604232806402236,0.410865136759019,0.5737505181432084,0.5028608341816698,0.44538893525917106,0.36458333333333337,0.6031310871327336,0.6267816742081448,0.22489383363876175,0.33820737749128,0.6345235214351433,0.5029202073646518,0.5021804750456322,0.4257879563574376,0.475502482100985
Antecedent,1.0,0.9860896635111783,1.0,0.4897265388530969,1.0,1.0,1.0,0.9999999999999974,1.0,0.8832162807399176,1.0,0.47830307444258857,1.0,1.0,1.0,1.0,1.0,0.93160797397333983
a4,0.34848484848484845,0.6165739637727424,0.7329687856003645,0.2779500732988837,0.3238832959503169,0.6044313347941656,0.4925489480594281,0.40815743810736116,0.30625,0.5583428087847736,0.4875,0.15341853849303555,0.16310368803500638,0.43101710308558583,0.3231386690015063,0.3612191909822077,0.3667509798861222,0.40916115684331461
