Similarity Measures,noun_path,noun_lch,noun_wup,noun_res,noun_jcn,noun_lin,noun_lesk,noun_vector,verb_path,verb_lch,verb_wup,verb_res,verb_jcn,verb_lin,verb_lesk,verb_vector,word2vec,Average
Antecedent,0.5833333333333334,0.7981888853496817,0.9076923076923077,0.2996154772775343,0.5484813613728708,0.7942795449969849,0.772070162835249,0.5983752725296093,0.511904761904762,0.6593499514124631,0.7848191908342284,0.24837767607391295,0.6553622676157695,0.8318146957841203,0.7108396868030326,0.6084845747653437,0.540471347075271,0.63843885280332202
a2,0.21944444444444444,0.5534862909807904,0.6666666666666666,0.2295397350697089,0.22826032215749414,0.5923582687406954,0.2476671830828677,0.40947245481777134,0.6309523809523808,0.7175971794586199,0.8038548752834467,0.26464276217215005,0.681707954444322,0.8242997011170206,0.7865532879818594,0.7085496020332426,0.5567721469222218,0.53657795625445315
