"Similarity Measures","noun_path","noun_lch","noun_wup","noun_res","noun_jcn","noun_lin","noun_lesk","noun_vector","verb_path","verb_lch","verb_wup","verb_res","verb_jcn","verb_lin","verb_lesk","verb_vector","word2vec"
"Antecedent","0.30401234567901236","0.6031927649659397","0.7613291321731219","0.2633688718121521","0.26910782832776164","0.583158146758016","0.38744524801635666","0.30271324043704767","0.42857142857142855","0.599026033508513","0.5833333333333333","0.1920387831539265","0.47546110008801945","0.5962199609643584","0.5751143301143302","0.4743565703909166","0.40928611347413785"
"a3","0.2257495590828924","0.4822877772063728","0.5668453541260559","0.1853497564222096","0.18384847850504016","0.36935732636026675","0.35240763517979223","0.25004508901875094","0.32857142857142857","0.5614458778762137","0.5433333333333333","0.14626535848772346","0.46427866370352266","0.49257260358175287","0.4874052222721845","0.3175302623134078","0.40773946884584317"
"a2","0.08073716407049741","0.30106810596369893","0.2719806051075401","0.05706319800585315","0.06614647813365854","0.12576344281389729","0.14983841158764843","0.13527767854640807","0.0","0.0","0.0","0.0","0.0","0.0","0.0","0.0","0.07520933262328935"
"a4","0.15414462081128746","0.473622680641851","0.582592614324117","0.1825855790718883","0.08212802776510167","0.35618339023415024","0.23330560629237387","0.13337827073951483","0.46190476190476193","0.621009015324673","0.6277777777777778","0.18043867633100738","0.4306055238658747","0.576087675117154","0.5751143301143302","0.5470716195023752","0.32696181211702097"
