"Similarity Measures","noun_path","noun_lch","noun_wup","noun_res","noun_jcn","noun_lin","noun_lesk","noun_vector","verb_path","verb_lch","verb_wup","verb_res","verb_jcn","verb_lin","verb_lesk","verb_vector","word2vec"
"Antecedent","0.15555555555555556","0.4701279283366928","0.575","0.11869132081478348","0.09513367282347839","0.28571737539153863","0.314841451335176","0.2034519044702075","0.26666666666666666","0.5161623891865805","0.625","0.23924551120659965","0.23605541265052732","0.6070878737489547","0.613567134619766","0.4186983666537295","0.46012826471680907"
"a3","0.41666666666666663","0.7432314308092816","0.8761904761904762","0.3071844095498922","0.4965424261597471","0.7926458683094554","0.6364524125299985","0.5456273034717816","0.41666666666666663","0.6403580480380207","0.6785714285714286","0.23567545489972241","0.25465204492725985","0.6564219194575276","0.65625","0.45865028482097003","0.39560553470887433"
"a2","0.29166666666666663","0.6492810417285331","0.7922077922077921","0.22255980749823484","0.14591659769929738","0.548403634531","0.6629210658622425","0.3940035536641","0.6666666666666666","0.7343084371187691","0.7857142857142857","0.2889785863736729","0.6054357782823643","0.7606428194298999","0.626409181096681","0.7333956841197885","0.49409694356386075"
"a4","0.20833333333333331","0.5553306526477848","0.7157894736842105","0.20279985107168647","0.11115108659721884","0.45527809912596884","0.2809140703070985","0.2617589402180455","0.26666666666666666","0.5161623891865805","0.41666666666666663","0.1374616659532813","0.10656543786714678","0.3670440540874369","0.19479564553094","0.274217745659325","0.2891152926881589"
