"Similarity Measures","noun_path","noun_lch","noun_wup","noun_res","noun_jcn","noun_lin","noun_lesk","noun_vector","verb_path","verb_lch","verb_wup","verb_res","verb_jcn","verb_lin","verb_lesk","verb_vector","word2vec"
"Antecedent","0.24666666666666667","0.5797060833716107","0.7566501131718524","0.298451236782561","0.3161981915871767","0.6556969781348106","0.5448441584286174","0.3428703405464356","0.7333333333333334","0.7377855821184586","0.7777777777777778","0.17875359831774063","0.6952145086916923","0.6666666666666666","0.794102564102564","0.7715006468532524","0.5289239410600256"
"a3","0.15277777777777776","0.46279304247508524","0.5447619047619047","0.15518590665741896","0.08904782450413991","0.3350682245485199","0.46168700492626585","0.3079665598538832","0.39999999999999997","0.6125183966774608","0.6370370370370371","0.1634417000413885","0.41377695881947435","0.5265358367986306","0.7159842472342474","0.5529443783613863","0.2135527436273901"
"a2","0.21000000000000002","0.5618956755550781","0.729047619047619","0.23382148543629272","0.16644488962696571","0.5749943641992622","0.48380002031923197","0.3490426709036214","0.39999999999999997","0.6125183966774608","0.5555555555555555","0.19993542257766284","0.18220241726992567","0.5522038152588001","0.8001234567901233","0.5664467241142956","0.4478544756720264"
"a4","0.20666666666666664","0.5542240356475882","0.7041930618401206","0.2022607643555566","0.15198251233116314","0.5095554160226222","0.4895669974335922","0.28715933597868304","0.5555555555555555","0.684672489245053","0.8362573099415204","0.2808927709294819","0.5875127785816475","0.860605046400322","0.7865689865689868","0.7411815176354436","0.4981562235356382"
