"Similarity Measures","noun_path","noun_lch","noun_wup","noun_res","noun_jcn","noun_lin","noun_lesk","noun_vector","verb_path","verb_lch","verb_wup","verb_res","verb_jcn","verb_lin","verb_lesk","verb_vector","word2vec"
"a1","0.1625","0.4860924483367448","0.6491228070175439","0.22048464028718728","0.09948252590152844","0.44258493600640536","0.5562913798366385","0.22224898007876898","0.3055555555555555","0.5594053038040551","0.4666666666666666","0.0","0.09947084219672868","0.0","0.22170991045991037","0.32994815354461","0.3446960588509708"
"a3","0.13392857142857142","0.4404864090538674","0.5164835164835164","0.15402667036039397","0.07414945647513185","0.30740495045392435","0.17875119560019148","0.1318580690283575","0.5277777777777778","0.6586771995514874","0.6333333333333333","0.06988746493608712","0.4050421666625293","0.3333333333333333","0.4817134254634254","0.5330748173895556","0.3823449554628159"
"Antecedent","0.1625","0.4860924483367448","0.6491228070175439","0.22048464028718728","0.09230050687541189","0.44258493600640536","0.5562913798366385","0.3505265084567435","0.3055555555555555","0.5594053038040551","0.4666666666666666","0.04903575996669371","0.1204166444033921","0.15184449761921917","0.19092341107966085","0.28164786818211","0.3972698912525141"
"a4","0.1875","0.5163377181074366","0.5684523809523809","0.18160277371954617","0.09057166315111712","0.3690197356703025","0.597268687085029","0.1989340834441095","0.5277777777777778","0.6586771995514874","0.6333333333333333","0.06988746493608712","0.4050421666625293","0.3333333333333333","0.48305221013554367","0.5330748173895556","0.31448668751433584"
