"Similarity Measures","noun_path","noun_lch","noun_wup","noun_res","noun_jcn","noun_lin","noun_lesk","noun_vector","verb_path","verb_lch","verb_wup","verb_res","verb_jcn","verb_lin","verb_lesk","verb_vector","word2vec"
"Antecedent","0.20833333333333331","0.5507249697397256","0.6948279790385054","0.25157964574795644","0.17367322298980517","0.579510366893","0.2831417856414272","0.24977156972479797","0.5083333333333333","0.6527141404228749","0.7277777777777779","0.1529108714946507","0.597215083071719","0.6758909838996873","0.625","0.6363592404152265","0.3779484441374979"
"a3","0.15857142857142859","0.4684929485773284","0.5323038073038073","0.11394107289969906","0.09742359956655272","0.27659468006628257","0.3311787793614972","0.21649017991048805","0.5083333333333333","0.6527141404228749","0.7277777777777779","0.22160889166328962","0.5985246133383415","0.7833748528429562","0.625","0.6363592404152265","0.377839910652038"
"a2","0.5888888888888888","0.7698200955335007","0.8644444444444443","0.3285261102040462","0.6610473794098164","0.7841095564783179","0.8363347723704866","0.7017328463828678","0.5416666666666666","0.6873332425783949","0.8433823529411765","0.2619273663550756","0.6144452108979186","0.8567195935263375","0.914186507936508","0.762919432197521","0.40804523356805045"
"a4","0.18722222222222223","0.5166438800152887","0.6821661998132587","0.25956983828521774","0.17302719201781072","0.5753426198902185","0.2870393855421506","0.23474063664405742","0.3","0.5507814913421005","0.6247420020639834","0.16880442910232868","0.17338141718777283","0.505551468233039","0.32444614385305776","0.4519098911150663","0.3161460610689216"
