Similarity Measures,noun_path,noun_lch,noun_wup,noun_res,noun_jcn,noun_lin,noun_lesk,noun_vector,verb_path,verb_lch,verb_wup,verb_res,verb_jcn,verb_lin,verb_lesk,verb_vector,word2vec,Average
Antecedent,0.2232142857142857,0.5683713226613873,0.6848740891891048,0.1882399094551943,0.11915171184740861,0.43103250420689054,0.30083337749890876,0.26599942746842326,0.41666666666666663,0.6403580480380207,0.6944444444444444,0.24763761691940747,0.5659130579244448,0.7037293094287236,0.6597306910569105,0.7087310311376844,0.34915826698219393,0.45694622121412348
