"Similarity Measures","noun_path","noun_lch","noun_wup","noun_res","noun_jcn","noun_lin","noun_lesk","noun_vector","verb_path","verb_lch","verb_wup","verb_res","verb_jcn","verb_lin","verb_lesk","verb_vector","word2vec"
"Antecedent","0.3066666666666667","0.6247786640041276","0.7502073090308384","0.20335931348823516","0.21013059753752156","0.505402134727215","0.44650528034527825","0.3109018199940224","0.75","0.7579490952989199","0.7999999999999999","0.21228343938810657","0.724323509472853","0.828096079062747","0.7456665473206826","0.8154077077591123","0.4026116217782816"
"a3","0.20595238095238094","0.5538810846986993","0.6842293327587445","0.1921338468748242","0.14451376925773932","0.4684318807055866","0.31073511384865665","0.2397990585194732","0.2333333333333333","0.4872512112364629","0.4900584795321638","0.11389166673696727","0.12652435121881356","0.32397162299797605","0.2609976693685967","0.34509324928729496","0.2623889080858069"
"a2","0.26301587301587304","0.5614636676584597","0.676872562422098","0.19534273474090985","0.17828868103865672","0.40217089760884833","0.36319733749633015","0.248931858665936","0.75","0.7579490952989199","0.7999999999999999","0.18063955643233598","0.709106365762871","0.6666666666666666","0.750665905631659","0.8154077077591123","0.46591836891125527"
"a4","0.37666666666666665","0.6563097656822886","0.7671836660071955","0.2646820287731354","0.3019788100340142","0.5853891647813566","0.4910546041224671","0.40031916029470993","0.3055555555555555","0.5594053038040551","0.4666666666666666","0.14461201606372906","0.23946540044645426","0.5409870138941262","0.3447980868578506","0.3636863795782867","0.30898719010354636"
