"Similarity Measures","noun_path","noun_lch","noun_wup","noun_res","noun_jcn","noun_lin","noun_lesk","noun_vector","verb_path","verb_lch","verb_wup","verb_res","verb_jcn","verb_lin","verb_lesk","verb_vector","word2vec"
"Antecedent","0.5","0.711914634449032","0.815686274509804","0.3549702223513445","0.5276348443200939","0.7466415789294573","0.6708981165465809","0.5264762199349462","0.4833333333333333","0.6513495389461006","0.6133333333333333","0.16621593700702902","0.30945349815017276","0.4758346605221996","0.8367358783273902","0.58166377563442","0.4583148487854212"
"a3","0.4876984126984127","0.7131874112012119","0.8436041083099907","0.3546484554250084","0.5025710093727607","0.7586214020428464","0.6220967890958281","0.5182816384496248","0.5333333333333333","0.6889296945784001","0.6666666666666666","0.17575416727686172","0.3648002167595653","0.6523933732165341","1.0","0.7265680059075186","0.529280285366729"
"a2","0.49603174603174605","0.7049500162779757","0.7896046677780424","0.35107706929545374","0.5661729877766996","0.723632097574119","0.7143800332923863","0.579029721249941","0.6666666666666667","0.7484928320268595","0.7666666666666666","0.20187072840445325","0.5091636431654459","0.7073765754229682","1.0","0.7399782513856902","0.5143032464839562"
"a4","0.4777777777777778","0.7071543845254854","0.8418894830659537","0.34669637557427607","0.4353875509480761","0.6890567147286113","0.6156333612040136","0.6347467622643792","0.5166666666666666","0.6733325207622609","0.6466666666666666","0.2170640274117453","0.48963472094519433","0.7332122916537097","0.861017316017316","0.5737255402489432","0.4620354797545884"
