Similarity Measures,noun_path,noun_lch,noun_wup,noun_res,noun_jcn,noun_lin,noun_lesk,noun_vector,verb_path,verb_lch,verb_wup,verb_res,verb_jcn,verb_lin,verb_lesk,verb_vector,word2vec,Average
Antecedent,0.14285714285714285,0.4585854890810465,0.5857142857142856,0.22197394374073787,0.12945004374976268,0.49615714474431405,0.2444876936889965,0.2176533531468965,0.3333333333333333,0.5854005934976205,0.5,0.14484704318788025,0.2232369936473969,0.532827074284988,0.51396287574859,0.39137154582541606,0.28625616100958107,0.35341851277988179
a3,0.5714285714285714,0.7223375762961125,0.7666666666666666,0.29993021213570875,0.552164400074749,0.6646758739161234,0.717765567765568,0.7339867467424085,0.6666666666666666,0.7579490952989199,0.8690476190476191,0.2886923434962892,0.8419924943292955,0.9435293444643679,1.0,0.9387606095323764,0.5771782037819768,0.70075129362608346
a2,0.5714285714285714,0.7223375762961125,0.7857142857142857,0.31234464315243954,0.5559163851594691,0.7062778811140747,0.651167559781297,0.6316093634329585,0.611111111111111,0.7213107922719865,0.7666666666666666,0.2139927282861586,0.5011090012276431,0.7548261268975995,0.7936711436711437,0.7178597136822157,0.5301212457966233,0.62043910562884452
a4,0.3333333333333333,0.6882739762688813,0.8660714285714286,0.33345743513384285,0.3442310276297329,0.819144997418074,0.6960306057288815,0.8372257979021945,0.611111111111111,0.7213107922719865,0.8412698412698413,0.25224234459595324,0.6253452579285003,0.85112989194495,1.0,0.7750649377381663,0.3941175906976395,0.64643296291438335
