"Similarity Measures","noun_path","noun_lch","noun_wup","noun_res","noun_jcn","noun_lin","noun_lesk","noun_vector","verb_path","verb_lch","verb_wup","verb_res","verb_jcn","verb_lin","verb_lesk","verb_vector","word2vec"
"Antecedent","0.13333333333333333","0.43113499379634457","0.5182186234817814","0.11707411257385034","0.08198516884011742","0.2748475617658632","0.2914933337719535","0.1147299448417802","0.5555555555555555","0.684672489245053","0.7592592592592592","0.21086895701852323","0.48379109658318314","0.6774966804957766","0.5912037037037038","0.5684901494794686","0.4938894226620246"
"a3","0.23809523809523808","0.5734297326749639","0.7619047619047619","0.30008863776773587","0.15987866085055336","0.6414731038968732","0.7452991452991455","0.4604481422391915","0.5555555555555555","0.684672489245053","0.6666666666666666","0.11666298819057996","0.48542324428567135","0.5491091707560739","0.6788425925925927","0.576364405981085","0.5035827465146819"
"a2","0.13333333333333333","0.43113499379634457","0.46963562753036436","0.07342031285196784","0.06617146450895087","0.15369927372367428","0.2699258992906825","0.22593400914754302","0.611111111111111","0.7213107922719862","0.7222222222222222","0.21320212794085167","0.48361397115452104","0.677039998263401","0.7694444444444444","0.7067113065621093","0.4650156156161942"
"a4","0.2","0.5497975676468014","0.6904761904761905","0.2514431505750177","0.12194918996434573","0.5332641816519091","0.452724939128448","0.28487615859406","0.7777777777777778","0.7839443849924853","0.8333333333333334","0.21590051518433676","0.7041554816249581","0.8111816819646668","0.8570833333333333","0.766903483299073","0.624831539997137"
