Similarity Measures,noun_path,noun_lch,noun_wup,noun_res,noun_jcn,noun_lin,noun_lesk,noun_vector,verb_path,verb_lch,verb_wup,verb_res,verb_jcn,verb_lin,verb_lesk,verb_vector,word2vec,Average
Antecedent,0.22916666666666666,0.5828093799179848,0.7571644042232277,0.1945935033061041,0.17328582934899356,0.4619946096023031,0.35552273062666173,0.24680893242029123,0.45,0.6293665571299407,0.58,0.1249824592956605,0.30551341825516637,0.4359926456406439,0.594020246437429,0.571531796459168,0.3893707338696188,0.41659552430587415
a3,0.2523809523809524,0.5962327523164027,0.6991421568627452,0.1678581730714161,0.15609619417147425,0.43155862085953145,0.667473544973545,0.3903478764068355,0.3,0.554206245865342,0.5073684210526316,0.09254206841615613,0.08624089227091837,0.2078101167196822,0.2083450397816582,0.21050927906894504,0.30483020550932066,0.34311426704279741
a2,0.25,0.6023058471881589,0.7791424262012497,0.2635465449200176,0.24147811666308516,0.5920027679958662,0.4745282835627105,0.26929612906016126,0.36666666666666664,0.598172209497662,0.5869841269841269,0.2001935784861646,0.3261721084913004,0.5476795713942894,0.5687980281281716,0.5035363784550285,0.3356929156081652,0.44154092348840152
a4,0.5083333333333333,0.7555875231941357,0.8731060606060607,0.3229329448383587,0.42805145705061315,0.7448248731471372,0.8412698412698413,0.5433093881481372,0.4833333333333333,0.6513495389461007,0.7587301587301587,0.23096912735657393,0.46788629051969677,0.6678614171392203,0.8624368686868685,0.6563139169509341,0.40399513303071993,0.60001712978124866
