"Similarity Measures","noun_path","noun_lch","noun_wup","noun_res","noun_jcn","noun_lin","noun_lesk","noun_vector","verb_path","verb_lch","verb_wup","verb_res","verb_jcn","verb_lin","verb_lesk","verb_vector","word2vec"
"Antecedent","0.7066666666666668","0.8392681068898437","0.9151515151515153","0.3493995618146205","0.7801547694244961","0.8855894226019447","0.804510599553703","0.7604811647052646","0.888888888888889","0.8335803328662014","0.9444444444444443","0.3393674785736997","0.881649458580061","0.9589833153814286","1.0","0.9335356462859675","0.7487822674028556"
"a3","0.47714285714285715","0.6502494189339509","0.6171428571428571","0.17183123267579523","0.45318717484310583","0.4554174940890331","0.641370415982485","0.5582523071732126","0.44999999999999996","0.6302762914477902","0.6666666666666666","0.17969660453118172","0.4397959067136285","0.5754035580685527","0.7676355820105819","0.6865912494766553","0.5517722966997552"
"a2","0.49079365079365084","0.6742041345553578","0.7444444444444445","0.2545516160528285","0.4558337906472761","0.6177720698756055","0.6481217106648142","0.5708426105687868","0.5333333333333333","0.6615930878080397","0.638888888888889","0.16636813505292938","0.4313373391285736","0.5614918986844213","0.7545677867106438","0.6992787525753775","0.5104329060615987"
"a4","0.16722222222222222","0.4924476641987353","0.5844444444444444","0.16752200720880284","0.08368030447522576","0.2508789619349462","0.41728165990358396","0.2665369678975748","0.44999999999999996","0.6302762914477901","0.5833333333333334","0.06853827131434458","0.31504280854066063","0.29225721893364015","0.5145677867106438","0.5482626324253664","0.5022829197512896"
