Similarity Measures,noun_path,noun_lch,noun_wup,noun_res,noun_jcn,noun_lin,noun_lesk,noun_vector,verb_path,verb_lch,verb_wup,verb_res,verb_jcn,verb_lin,verb_lesk,verb_vector,word2vec,Average
Antecedent,0.14285714285714285,0.4585854890810465,0.5714285714285714,0.15737254529856753,0.1002594649043656,0.38635662195662396,0.340740740740741,0.263218726865917,0.27777777777777773,0.5334100141104896,0.43333333333333335,0.12755188881817212,0.12292046495152202,0.33789312457733517,0.5928778664527456,0.4502269212453997,0.4233941136191305,0.33648263576581655
a3,0.2,0.5497975676468014,0.7142857142857143,0.20067006090926295,0.12119854903743901,0.48635608690887605,0.315746199480905,0.188326277384481,0.5833333333333334,0.6953155025784209,0.6888888888888888,0.22541898222794732,0.5950597439887003,0.7281479497129822,0.8305555555555557,0.5585686391208929,0.4860379290923193,0.48045335177367765
a2,0.1111111111111111,0.39045828902658425,0.3333333333333333,0.029883075095373943,0.07239089325411636,0.07946358455678064,0.302335119562594,0.114180115105715,0.21666666666666667,0.46708769805600175,0.3703703703703703,0.15965103208358514,0.10304286674766323,0.3841817393063891,0.31994069279007165,0.33267582065300966,0.4706583226907625,0.25043710178883105
a4,0.2,0.5497975676468014,0.7142857142857143,0.20067006090926295,0.12119854903743901,0.48635608690887605,0.299775016754461,0.279646823026708,0.38888888888888884,0.6220388965245539,0.5499999999999999,0.18548690811891055,0.18723759032796447,0.512372235700499,0.8164351851851853,0.46048073857683636,0.3794584687151223,0.40906639591807203
