"Similarity Measures","noun_path","noun_lch","noun_wup","noun_res","noun_jcn","noun_lin","noun_lesk","noun_vector","verb_path","verb_lch","verb_wup","verb_res","verb_jcn","verb_lin","verb_lesk","verb_vector","word2vec"
"a1","0.35648148148148145","0.653613590010794","0.7633149014727962","0.2747271189134205","0.26555420038564825","0.627321894594452","0.7834865074103369","0.360448546510175","0.48333333333333334","0.6425449642304348","0.6749999999999999","0.2853366089769179","0.35544195953137075","0.572462737463534","0.4745694776134815","0.4745616240828785","0.574005520280091"
"a3","0.2867283950617284","0.5653248874943431","0.6753254008155969","0.19677567452952566","0.2741245426593897","0.46750654224778565","0.5095765498024557","0.39207554839452724","0.45833333333333337","0.6403580480380207","0.5982142857142857","0.20385210369629458","0.36954562024002124","0.6425947852662761","0.7016146568019627","0.5780567488411077","0.3852816980053383"
"a2","0.2435185185185185","0.5862027517345094","0.714898308319361","0.24317704891493996","0.13597813849968687","0.5069316236676813","0.5793797485003129","0.4427552289180233","0.3333333333333333","0.5756523598625336","0.611236802413273","0.21630980838424269","0.3187274876213697","0.6363359923656632","0.4083849773220957","0.4205793932686606","0.5024850280000369"
"Antecedent","1.0","0.9860896635111784","1.0","0.5389134421835957","1.0","1.0","1.0","1.0","1.0","0.8832162807399176","1.0","0.4324145224114464","1.0","1.0","1.0","0.9999999999999999","1.0"
"a4","0.3024250440917107","0.5923028617977766","0.7314407814407814","0.255982813167438","0.23122780583826755","0.5482630078982024","0.6558830834721028","0.4476253616321137","0.5","0.6501062816731078","0.6829044117647058","0.20525479291320653","0.5448702069500428","0.7001831362114562","0.6566565205627706","0.6182685060937783","0.5374594533354453"
