"Similarity Measures","noun_path","noun_lch","noun_wup","noun_res","noun_jcn","noun_lin","noun_lesk","noun_vector","verb_path","verb_lch","verb_wup","verb_res","verb_jcn","verb_lin","verb_lesk","verb_vector","word2vec"
"Antecedent","0.37243589743589745","0.6554901705390427","0.7426114596155082","0.32543681243663525","0.28154247456179454","0.5728944560907926","0.5921578180413628","0.4283675249895855","0.7333333333333334","0.7640900058429988","0.8","0.19463785079661391","0.645334879774082","0.6970889430320496","0.8288888888888888","0.7273772537450098","0.48561261447272425"
"a3","0.2505142293603832","0.5477228848401342","0.6672859588613339","0.24436873285906954","0.2120798627731242","0.47862944659427203","0.43054591538493436","0.33722964634759933","0.7333333333333334","0.7640900058429988","0.8","0.1790625567510516","0.816803528197364","0.7840990268299592","0.6997704940562084","0.7409638310748946","0.3572050246561164"
"a2","0.38321123321123324","0.6335018676432811","0.739512242143821","0.274683156258937","0.3023390584446007","0.5163234493500221","0.5154632206577449","0.47652020403945927","0.6","0.7045268683945395","0.75","0.1928763828517861","0.6460310782197924","0.6915845999244393","0.6934279014636158","0.6531030011510077","0.4254578682327218"
"a4","0.2311965811965812","0.5559917837308236","0.6792793774456075","0.22958272133034466","0.13588216055694258","0.43748878962111465","0.5815298475077767","0.37708613096853677","0.2","0.4469241848755406","0.3333333333333333","0.0","0.083603864055476","0.0","0.15078271784904435","0.24316085890535027","0.3808604885653597"
