"Similarity Measures","noun_path","noun_lch","noun_wup","noun_res","noun_jcn","noun_lin","noun_lesk","noun_vector","verb_path","verb_lch","verb_wup","verb_res","verb_jcn","verb_lin","verb_lesk","verb_vector","word2vec"
"Antecedent","0.494047619047619","0.732784503552697","0.7833333333333333","0.22110209397278466","0.6055905831949719","0.6773471378363229","0.7140096499455837","0.516273699246495","0.5416666666666666","0.6873332425783949","0.7777777777777777","0.25223063675513957","0.5401179976543564","0.8161144404878466","0.6293526785714285","0.7172727699179685","0.5866875760740424"
"a3","0.0","0.0","0.0","0.0","0.0","0.0","0.0","0.0","0.25","0.5074147244169241","0.4","0.0958620390048611","0.09203872868081023","0.25318905250669527","0.33304594959140676","0.280985138724669","0.12125019412207586"
"a2","0.31089743589743585","0.47545216608392793","0.4458333333333333","0.11302223691680593","0.3073483964120389","0.312647594110062","0.3740889547575595","0.3111615666734108","0.37499999999999994","0.6128793207678206","0.575","0.14996254707944037","0.2588826341330603","0.4988017230453926","0.5398253367003367","0.48223501516282574","0.39064719236329876"
"a4","0.400297619047619","0.6388341144719486","0.7305555555555556","0.20450054533204037","0.3231357071548233","0.5232623118352894","0.6421562575866302","0.46726406955555505","0.7083333333333334","0.7617871643889691","0.8068181818181819","0.25600430537949975","0.732572328513342","0.9054513419955765","1.0","0.7866503442462645","0.5582394859277348"
