"Similarity Measures","noun_path","noun_lch","noun_wup","noun_res","noun_jcn","noun_lin","noun_lesk","noun_vector","verb_path","verb_lch","verb_wup","verb_res","verb_jcn","verb_lin","verb_lesk","verb_vector","word2vec"
"Antecedent","0.29166666666666663","0.6492810417285331","0.7867647058823529","0.2237940201275993","0.17269194441322605","0.6030138883874319","0.670290094433697","0.336863497150019","0.47916666666666663","0.6403580480380207","0.7041666666666666","0.17918456618151674","0.5683969261695087","0.6250187780727386","0.6311202686202687","0.5383471968460762","0.36877998828587744"
"a3","0.2","0.5497975676468014","0.6904761904761905","0.13647097179500584","0.1179773255912755","0.37718761173320836","0.3322873145373145","0.326054688796496","0.375","0.6013651134976725","0.4916666666666667","0.22459223004371962","0.25570819650638643","0.607013669546233","0.6876751305759458","0.5273100219163662","0.40291248979547245"
"a2","0.13392857142857142","0.4404864090538674","0.4880952380952381","0.13353524960793697","0.08359353543764331","0.30193918908450595","0.31163455825220554","0.1824828835111155","0.29166666666666663","0.5464076589572724","0.45","0.12172047122826904","0.2627400257326342","0.4834614678798873","0.31417540865567173","0.3954428888575853","0.3792892431029759"
"a4","0.625","0.7981888853496817","0.9117647058823529","0.40771176243999296","0.6985385427463172","0.9203760372727748","0.6642236467236465","0.6958380691345261","0.35416666666666663","0.5933828534976465","0.6439393939393939","0.2669619768336229","0.32378102859128655","0.6993563553112488","0.804267154216751","0.5766825558919675","0.4730990653936869"
