"Similarity Measures","noun_path","noun_lch","noun_wup","noun_res","noun_jcn","noun_lin","noun_lesk","noun_vector","verb_path","verb_lch","verb_wup","verb_res","verb_jcn","verb_lin","verb_lesk","verb_vector","word2vec"
"Antecedent","0.14434523809523808","0.45998287632404145","0.5942583732057416","0.1676799505959839","0.10885541023911852","0.3817260242083646","0.298884628103378","0.49181518910384253","0.5625","0.6953155025784209","0.7807692307692308","0.2243168571173878","0.6210244674048621","0.754878272640272","0.7727110745614035","0.6395823587267445","0.38489051159723625"
"a3","0.11180555555555555","0.3913001741412903","0.5192917956656347","0.15163214295305638","0.10806410454743598","0.3676022261724998","0.2819791193044042","0.3037015430247413","0.3","0.5507814913421005","0.4583333333333333","0.0958620390048611","0.0844226934603486","0.2441890121308115","0.18808542663476877","0.2217181709365157","0.35754889767403475"
"a2","0.24444444444444446","0.5597044850326129","0.7127953745600805","0.2407292883672031","0.3567071314332897","0.6057487658412978","0.5692343675928188","0.38956553121771476","0.55","0.6801928676930751","0.7641025641025642","0.1877163074854809","0.6210244674048621","0.6869770576799344","0.8030555555555555","0.5593586373281898","0.4100352996190946"
"a4","0.4444444444444444","0.6882739762688813","0.7972222222222223","0.2582001392849931","0.3607753473786852","0.6028280829375461","0.8001606001448808","0.493835017624092","0.3","0.5507814913421005","0.4583333333333333","0.12014776086780297","0.31653606977601223","0.42527743109358035","0.4221746838687628","0.3507380987244602","0.5294498264270625"
