Similarity Measures,noun_path,noun_lch,noun_wup,noun_res,noun_jcn,noun_lin,noun_lesk,noun_vector,verb_path,verb_lch,verb_wup,verb_res,verb_jcn,verb_lin,verb_lesk,verb_vector,word2vec,Average
a1,0.20000000000000004,0.5497975676468014,0.6803118908382068,0.2386827567104111,0.11663338246598394,0.5257203208311857,0.31797385021069235,0.19149865944851,0.5555555555555555,0.684672489245053,0.75,0.185060720454284,0.699827570851462,0.6530999234479319,0.5662807210426256,0.5755149751543437,0.4725498813836901,0.46842236854627867
a3,0.4920634920634921,0.7109830429537021,0.746031746031746,0.3420942308742738,0.41158435430974677,0.6750653901566976,0.733381209138785,0.6248057850612754,0.5555555555555555,0.684672489245053,0.6666666666666666,0.2752708404875226,0.45691670674041734,0.7276201508760011,0.6404705044410927,0.5883664737680904,0.5476195709736917,0.58112754172610648
Antecedent,0.3333333333333333,0.6882739762688813,0.8916666666666666,0.3164328688154978,0.15161244910414207,0.6258372480577269,1.0,0.404413942486555,0.6666666666666666,0.7579490952989199,0.8055555555555555,0.3085296237603336,0.7379006369605873,0.8338210282426722,1.0,0.8858883104347793,0.5486014693492243,0.64449899241185538
a4,0.08158508158508158,0.30586936407941967,0.19047619047619047,0.009961025031791314,0.05637276502198429,0.025173322155043185,0.31923671427131034,0.05608854863162956,0.38888888888888884,0.6220388965245539,0.6746031746031745,0.23078184947249136,0.4508180961517647,0.7389164299970338,0.646374458874459,0.48639994302978334,0.506565553346342,0.34059707659652599
