Similarity Measures,noun_path,noun_lch,noun_wup,noun_res,noun_jcn,noun_lin,noun_lesk,noun_vector,verb_path,verb_lch,verb_wup,verb_res,verb_jcn,verb_lin,verb_lesk,verb_vector,word2vec,Average
Antecedent,0.2733333333333333,0.6293843469121867,0.7461548255665904,0.21899310974590022,0.15820263232943005,0.5513752065736587,0.6104895859185719,0.4192174989573904,0.5,0.6953155025784209,0.7368421052631579,0.20429869952460447,0.17601616446914992,0.5774528208064319,1.0,0.606630157147424,0.42498937787077545,0.50168796276453076
a3,0.16023809523809524,0.486303356393861,0.5852813852813853,0.17238501502934173,0.1141128732066418,0.4128290366038879,0.3675471585452684,0.286213649058608,0.5,0.6953155025784209,0.7368421052631579,0.19456772031082067,0.17601616446914992,0.5774528208064319,1.0,0.591762372369028,0.3564385969913924,0.43607681483208771
a2,0.1952380952380952,0.5359816199344372,0.6466289592760182,0.17645664012803713,0.1945291050711539,0.4860571974256743,0.40425895031545317,0.2595103360825266,0.5,0.6953155025784209,0.7368421052631579,0.19456772031082067,0.17601616446914992,0.5774528208064319,1.0,0.591762372369028,0.3521891718656172,0.45428275065494245
a4,0.25666666666666665,0.6074013650960267,0.7392533936651584,0.2168683608338398,0.18058367723305643,0.5500615599510639,0.5059668385285424,0.3672090027680116,0.5,0.6953155025784209,0.7368421052631579,0.19456772031082067,0.17601616446914992,0.5774528208064319,1.0,0.591762372369028,0.4447223635927374,0.49062881847835949
