"Similarity Measures","noun_path","noun_lch","noun_wup","noun_res","noun_jcn","noun_lin","noun_lesk","noun_vector","verb_path","verb_lch","verb_wup","verb_res","verb_jcn","verb_lin","verb_lesk","verb_vector","word2vec"
"a1","0.10067340067340068","0.3628049496282109","0.3462184873949579","0.06318039387768226","0.07111170923737158","0.15269905580511386","0.187584574745661","0.23607923829368668","0.75","0.7892658916591693","0.8333333333333333","0.20561481394303371","0.6900639403777673","0.8767716568009205","1.0","0.876876005759863","0.461401439223986"
"a3","0.09974747474747474","0.3569731731151067","0.33797313797313794","0.06488150869496352","0.06798294127799089","0.14183621998364715","0.253260076681735","0.21469646237588735","0.75","0.7892658916591693","0.9","0.274647113507967","1.0","0.9922135339615015","1.0","0.876876005759863","0.37343039798390626"
"Antecedent","0.234006734006734","0.5082356482496699","0.5868736383442266","0.21416347247297277","0.39259739925837556","0.5342328677325274","0.4649550473157693","0.30367876272056465","0.75","0.7892658916591693","0.9","0.274647113507967","1.0","0.9922135339615015","1.0","0.876876005759863","0.4298491457370659"
"a4","0.4861111111111111","0.6989169896022492","0.791812865497076","0.30858524436779255","0.5427513942632443","0.7578964777780716","0.7460594549483437","0.6346775920737483","0.75","0.7892658916591693","0.8333333333333333","0.20561481394303371","0.6900639403777673","0.8767716568009205","1.0","0.876876005759863","0.5077561709958672"
