"Similarity Measures","noun_path","noun_lch","noun_wup","noun_res","noun_jcn","noun_lin","noun_lesk","noun_vector","verb_path","verb_lch","verb_wup","verb_res","verb_jcn","verb_lin","verb_lesk","verb_vector","word2vec"
"Antecedent","0.2756944444444444","0.5597044850326129","0.6564692982456141","0.17183267537721308","0.21112405320472272","0.3960969276307341","0.4357115432841534","0.30760350267528735","0.8666666666666666","0.8236531432914582","0.96","0.6207998136916849","0.8944231365485426","0.9744211491452548","1.0","0.976615854373396","0.48663188694291765"
"a3","0.5220238095238096","0.7344377797383292","0.8013888888888888","0.27245362222090197","0.4628851543716465","0.6393641455584835","0.5798590532193677","0.5443806657800955","0.7333333333333333","0.7640900058429988","0.8538461538461538","0.5724273073398599","0.6736794519042645","0.841913142287012","0.8773896527519716","0.8126030377568402","0.562903986377839"
"a2","0.22217261904761904","0.5470706415836143","0.6385616307926679","0.15340683125661458","0.1566059020494775","0.3865857724490627","0.4215136858241152","0.32394285999794215","0.3333333333333333","0.5854005934976205","0.5857142857142857","0.12498451049323248","0.11867513152029466","0.3207944288214367","0.3909968252359556","0.3820417630865842","0.33649608582127405"
"a4","0.353125","0.6457108542858732","0.7691618870895186","0.21001441649179647","0.2663711715182208","0.4942812806631119","0.5683666717905056","0.42808829119587816","0.4666666666666667","0.6733325207622608","0.7023809523809523","0.2555357834156163","0.6422278500231569","0.844974404841999","1.0","0.8116397730457644","0.4278250126462764"
