"Similarity Measures","noun_path","noun_lch","noun_wup","noun_res","noun_jcn","noun_lin","noun_lesk","noun_vector","verb_path","verb_lch","verb_wup","verb_res","verb_jcn","verb_lin","verb_lesk","verb_vector","word2vec"
"Antecedent","0.3444444444444444","0.6787534764217882","0.7743589743589743","0.2478056785500805","0.4554197842253767","0.6907589080590751","0.5454536622278557","0.2992062498702493","0.8333333333333333","0.8087623589293433","0.925","0.2887650401115282","0.8029500860792342","0.9054616708996762","0.8602678571428573","0.8483752080362935","0.6521614401157083"
"a3","0.167989417989418","0.4864439617652719","0.5341880341880342","0.11841218113545478","0.09511829533636561","0.29284020769001634","0.34437194004378274","0.23596374397683897","0.4375","0.6483403080380468","0.6428571428571428","0.20139308931021366","0.18554196227464748","0.5741051698467052","0.6516544124994915","0.47264953377080454","0.45930078746757314"
"a2","0.611111111111111","0.8241841750432471","0.9220779220779222","0.3793475618323266","0.5680729344356267","0.8808392264437791","1.0","0.7114704876412258","0.6333333333333333","0.6996893349632491","0.7833333333333333","0.219872756144312","0.6074866114774158","0.8090068448422395","0.6501849790206615","0.6876465383711236","0.6327352218196247"
"a4","0.0","0.0","0.0","0.0","0.0","0.0","0.0","0.0","0.3125","0.5659041262274465","0.4928571428571429","0.14788009087644194","0.2497606209808845","0.5414695914883569","0.36355248204190427","0.38921407214117776","0.3537456287729384"
