"Similarity Measures","noun_path","noun_lch","noun_wup","noun_res","noun_jcn","noun_lin","noun_lesk","noun_vector","verb_path","verb_lch","verb_wup","verb_res","verb_jcn","verb_lin","verb_lesk","verb_vector","word2vec"
"Antecedent","0.14583333333333331","0.4613802635670364","0.48951048951048953","0.09877840124949473","0.13839120183163262","0.28014572538305954","0.1994069858192975","0.2851770045755865","0.3333333333333333","0.5854005934976205","0.5","0.0","0.06306559300200472","0.0","0.222222222222222","0.141174952793646","0.3757404559992666"
"a3","0.225","0.5800428374174932","0.696969696969697","0.1443346949322196","0.1660281775617585","0.46307864371909185","0.2814674172914875","0.27655852034434303","0.3333333333333333","0.5854005934976205","0.5","0.14032656976347854","0.13182642150748583","0.42468449624810234","0.273484848484848","0.290767554976753","0.34577106130007246"
"a2","0.10795454545454546","0.37922354969971606","0.4732142857142857","0.09839330193869908","0.09709389331286086","0.25653371715045165","0.223926781316754","0.1913323395191805","0.25","0.5074147244169241","0.4","0.0","0.06514277120513177","0.0","0.275","0.154294511922889","0.316657289902648"
"a4","0.2","0.5497975676468014","0.6666666666666666","0.13716504795356463","0.11586425069415135","0.38333757939514956","0.24232418903188002","0.2803346982233575","0.3333333333333333","0.5854005934976205","0.5714285714285714","0.20429869952460447","0.14732203085079895","0.5456657717760796","0.295482295482295","0.527427806871712","0.48918408304610367"
