Similarity Measures,noun_path,noun_lch,noun_wup,noun_res,noun_jcn,noun_lin,noun_lesk,noun_vector,verb_path,verb_lch,verb_wup,verb_res,verb_jcn,verb_lin,verb_lesk,verb_vector,word2vec,Average
a1,0.0,0.0,0.0,0.0,0.0,0.0,0.0,0.0,0.0,0.0,0.0,0.0,0.0,0.0,0.0,0.0,0.14623969247782295,0.0086023348516366446
a3,0.24684343434343434,0.45485478726699774,0.5196703880914407,0.14538988024776847,0.22965388178873294,0.2882511581681526,0.3241737241903045,0.3662992000311613,0.24444444444444446,0.4930829877495672,0.38888888888888884,0.0,0.09455393275788689,0.0,0.1108826821326821,0.10980191740695096,0.3782181235500205,0.25852996653284904
Antecedent,0.28273809523809523,0.5404698248103421,0.6507936507936508,0.25948269450389355,0.24086097325271436,0.4975394701111459,0.3990784107835627,0.4304709079183322,0.48333333333333334,0.6125183966774608,0.7039473684210527,0.19159025644480474,0.44965677267568765,0.6951677124905892,0.5291269341215923,0.6048150918312203,0.40357710543061853,0.46912747051988796
a4,0.11666666666666664,0.39925694069295775,0.3868778280542986,0.06693189115189542,0.07759897425153338,0.16634275692947836,0.16935761952830322,0.24380233122771353,0.24444444444444446,0.4930829877495672,0.4259259259259259,0.14032656976347854,0.20228783032132813,0.4879715170146044,0.3369186314126793,0.371315952677066,0.29387301271064953,0.27194011061897594
