"Similarity Measures","noun_path","noun_lch","noun_wup","noun_res","noun_jcn","noun_lin","noun_lesk","noun_vector","verb_path","verb_lch","verb_wup","verb_res","verb_jcn","verb_lin","verb_lesk","verb_vector","word2vec"
"a1","0.1249484642341785","0.41127456923448313","0.4386648439280018","0.14023955407012423","0.0944887647303899","0.28122180287459914","0.21898588984287976","0.25226424325755775","0.5666666666666667","0.6751519893979597","0.7301587301587301","0.27691384783170164","0.4888412056188816","0.7083313368830804","0.7576312576312576","0.539147685573272","0.49919975354205304"
"a3","0.15873015873015875","0.4780915212271856","0.6320799943090964","0.18754790878283897","0.1280209481455365","0.40515109669158794","0.3173334751587986","0.24276001347346127","0.4666666666666666","0.5923548834969996","0.5555555555555555","0.11330073883201548","0.3834774992436813","0.3333333333333333","0.46635023429378264","0.4683267412101267","0.45560578712349664"
"a2","0.3894557823129251","0.6108979814816499","0.7259357184169214","0.2644712493611353","0.3514946568935979","0.5596311406154428","0.5641733556914938","0.46360804889312524","0.5111111111111111","0.6385136863710262","0.6481481481481481","0.25655753069203074","0.43530048146126665","0.6936234537124933","0.5938737412527733","0.6012067332627753","0.6635901026223112"
"Antecedent","1.0","0.9860896635111783","1.0","0.5484480089070656","1.0","1.0","1.0","0.9999999999999973","1.0","0.8832162807399176","1.0","0.46297342919643936","1.0","1.0","1.0","1.0","1.0"
"a4","0.3894557823129251","0.6108979814816499","0.6941643053982727","0.25242206446325804","0.35694992934678554","0.5314612810273821","0.5609208583117532","0.4559475811336147","0.5666666666666667","0.6751519893979597","0.7111111111111111","0.27685608041896675","0.43725047009661305","0.7060930696930487","0.760578907353101","0.6207264448176913","0.6344450846129261"
