"Similarity Measures","noun_path","noun_lch","noun_wup","noun_res","noun_jcn","noun_lin","noun_lesk","noun_vector","verb_path","verb_lch","verb_wup","verb_res","verb_jcn","verb_lin","verb_lesk","verb_vector","word2vec"
"a1","0.2016865079365079","0.52418444891596","0.6452621139162059","0.20919912370338392","0.1336592988861883","0.4475472150902873","0.42347078531008603","0.31561550302859004","0.4375","0.6306098144029336","0.6313852813852814","0.16945427232166335","0.4224997856008561","0.5762789580710557","0.5650375566893424","0.5451831564156951","0.5215640434152289"
"a3","0.23694083694083692","0.5180926698185531","0.6067211533736301","0.17935916232249158","0.16112073407240768","0.34263267650443674","0.3630985045299426","0.2612813366299585","0.44494047619047616","0.6253863507746414","0.6430555555555555","0.17649940695760294","0.41414096786847177","0.6005452397225512","0.7102511838068561","0.6465075020804913","0.4928342746839171"
"a2","0.0","0.0","0.0","0.0","0.0","0.0","0.0","0.0","0.14771062271062269","0.3565841273685535","0.25595238095238093","0.027825940048729802","0.061366890212095","0.06396451546303773","0.18918087988400475","0.1682325605783975","0.04723140179624245"
"Antecedent","1.0","0.9860896635111783","1.0","0.5348507406895796","1.0","1.0","1.0","0.9999999999999977","1.0","0.8832162807399176","1.0","0.4000871171288116","1.0","1.0","1.0","1.0","1.0"
"a4","0.15873015873015872","0.47930358687995195","0.6243847501839829","0.16037638249172867","0.07667174505357584","0.3266023056352067","0.2632210469138658","0.18206423961714904","0.20937499999999998","0.4536818573760453","0.4535256410256411","0.07808665353675351","0.25687965453763445","0.3233416612400858","0.2594258463596757","0.3465241690350306","0.27468661252122345"
