"Similarity Measures","noun_path","noun_lch","noun_wup","noun_res","noun_jcn","noun_lin","noun_lesk","noun_vector","verb_path","verb_lch","verb_wup","verb_res","verb_jcn","verb_lin","verb_lesk","verb_vector","word2vec"
"Antecedent","0.4226190476190477","0.6806853014659046","0.813555306063046","0.2897212746045011","0.32112292107649537","0.611081418006551","0.6088413276445886","0.5237025737522302","0.4772727272727273","0.6453541802689662","0.7861382105401244","0.2631425342086644","0.5340786469807589","0.7660862927064489","0.7803666158053049","0.5943120705170049","0.4916988494937987"
"a3","0.32080062794348513","0.5771534053860571","0.631611948423094","0.1720907098251361","0.2558781039515377","0.4397710135019984","0.3980164411862751","0.43266266938252296","0.40151515151515155","0.6111904024214213","0.6866627009041871","0.17407829311422487","0.2660571874680124","0.5043960046492504","0.4614265248059049","0.45436762159712","0.4196397876607781"
"a2","0.3972222222222222","0.6550919995527845","0.7751662377144078","0.2928852479868716","0.35778377162771086","0.6349399666326196","0.49937912601992457","0.4458017085811557","0.2932900432900433","0.5432509485494458","0.5659976387249115","0.15718802140918875","0.15830365680670402","0.4419745199087999","0.4291406752720441","0.3540903520618184","0.43127767249058113"
"a4","0.4217120181405895","0.6680279801394835","0.745512238340152","0.2809356114987282","0.4186589340949613","0.6443598133644348","0.5821406354892391","0.5000987159870423","0.4621212121212121","0.651159460268985","0.7178981321396183","0.22472424918185777","0.3787181662135009","0.6374408340649889","0.7298903576462069","0.5668445530179522","0.4325546775072232"
