Similarity Measures,noun_path,noun_lch,noun_wup,noun_res,noun_jcn,noun_lin,noun_lesk,noun_vector,verb_path,verb_lch,verb_wup,verb_res,verb_jcn,verb_lin,verb_lesk,verb_vector,word2vec,Average
Antecedent,0.21495621237000553,0.5390938423457503,0.6896170323519344,0.23233709741936456,0.14874953340912592,0.4677511912883894,0.32724120479002844,0.27912166385473536,0.575,0.6779382036703201,0.7185714285714286,0.17465613804662986,0.644709861310864,0.7071435990732943,0.592720532391585,0.6090961434001099,0.41304942619164275,0.47127959473442405
a3,0.26756978653530383,0.5843475235869209,0.704967474194548,0.19724988501296853,0.1863391172934702,0.4513991209326627,0.4101838538386051,0.3139911228047502,0.32500000000000007,0.5698034196814812,0.4852380952380952,0.15616204277835316,0.2487269230116353,0.5280968132462811,0.5316296374720286,0.4265097810007335,0.37982569818168427,0.39806119381232485
a2,0.0,0.0,0.0,0.0,0.0,0.0,0.0,0.0,0.0,0.0,0.0,0.0,0.0,0.0,0.0,0.0,0.19426777758970573,0.011427516328806219
a4,0.26498357963875213,0.5943410110461917,0.7013763690848137,0.208721642625501,0.1698117656801873,0.49059968342442994,0.4152639084741235,0.3234312585737838,0.7249999999999999,0.7484928320268596,0.7935714285714286,0.20810232937349732,0.7318155098463099,0.7783250492613368,0.8145747533247534,0.7957424174408444,0.3825704940586964,0.53804259014420641
