"Similarity Measures","noun_path","noun_lch","noun_wup","noun_res","noun_jcn","noun_lin","noun_lesk","noun_vector","verb_path","verb_lch","verb_wup","verb_res","verb_jcn","verb_lin","verb_lesk","verb_vector","word2vec"
"a1","0.3965986394557823","0.6204579384928969","0.6927680162974281","0.24383601385384715","0.34661695881256765","0.5067260309083677","0.5396990115990509","0.43683479784723156","0.4404761904761905","0.6325069831036778","0.5571428571428572","0.17451097868040127","0.4135601908033425","0.6690230414364694","0.5311215616681456","0.49098753854489663","0.4918437575601764"
"a3","0.3869047619047619","0.5955044286819772","0.6074758574758575","0.21521845122630068","0.34466089160402463","0.4709529765312018","0.41977003900762755","0.45537356857466815","0.3095238095238095","0.5631189166174216","0.4714285714285714","0.15096700694002557","0.13401027283521133","0.4347992337827881","0.33195705184724744","0.29700051964424784","0.4068056599818536"
"a2","0.12788076769169204","0.3260315169056799","0.3140289449112978","0.07664721145301061","0.18893175993090533","0.1621560102021235","0.31085043049809624","0.23440521452569782","0.0","0.0","0.0","0.0","0.0","0.0","0.0","0.0","0.17326451244008875"
"Antecedent","1.0","0.9860896635111783","1.0","0.547972371988018","1.0","1.0","1.0","0.9999999999999958","1.0","0.8832162807399176","1.0","0.34046364953808034","1.0","1.0","1.0","1.0","1.0"
"a4","0.11219336219336218","0.38363309392970074","0.39561747776033485","0.08681118954398721","0.06725864553325386","0.2000430623543342","0.19680283791632855","0.1196997886018271","0.4404761904761905","0.6325069831036778","0.5571428571428572","0.17451097868040127","0.4135601908033425","0.6690230414364694","0.535585847382431","0.49098753854489663","0.33469590218361434"
