Similarity Measures,noun_path,noun_lch,noun_wup,noun_res,noun_jcn,noun_lin,noun_lesk,noun_vector,verb_path,verb_lch,verb_wup,verb_res,verb_jcn,verb_lin,verb_lesk,verb_vector,word2vec,Average
Antecedent,0.20625,0.553947381397539,0.6844903548463921,0.17605187971774552,0.09871194244230092,0.3789269812887953,0.35705373402978896,0.32675601101852814,0.45666666666666667,0.6236542572216848,0.665,0.18871597945111923,0.5220429059359424,0.7433584106161705,0.535244794887652,0.544154295897557,0.36073114061720435,0.43657392564912273
a3,0.2907738095238095,0.588137794866948,0.6856573251310094,0.20470424754303462,0.28078262340270965,0.4229653545649063,0.348831744916971,0.356154641302424,0.45666666666666667,0.6236542572216848,0.665,0.18871597945111923,0.5029965764859273,0.6843472528718593,0.5722629564646372,0.544154295897557,0.384507966642147,0.45884197017373007
a2,0.5145833333333334,0.7299130097315345,0.7997077677224737,0.3013559390044494,0.45428659941498833,0.6566317374798402,0.5960620362559648,0.5801493276337154,0.33999999999999997,0.5796882935893646,0.7511904761904762,0.21534020447225916,0.4059484422974407,0.7017485395887461,0.6491446886446886,0.3640776180084642,0.4857383615253323,0.53679802205253357
a4,0.315625,0.6106708095730001,0.7409401260504201,0.22697689955306913,0.2275494329302556,0.46222652959970767,0.5311634771262261,0.37390296707355586,0.3233333333333333,0.5640911197732252,0.5784126984126984,0.17872698100661905,0.15768844142124638,0.4986364795110713,0.5146733971366324,0.4387840563715658,0.37405478734357644,0.41867391389507075
