Similarity Measures,noun_path,noun_lch,noun_wup,noun_res,noun_jcn,noun_lin,noun_lesk,noun_vector,verb_path,verb_lch,verb_wup,verb_res,verb_jcn,verb_lin,verb_lesk,verb_vector,word2vec,Average
a1,0.13333333333333333,0.4245303822058036,0.3434343434343434,0.08203413459287041,0.16427217160562532,0.2525383631677719,0.237417773278806,0.19676081152933333,0.29166666666666663,0.5464076589572724,0.45,0.0,0.07886495574733723,0.0,0.1433574879227055,0.277923585200824,0.07917700670044339,0.21774815731430214
a3,0.1638888888888889,0.4908526982602914,0.6216824111560953,0.2002499054664024,0.12732273276495068,0.48493645039872507,0.37732584343289965,0.24255416599268664,0.29166666666666663,0.5464076589572724,0.45,0.07016328488173927,0.10623401497361273,0.20639908521912104,0.266465722386775,0.2927062549518805,0.3449668229626003,0.31081309455062406
Antecedent,0.1638888888888889,0.4908526982602914,0.6216824111560953,0.2002499054664024,0.18597112715913355,0.5394262153117747,0.37732584343289965,0.23083506588573766,0.29166666666666663,0.5464076589572724,0.5333333333333333,0.1568194090808764,0.24544829573749266,0.4151552111189869,0.6299019607843135,0.5662320433705486,0.2993077682082237,0.38202967663640808
