Similarity Measures,noun_path,noun_lch,noun_wup,noun_res,noun_jcn,noun_lin,noun_lesk,noun_vector,verb_path,verb_lch,verb_wup,verb_res,verb_jcn,verb_lin,verb_lesk,verb_vector,word2vec,Average
Antecedent,0.25,0.6102881071881849,0.8580562659846547,0.30707615227421303,0.1250258411089426,0.5938111095528398,0.45061765491452976,0.4992289231830167,0.4444444444444444,0.6586771995514874,0.7481481481481481,0.24685469706674376,0.28573123909442605,0.7236316807963653,1.0,0.6301274646499393,0.42444251001576033,0.52095067282198215
a3,0.5,0.7512136908093074,0.920076726342711,0.4399843155721974,0.5573416311513275,0.791451510183867,0.6239583333333333,0.5826323017365828,0.5555555555555555,0.684672489245053,0.6666666666666666,0.2027161997571052,0.5383230167115077,0.7932041448431871,0.5636043722083289,0.647230648223131,0.4292141965348801,0.60281445875733786
a2,0.21071428571428572,0.5572398177760545,0.7482736572890025,0.23193938898574304,0.10960906425336045,0.46789126507505846,0.5017798248073497,0.446921202533045,0.5555555555555555,0.684672489245053,0.6666666666666666,0.2027161997571052,0.5383230167115077,0.7932041448431871,0.8035749653396712,0.647230648223131,0.4721563146532623,0.50814520631935534
a4,0.0,0.0,0.0,0.0,0.0,0.0,0.0,0.0,0.18888888888888888,0.43044939502906826,0.36321195144724555,0.05590371987481268,0.05963520033724453,0.1181620262960642,0.1397158247360674,0.1754861800409232,0.2551984260534757,0.10509715368845826
