"Similarity Measures","noun_path","noun_lch","noun_wup","noun_res","noun_jcn","noun_lin","noun_lesk","noun_vector","verb_path","verb_lch","verb_wup","verb_res","verb_jcn","verb_lin","verb_lesk","verb_vector","word2vec"
"Antecedent","0.7777777777777778","0.8868177677637461","0.9583333333333334","0.46502938141079714","0.7352636921443905","0.9229668458831828","1.0","0.8212558034115149","0.625","0.6953155025784209","0.868421052631579","0.202115057559541","0.6003252161203402","0.8045242096155518","0.676851851851852","0.661706824394218","0.6390047205287315"
"a3","0.46428571428571425","0.6849877532601366","0.8083333333333332","0.2912939834535044","0.43616522398939933","0.7049395185572388","0.602045555019693","0.535223546773508","0.75","0.7892658916591693","0.9117647058823529","0.2249783213479814","0.6399404325893445","0.8642670360773729","0.8621031746031744","0.673092440002942","0.5694173231797147"
"a2","0.1865079365079365","0.5230822647922053","0.7050653594771242","0.272229188009729","0.1685427746883835","0.6152180141730099","0.32640597873351135","0.28060245237511233","0.225","0.4771694546462324","0.6904761904761905","0.18509397100185057","0.6023498813016506","0.7706389473250823","0.4491726738400795","0.3480522017870235","0.4190878836961653"
"a4","0.0925925925925926","0.3384677096394533","0.3493930905695612","0.08033632431002734","0.06528081158851372","0.16200027781785573","0.253026552255876","0.10269751106859755","0.625","0.6953155025784209","0.868421052631579","0.202115057559541","0.6003252161203402","0.8045242096155518","0.6577546296296295","0.661706824394218","0.1490824633854713"
