"Similarity Measures","noun_path","noun_lch","noun_wup","noun_res","noun_jcn","noun_lin","noun_lesk","noun_vector","verb_path","verb_lch","verb_wup","verb_res","verb_jcn","verb_lin","verb_lesk","verb_vector","word2vec"
"Antecedent","0.3533333333333334","0.6074013650960267","0.6947784241901889","0.28186399766003045","0.3108567981693846","0.5506843924501151","0.6649136387891948","0.4345590828857072","0.75","0.7579490952989199","0.8888888888888888","0.3037126164565626","0.7085264527853287","0.8570110557388887","0.7991158451684767","0.7727597680154407","0.4210861475904748"
"a3","0.22555555555555556","0.532241053831428","0.6158299595141701","0.1983944121674412","0.1761162191971007","0.48876489453035205","0.3789864712425864","0.22757813205423724","0.611111111111111","0.7213107922719865","0.7857142857142857","0.226535315275606","0.5158861846298228","0.7794074878404582","0.8731567577721423","0.6120072960528931","0.5006718986808619"
"a2","0.1344322344322344","0.43338076525665636","0.5641102756892231","0.17505190684101432","0.09354907099055858","0.37803722891711217","0.24469664721625478","0.2179183956613623","0.5277777777777778","0.6586771995514874","0.6333333333333333","0.19974992576121772","0.4311134072453546","0.6616445497682999","0.7372300866342036","0.5878121492475646","0.4621492426592099"
"a4","0.09469696969696968","0.3438903419327904","0.35249299719887955","0.07382031723845238","0.07878323364999208","0.18003262773452727","0.1815536354016138","0.2115269375060292","0.5277777777777778","0.6586771995514874","0.6333333333333333","0.11976624619087028","0.4270584373449948","0.5092170776753644","0.6173234244388089","0.5776679340800267","0.3905204633550134"
