"Similarity Measures","noun_path","noun_lch","noun_wup","noun_res","noun_jcn","noun_lin","noun_lesk","noun_vector","verb_path","verb_lch","verb_wup","verb_res","verb_jcn","verb_lin","verb_lesk","verb_vector","word2vec"
"Antecedent","0.39365079365079364","0.6148056955624422","0.6738057264373055","0.2643954270287714","0.3643281783796506","0.5827154018481561","0.4722065320923754","0.48019348365423886","0.8333333333333334","0.8205826880194187","0.9629629629629629","0.3752714608722095","1.0","0.9966889721189932","1.0","0.908171782306899","0.5000859671206053"
"a3","0.24285714285714285","0.5727416745933747","0.683092724269195","0.23928089316820428","0.20787477906579213","0.5850699947012098","0.5123550660412128","0.3777023819066906","0.6666666666666666","0.7579490952989199","0.8456140350877194","0.32544415116989595","0.7801263414313754","0.9196921076939949","1.0","0.8481299602797177","0.452571906254949"
"a2","0.15493197278911564","0.4664607528601022","0.5520146520146519","0.18069700338696762","0.11145493717440338","0.43436192918409755","0.27895162620849956","0.18127059006563725","0.3333333333333333","0.570048317137423","0.5523809523809523","0.22016638748809184","0.43280112675498744","0.6548197136295353","0.5654210717724917","0.6118856418388384","0.3178957953096962"
