Similarity Measures,noun_path,noun_lch,noun_wup,noun_res,noun_jcn,noun_lin,noun_lesk,noun_vector,verb_path,verb_lch,verb_wup,verb_res,verb_jcn,verb_lin,verb_lesk,verb_vector,word2vec,Average
Antecedent,0.18055555555555555,0.5003731981073846,0.7299465240641712,0.23290060537107082,0.06337616993292972,0.2621492865296984,0.1343745714448422,0.15514154180115605,0.6666666666666667,0.7343084371187691,0.75,0.10483119740413069,0.5557337778164111,0.5,0.6533135888728905,0.6966548839026042,0.42631808195733056,0.43215553450268307
a3,0.12179487179487179,0.39557367952007105,0.5576923076923077,0.13442360879017662,0.0501297324521828,0.19317831097831198,0.13856848442294706,0.155301751313677,0.25,0.5074147244169241,0.41111111111111115,0.12589284676332585,0.11822553822779255,0.3233206188904014,0.31087962962962945,0.32048344114167177,0.13384473213629353,0.24987266995774682
a2,0.6,0.7679436155789899,0.8571428571428572,0.5825047622522904,0.5779099994999615,0.7532090997149563,0.652920227920228,0.6432582526780555,0.4583333333333333,0.6678367753082208,0.625,0.1674142355708636,0.2549834239874149,0.5199930344488026,0.783912037037037,0.4403910532493568,0.295026811209059,0.56751644229008402
a4,0.625,0.7981888853496817,0.875,0.6003350304546314,0.575409463834856,0.7735191888039616,0.707024087024087,0.6525623774652575,0.6666666666666667,0.7343084371187691,0.7678571428571428,0.15630941368331855,0.6097571024433995,0.6823051093033973,0.790965144521415,0.7765228152474037,0.4125325448789983,0.6590743182148816
