Similarity Measures,noun_path,noun_lch,noun_wup,noun_res,noun_jcn,noun_lin,noun_lesk,noun_vector,verb_path,verb_lch,verb_wup,verb_res,verb_jcn,verb_lin,verb_lesk,verb_vector,word2vec,Average
Antecedent,0.6666666666666666,0.8371818198900298,0.9375,0.29624326315845073,0.5979314829085742,0.8150273020608318,1.0,0.685691079943848,0.5,0.6953155025784209,0.7333333333333334,0.24055656197731334,0.5990014732131324,0.8394690665203759,1.0,0.6199746132674775,0.4727587565267446,0.67862652482618813
a3,0.6666666666666666,0.8371818198900298,0.9375,0.27828881696212837,0.6630114393534833,0.8359237539120945,1.0,0.742243532260915,1.0,0.8832162807399176,1.0,0.2559039078522931,1.0,1.0,1.0,0.9999999999999905,0.5002294081398174,0.80000974269278446
a2,0.625,0.7981888853496817,0.8636363636363636,0.2518403055226447,0.5858610040909571,0.7594283206398809,0.7028149005577184,0.685691079943848,0.41666666666666663,0.6403580480380207,0.5833333333333333,0.0984594856926241,0.2558977180767876,0.3833139952223747,0.6666666666666665,0.43251050434225147,0.4823996514452124,0.5430627605426489
a4,0.10795454545454546,0.37922354969971606,0.5163398692810457,0.1880952889384594,0.09199085298455585,0.3985306825290602,0.11991877933688255,0.0635813567762232,0.0,0.0,0.0,0.0,0.0,0.0,0.0,0.0,0.058834216102259425,0.11320406712369105
