Similarity Measures,noun_path,noun_lch,noun_wup,noun_res,noun_jcn,noun_lin,noun_lesk,noun_vector,verb_path,verb_lch,verb_wup,verb_res,verb_jcn,verb_lin,verb_lesk,verb_vector,word2vec,Average
Antecedent,0.2222222222222222,0.5630067908278834,0.7320889894419307,0.21845788371444017,0.12371827275425841,0.4966826113423613,0.7800234142188166,0.38150684482035363,0.6666666666666666,0.7343084371187691,0.75,0.27741481697882847,0.7090260409399299,0.8833139952223747,1.0,0.7639907955145351,0.5282761931680326,0.57827670440890611
a3,0.7142857142857143,0.8102549387011345,0.8888888888888888,0.4121346985189816,0.7110206038152224,0.8516148714592177,0.7930966469428006,0.7872520844452516,0.3333333333333333,0.5854005934976205,0.5,0.2865272951860489,0.27033170834757325,0.754513590176351,0.489228395061728,0.608271353698662,0.573323043961926,0.60996928001885031
a2,0.4142857142857143,0.6021906473591766,0.6176470588235294,0.22549086798043846,0.386150662313385,0.48992409474094173,0.49143765066841966,0.5461062650720864,0.3333333333333333,0.5854005934976205,0.5,0.0,0.08761534496045723,0.0,0.27879742806213403,0.2875729279397895,0.11250761004334464,0.35049765876943356
a4,0.8333333333333334,0.9234560707906795,0.9743589743589745,0.4312310297197217,0.7935439421703,0.9417788734303784,1.0,0.865774075305271,0.6666666666666666,0.7343084371187691,0.75,0.2997315080327624,0.6627981659255475,0.8961861539887764,1.0,0.869397656911055,0.593693221379435,0.77860341818421586
