"Similarity Measures","noun_path","noun_lch","noun_wup","noun_res","noun_jcn","noun_lin","noun_lesk","noun_vector","verb_path","verb_lch","verb_wup","verb_res","verb_jcn","verb_lin","verb_lesk","verb_vector","word2vec"
"a1","0.3157142857142857","0.582713036076493","0.670028370322488","0.22499113591116632","0.26297282724958754","0.4974322803355707","0.5092085456206129","0.36279134463076745","0.3666666666666666","0.6073835753137805","0.5599999999999999","0.1816467156812759","0.25579023349898755","0.5155225698451075","0.6633057971014492","0.5287829040659002","0.18940817518070577"
"Antecedent","0.49119047619047623","0.7133436768470969","0.7982864893391208","0.3061695268853956","0.44448272474922335","0.6828136003220261","0.7921344259758476","0.5817399511826742","0.9","0.8456361251076183","0.96","0.2768818273763278","0.8931788503429381","0.9582829596263351","1.0","0.9359215104494936","0.46712218089021323"
"a2","0.15354737854737854","0.45205918538802653","0.40095662507427215","0.05109375393668741","0.06998756956170891","0.12060964684405327","0.30472314104006454","0.147557936742965","0.3666666666666666","0.6073835753137805","0.5333333333333333","0.11308053217510287","0.25923677383588384","0.3613083898795549","0.5177255939532539","0.41322732022374736","0.18383010502553185"
"a4","0.24986772486772488","0.5839598914441626","0.7225924402394991","0.23595546502121081","0.2138063675964885","0.5799887409948182","0.598447960773891","0.3706117297120683","0.7666666666666667","0.7860729876591589","0.86","0.22831697969579387","0.7808304703113065","0.9023022320029355","0.871938775510204","0.8426855009942728","0.3484051258568254"
