Similarity Measures,noun_path,noun_lch,noun_wup,noun_res,noun_jcn,noun_lin,noun_lesk,noun_vector,verb_path,verb_lch,verb_wup,verb_res,verb_jcn,verb_lin,verb_lesk,verb_vector,word2vec,Average
Antecedent,0.2652597402597403,0.565514151247139,0.670344249052383,0.22936106154532598,0.194076521172316,0.49506715065864193,0.40421990674090297,0.3454337415855631,0.5104166666666667,0.6638456453082078,0.7553717320261438,0.20599504141204722,0.4179533436930623,0.6720080909633451,0.7204074302134647,0.6229193875174861,0.3811497583915816,0.47760844814435399
a3,0.3121212121212122,0.6221491851607881,0.7772124160669052,0.2624878572037949,0.2020873565066225,0.5532351563315981,0.644302228422767,0.40477095261728435,0.4583333333333333,0.6443491780380336,0.716482843137255,0.23197238630397232,0.4464965574526592,0.7342010817180716,0.8811575577200577,0.5667654271538467,0.500196369446933,0.52696006463147849
a2,0.19393939393939394,0.5383302250454999,0.6871826690993592,0.21306175922665788,0.1324758130710978,0.4723131573760711,0.3352974618252336,0.2883773413509063,0.5,0.6540974116731207,0.7303104575163399,0.22882825979121757,0.41788736712968655,0.6742180574880272,0.7718575298709227,0.5914149106511353,0.42595727222151947,0.46209112278095232
a4,0.37121212121212127,0.6553069475536087,0.7872907395634668,0.2819037612170309,0.32923098920353294,0.6437840752250984,0.6687464700744633,0.497830227128543,0.3541666666666667,0.5933828534976465,0.6414828431372549,0.23228510926806628,0.4430607427792978,0.7187863857472264,0.8728296195372087,0.5136539924281875,0.4767741952027049,0.53421927879071329
