"Similarity Measures","noun_path","noun_lch","noun_wup","noun_res","noun_jcn","noun_lin","noun_lesk","noun_vector","verb_path","verb_lch","verb_wup","verb_res","verb_jcn","verb_lin","verb_lesk","verb_vector","word2vec"
"Antecedent","0.2916666666666667","0.6102881071881849","0.7648351648351648","0.2615462010415231","0.4079009617175011","0.5648698595123665","0.7306141067538127","0.35867329106251794","0.5833333333333333","0.6889296945784","0.7","0.18355937964728541","0.5356555282875144","0.7142890475333454","0.6153589433266854","0.6850642114637167","0.44556488438193903"
"a3","0.4305555555555556","0.6362833968817504","0.7216374269005849","0.25369903924110027","0.393135590258358","0.5509705303370848","0.5517211034575593","0.53450362669797","0.5833333333333333","0.6889296945784","0.6799999999999999","0.18355937964728541","0.5356555282875144","0.7241309862314698","0.6121383442265795","0.6184434106368261","0.5329974704946123"
"a2","0.4112554112554112","0.5935783076549896","0.5740740740740741","0.21725884877358412","0.38952395621655045","0.4751692615070447","0.5467801180301183","0.5560565810288326","0.5833333333333333","0.6889296945784","0.6799999999999999","0.17232617461632493","0.5356555282875144","0.6593664328592481","0.5868584623262044","0.645230040410751","0.4765754398874049"
"a4","0.15277777777777776","0.4743779084138191","0.5945165945165946","0.16570935366463285","0.09689695629922274","0.3629293403613079","0.49195449252497925","0.30066135467869","0.7166666666666666","0.7484928320268595","0.78","0.20481234032194845","0.6637914650129859","0.798271855644803","0.7482010959470635","0.7753337788835424","0.4051234167260304"
