"Similarity Measures","noun_path","noun_lch","noun_wup","noun_res","noun_jcn","noun_lin","noun_lesk","noun_vector","verb_path","verb_lch","verb_wup","verb_res","verb_jcn","verb_lin","verb_lesk","verb_vector","word2vec"
"Antecedent","0.19595238095238093","0.5170707920207142","0.6508631873802152","0.20160592285937806","0.16425341246088515","0.5108837609124112","0.34709981283363556","0.2892178254036248","0.35","0.5711198437269808","0.611111111111111","0.16236728981174142","0.21322780451189458","0.4089981688804325","0.635042735042735","0.6524858874371184","0.34372345583562286"
"a3","0.16984848484848486","0.49332931433036153","0.6129593805485581","0.16421521704879288","0.12213685656337225","0.361164189236223","0.38341807565478214","0.27337148596387423","0.41666666666666663","0.6403580480380207","0.618421052631579","0.25945603812845425","0.32152011423914717","0.758945979892537","0.7013888888888891","0.5911050562003695","0.3568214633969108"
"a2","0.41111111111111115","0.6758697064527525","0.7663834926683224","0.21100042941858735","0.320099378292398","0.5480601846594811","0.6315140511664432","0.47445850139525436","0.3333333333333333","0.5854005934976205","0.5833333333333333","0.22557720891901484","0.2563147121337365","0.6774839558580072","0.5477500343571775","0.5622502989429715","0.4845415201160815"
"a4","0.14552308802308803","0.44168551388754496","0.43820346320346315","0.059482733491488304","0.0701886388470364","0.06078035849667539","0.2150601897213781","0.19067853138471605","0.35","0.5711198437269808","0.5350877192982456","0.16099655243583014","0.21301809564197535","0.40695046077347824","0.8413299663299665","0.481383901014949","0.24233646024655064"
