"Similarity Measures","noun_path","noun_lch","noun_wup","noun_res","noun_jcn","noun_lin","noun_lesk","noun_vector","verb_path","verb_lch","verb_wup","verb_res","verb_jcn","verb_lin","verb_lesk","verb_vector","word2vec"
"Antecedent","0.30357142857142855","0.574322556022227","0.7243973346914523","0.23660787434201438","0.25344543084733495","0.5238907830654324","0.5765065764205264","0.43309684190478615","0.47916666666666663","0.6403580480380207","0.6625","0.18253928775006006","0.36321913707408227","0.6219904630613052","0.895285828243677","0.7386168081221625","0.5105281420629122"
"a3","0.20006184291898577","0.5291774066162587","0.7079138182079359","0.19008677680814015","0.14115506747067724","0.4811141137686809","0.27691382320495334","0.3193140566589651","0.6666666666666666","0.7343084371187691","0.8541666666666666","0.25062591418702157","0.6329760089261746","0.8154816662704394","1.0","0.7446415554450845","0.46061436604793"
"a2","0.3339002267573696","0.5906345601843778","0.6881483251048469","0.21073904987336092","0.34554387461257174","0.48133401809041404","0.5139196311819151","0.4253392730598544","0.4458333333333333","0.6057389458825007","0.603968253968254","0.2038739811307454","0.3933023783595007","0.6870270331656202","0.6073980216058703","0.5875634771207817","0.4731229720205444"
"a4","0.2474206349206349","0.4851521454471022","0.5151604778933971","0.15600960844845455","0.2031860337244705","0.3204804529253467","0.2473581509793989","0.3017065270832641","0.3208333333333333","0.5587637513421266","0.5803571428571429","0.15503500973896833","0.13769650561223995","0.4126049740985355","0.7265267508812311","0.378243114103022","0.5090958650492529"
