"Similarity Measures","noun_path","noun_lch","noun_wup","noun_res","noun_jcn","noun_lin","noun_lesk","noun_vector","verb_path","verb_lch","verb_wup","verb_res","verb_jcn","verb_lin","verb_lesk","verb_vector","word2vec"
"Antecedent","0.44242424242424244","0.7156542696962559","0.8222186505679328","0.312800262493472","0.40809809099291255","0.769492582794199","0.7776854438260054","0.5057513762364312","0.25","0.5074147244169241","0.6666666666666666","0.24772603269367127","0.165810088316112","0.5479818819495813","0.32051467051467053","0.432787961127702","0.4394381239019322"
"a3","0.24329004329004328","0.5410364978197737","0.6359393257085348","0.17173235848080626","0.1907445976049461","0.43919667570766047","0.3218749463820016","0.3581800390040451","0.19642857142857142","0.43156341536335496","0.5523809523809524","0.19972606583740338","0.165810088316112","0.5636071760985036","0.20431433697881052","0.31739645351054446","0.2294329557627063"
"a2","0.2220779220779221","0.5686951202542867","0.6985976613685592","0.2453384474928736","0.1495868461826093","0.5618026174578606","0.4491552998181889","0.31016683692848585","0.25","0.5074147244169241","0.6666666666666666","0.19936733315929667","0.17750976487369372","0.48018462426290254","0.2691989337822675","0.3774794478361595","0.30245642007334583"
"a4","0.3287878787878788","0.6331474650774034","0.7307600294442399","0.2535109366170965","0.25054067741788394","0.61530992391886","0.4539444319275637","0.4096275562679693","0.2","0.4469241848755406","0.6666666666666666","0.19724453674380335","0.165810088316112","0.5117011612199173","0.289865828615829","0.31739645351054446","0.3549107948158412"
