"Similarity Measures","noun_path","noun_lch","noun_wup","noun_res","noun_jcn","noun_lin","noun_lesk","noun_vector","verb_path","verb_lch","verb_wup","verb_res","verb_jcn","verb_lin","verb_lesk","verb_vector","word2vec"
"Antecedent","0.2333333333333333","0.5794815806743557","0.6968325791855204","0.2206216109313417","0.11880763845715507","0.472637680307975","0.660960037914123","0.31972491748717663","0.41666666666666663","0.6403580480380207","0.6388888888888888","0.17739526217707574","0.6064347916373214","0.7501458294995592","0.67985347985348","0.42158215380814046","0.4765929750324354"
"a3","0.20833333333333334","0.547654514467686","0.6786749482401656","0.20789665457772447","0.17621438306143308","0.5572832084266088","0.32381670786716965","0.2730319453754357","0.375","0.6013651134976725","0.5846153846153846","0.15688370688741415","0.5456836428188834","0.489679701061728","0.698809523809524","0.382870442307715","0.29851303310289584"
"a2","0.1976190476190476","0.5395570546386776","0.6775599128540305","0.19036012808056005","0.11731965965855612","0.46487123873948316","0.322777308778121","0.26910422633278136","0.3333333333333333","0.5854005934976205","0.6388888888888888","0.16129016540090174","0.3075091985944157","0.6391748089786791","0.2950707031064175","0.3841443348383975","0.33037644755769774"
"a4","0.2333333333333333","0.5901245940077238","0.7341286164815578","0.21822572074888003","0.12032468355309041","0.5014105604668858","0.6478140680508914","0.2932943877100724","0.29166666666666663","0.5464076589572724","0.575","0.16039608049315024","0.15276961135742023","0.46619618565562865","0.6317555210489996","0.3766668749048225","0.4044136137437343"
