"Similarity Measures","noun_path","noun_lch","noun_wup","noun_res","noun_jcn","noun_lin","noun_lesk","noun_vector","verb_path","verb_lch","verb_wup","verb_res","verb_jcn","verb_lin","verb_lesk","verb_vector","word2vec"
"Antecedent","0.225","0.5800428374174932","0.757469654528478","0.2323455577550758","0.13660700316414998","0.5458198970389351","0.2595609850004855","0.25547235897656817","0.3333333333333333","0.5854005934976205","0.5","0.19277955049531767","0.14461459541281607","0.5266220684867402","1.0","0.493617447903928","0.2856320936406895"
"a3","0.0","0.0","0.0","0.0","0.0","0.0","0.0","0.0","0.25","0.5074147244169241","0.4","0.0","0.08421419468080572","0.0","0.220093795093795","0.294677919612854","0.2649490874710317"
"a2","0.0","0.0","0.0","0.0","0.0","0.0","0.0","0.0","0.25","0.5074147244169241","0.4","0.0","0.06796611746624542","0.0","0.291081871345029","0.254409587717455","0.15145607974633843"
"a4","0.21666666666666665","0.5676867450326389","0.685369532428356","0.21840552909089622","0.15548754260644285","0.5397839190890849","0.29487074570725125","0.16704562402776651","0.3333333333333333","0.5854005934976205","0.4","0.19277955049531767","0.11317190119329475","0.4654115192682117","1.0","0.680168071182142","0.30623206823377574"
