Similarity Measures,noun_path,noun_lch,noun_wup,noun_res,noun_jcn,noun_lin,noun_lesk,noun_vector,verb_path,verb_lch,verb_wup,verb_res,verb_jcn,verb_lin,verb_lesk,verb_vector,word2vec,Average
Antecedent,0.14434523809523808,0.45998287632404145,0.5440476190476191,0.13254368326510596,0.09970071632327587,0.34477383013224966,0.14062076921755215,0.24611716975059728,0.3333333333333333,0.5854005934976205,0.5,0.0,0.09445916004721777,0.0,0.3016105767225975,0.2817932627299175,0.2818411133915599,0.26415117305164276
a3,0.2791666666666667,0.6146619395730132,0.7873217468805704,0.28315468396070653,0.28205137619474974,0.6924463742953396,0.519640596571463,0.3566152929789415,0.6666666666666666,0.7343084371187691,0.75,0.10483119740413069,0.5587596824175693,0.5,0.615319055944056,0.652543729395128,0.42241689986164754,0.51881790270173056
a2,0.18571428571428572,0.5269945480053627,0.7053571428571428,0.22196722156835264,0.21560308194928338,0.6273384271307878,0.17182757994059744,0.20935660193326452,0.3333333333333333,0.5854005934976205,0.5,0.0984594856926241,0.25665410006141215,0.3833139952223747,0.2589285714285715,0.346476251397371,0.28219881284091636,0.34758376662195883
