"Similarity Measures","noun_path","noun_lch","noun_wup","noun_res","noun_jcn","noun_lin","noun_lesk","noun_vector","verb_path","verb_lch","verb_wup","verb_res","verb_jcn","verb_lin","verb_lesk","verb_vector","word2vec"
"a1","0.0","0.0","0.0","0.0","0.0","0.0","0.0","0.0","0.30625","0.5583428087847736","0.6909622401592215","0.20199273464318507","0.18453979820542912","0.5685853841734256","0.38738175173171885","0.43614641490321493","0.3286687085220982"
"a3","0.3451388888888889","0.6439066404782744","0.8109499601275917","0.29589978621647417","0.3223547607366334","0.6911569035624878","0.6144900028189619","0.5659800219936143","0.46875","0.6540974116731209","0.6802631578947369","0.23964001769542098","0.3803949077198306","0.6563845540378597","0.9008928571428572","0.6005594935089246","0.443279966560903"
"a2","0.16889880952380953","0.4941874057861996","0.6080451411333764","0.17249390618611338","0.10279421175879262","0.40197915849654486","0.36696985984235075","0.31085248546709365","0.44791666666666674","0.6031310871327337","0.6645833333333333","0.18549176835095615","0.33507184491451714","0.577594930765208","0.6728288524341156","0.6168185046060524","0.32777301707463335"
"Antecedent","1.0","0.9860896635111783","1.0","0.4598996023457879","1.0","1.0","1.0","1.0","1.0","0.8832162807399176","1.0","0.39809765656658386","1.0","1.0","1.0","1.0","1.0"
"a4","0.20257936507936508","0.5425458715768195","0.6965485494897259","0.22019961599365542","0.2086557471150472","0.555757311633083","0.43612131905717316","0.31191941139068335","0.5","0.6540974116731207","0.7624732905982906","0.25564348478360066","0.6163344329602927","0.7792040913906451","0.8211562550104217","0.6350313763175868","0.3970930573519788"
