Similarity Measures,noun_path,noun_lch,noun_wup,noun_res,noun_jcn,noun_lin,noun_lesk,noun_vector,verb_path,verb_lch,verb_wup,verb_res,verb_jcn,verb_lin,verb_lesk,verb_vector,word2vec,Average
Antecedent,0.6458333333333333,0.8176853526198558,0.9068181818181819,0.3248482649382215,0.6362155870348067,0.8531559159079527,0.8219866071428572,0.6578162220977468,0,0,0,0,0,0,0,0,0.5526486869738845,0.36570636187451999
a3,0.15416666666666667,0.4462576286816905,0.5980263157894736,0.23025263527109985,0.1495417619025315,0.5498872947429682,0.209105955958853,0.1325770229763793,0,0,0,0,0,0,0,0,0.3791826944488316,0.16758811626108791
a2,0.6333333333333333,0.8025627177345098,0.9017857142857143,0.2840621182247818,0.6163987058100404,0.7918699989417624,0.6461101572039072,0.6362792790127835,0,0,0,0,0,0,0,0,0.679455744801787,0.35246222172638936
a4,0.12738095238095237,0.4206880665397601,0.5404605263157894,0.18136378432882191,0.12774315336990516,0.47202129504104157,0.21690655338668974,0.3794279971882667,0,0,0,0,0,0,0,0,0.3472743729356381,0.1654862765580509
