"Similarity Measures","noun_path","noun_lch","noun_wup","noun_res","noun_jcn","noun_lin","noun_lesk","noun_vector","verb_path","verb_lch","verb_wup","verb_res","verb_jcn","verb_lin","verb_lesk","verb_vector","word2vec"
"Antecedent","0.21726190476190474","0.4993640703159211","0.6306106174527226","0.2135673149737523","0.19360224055341543","0.40602406601685354","0.37209633523700447","0.31399735334483647","0.2833333333333333","0.5363259023670417","0.6083333333333333","0.14330181387920563","0.31768396874605337","0.40961317372853623","0.46525808619391107","0.4231983133296193","0.30869163487079465"
"a3","0.12080578152006723","0.40187362865634524","0.48151453563881697","0.14186377537157033","0.06181537296905303","0.20035201843398442","0.22602779311989327","0.18646278729041257","0.3055555555555555","0.5517291656239562","0.5156565656565656","0.08450582869623997","0.1525448899783992","0.2353105375047407","0.32710453127119804","0.30676807235349574","0.21667810690171557"
"a2","0.2205215419501134","0.5087915903198261","0.6309421136875802","0.19117481486627216","0.14827373506470054","0.36644414104825923","0.3543762983502869","0.35393366228154266","0.3819444444444444","0.564726810470739","0.6055555555555555","0.1115073149770913","0.2874618530257259","0.36770047519341637","0.47583691080491336","0.4402672238671121","0.37890851965571437"
"a4","0.26575963718820866","0.5943191608288428","0.7283786389049548","0.2439922444655711","0.1973429453752298","0.4854546793506869","0.4902120096647038","0.2883624049515487","0.3680555555555555","0.5517291656239562","0.561111111111111","0.09231107648057191","0.26253296924393427","0.32406111701415335","0.42187852381304763","0.4417410504365565","0.35741888933080956"
