"Similarity Measures","noun_path","noun_lch","noun_wup","noun_res","noun_jcn","noun_lin","noun_lesk","noun_vector","verb_path","verb_lch","verb_wup","verb_res","verb_jcn","verb_lin","verb_lesk","verb_vector","word2vec"
"Antecedent","0.17777777777777778","0.5168479879538568","0.6483516483516484","0.2083975873828677","0.09781691104938554","0.43885520953991436","0.19749070233918709","0.23506261926699734","0.3333333333333333","0.5738863862274725","0.5","0.17558890555701268","0.3376480185392369","0.5552044461889047","0.6323497732426304","0.469659777654667","0.4288062650582058"
"a3","0.20555555555555557","0.5534862909807904","0.678517560870502","0.26697222067459875","0.12565191460054984","0.5542978030905302","0.31691460880772476","0.2743082868380264","0.4375","0.6013651134976725","0.6166666666666666","0.24619321813810574","0.37548989313536146","0.656328078861074","0.3967079156223894","0.5057918026022732","0.28554773143116646"
"a2","0.12962962962962962","0.4270965920535177","0.5216374269005847","0.1158368955377329","0.08029367238983193","0.26393114010546564","0.25555517307943665","0.3483600047749767","0.4375","0.6013651134976725","0.5499999999999999","0.14042826408239475","0.3371365319703275","0.4496995851306905","0.43274566598814723","0.48181150813921403","0.3853659678337808"
"a4","0.1263227513227513","0.423810369044773","0.4871269081795398","0.09266538555064135","0.08280221548495947","0.22157392360471098","0.23698528580473033","0.3196675185713644","0.47916666666666663","0.6403580480380207","0.6178571428571429","0.23379708200554117","0.36014424522399485","0.6550590582612993","0.8453429027113237","0.6630293832739438","0.2982514889740621"
