"Similarity Measures","noun_path","noun_lch","noun_wup","noun_res","noun_jcn","noun_lin","noun_lesk","noun_vector","verb_path","verb_lch","verb_wup","verb_res","verb_jcn","verb_lin","verb_lesk","verb_vector","word2vec"
"Antecedent","0.36269841269841274","0.6452323118140288","0.8087962962962963","0.3052884038929173","0.3819338661386478","0.6737521194120263","0.6326161203860301","0.4701381805894272","0.4333333333333333","0.6513495389461008","0.6409523809523809","0.2234278489061668","0.3042146149281334","0.582353877974757","0.7076373626373627","0.4983076831061104","0.42676768723434955"
"a3","0.24861111111111112","0.5818871990844876","0.7263003911778982","0.22146100308845437","0.1416198638507404","0.4824007296845068","0.5164145685286413","0.3780416476793827","0.7333333333333333","0.7640900058429988","0.82","0.2250440410169543","0.6448324948849298","0.6872223890175805","0.7167644855144856","0.7345125670371756","0.4358458609936864"
"a2","0.5111111111111111","0.741387069142287","0.8380291005291006","0.32191051043286734","0.5211379774315769","0.7212754419107866","0.766757650390129","0.5632949672262516","0.6","0.7045268683945395","0.72","0.20437250475926194","0.4837003985790275","0.705321779366927","0.7526375013875014","0.6993533102116457","0.5370034470069782"
"a4","0.2263888888888889","0.5718054424942571","0.690112424555149","0.19134787496852046","0.1267544633380897","0.45459268635112743","0.4795652676848549","0.2947266299852433","0.6","0.7045268683945395","0.7","0.14100274471730462","0.48182370874548147","0.5874288567372783","0.554753689293163","0.5872792712807389","0.31235488353918894"
