Similarity Measures,noun_path,noun_lch,noun_wup,noun_res,noun_jcn,noun_lin,noun_lesk,noun_vector,verb_path,verb_lch,verb_wup,verb_res,verb_jcn,verb_lin,verb_lesk,verb_vector,word2vec,Average
Antecedent,0.3217948717948718,0.6636861219715022,0.7876640902956692,0.2462250660083736,0.35921441211761385,0.6688282068628969,0.6741613260379237,0.3699673802961473,0.7555555555555556,0.7787453270537722,0.8861375661375662,0.25967514707989625,0.8072299178415872,0.9058710785891951,0.9130344827586206,0.8414513536412377,0.5408025081174159,0.63412025953881446
a3,0.27371794871794874,0.605870497921811,0.7060297168894453,0.20611312322960723,0.2665703449965886,0.5340785801783632,0.6948312179257906,0.32808898430716743,0.6077777777777776,0.7047513710917943,0.742962962962963,0.20068003817884372,0.5906846138151315,0.7517145377806304,0.7539575954619532,0.6840275132859893,0.42991040541766057,0.53422160176114508
a2,0.2775641025641026,0.6069807833418718,0.721917072369561,0.20049921502081985,0.21508794949028212,0.5426204660374049,0.47434465429494654,0.3034052014549914,0.6611111111111111,0.7338375108160862,0.8070370370370371,0.22295086667345912,0.633205523431405,0.7811975247894749,0.8120326627165861,0.7531554747931697,0.4820807156795642,0.5428839924483454
a4,0.18034188034188034,0.5128891072673109,0.6024515632815229,0.13463488735411208,0.11554914092383248,0.33105386505535395,0.43640670455485137,0.25727305478255913,0.6277777777777778,0.7213107922719864,0.762962962962963,0.20322881457555503,0.5796304634026029,0.75895898101953,0.7512074580332443,0.6955449481907288,0.5112210775458746,0.48132020466715797
