Similarity Measures,noun_path,noun_lch,noun_wup,noun_res,noun_jcn,noun_lin,noun_lesk,noun_vector,verb_path,verb_lch,verb_wup,verb_res,verb_jcn,verb_lin,verb_lesk,verb_vector,word2vec,Average
a1,0.21121933621933625,0.4958231084575141,0.6183350533195734,0.19599407923891046,0.3118347804395822,0.4397749735420942,0.44207457321087024,0.3088095983474858,0.5277777777777778,0.6586771995514874,0.6888888888888888,0.13902525522259407,0.44402829453864223,0.5507377525202736,0.7503743819533293,0.751184843531679,0.4261509777084245,0.46827711026285085
a3,0.3625,0.6891158613835875,0.8405731523378583,0.2712825775254643,0.519978200727005,0.706856349435791,0.782581627348695,0.4207332783774985,0.3611111111111111,0.5960436068309884,0.6148148148148148,0.19975557895071416,0.5312508022033822,0.7447189337664241,0.5721336412125887,0.496165481324436,0.4706297573355901,0.54001439851093813
Antecedent,0.21071428571428572,0.4951419883503344,0.5957107843137255,0.18993435557282096,0.31076114230115054,0.4428067369373281,0.412294985658081,0.27136309279923554,0.5277777777777778,0.6586771995514874,0.6888888888888888,0.1958721399610381,0.47272792002404734,0.7393898690849504,0.7271604938271604,0.751184843531679,0.5414261051648775,0.48422544761522751
a4,0.19821428571428573,0.5421171828907085,0.7125816993464053,0.18327488955907184,0.10114471924402234,0.4113128851073977,0.4645486952122055,0.35496485318406973,0.5833333333333334,0.6953155025784209,0.6888888888888888,0.21238472237412384,0.7018349054132474,0.7708195771489111,0.7564357755534227,0.751184843531679,0.5910818560637574,0.51290815383199717
