"Similarity Measures","noun_path","noun_lch","noun_wup","noun_res","noun_jcn","noun_lin","noun_lesk","noun_vector","verb_path","verb_lch","verb_wup","verb_res","verb_jcn","verb_lin","verb_lesk","verb_vector","word2vec"
"Antecedent","0.2","0.5497975676468014","0.7058823529411765","0.25177506766943486","0.1635111536205127","0.6216098476857986","0.445975906116355","0.589098672842429","0.6666666666666666","0.7343084371187691","0.7727272727272727","0.2552214353556893","0.5996228350642501","0.7877688837293366","0.8097351366582135","0.7362709922853675","0.49327022336476717"
"a3","0.14285714285714285","0.4585854890810465","0.5555555555555556","0.2197689367264532","0.1068481006099939","0.48374433974929565","0.393162393162393","0.238704211715627","0.3333333333333333","0.5854005934976205","0.7012987012987013","0.2099632313829381","0.5613226596601433","0.6903662238368762","0.514570833649781","0.308322134582549","0.36861915620321223"
"a2","0.0","0.0","0.0","0.0","0.0","0.0","0.0","0.0","0.3333333333333333","0.5854005934976205","0.6875","0.18255418726307637","0.25672004803397064","0.6404438038865939","0.6606837606837606","0.3298627879974795","0.4939788086600029"
"a4","0.16666666666666666","0.5003731981073846","0.6666666666666666","0.25177506766943486","0.139087660204293","0.5828806378459469","0.573047667342799","0.322250507853006","0.6666666666666666","0.7343084371187691","0.7727272727272727","0.2552214353556893","0.5996228350642501","0.7877688837293366","0.8097351366582135","0.7362709922853675","0.5732217021806318"
