"Similarity Measures","noun_path","noun_lch","noun_wup","noun_res","noun_jcn","noun_lin","noun_lesk","noun_vector","verb_path","verb_lch","verb_wup","verb_res","verb_jcn","verb_lin","verb_lesk","verb_vector","word2vec"
"Antecedent","0.265","0.5981899992799082","0.702156862745098","0.2270727460402362","0.2599474848521618","0.5419189026122878","0.3833971252025024","0.2380792261560452","0.29166666666666663","0.5464076589572724","0.5833333333333333","0.28080652667169304","0.2936319815666695","0.7661993208188713","0.6563131313131315","0.423397733459201","0.42220143394141296"
"a3","0.3083333333333333","0.6414824548204635","0.7737394957983194","0.24307764677195517","0.19333046892307837","0.5506028215847273","0.5788135053352443","0.4254993714265115","0.375","0.6013651134976725","0.6444444444444444","0.2705535579999773","0.3762215574592066","0.6840402266155811","0.610693473193473","0.4537390000796005","0.4447879775348998"
"a2","0.22523809523809518","0.5713485415663431","0.7340336134453782","0.2138177056848408","0.12186375524697195","0.475067876689628","0.2714738662390932","0.38508879162236215","0.375","0.6013651134976725","0.6444444444444444","0.175615500020378","0.24910497373348683","0.42423279873004616","0.6352813852813854","0.491018237619953","0.47695002266509035"
"a4","0.09245532245532247","0.3383322859526556","0.4912165129556434","0.10596449368112755","0.06347430584975283","0.20994039541268542","0.1588466506717344","0.19832722633144545","0.225","0.4771694546462324","0.5888888888888889","0.09728386015541034","0.14713548789445458","0.3014544923649589","0.3115824915824915","0.3482825390368335","0.28743884940947473"
