"Similarity Measures","noun_path","noun_lch","noun_wup","noun_res","noun_jcn","noun_lin","noun_lesk","noun_vector","verb_path","verb_lch","verb_wup","verb_res","verb_jcn","verb_lin","verb_lesk","verb_vector","word2vec"
"a1","0.07882478632478632","0.29169500843235896","0.23619174942704352","0.03142836156179673","1e-300","1.2541217434758369e-300","0.1895016332234074","0.0669366535747535","0.3333333333333333","0.5854005934976205","0.5","0.11467541709510977","0.2261077163570373","0.41289055733030594","0.36835080984466","0.4230786853830733","0.3722240988239519"
"a3","0.16999999999999998","0.4946608981991286","0.5764212258329906","0.14433865195440038","0.1024129239408897","0.36689422981897785","0.3007804243618526","0.1803530689399126","0.6666666666666666","0.7579490952989199","0.8783068783068783","0.25830178465592674","0.8444801652819068","0.9354147441950658","1.0","0.6841953688873282","0.4507716213540851"
"Antecedent","0.1907936507936508","0.5238835120261605","0.6755494505494506","0.19470134454281138","0.14718904082472836","0.5031045289339143","0.262829864731014","0.23899417399443776","0.20000000000000004","0.4469241848755406","0.3333333333333333","0.0522019426047276","0.10480176617308785","0.13228428600845063","0.14564377193687533","0.267289494917281","0.37020526608004883"
"a4","0.2111111111111111","0.5159703719235239","0.585050505050505","0.1595315248219919","0.13499194573308562","0.3947220422011265","0.3664872442435928","0.1247853990823908","0.5555555555555555","0.684672489245053","0.7592592592592592","0.19159025644480474","0.49775593555344194","0.7529517802635558","0.51","0.782830415516859","0.34793118787377697"
