"Similarity Measures","noun_path","noun_lch","noun_wup","noun_res","noun_jcn","noun_lin","noun_lesk","noun_vector","verb_path","verb_lch","verb_wup","verb_res","verb_jcn","verb_lin","verb_lesk","verb_vector","word2vec"
"Antecedent","0.2976190476190476","0.6223541605396378","0.733462615815557","0.2515625069869196","0.450363823588196","0.7033733225100037","0.7418322484869248","0.6086954281354594","0.41666666666666663","0.6403580480380207","0.7619047619047619","0.2677061473978084","0.26242817599064266","0.7110172912829384","0.6302968409586055","0.567030210497901","0.502535349995499"
"a3","0.0","0.0","0.0","0.0","0.0","0.0","0.0","0.0","0.3333333333333333","0.5854005934976205","0.5","0.0","0.06823302318279309","0.0","0.214436680469289","0.1741772229944825","0.346451414223186"
"a2","0.0","0.0","0.0","0.0","0.0","0.0","0.0","0.0","0.6666666666666666","0.7343084371187691","0.75","0.24256739426223117","0.5514379462246881","0.6720681710724672","0.6302968409586055","0.69146059756126","0.48286596882376626"
"a4","0.1865079365079365","0.5230822647922054","0.5871459694989106","0.1623876543583269","0.10274023373490422","0.37981545230393987","0.3678664298158143","0.257449586448673","0.3333333333333333","0.5854005934976205","0.5","0.06390802600324073","0.11329599070228444","0.18678190273324122","0.3703661900964535","0.34354006547572147","0.40318448096709875"
