"Similarity Measures","noun_path","noun_lch","noun_wup","noun_res","noun_jcn","noun_lin","noun_lesk","noun_vector","verb_path","verb_lch","verb_wup","verb_res","verb_jcn","verb_lin","verb_lesk","verb_vector","word2vec"
"Antecedent","0.22916666666666666","0.5553306526477848","0.6833333333333333","0.1753687151043916","0.2139340000638435","0.48979694683701475","0.608334054834055","0.244042048122861","0.2","0.4469241848755406","0.5333333333333333","0.16771115962443803","0.218915911956097","0.5943313809546823","0.240411748745082","0.329622728867524","0.3052450261918104"
"a3","0.25","0.6102881071881849","0.7963800904977376","0.24455269019179215","0.15088100797595363","0.5918774352629492","0.2856537756622315","0.346041914731487","0.2","0.4469241848755406","0.5333333333333333","0.23174097205036875","0.218915911956097","0.5943313809546823","0.264462081128748","0.304118740050447","0.5499113360045097"
"a2","0.5714285714285714","0.7223375762961125","0.7857142857142857","0.33121573908661145","0.5553878342964859","0.7222287354462237","0.63489025065112","0.6379724183971575","0.2","0.4469241848755406","0.5333333333333333","0.16771115962443803","0.218915911956097","0.5943313809546823","0.247573561703996","0.271042533979174","0.5068848708764596"
"a4","0.13392857142857142","0.4404864090538674","0.5079365079365079","0.20198434793098258","0.10347530996244393","0.44599628761469834","0.3271312853812855","0.2720282368818975","0.25","0.5074147244169241","0.6","0.23174097205036875","0.14645076970753013","0.5590582814996469","0.464444444444444","0.161192431600929","0.4163638447323169"
