"Similarity Measures","noun_path","noun_lch","noun_wup","noun_res","noun_jcn","noun_lin","noun_lesk","noun_vector","verb_path","verb_lch","verb_wup","verb_res","verb_jcn","verb_lin","verb_lesk","verb_vector","word2vec"
"a1","0.12278039420896565","0.41106731368126176","0.5010383100608664","0.1253010601894891","0.0857504158843141","0.29739340468281295","0.27431310423730526","0.16283617720076496","0.7777777777777778","0.7839443849924853","0.8333333333333334","0.3107198738185377","0.7322166713615785","0.9102777398284175","1.0","0.943587422553897","0.4374000126074034"
"a3","0.23015873015873017","0.5697612645936408","0.7360805860805861","0.19099446451330224","0.11091228678327616","0.43017078166957334","0.44997406708169735","0.3351659400229593","0.8333333333333334","0.8205826880194187","0.8888888888888888","0.2651843729783993","0.7479516628275915","0.8810802831118085","1.0","0.8838196239196344","0.5653348291736936"
"a2","0.12329575186718045","0.4092657694487615","0.48063014679556026","0.11618005213090851","0.08537418858240349","0.2719554573522593","0.27525311660588914","0.15210690669022053","0.75","0.7579490952989199","0.7999999999999999","0.24225169768866114","0.7058064792662954","0.7915213681500289","0.7427248677248676","0.7466997234467546","0.2631260330959593"
"Antecedent","1.0","0.9860896635111783","1.0","0.5408339771526985","1.0","1.0","1.0","0.9999999999999988","1.0","0.8832162807399176","1.0","0.39191459669722456","1.0","1.0","1.0","1.0","1.0"
"a4","0.21071428571428572","0.5479606649218455","0.6466295609152751","0.17360095416870297","0.13039518417747978","0.41018022460699693","0.3726923732258874","0.2248474622312623","0.3611111111111111","0.5960436068309884","0.5666666666666668","0.16065349118297637","0.4984646218058772","0.684139424873491","0.5793056987104607","0.5233641135349777","0.41396916849445103"
