"Similarity Measures","noun_path","noun_lch","noun_wup","noun_res","noun_jcn","noun_lin","noun_lesk","noun_vector","verb_path","verb_lch","verb_wup","verb_res","verb_jcn","verb_lin","verb_lesk","verb_vector","word2vec"
"Antecedent","0.5154761904761905","0.7315065627146785","0.8185387711703501","0.32984321404001254","0.5678396007450026","0.7549326494190701","0.6499106928303147","0.6220600224409365","0.6145833333333333","0.6678367753082208","0.75","0.1467589873102402","0.5581758807734132","0.6150022683701085","0.6153472222222223","0.6401827003847104","0.5652769807291689"
"a3","0.2472222222222222","0.5848030873410398","0.6999845699536102","0.23568512579386183","0.22795520095119395","0.5549546221669286","0.5435595300881738","0.49461924492554116","0.2857142857142857","0.5279784717006618","0.6267543859649123","0.19028632494267098","0.1361942389794211","0.49514406066690236","0.48697524837805173","0.4065804016847032","0.4520938084632732"
"a2","0.14583333333333334","0.4613802635670364","0.598803157626687","0.17645946661211354","0.10448213403740118","0.4083802925435642","0.3737728697184963","0.31593947772158604","0.6249999999999999","0.6873332425783949","0.7788461538461539","0.19308115804793702","0.5635606861919407","0.7360464821418669","0.5977170138888889","0.7040013141261006","0.43026477001998836"
"a4","0.4682539682539682","0.691952371431193","0.7740259740259741","0.28490084104442964","0.4333089707775318","0.6649775363034709","0.5217153944258134","0.5371611188780405","0.2916666666666667","0.5384253989572463","0.5288461538461539","0.18679056602364577","0.23053538588529748","0.5179913827131748","0.3416567460317463","0.4085207957580065","0.5374090382033352"
