Similarity Measures,noun_path,noun_lch,noun_wup,noun_res,noun_jcn,noun_lin,noun_lesk,noun_vector,verb_path,verb_lch,verb_wup,verb_res,verb_jcn,verb_lin,verb_lesk,verb_vector,word2vec,Average
a1,0.24166666666666667,0.5699610808272627,0.7004823521851385,0.21652028521177705,0.13458666581494508,0.419165018364815,0.3732486252717722,0.312358305989404,0.4066666666666666,0.6236542572216848,0.6380952380952382,0.2317278086748174,0.5166273675658221,0.7539250215318312,0.8796848924022838,0.6556665982707534,0.441375514111595,0.47737719793367495
a3,0.24464285714285713,0.5696010742467473,0.7193076645863022,0.24941762405631726,0.19498822650477585,0.48581667309337656,0.42123055349592725,0.29615668511268584,0.5800000000000001,0.6711192867618675,0.7222222222222222,0.17858941620842575,0.5488163555623944,0.6802021174076571,0.6780455655455656,0.5946575103574239,0.44835029530740833,0.48724494868305612
Antecedent,0.1636363636363636,0.46207684537564325,0.5432011401051648,0.17753283791094746,0.0653805645395662,0.21829824470782144,0.35368281595323076,0.16690238573914964,0.74,0.7583777059347429,0.8555555555555555,0.3190890301346657,0.7345362084099415,0.8802021174076572,0.8372863247863247,0.745767512907278,0.44217966779900514,0.49786501887665036
a4,0.21058201058201056,0.5259981530487575,0.6446811473127263,0.19754475988380468,0.20886300920902737,0.39092935096788484,0.33733606133662203,0.30755195776429517,0.5466666666666666,0.6491363049457075,0.6888888888888889,0.12277850198546866,0.491308672993006,0.5417912597301828,0.5046536796536796,0.5789812723382484,0.42652551106875153,0.43377748284563111
