Similarity Measures,noun_path,noun_lch,noun_wup,noun_res,noun_jcn,noun_lin,noun_lesk,noun_vector,verb_path,verb_lch,verb_wup,verb_res,verb_jcn,verb_lin,verb_lesk,verb_vector,word2vec,Average
Antecedent,0.18390022675736964,0.5069438924003172,0.6263605442176869,0.2090082322593838,0.13973633896692392,0.43981573774460003,0.34450687398157315,0.315317365508916,0.25,0.5074147244169241,0.6666666666666666,0.33084865744085573,0.21957729746620613,0.7435180762313649,0.190557590557591,0.305943048921849,0.3918725328200941,0.37482281213872487
a3,0.3964285714285714,0.6152867727708458,0.6108875251732394,0.22058108971262427,0.3511666609852852,0.45711496913462935,0.45307699995337547,0.43325614747772656,0.0,0.0,0.0,0.0,0.0,0.0,0.0,0.0,0.33382120087845046,0.22774234926557338
a2,0.14076479076479076,0.4414153773305958,0.5280916194228887,0.1483341833171675,0.07715358155918198,0.303214173382598,0.20379741461198617,0.22274590432124605,0.14285714285714285,0.3557121063097858,0.25,0.0,0.0689288790308896,0.0,0.147681485181485,0.114941137247978,0.36039163257211476,0.20623702517116768
a4,0.20710579103436247,0.3798516866464224,0.2932781209649851,0.10128693155554412,0.1842809446960955,0.1611140409663048,0.24777130929255714,0.25153281411050143,0.0,0.0,0.0,0.0,0.0,0.0,0.0,0.0,0.2662680481605259,0.12308762867219404
