Similarity Measures,noun_path,noun_lch,noun_wup,noun_res,noun_jcn,noun_lin,noun_lesk,noun_vector,verb_path,verb_lch,verb_wup,verb_res,verb_jcn,verb_lin,verb_lesk,verb_vector,word2vec,Average
Antecedent,0.5799603174603175,0.7728044905838475,0.8579688285570639,0.39036336355480095,0.5687015613061338,0.7630918496998197,0.7627483073881774,0.639347979711396,0.64,0.7207975503024435,0.8698412698412697,0.26314603447978724,0.6916720790390004,0.8607792812046317,0.8559848484848483,0.7312792644197105,0.5912923225769402,0.67998702050648163
a3,0.32023809523809527,0.6342590319244983,0.7179910560715514,0.20189944999709683,0.21886115411958018,0.43590169771293824,0.5823452614940987,0.39418862364173596,0.49000000000000005,0.6456372390378448,0.6784126984126984,0.20052824393897714,0.41071461541033766,0.6873567015137836,0.7722023455846984,0.585872890444292,0.47225884845119254,0.4969804678231422
