Similarity Measures,noun_path,noun_lch,noun_wup,noun_res,noun_jcn,noun_lin,noun_lesk,noun_vector,verb_path,verb_lch,verb_wup,verb_res,verb_jcn,verb_lin,verb_lesk,verb_vector,word2vec,Average
a1,0.3527777777777778,0.6391992851383025,0.7424333836098542,0.22537976942360097,0.2725588422851149,0.557691765726822,0.705787417137992,0.42453005098217483,0.4166666666666667,0.6403580480380208,0.5462962962962963,0.19276068238006105,0.2941561954376422,0.6217498703151628,0.6253605617092458,0.44218526502514893,0.43066799492896346,0.47826822781640271
Antecedent,0.3432539682539683,0.6239972720440101,0.7253663003663005,0.20961584185142923,0.2682158458984884,0.529090479993846,0.6895337320536618,0.377301634795331,0.7777777777777777,0.7839443849924853,0.9027777777777778,0.27289731639402415,0.7638620082364724,0.9083244092644492,0.7546170402765441,0.8042137767217445,0.4274912799121415,0.597781226271203
a2,0.3904761904761904,0.6688729699941797,0.8032990974167444,0.26728163940768396,0.4168742839211323,0.6430115274122509,0.6600160840278125,0.4939059153912298,0.6944444444444445,0.7526275886322358,0.8737373737373737,0.26480324413710826,0.7311591523804344,0.8672165947795661,0.8573148148148149,0.7020674759073477,0.569815881385885,0.62687789872155497
a4,0.2833333333333333,0.6262016402915199,0.739443975357288,0.19765565953787137,0.17572595204240746,0.5524472830381179,0.6466638667325225,0.4161646628087236,0.638888888888889,0.7396299437854531,0.7275132275132274,0.2354027705815408,0.7564984852155959,0.8715817627802052,0.964623820487791,0.6455056279983322,0.416969589249245,0.56672061703776844
