"Similarity Measures","noun_path","noun_lch","noun_wup","noun_res","noun_jcn","noun_lin","noun_lesk","noun_vector","verb_path","verb_lch","verb_wup","verb_res","verb_jcn","verb_lin","verb_lesk","verb_vector","word2vec"
"Antecedent","0.20706349206349203","0.5358608698368639","0.6333433748913625","0.213600925857126","0.11070101683927451","0.38240336173550055","0.21080214039510808","0.28965544776740604","1.0","0.8832162807399176","0.8333333333333334","0.34746767096424636","1.0","1.0","1.0","0.9999999999999987","0.39173876436017685"
"a3","0.14983516483516485","0.4598420608252587","0.5825562904587673","0.15230532403469949","0.08586394630401004","0.31649349320186504","0.1547065490544157","0.22285944219717932","0.38888888888888884","0.6220388965245539","0.648148148148148","0.17465033513170272","0.2849507363404564","0.637790949909652","0.5420516652659509","0.553136366215206","0.10494839718005965"
"a2","0.25435897435897437","0.541062718838195","0.6464130915524106","0.24060956897384336","0.18586394630401004","0.416493493201865","0.21557706412195882","0.22285944219717932","0.611111111111111","0.7213107922719862","0.7222222222222222","0.24126884138809881","0.5137034385269561","0.7348055170260138","0.7384559884559883","0.7230849757101246","0.37105233197931775"
"a4","0.2147359584859585","0.4632571656765846","0.4991961048926993","0.1319036247410992","0.15918049301070972","0.233876138321265","0.22901872573567603","0.2934875748965122","0.611111111111111","0.7213107922719865","0.7592592592592592","0.23019322430684866","0.5648076435570181","0.7624471558537272","0.753514739229025","0.6660409951611056","0.3136109593960473"
