Similarity Measures,noun_path,noun_lch,noun_wup,noun_res,noun_jcn,noun_lin,noun_lesk,noun_vector,verb_path,verb_lch,verb_wup,verb_res,verb_jcn,verb_lin,verb_lesk,verb_vector,word2vec,Average
a1,0.08458208458208459,0.31453103020854717,0.28242630385487527,0.04735601125211058,0.05025829053440362,0.08499670482702451,0.0,0.032949651617966355,0.25,0.5074147244169241,0.8235294117647058,0.23102350669415528,0.17601616446914992,0.5774528208064319,0.340875070442378,0.435457053470308,0.3844028424111196,0.27195715713836383
a3,0.5738095238095238,0.7470022815234415,0.8209868562809739,0.3395848353796393,0.6249197265716919,0.7392566097404624,0.7739745685323204,0.5979016673030018,0.25,0.5074147244169241,0.7368421052631579,0.23102350669415528,0.17601616446914992,0.5774528208064319,0.340875070442378,0.3011953832317,0.4572195962281004,0.51738090827606198
Antecedent,0.6011904761904763,0.7824867554809959,0.8656593406593407,0.3284660427386184,0.6198593341987833,0.768605998870233,0.8072916666666667,0.6545702647899887,0.25,0.5074147244169241,0.6153846153846154,0.23102350669415528,0.16312635956164287,0.5707906651946792,0.567040598290598,0.441582172298987,0.4642358033216854,0.54345460733872886
