Similarity Measures,noun_path,noun_lch,noun_wup,noun_res,noun_jcn,noun_lin,noun_lesk,noun_vector,verb_path,verb_lch,verb_wup,verb_res,verb_jcn,verb_lin,verb_lesk,verb_vector,word2vec,Average
Antecedent,0.1486202686202686,0.460256505367967,0.471067081067081,0.08395275129406006,0.0706607939664164,0.18537617245757881,0.3115914641047468,0.18426800572436455,0.44242424242424244,0.6227731513868863,0.5901515151515152,0.1195565954561074,0.3835012980824127,0.4747853465219549,0.5278525419101289,0.4841252366171398,0.3042572267918067,0.34501295276145161
a3,0.1447089947089947,0.44835809269289595,0.5948923780038331,0.20427966216174678,0.08957504846304583,0.39821099947591493,0.21801264693275138,0.1807763086959148,0.4272727272727273,0.6127808869249953,0.5575757575757576,0.12559371088079668,0.26021612277571526,0.31368245467293887,0.4164588059500057,0.3913168239730767,0.4045777602203933,0.34048759890479441
a2,0.22082010582010583,0.5545086436512051,0.6867949473986626,0.218613507326663,0.15310162409143344,0.4979492369701861,0.2636402985426792,0.2622489540966886,0.44242424242424244,0.6227731513868863,0.5901515151515152,0.1195565954561074,0.3835012980824127,0.4747853465219549,0.5471874882636159,0.4841252366171398,0.44987063744056516,0.41012075466129788
a4,0.16777370777370773,0.4867609057624043,0.6082932375502035,0.21438098845020961,0.090471871126528,0.40626818460739683,0.35788618505370645,0.23352994746074085,0.44242424242424244,0.6227731513868863,0.5992424242424242,0.1600174228914888,0.38509433316527963,0.5552602011372308,0.5982871454511918,0.49768282456977,0.46259747139616664,0.40522024967350451
