"Similarity Measures","noun_path","noun_lch","noun_wup","noun_res","noun_jcn","noun_lin","noun_lesk","noun_vector","verb_path","verb_lch","verb_wup","verb_res","verb_jcn","verb_lin","verb_lesk","verb_vector","word2vec"
"a1","0.2583333333333333","0.6146619395730131","0.7867647058823528","0.18747860139554395","0.16665881548641873","0.5042247537182134","0.2926651045373623","0.4751237652066268","0.6166666666666666","0.7297027542107098","0.8223809523809523","0.284353685301558","0.762350958023572","0.8955352244453563","0.9418981481481483","0.8246625907113729","0.6104359357252248"
"a3","0.4458333333333333","0.7086123286537616","0.8327205882352942","0.24622520835393702","0.3694079287406134","0.619174936124899","0.6164305398473253","0.5261215970247297","0.7833333333333333","0.7970644785672388","0.8722222222222223","0.2744771788235624","0.7890489157217865","0.8964424737637404","0.9412240537240537","0.8818208105106541","0.684608249131508"
"a2","0.40029761904761907","0.6388341144719487","0.7604166666666666","0.27217848214398477","0.38090721373176867","0.6342606567094645","0.6083637234263748","0.5742804716007417","0.7","0.7562914189349291","0.7833333333333333","0.181865191557735","0.6435915899646711","0.7030739636602756","0.794047064047064","0.7601713359921228","0.5749707586974712"
"Antecedent","1.0","0.9860896635111784","0.9642857142857143","0.40303088036759344","1.0","1.0","1.0","1.0","1.0","0.8832162807399178","1.0","0.4086865265757754","1.0","1.0","1.0","1.0","0.9999999999999999"
"a4","0.17152777777777778","0.4932328232220647","0.5793552036199096","0.1099727242667164","0.09174408679671706","0.2784645788975858","0.241936767980183","0.20073802841249425","0.7166666666666666","0.7672829098430091","0.8388888888888889","0.26741824818743914","0.731123521176366","0.8779866937659218","0.8033451783723523","0.7739419210163672","0.6060368574213041"
