"Similarity Measures","noun_path","noun_lch","noun_wup","noun_res","noun_jcn","noun_lin","noun_lesk","noun_vector","verb_path","verb_lch","verb_wup","verb_res","verb_jcn","verb_lin","verb_lesk","verb_vector","word2vec"
"Antecedent","0.2927777777777778","0.5964098741879467","0.7303157858653214","0.23091680453483945","0.2662189959170631","0.5063215875918053","0.4438094308295625","0.4088771731124857","0.4333333333333333","0.6513495389461007","0.6755555555555557","0.25060758466507","0.43089397284009073","0.7239369558309678","0.7008397693170606","0.4598813507768454","0.48294927014776073"
"a3","0.25197802197802194","0.5336910439355509","0.6432239819004524","0.19355845124811372","0.25469192748869596","0.43957110367152863","0.3158285331265827","0.3437920712391511","0.5166666666666666","0.6733325207622608","0.6733333333333333","0.19237471217103913","0.4181212559211633","0.6809351042475258","0.8460000000000001","0.601103303802248","0.4860674742744632"
"a2","0.18730158730158727","0.5130127712156536","0.5823373195432019","0.15081273743609008","0.13214532191230444","0.3691757251548197","0.3583678970896762","0.2715099536172598","0.6166666666666666","0.7109126763945601","0.74","0.23279474655178403","0.6808734128503888","0.8163578294165317","0.8460000000000001","0.6946360002473818","0.5663543065246801"
"a4","0.28607142857142853","0.5894957034287581","0.7219561157796452","0.22752104443133886","0.27349433868753686","0.5197475198165079","0.4077595768059313","0.3816680936587182","0.5333333333333333","0.6889296945784","0.6742857142857143","0.2364937828917852","0.4414587260444785","0.7551946597736805","1.0","0.6021271662895041","0.5814148174544096"
