Similarity Measures,noun_path,noun_lch,noun_wup,noun_res,noun_jcn,noun_lin,noun_lesk,noun_vector,verb_path,verb_lch,verb_wup,verb_res,verb_jcn,verb_lin,verb_lesk,verb_vector,word2vec,Average
a1,0.4115520282186949,0.6717923009746243,0.7961334312211505,0.3125011956824005,0.37164348337102376,0.6824819636502002,0.748810587067086,0.49034449340773417,0.7083333333333333,0.7617871643889692,0.825,0.2440483802953521,0.6400888110868219,0.808125240196508,0.8456213924963925,0.7777334505559877,0.523070703139081,0.62465105641678598
a3,0.28611111111111115,0.6051366904703077,0.7472121207157326,0.2770229137009309,0.2888473326055048,0.6235862805037731,0.6000738888323744,0.5032257140008108,1.0,0.8832162807399176,1.0,0.3238134754949572,1.0,1.0,1.0,1.0,0.4125152228948206,0.67945653123942595
a2,0.13964646464646463,0.4433554099771675,0.5674658025535219,0.13438726550588884,0.09983623820761382,0.31979142736505484,0.30804100604349505,0.22893481562157303,0.5416666666666666,0.6873332425783949,0.736111111111111,0.1834033500508424,0.4583447230093307,0.7195585454903831,0.6287728937728938,0.6476039561226652,0.29069839828799215,0.41970301864770931
Antecedent,1.0,0.9860896635111784,1.0,0.480143784792365,1.0,1.0,1.0,0.9999999999999984,1.0,0.8832162807399176,1.0,0.3399973315311864,1.0,1.0,1.0,1.0,1.0,0.92290865062203797
a4,0.27222222222222225,0.6093987126411355,0.7719258162240619,0.28576140075235856,0.202479869255542,0.6412340205175224,0.6222953447762712,0.38936472092754215,0.7083333333333333,0.7617871643889692,0.8308823529411764,0.21221450951784632,0.668237403421752,0.8130506999484397,0.8458627278071722,0.7274143408654314,0.386287507420966,0.5734560086448085
