"Similarity Measures","noun_path","noun_lch","noun_wup","noun_res","noun_jcn","noun_lin","noun_lesk","noun_vector","verb_path","verb_lch","verb_wup","verb_res","verb_jcn","verb_lin","verb_lesk","verb_vector","word2vec"
"Antecedent","0.26666666666666666","0.5995393046876673","0.7623604465709729","0.2655633859075601","0.1982936802868679","0.6240547871955622","0.5781599403091172","0.372664569781667","0.5066666666666667","0.6612344128539842","0.6564102564102564","0.1541263950805462","0.40901145331131233","0.5782661909762423","0.784377725449154","0.5510921635897023","0.49366738954204"
"a3","0.2232142857142857","0.5723624526614004","0.7515182186234819","0.22655265223931134","0.15280149288922446","0.5672237677969892","0.2863388965543082","0.2790618086801293","0.5066666666666667","0.6612344128539842","0.6333333333333333","0.13905178319129102","0.40901145331131233","0.5782661909762423","0.784377725449154","0.5389241477093575","0.41387896322125256"
"a2","0.3773809523809524","0.6237114795866028","0.7359943977591037","0.2659022717533139","0.34265491577867396","0.6063356824297882","0.5746083930367017","0.43516521495556704","0.7066666666666668","0.7363947241185829","0.8444444444444444","0.17847067837067393","0.8136756839074575","0.7983341287456058","0.784377725449154","0.6903786888921222","0.5486011011499619"
"a4","0.3","0.6536548741133613","0.817063492063492","0.2804564683916232","0.26932998008576264","0.6977112866219317","0.7452079517704517","0.42261095433116574","0.4066666666666666","0.6236542572216848","0.6380952380952382","0.1918005436391885","0.3516753543379398","0.5637948619865488","0.7218760540534734","0.4760380295189298","0.36440870840224765"
