"Similarity Measures","noun_path","noun_lch","noun_wup","noun_res","noun_jcn","noun_lin","noun_lesk","noun_vector","verb_path","verb_lch","verb_wup","verb_res","verb_jcn","verb_lin","verb_lesk","verb_vector","word2vec"
"a1","0.21857142857142856","0.48519673939366437","0.5442813765182186","0.15653382074775843","0.16024968845997228","0.2880510724138182","0.36411370986875335","0.3593149455936596","0.5476190476190477","0.6796133727097352","0.678061224489796","0.17381324692765127","0.5696095931439389","0.6897728949145193","0.7222713032581455","0.6684901507359309","0.43581235080264114"
"a3","0.1846825396825397","0.5189410750722188","0.6040379228614522","0.12456451213884075","0.10498372492596202","0.30038158133528636","0.2224131790414036","0.23778993732835518","0.5238095238095238","0.6639112428410494","0.653968253968254","0.1879400328041147","0.5443069573052813","0.7027409318073989","0.7703968253968253","0.7051282641721228","0.42792357277734"
"Antecedent","0.32095238095238093","0.6283984800095634","0.7205742296918768","0.21507296549752378","0.23779625646757213","0.45820427131431163","0.499362640505013","0.39972749472266483","0.5476190476190477","0.6796133727097352","0.6678571428571429","0.15174367435058883","0.5688958022553151","0.6422446179239977","0.7017460317460317","0.6400980449544594","0.4991555498608246"
"a4","0.40249999999999997","0.6701574065444965","0.7824527665317139","0.25734168993343143","0.34070345026807913","0.5672521159163411","0.6604183568524943","0.5059777835876377","0.6428571428571429","0.7221584708872062","0.7630952380952382","0.2271704897031321","0.6476174095895597","0.807601705507766","0.8227380952380953","0.7162433588771481","0.5952581319350015"
