Similarity Measures,noun_path,noun_lch,noun_wup,noun_res,noun_jcn,noun_lin,noun_lesk,noun_vector,verb_path,verb_lch,verb_wup,verb_res,verb_jcn,verb_lin,verb_lesk,verb_vector,word2vec,Average
Antecedent,0.08846153846153847,0.32633547520903106,0.16233766233766234,0.0,0.057795819420961285,0.0,0.127994109521203,0.0707418022725361,0.3333333333333333,0.5854005934976205,0.4,0.2648137747434658,0.19394637370882734,0.672073466963682,1.0,0.510394941213651,0.27706138805954855,0.29827589874959187
a3,0.075,0.28222715017519606,0.13942307692307693,0.0,0.05618070557387442,0.0,0.1868527562972005,0.07686609210995625,0.0,0.0,0.0,0.0,0.0,0.0,0.0,0.0,0.08448845915026472,0.053002249425268752
a2,0.10714285714285714,0.3646351000002982,0.43343653250773995,0.11652220432102635,0.07911758293992466,0.25043230986826687,0.2025329927628775,0.13316300684128976,0.3333333333333333,0.5854005934976205,0.4,0.2648137747434658,0.19394637370882734,0.672073466963682,1.0,0.510394941213651,0.23575726010876313,0.34604131352668371
a4,0.075,0.28222715017519606,0.13942307692307693,0.0,0.06102780905714467,0.0,0.238646384479718,0.0846465581346024,0.3333333333333333,0.5854005934976205,0.5714285714285714,0.2648137747434658,0.19394637370882734,0.672073466963682,1.0,0.510394941213651,0.27646519740832703,0.31110748418042455
