"Similarity Measures","noun_path","noun_lch","noun_wup","noun_res","noun_jcn","noun_lin","noun_lesk","noun_vector","verb_path","verb_lch","verb_wup","verb_res","verb_jcn","verb_lin","verb_lesk","verb_vector","word2vec"
"Antecedent","0.2043650793650794","0.5430445278100444","0.7075974249348862","0.17595970040547382","0.10263384540744769","0.3816019559019408","0.6682277256942007","0.3338246007130547","0.4444444444444444","0.6586771995514874","0.7936507936507936","0.29653469789983794","0.32818068374497683","0.7840956066563338","1.0","0.7459867964068145","0.43370168780854057"
"a3","0.341540404040404","0.6035763189259596","0.7189737005913477","0.2283333231522111","0.29617149518115493","0.5087270823956671","0.674990699094897","0.46884559665354547","0.6666666666666666","0.7579490952989199","0.7777777777777777","0.2616569480057503","0.5016989514168825","0.810389972746231","1.0","0.8193550456632673","0.45147195735430595"
"a2","0.46527777777777773","0.6859193447554666","0.7869352869352869","0.2788220941209723","0.4124748466977062","0.619637185227192","0.8089864645098485","0.5755445338191003","0.4444444444444444","0.6586771995514874","0.707936507936508","0.27323682344517447","0.33255241017552384","0.7554375722054806","1.0","0.7741578203587474","0.440435288013481"
"a4","0.5694444444444444","0.7798697338362149","0.8810274692627634","0.3572534888439068","0.5628469054256409","0.7956590470766843","0.8177116148715765","0.6272273272379465","0.5555555555555555","0.6846724892450529","0.8055555555555555","0.288436994530678","0.5187114234150575","0.8271232472161475","0.8766061980347694","0.603043124148821","0.46990971085455924"
