"Similarity Measures","noun_path","noun_lch","noun_wup","noun_res","noun_jcn","noun_lin","noun_lesk","noun_vector","verb_path","verb_lch","verb_wup","verb_res","verb_jcn","verb_lin","verb_lesk","verb_vector","word2vec"
"Antecedent","0.1365079365079365","0.44028515889124525","0.6289377289377289","0.2255832068272254","0.12215777632113566","0.48363667972093793","0.16891667036045943","0.14168880513602825","0.7777777777777777","0.7839443849924853","0.9629629629629629","0.33656225626529124","1.0","0.9972235479093431","0.8461782661782663","0.8065480436726608","0.5322005326567469"
"a3","0.48333333333333334","0.7153917794487216","0.85","0.26000929593007904","0.4081297594432307","0.6010589775282633","0.50239238473238","0.4641039447500906","0.39999999999999997","0.6125183966774608","0.7425753927301915","0.224636338861544","0.2784992009901704","0.6837690182886487","0.71875","0.5806937406809404","0.36945398609623564"
