Similarity Measures,noun_path,noun_lch,noun_wup,noun_res,noun_jcn,noun_lin,noun_lesk,noun_vector,verb_path,verb_lch,verb_wup,verb_res,verb_jcn,verb_lin,verb_lesk,verb_vector,word2vec,Average
a1,0.15412698412698414,0.47036942853183933,0.544981561266391,0.13118926685353954,0.08513086735366356,0.27833525312398777,0.2887390077044625,0.2494790351010539,0.4479166666666667,0.6403580480380207,0.6291666666666668,0.151419952075101,0.4472021485615808,0.582055119591386,0.6939499888608431,0.5423772837993701,0.3221638262736138,0.39170359438795116
a3,0.21261904761904757,0.557843851653024,0.6872893772893773,0.17845661645208746,0.14329196633225336,0.4429830906815802,0.392459184691502,0.2731896081536687,0.6666666666666666,0.728551333483695,0.7958333333333334,0.22702853505640402,0.7303972333941263,0.7930683198351067,0.7839082882540189,0.7444850417213768,0.42187585676060424,0.51646749125752189
a2,0.31261904761904763,0.6220126720095427,0.7422457444516268,0.2595373394396613,0.27498843473441326,0.5670318225239022,0.46555442461050334,0.3842986165126856,0.53125,0.6775850089433079,0.6886904761904762,0.1709602102737597,0.5246861634671389,0.6209072228241018,0.829653795717564,0.6104741549508038,0.4165094351207623,0.51170615114054685
Antecedent,1.0,0.9860896635111784,1.0,0.48509228997252796,1.0,1.0,1.0,0.9999999999999984,1.0,0.8832162807399176,1.0,0.36545658992724833,1.0,1.0,1.0,1.0,1.0,0.92469734259711001
a4,0.2521464646464646,0.5325135018742999,0.6517690058479533,0.21768848397493717,0.216503028219799,0.4704235449585621,0.44931161706483086,0.4307751959485941,0.6770833333333333,0.7382995671187821,0.7958333333333334,0.20201659977552927,0.6848560843739784,0.7626300747159988,0.8334503180408352,0.7304712996300026,0.4507478700891526,0.53508937193802264
