Similarity Measures,noun_path,noun_lch,noun_wup,noun_res,noun_jcn,noun_lin,noun_lesk,noun_vector,verb_path,verb_lch,verb_wup,verb_res,verb_jcn,verb_lin,verb_lesk,verb_vector,word2vec,Average
a1,0.3560606060606061,0.5807239575246729,0.6499761848059062,0.28992216837679896,0.3297739886808163,0.563522032676363,0.45102983450934353,0.467787152695053,0.6333333333333333,0.6996893349632491,0.75,0.25054481990172495,0.6064564593761712,0.8079861777669604,0.8570833333333332,0.8351471692317007,0.5589116515644104,0.56987930616473204
Antecedent,0.1643939393939394,0.4840070259434328,0.5887512899896801,0.16228949054101616,0.09635106872464262,0.3732648176919311,0.39543103226138954,0.3930342082162045,0.5833333333333333,0.714811969848595,0.8462301587301587,0.28772048124357263,0.7360073912169365,0.8876259042731103,1.0,0.7563152562555288,0.5303291793700853,0.529405679237268
