"Similarity Measures","noun_path","noun_lch","noun_wup","noun_res","noun_jcn","noun_lin","noun_lesk","noun_vector","verb_path","verb_lch","verb_wup","verb_res","verb_jcn","verb_lin","verb_lesk","verb_vector","word2vec"
"a1","0.1546626984126984","0.47060980687088355","0.5712564993486048","0.12531818862532818","0.07654695442150138","0.255328996723619","0.18118472184878476","0.21800697171401098","0.4666666666666666","0.6449637309460801","0.7343434343434343","0.21965999777489645","0.522846318550193","0.7513184277857439","0.622303312479783","0.6025300289171862","0.22896822671929248"
"a3","0.15322420634920636","0.46372973099461245","0.5818158060325579","0.12977876247443249","0.0832980791183656","0.2883128892912216","0.2460356447974552","0.1559296022701242","0.5","0.66694671276224","0.6476190476190476","0.2137423675805116","0.39868498882378145","0.6760465518447194","0.8699780911885654","0.6175285179873092","0.3249629740718238"
"Antecedent","0.28022787397787396","0.5260494363702205","0.5802266081871345","0.1961523969374911","0.22831697078303073","0.3273681106926598","0.37354965458021866","0.25603926900029295","0.6333333333333334","0.7265098502106995","0.8533333333333333","0.2891916071608464","0.774826140298275","0.9296611703527734","0.9225840336134453","0.787753898754794","0.3789327218292591"
"a4","0.12882680185311765","0.40925619558876897","0.42389554889554887","0.10367364551196852","0.07751631491712913","0.22588982537661237","0.18115782350838996","0.22086510858020839","0.3333333333333333","0.5854005934976205","0.6222222222222221","0.20461323042766982","0.21741978610575036","0.6175978820484332","0.48139010768277","0.3904395231474682","0.30993237342818847"
