Similarity Measures,noun_path,noun_lch,noun_wup,noun_res,noun_jcn,noun_lin,noun_lesk,noun_vector,verb_path,verb_lch,verb_wup,verb_res,verb_jcn,verb_lin,verb_lesk,verb_vector,word2vec,Average
Antecedent,0.22333333333333333,0.5386268618314488,0.6980392156862745,0.18714996929111608,0.21200706640046135,0.38546540449377215,0.6883862368964098,0.28345407304074605,0.27777777777777773,0.5227670007771216,0.42857142857142855,0.04535086340188355,0.14419322250244404,0.1522958943293318,0.13003553273074267,0.43352779186091306,0.24680186358191186,0.32928138450041872
a3,0.19555555555555554,0.5258552458314072,0.6774509803921569,0.22536428997194627,0.11269716579170634,0.40164566804142343,0.5925879283246304,0.17368274514967214,0.5,0.6220388965245539,0.6952380952380951,0.1604071098801604,0.4220981641898651,0.5525246444156496,0.704817721960579,0.6946675043600917,0.24758704687933095,0.44142463308863666
a2,0.15301587301587305,0.46781944048556356,0.6382696938424492,0.17571768330992793,0.07530400625430791,0.3172722760865869,0.2801691084417608,0.14041159457359548,0.3333333333333333,0.5594053038040551,0.48412698412698413,0.04267087016366094,0.1190508473017418,0.17396868966188941,0.46839013383131034,0.30659183994890027,0.30555019376674514,0.29653340423227564
a4,0.2091269841269841,0.5139986381182771,0.5327272727272727,0.13692340839730552,0.24838305885845585,0.29931388897465755,0.5930805957465368,0.22732386881660066,0.27777777777777773,0.5227670007771216,0.5582010582010581,0.12540278859332712,0.40638572838933545,0.4797614652589257,0.28023227169655734,0.2056516713262866,0.26139175083896177,0.34579113109561416
