Similarity Measures,noun_path,noun_lch,noun_wup,noun_res,noun_jcn,noun_lin,noun_lesk,noun_vector,verb_path,verb_lch,verb_wup,verb_res,verb_jcn,verb_lin,verb_lesk,verb_vector,word2vec,Average
Antecedent,0.4530612244897959,0.6928308413381774,0.7831032412965185,0.30149315319598907,0.3720955915491036,0.5937500068719626,0.5469712886794734,0.49570321378115184,0.6333333333333334,0.6996893349632491,0.7083333333333334,0.2629124307815801,0.6216012710691563,0.6916569976111874,0.633789836371358,0.6827650633899938,0.6161174322957819,0.57583574084418498
a3,0.17281746031746034,0.5053937152172099,0.6470054455348573,0.16442560381909135,0.13035667468610387,0.3527553910525153,0.32163274569868106,0.1971153978484343,0.35,0.5711198437269808,0.5333333333333333,0.12450921402069262,0.38507664513518597,0.4278029898350063,0.5801718855356914,0.422399254440699,0.4003848500157193,0.36978237942456837
a2,0.1675762729334158,0.48871834840817224,0.5597604776176205,0.12914938127788356,0.09553385440928557,0.29549412108164785,0.3599050067865834,0.23883615175409714,0.4333333333333333,0.5906163109971548,0.5416666666666666,0.13218950663904133,0.3935946786658663,0.4416569976111874,0.42267872526024697,0.49645651961046744,0.4898929773681352,0.36923878414240036
a4,0.20595238095238094,0.5486385776801217,0.679031349381858,0.1474810631295087,0.10982477141123523,0.33522835148274666,0.2122931580787434,0.2297235604837374,0.3833333333333333,0.6057389458825008,0.575,0.1814318038048736,0.4127002679593348,0.5840898411660983,0.5979223064111125,0.610086060629105,0.37460278379296846,0.39959285621056811
