"Similarity Measures","noun_path","noun_lch","noun_wup","noun_res","noun_jcn","noun_lin","noun_lesk","noun_vector","verb_path","verb_lch","verb_wup","verb_res","verb_jcn","verb_lin","verb_lesk","verb_vector","word2vec"
"a1","0.12658730158730158","0.42409497704838994","0.5570722755505364","0.1570960027501259","0.06928767240253218","0.29698181235284704","0.1879366351404797","0.08738352065147845","0.7333333333333334","0.7377855821184586","0.7777777777777777","0.13977492987217424","0.7013336693202064","0.6666666666666666","0.7248057725694443","0.7913813964926814","0.37720881740659523"
"a3","0.13134920634920638","0.4324525188536576","0.528235294117647","0.09442244878022268","0.09438688918843965","0.23526632450349338","0.3274447006310206","0.2827114257130684","0.2888888888888889","0.5392417906235939","0.4444444444444444","0.0","0.08802030717509439","0.0","0.557022101162726","0.32366080643951534","0.2792375945568465"
"a2","0.16055555555555556","0.48256279029085203","0.6403463203463204","0.17738424626170896","0.10281836591756885","0.38382330813994214","0.28138461803650017","0.1863683030881098","0.4166666666666667","0.632681909857922","0.6349206349206349","0.18308907340320987","0.17838068240907137","0.5338241720433413","0.7554398148148147","0.5748678762335463","0.2630352856748058"
"Antecedent","0.3566666666666667","0.6293843469121867","0.6715151515151515","0.1791226883228772","0.26659752862405806","0.41592073398156987","0.4215409566220396","0.356603330879545","0.75","0.7579490952989199","0.7999999999999999","0.18881068983886795","0.7063303299202922","0.8033607731132403","0.7288141025641027","0.7913813964926814","0.3080215374127306"
