"Similarity Measures","noun_path","noun_lch","noun_wup","noun_res","noun_jcn","noun_lin","noun_lesk","noun_vector","verb_path","verb_lch","verb_wup","verb_res","verb_jcn","verb_lin","verb_lesk","verb_vector","word2vec"
"a1","0.2791666666666667","0.6341584068431873","0.799702380952381","0.23313394303143065","0.21210539181682786","0.5937236045817392","0.6080766453800814","0.40656368049616276","0.3333333333333333","0.5854005934976205","0.5","0.1371091252670545","0.11678897450346115","0.3564635491233926","0.685846739790192","0.37355316830547547","0.3254881268197585"
"a3","0.21666666666666667","0.5676867450326389","0.7226107226107226","0.21412632966756662","0.20048120667873512","0.5955873379435775","0.4516610385691042","0.395678862562153","0.29166666666666663","0.5464076589572724","0.5333333333333333","0.1480192711459885","0.11561909266261346","0.40298124656260254","0.238385600598056","0.20163085133790498","0.30151961374271136"
"Antecedent","0.4166666666666667","0.6767597689987332","0.8265550239234449","0.30041327009937174","0.5713179777168829","0.7590673019503146","0.5938225921403361","0.5270375742497032","0.6666666666666666","0.7343084371187691","0.75","0.2826655431684134","0.5743526388706712","0.7912905587272399","1.0","0.667218831659241","0.4725248418964632"
"a4","0.17738095238095236","0.5146384556205085","0.6880952380952381","0.19877480653477492","0.11889807627418517","0.4625597722731324","0.35729482904827703","0.2623669623226528","0.29166666666666663","0.5464076589572724","0.5333333333333333","0.1480192711459885","0.10546540497674219","0.38341529216874537","0.272411165895858","0.27493025797882903","0.2860037743008829"
