"Similarity Measures","noun_path","noun_lch","noun_wup","noun_res","noun_jcn","noun_lin","noun_lesk","noun_vector","verb_path","verb_lch","verb_wup","verb_res","verb_jcn","verb_lin","verb_lesk","verb_vector","word2vec"
"Antecedent","0.4781746031746032","0.6979853981069194","0.7990384615384616","0.3022625459612748","0.4441305420728299","0.668802778299304","0.6176226952531485","0.545174730570026","0.5277777777777778","0.6586771995514874","0.6333333333333333","0.11330073883201548","0.4325144928504292","0.3333333333333333","0.4493773227949857","0.6738279739626084","0.36581168765104016"
"a3","0.12849511599511598","0.41543374261903804","0.39304029304029303","0.07798340735075816","0.07511093172626207","0.17525699897460142","0.21026561101294636","0.11270839330412291","0.3055555555555555","0.5594053038040551","0.48181818181818176","0.04987878125478316","0.12030774705691531","0.1617591344706803","0.29337438370603103","0.36000791645902236","0.26865099552855765"
"a2","0.0","0.0","0.0","0.0","0.0","0.0","0.0","0.0","0.0","0.0","0.0","0.0","0.0","0.0","0.0","0.0","0.20531106156074058"
"a4","0.36309523809523814","0.6283871872153641","0.7356481481481482","0.24262640750003814","0.3116874933392903","0.5448629013431007","0.6271049780166812","0.4793949306113645","0.5277777777777778","0.6586771995514874","0.6333333333333333","0.2253935103276242","0.44092549225772903","0.6666024540231638","0.44015649975837334","0.6392401349911117","0.3411270774239044"
