"Similarity Measures","noun_path","noun_lch","noun_wup","noun_res","noun_jcn","noun_lin","noun_lesk","noun_vector","verb_path","verb_lch","verb_wup","verb_res","verb_jcn","verb_lin","verb_lesk","verb_vector","word2vec"
"Antecedent","0.17534013605442175","0.5071163925397076","0.651201533244877","0.16153122414645302","0.06739629242801075","0.28242031471986484","0.30651154856605417","0.3564516856574117","0.24659863945578228","0.4968837602702895","0.43571428571428567","0.1136563350546188","0.14448696884893938","0.3444859051261395","0.3893064234135663","0.26095164779199903","0.35157040122086275"
"a3","0.3166666666666666","0.6309889026395316","0.7947848163604947","0.2778395089483575","0.23629937179406163","0.5189698729817652","0.6538444822373396","0.41097225020266237","0.5714285714285714","0.7018950495899342","0.6904761904761905","0.22517733594435166","0.5040962706275074","0.7635484503565472","0.8369537208822921","0.6297922623173774","0.40854383210641537"
"a2","0.1989795918367347","0.5415099149953936","0.757514072822805","0.23072820111217332","0.11690657417318102","0.45764604580988183","0.43141583046742493","0.33310662149789405","0.42857142857142855","0.6168048532349921","0.6308390022675736","0.18952369391357685","0.44872744569545076","0.6893786879244459","0.6103259637188209","0.530056929889705","0.33521485478467766"
"a4","0.45034013605442175","0.6879565464812877","0.8044733044733045","0.29950310648659123","0.4672250623547","0.5934939782728398","0.5521352584584556","0.6458425853743218","0.5238095238095238","0.6704907898525626","0.6666666666666666","0.23266500532521855","0.40499580384485717","0.65583478187115","0.5745999015580298","0.5367969108477785","0.5078462252066158"
