"Similarity Measures","noun_path","noun_lch","noun_wup","noun_res","noun_jcn","noun_lin","noun_lesk","noun_vector","verb_path","verb_lch","verb_wup","verb_res","verb_jcn","verb_lin","verb_lesk","verb_vector","word2vec"
"Antecedent","0.5555555555555556","0.6882739762688813","0.6666666666666666","0.2869604801441015","0.5332759851402068","0.5367627220964039","0.6088623547505125","0.581859770483277","0.7777777777777777","0.7839443849924853","0.8333333333333334","0.22084571545502354","0.7864401054575474","0.8824425040894072","0.8217592592592594","0.8094609226820119","0.44558689009924735"
"a3","0.35","0.6739932264982416","0.803921568627451","0.2799001341745685","0.5428425553494323","0.6545474514122821","0.6178125064727935","0.4971320084606585","1.0","0.8832162807399176","1.0","0.24395765713661785","1.0","1.0","1.0","1.0","0.46498433945950396"
"a2","0.0","0.0","0.0","0.0","0.0","0.0","0.0","0.0","0.0","0.0","0.0","0.0","0.0","0.0","0.0","0.0","0"
"a4","0.3055555555555556","0.5943235871881329","0.6372549019607843","0.19164067229074902","0.27381646607093024","0.46924724700889175","0.6393879585326955","0.3603451694893315","0.38888888888888884","0.6220388965245539","0.5555555555555555","0.18297874831735275","0.1815067209940381","0.5475567756327414","1.0","0.8241646175932636","0.28640355500136344"
