Similarity Measures,noun_path,noun_lch,noun_wup,noun_res,noun_jcn,noun_lin,noun_lesk,noun_vector,verb_path,verb_lch,verb_wup,verb_res,verb_jcn,verb_lin,verb_lesk,verb_vector,word2vec,Average
Antecedent,0.2241269841269841,0.555077859658439,0.7011904761904763,0.22100699103728508,0.14758510655604998,0.5164371800093921,0.6110082605839271,0.432318267784147,1.0,0.8832162807399176,1.0,0.20966239480826138,1.0,1.0,1.0,1.0,0.5276873222402048,0.64878336021971084
a3,0.225,0.5663221435558647,0.6941908091908091,0.2149651465580434,0.19528865384315983,0.5535431933925168,0.3174219843876052,0.363603860368115,1.0,0.8832162807399176,1.0,0.20966239480826138,1.0,1.0,1.0,1.0,0.44647200695491257,0.62762861610583565
a2,0.1522222222222222,0.4669656164747127,0.5263492063492063,0.11121981552204521,0.08344141071284442,0.2664793553174755,0.235864978723554,0.15989613669864017,1.0,0.8832162807399176,1.0,0.20966239480826138,1.0,1.0,1.0,1.0,0.30311275870077375,0.55284883389821482
a4,0.3419047619047619,0.6089286971986424,0.6895238095238094,0.23698550574117414,0.2831308126797942,0.5110771094019769,0.5161311760638998,0.4473292331767085,1.0,0.8832162807399176,1.0,0.20966239480826138,1.0,1.0,1.0,1.0,0.40688941548699303,0.65498701157211414
