Similarity Measures,noun_path,noun_lch,noun_wup,noun_res,noun_jcn,noun_lin,noun_lesk,noun_vector,verb_path,verb_lch,verb_wup,verb_res,verb_jcn,verb_lin,verb_lesk,verb_vector,word2vec,Average
Antecedent,0.3125,0.5736498041612514,0.7344914574016741,0.23632300852530386,0.31542264345397913,0.5319453790304792,0.49311653692626517,0.35155495824783384,0.15476190476190477,0.37660596082295483,0.26785714285714285,0.0391514569535457,0.06271205591432205,0.07882301334605271,0.14029141353178706,0.10589160766363506,0.37521408930273314,0.30295955487652149
a3,0.1455026455026455,0.4611601920807489,0.5549603174603174,0.10889536521268568,0.07997820492721626,0.2497435662256043,0.2776643673226276,0.2655068759023517,0.29166666666666663,0.5464076589572724,0.44999999999999996,0.050520004110830484,0.09532431153437779,0.11333991401311379,0.26556268466982774,0.36701586446554246,0.364167424673902,0.27573035668974882
a2,0.2720959595959596,0.5149474365118952,0.6339623568725735,0.17685182341246375,0.23157234860494194,0.388681618927585,0.34685002388129305,0.31695357543536884,0.29166666666666663,0.5464076589572724,0.44999999999999996,0.0,0.09532431153437779,0.0,0.15431182121971604,0.29924297455965754,0.3642688485619167,0.2990080838083346
a4,0.1613095238095238,0.4886483300127817,0.6231060606060606,0.149472010398947,0.09870838840560704,0.3518081203918222,0.20145015185905177,0.20238282730472848,0.29166666666666663,0.5464076589572724,0.44999999999999996,0.0,0.09532431153437779,0.0,0.1480320525339323,0.29924297455965754,0.2020169336300792,0.2535044712159123
