"Similarity Measures","noun_path","noun_lch","noun_wup","noun_res","noun_jcn","noun_lin","noun_lesk","noun_vector","verb_path","verb_lch","verb_wup","verb_res","verb_jcn","verb_lin","verb_lesk","verb_vector","word2vec"
"Antecedent","0.4583333333333333","0.7237349635391074","0.86875","0.3175894602632263","0.4313440696140646","0.7858242131064246","0.6386964787773992","0.509863103972668","0.38888888888888884","0.6220388965245539","0.5","0.2676580126415005","0.3284519658003806","0.7522044019458178","1.0","0.43218920267502936","0.4177203811064718"
"a3","0.425","0.6891158613835875","0.8298076923076922","0.24967227328648084","0.3752277678329007","0.6602842344066515","0.6000355818975913","0.5265483505075252","0.5","0.6953155025784209","0.6944444444444443","0.23214996112079814","0.34337994934754973","0.699974434177283","1.0","0.661326147127986","0.38133346850370603"
"a2","0.4583333333333333","0.7237349635391074","0.846103896103896","0.26482256234875934","0.4159094164248729","0.7061711324857706","0.636407318872599","0.4958892777883305","0.5555555555555555","0.6846724892450529","0.6666666666666666","0.27528257751421104","0.43589787898045634","0.6783774164879205","0.5347111992945327","0.5014634604191316","0.34693424422898"
