"Similarity Measures","noun_path","noun_lch","noun_wup","noun_res","noun_jcn","noun_lin","noun_lesk","noun_vector","verb_path","verb_lch","verb_wup","verb_res","verb_jcn","verb_lin","verb_lesk","verb_vector","word2vec"
"Antecedent","0.225","0.5800428374174932","0.7210526315789474","0.2351779100473429","0.15490302977480006","0.5127743192999925","0.35205658925273003","0.2925135579563435","0.2","0.4469241848755406","0.3333333333333333","0.14710727990008113","0.0928488345528036","0.35276767253315783","0.333333333333333","0.106374463817356","0.30858180098029014"
"a3","0.20833333333333331","0.5553306526477848","0.7368421052631579","0.2351779100473429","0.1501993421316966","0.5071098369311745","0.218580586080586","0.2921378345303965","0.16666666666666666","0.3974998153361238","0.2857142857142857","0.14710727990008113","0.0881208403445688","0.34092848775298806","0.1","0.100520705876065","0.4545866158928593"
"a2","0.10101010101010101","0.3632590296996641","0.25","0.014941537547686972","0.06948002211696633","0.042701214707445374","0.1899144710246805","0.10488576626294405","0.0","0.0","0.0","0.0","0.0","0.0","0.0","0.0","0.43571187766797337"
"a4","0.1125","0.39214205925599643","0.2727272727272727","0.014941537547686972","0.054698755435308985","0.033490275235415826","0.156993686868687","0.1842527947991819","0.0","0.0","0.0","0.0","0.0","0.0","0.0","0.0","0.13998906094680605"
