Similarity Measures,noun_path,noun_lch,noun_wup,noun_res,noun_jcn,noun_lin,noun_lesk,noun_vector,verb_path,verb_lch,verb_wup,verb_res,verb_jcn,verb_lin,verb_lesk,verb_vector,word2vec,Average
Antecedent,0.75,0.8921392744304301,0.9448514448514448,0.39099539760109153,0.8012058888084058,0.903079808757118,1.0,0.7879174239478983,0.375,0.6013651134976725,0.6597222222222222,0.2386914356744394,0.3170459147892353,0.6435912788657145,0.5963492063492065,0.388783259680481,0.5441324788310399,0.637345302841553
a3,0.20416666666666664,0.5487260410572438,0.6846282372598163,0.18708720817719016,0.12341485368309764,0.46065109122851505,0.42968441910599564,0.3690159272478272,0.41666666666666663,0.6403580480380207,0.7222222222222222,0.19943320991771257,0.22149981600556146,0.6071595065784983,0.691242784992785,0.553032300388645,0.39851415429352305,0.43867665608999923
a2,0.3626984126984127,0.6505538184807129,0.7782356532356532,0.28530205768109335,0.3376019807917694,0.6836078472142563,0.6555241659334633,0.446204898414299,0.41666666666666663,0.6403580480380207,0.7222222222222222,0.1798767912706758,0.22149981600556146,0.5533238848780766,0.6604166666666665,0.6082074295275495,0.43239979607099166,0.50792353857624062
a4,0.21547619047619046,0.5595193176565167,0.6645885547201337,0.2019776301310375,0.168435771783225,0.4947800571751298,0.40442631638767296,0.32119744560263436,0.1875,0.41346433533617577,0.5935828877005347,0.2386914356744394,0.3152130638713077,0.6585768360703473,0.35754523904102553,0.1776214684836625,0.36921829989526334,0.37304793235325268
