Similarity Measures,noun_path,noun_lch,noun_wup,noun_res,noun_jcn,noun_lin,noun_lesk,noun_vector,verb_path,verb_lch,verb_wup,verb_res,verb_jcn,verb_lin,verb_lesk,verb_vector,word2vec,Average
Antecedent,0.14285714285714285,0.4585854890810465,0.6666666666666666,0.18715384079818173,0.0965294347254136,0.4189095168052982,0.573994252873563,0.114255609373091,0.3208333333333333,0.5587637513421266,0.4970588235294117,0.1717997847892962,0.30024256110149317,0.577564272775897,0.542200818242485,0.34519070036760496,0.34051575077976887,0.37136010290834232
a3,0.16666666666666666,0.5003731981073846,0.6666666666666666,0.13254368326510596,0.11907137493777878,0.3570808435138287,0.60823754789272,0.233269983757715,0.3208333333333333,0.5587637513421266,0.5861111111111111,0.19550291549722404,0.33557381808258463,0.6737903721143246,0.48617349271555527,0.36805078215611226,0.2816735693738215,0.38766959473729767
a2,0.2,0.5497975676468014,0.75,0.18715384079818173,0.13875787098480583,0.5089067973250604,0.257299204123161,0.320658103891602,0.5,0.6483403080380467,0.6166666666666666,0.12101930095671794,0.37655801367618186,0.4870215372354093,0.6801519842386715,0.5880270280048769,0.39945479956439495,0.43116547195003396
a4,0.16666666666666666,0.5003731981073846,0.625,0.16500952450458087,0.12010945452149288,0.44161164496865823,0.251386667130338,0.278752731625389,0.2583333333333333,0.5117885568017524,0.4159090909090909,0.1318661855414474,0.12193852113943504,0.345674846501301,0.34336568750784446,0.4036390838828925,0.3838295815834398,0.32148557498382635
