Similarity Measures,noun_path,noun_lch,noun_wup,noun_res,noun_jcn,noun_lin,noun_lesk,noun_vector,verb_path,verb_lch,verb_wup,verb_res,verb_jcn,verb_lin,verb_lesk,verb_vector,word2vec,Average
Antecedent,0.4694444444444444,0.6970726279352548,0.8028083028083027,0.2554169524496234,0.41144782532968205,0.6247440974182089,0.6251116787941816,0.5096993189671118,0.4444444444444444,0.6586771995514874,0.673076923076923,0.2780050200892999,0.5132288613586904,0.7709790925651713,1.0,0.7988319254753217,0.5788657730948078,0.5948149698707621
a3,0.17777777777777778,0.5091718497737582,0.6463223166009544,0.16374511031424796,0.10713456278504647,0.4041908416367223,0.3356359657077828,0.3057980682104288,0.38888888888888884,0.6220388965245539,0.6833333333333332,0.23361134446067475,0.5044621578669229,0.7408208693259338,1.0,0.6405921916209604,0.35785802539685996,0.46008130589557927
a2,0.2253968253968254,0.5525546994854603,0.6804567981038568,0.22148954090458195,0.26147401086204547,0.539147523677593,0.32835848568037634,0.32706998161400164,0.6666666666666666,0.7579490952989199,0.9047619047619048,0.27713565040358024,0.7444919810288578,0.8894218026595054,1.0,0.898182948364179,0.5248370105291791,0.5764349956139726
a4,0.34880952380952374,0.6375561736339302,0.7736111111111111,0.2656306213606537,0.28367339278616127,0.6216719969932157,0.6336439511048485,0.40436120243758666,0.38888888888888884,0.6220388965245539,0.6666666666666666,0.20552395109674196,0.4966084655110259,0.7279925282903054,1.0,0.571837636273842,0.5520740417047337,0.54121112048198761
