"Similarity Measures","noun_path","noun_lch","noun_wup","noun_res","noun_jcn","noun_lin","noun_lesk","noun_vector","verb_path","verb_lch","verb_wup","verb_res","verb_jcn","verb_lin","verb_lesk","verb_vector","word2vec"
"Antecedent","0.15925925925925924","0.48020968492692334","0.6400560224089636","0.17596478961459075","0.10462784579393684","0.4196606060632238","0.28890946502057596","0.3466945749816213","0.2708333333333333","0.5269111916870982","0.42500000000000004","0.1769095403821949","0.32044939508627734","0.49160977161810887","0.49583217302515575","0.41231241155501996","0.37870802713730184"
"a3","0.15833333333333333","0.4648574085667259","0.6237993172977693","0.23670374634979416","0.17154564890603496","0.511798915129325","0.23816277989156298","0.2307706146840063","0.29166666666666663","0.5464076589572724","0.5318181818181819","0.22366270240606953","0.1727858827736354","0.57020975982298","0.8386656746031744","0.6688957621983666","0.40850818970785535"
"a2","0.1638888888888889","0.4908526982602914","0.6683006535947712","0.19994145177511935","0.08983993792222435","0.38821515381364113","0.4324588523439097","0.196299624274517","0.3125","0.5659041262274465","0.6041666666666666","0.24938702108596586","0.32695527465329777","0.691139397823332","0.7804738771370288","0.46482269820582445","0.456301377275545"
"a4","0.0","0.0","0.0","0.0","0.0","0.0","0.0","0.0","0.31249999999999994","0.5659041262274465","0.5166666666666666","0.20304212439263675","0.21295164323116508","0.5953435291013055","0.3035761491006275","0.26037956842796806","0.23256930586600977"
