"Similarity Measures","noun_path","noun_lch","noun_wup","noun_res","noun_jcn","noun_lin","noun_lesk","noun_vector","verb_path","verb_lch","verb_wup","verb_res","verb_jcn","verb_lin","verb_lesk","verb_vector","word2vec"
"a1","0.0","0.0","0.0","0.0","0.0","0.0","0.0","0.0","0.0","0.0","0.0","0.0","0.0","0.0","0.0","0.0","0"
"a3","0.1630952380952381","0.49183543597906976","0.6578947368421053","0.14790112595353758","0.09782435793882147","0.3469736502792452","0.460759829248322","0.33242495466378125","0.494047619047619","0.6299111207814362","0.6375","0.16672141887513353","0.42871082066327665","0.5804500729484033","0.6508812503921197","0.6041423443869575","0.4385706278339383"
"Antecedent","0.1294642857142857","0.4234546090402518","0.5317460317460317","0.12540040108090295","0.06718777434765029","0.24622836942319487","0.169712441438632","0.22115227434414","0.3020833333333333","0.5269111916870983","0.48257575757575755","0.16441203775080449","0.10298625837019931","0.39422404104529063","0.605451680672269","0.45401836629813414","0.37243524841495834"
"a4","0.2270833333333333","0.5676867450326389","0.6814241486068111","0.16130464946886863","0.11743988535504964","0.38597463799952525","0.4075565588065587","0.31901629470140225","0.494047619047619","0.6299111207814362","0.6041666666666666","0.13420221920944408","0.33734374038134374","0.4519321822181705","0.6772321428571427","0.6295684317502932","0.4295489722156063"
