Similarity Measures,noun_path,noun_lch,noun_wup,noun_res,noun_jcn,noun_lin,noun_lesk,noun_vector,verb_path,verb_lch,verb_wup,verb_res,verb_jcn,verb_lin,verb_lesk,verb_vector,word2vec,Average
a1,0.21111111111111108,0.5445818501472671,0.6928571428571428,0.1987389842844143,0.12381843217637933,0.4505485397730282,0.6005781357947162,0.44953107101962725,0.75,0.7892658916591693,0.9,0.2085378828338911,1.0,0.9973038184739174,1.0,0.891252129108112,0.3918822580475277,0.60000042631095907
a3,0.6333333333333333,0.8025627177345098,0.9131944444444444,0.395083197537182,0.6070430712461401,0.8712924565309056,0.9310972116119175,0.712467376095886,0.3333333333333333,0.5854005934976205,0.5625,0.0984594856926241,0.26599102179198786,0.3833139952223747,0.42414689984811904,0.388525359597771,0.47349590113139584,0.55183767050879673
Antecedent,0.16736111111111113,0.46575409595186457,0.5375663423264042,0.10396518538697078,0.11210710732714439,0.2604119063439488,0.21902870335400576,0.2753598995678255,0.41666666666666663,0.6403580480380207,0.5833333333333333,0.16688800039822138,0.2060874946467266,0.5633756465450697,1.0,0.707717467981318,0.37014623601668195,0.39977219088207727
a4,0.19791666666666666,0.5278519253775846,0.6380083732057416,0.15374876928004613,0.11298450697587167,0.343560287956304,0.32355937431610904,0.3496704288734718,0.75,0.7892658916591693,0.9,0.2085378828338911,1.0,0.9973038184739174,1.0,0.891252129108112,0.37921621924442594,0.56252213376301841
