"Similarity Measures","noun_path","noun_lch","noun_wup","noun_res","noun_jcn","noun_lin","noun_lesk","noun_vector","verb_path","verb_lch","verb_wup","verb_res","verb_jcn","verb_lin","verb_lesk","verb_vector","word2vec"
"Antecedent","0.17946428571428572","0.5102646232356802","0.6909184726522187","0.23799768308496494","0.1286108569070828","0.47238778617102173","0.278051078639321","0.313241784196265","0.5277777777777778","0.6586771995514874","0.7424242424242425","0.21862453134972445","0.4192141464320744","0.5186407041672013","0.5253856593142306","0.5453295152788836","0.5056917708714689"
"a3","0.2169642857142857","0.5102646232356802","0.5242424242424243","0.14824285359788525","0.18584917462077938","0.36038151373501054","0.41321546707971424","0.38457872939608945","0.38888888888888884","0.6220388965245539","0.6","0.18987553402935556","0.17941473194262425","0.3947390243051943","0.5504392473169636","0.39302724693625474","0.39355154322377717"
"a2","0.40625","0.6492810417285331","0.7933114035087718","0.31571668000646425","0.39816979028690946","0.6911344216698976","0.6479118838318297","0.5991608264940504","0.5277777777777778","0.6586771995514874","0.6666666666666666","0.2885039428786434","0.42951810726310097","0.6841539164319208","0.7966954022988507","0.7707399894319654","0.5433511623856108"
"a4","0.24583333333333335","0.5995393046876674","0.7520833333333333","0.2370743502942686","0.12635501520893694","0.4929374356783727","0.6665409182933297","0.44465129178735296","0.5277777777777778","0.6586771995514874","0.6666666666666666","0.2885039428786434","0.420674700092889","0.6680402129690032","0.816041366041366","0.7208641734266363","0.4855817379995904"
