Similarity Measures,noun_path,noun_lch,noun_wup,noun_res,noun_jcn,noun_lin,noun_lesk,noun_vector,verb_path,verb_lch,verb_wup,verb_res,verb_jcn,verb_lin,verb_lesk,verb_vector,word2vec,Average
Antecedent,0.37777777777777777,0.6190357719578414,0.6986111111111111,0.26156991236470944,0.37168974841713437,0.5971562749088158,0.5727787948741505,0.4970310141168097,0.25,0.5074147244169241,0.5454545454545454,0.14963634376434948,0.1812524166190623,0.5197567395136213,0.505,0.256441241623984,0.41023726924094167,0.43063786389186937
a3,0.14642857142857144,0.4572163338235498,0.5598214285714286,0.14314784266630626,0.10178586962184358,0.3292173733026315,0.3644327365631642,0.271945371217183,0.25,0.5074147244169241,0.4,0.0,0.08093464291963447,0.0,0.195646945646946,0.275769664809817,0.31054160720439905,0.25848841836425879
a2,0.1919642857142857,0.5253872581210262,0.6655996177735308,0.24567786974222086,0.1570011185041501,0.508374037725262,0.45202279382846294,0.3145221277894725,0.25,0.5074147244169241,0.4,0.20429869952460447,0.09912413863405561,0.44693203739472737,0.213333333333333,0.46052425700604,0.30578053524866866,0.34987981380922145
a4,0.1572420634920635,0.47042980358062597,0.4742424242424243,0.0868378521169655,0.08103388058340746,0.20853159845431526,0.4768543123503718,0.24064839705514174,0.3333333333333333,0.5854005934976205,0.5,0.14963634376434948,0.10443438327711145,0.3840806345267619,0.156313131313131,0.138709165783912,0.2837578780235479,0.28420504678794611
