Similarity Measures,noun_path,noun_lch,noun_wup,noun_res,noun_jcn,noun_lin,noun_lesk,noun_vector,verb_path,verb_lch,verb_wup,verb_res,verb_jcn,verb_lin,verb_lesk,verb_vector,word2vec,Average
Antecedent,0.2414399092970522,0.48168180552038437,0.609827264239029,0.1825927947242037,0.21665084278347638,0.4105912543524366,0.30964472710637436,0.2820702396400993,0.41666666666666663,0.6403580480380207,0.6166666666666667,0.22147120079883018,0.19562332466871973,0.5661426935016889,0.6617005514326941,0.47889128091793076,0.46469619740042445,0.41157149810321747
a3,0.0,0.0,0.0,0.0,0.0,0.0,0.0,0.0,0.47916666666666663,0.6403580480380207,0.7234848484848485,0.27868746002128575,0.33789479800240096,0.6268218313185159,0.481499279599966,0.4159035614848135,0.26789275288551756,0.25010054391188447
a2,0.12160894660894661,0.39566035363116253,0.398728722258134,0.04961208430799445,0.07298869644267746,0.12260573815392962,0.12301767096485272,0.15204932342413197,0.3958333333333333,0.6208615807678466,0.7484848484848485,0.2536515524691322,0.3787547878950056,0.6785299212404458,0.766638558201058,0.5346984968741573,0.3440127385260468,0.36221984432845317
a4,0.0,0.0,0.0,0.0,0.0,0.0,0.0,0.0,0.3125,0.5659041262274465,0.5166666666666666,0.1517397304958861,0.13054918805199103,0.38947781522248526,0.45453755343792956,0.37295425550125205,0.3013487060860775,0.18798106127586675
