"Similarity Measures","noun_path","noun_lch","noun_wup","noun_res","noun_jcn","noun_lin","noun_lesk","noun_vector","verb_path","verb_lch","verb_wup","verb_res","verb_jcn","verb_lin","verb_lesk","verb_vector","word2vec"
"Antecedent","0.12698412698412698","0.4245218890538154","0.6111111111111112","0.15202292996408556","0.10267322387805802","0.3760786899801948","0.47614773989466097","0.1126419418694801","0.38888888888888884","0.622038896524554","0.5555555555555555","0.1343775002940156","0.1365945109863376","0.4142513916726333","0.7685185185185187","0.5960897963431193","0.3527747540939346"
"a3","0.16666666666666666","0.5003731981073846","0.5804195804195804","0.16562275800727047","0.08864015331812089","0.3559357109719016","0.396917892665019","0.369391217912031","0.6666666666666666","0.7579490952989199","0.8055555555555555","0.21698297873654634","0.7277910515709131","0.8143203194956943","1.0","0.6798053609171936","0.4541724719535041"
"a2","0.125","0.4223873290266882","0.5789473684210527","0.15202292996408556","0.10230467651373056","0.37496450452129343","0.3971204390847245","0.133370501332076","0.27777777777777773","0.5334100141104896","0.5370370370370371","0.17990700625782685","0.16511952427817292","0.5346863396290343","0.5269148400100784","0.39190398401359566","0.3144788333398628"
"a4","0.29166666666666663","0.6492810417285331","0.8285714285714285","0.3010253549816672","0.20490734498303745","0.6731012433092692","0.6644599298758825","0.49631486115108947","0.611111111111111","0.7213107922719862","0.8055555555555555","0.17677057731619858","0.7277910515709131","0.8143203194956943","0.761904761904762","0.65251654005797","0.37314564907301473"
