"Similarity Measures","noun_path","noun_lch","noun_wup","noun_res","noun_jcn","noun_lin","noun_lesk","noun_vector","verb_path","verb_lch","verb_wup","verb_res","verb_jcn","verb_lin","verb_lesk","verb_vector","word2vec"
"a1","0.13904761904761903","0.4476052909671657","0.5757936507936507","0.14200678088612093","0.12077188104079668","0.39030301748512175","0.27560073398223156","0.23588985184909678","0.6370370370370371","0.7114161212628015","0.7901234567901234","0.2087042391923779","0.6398540548510661","0.7635232247885906","0.8187877928949356","0.721824069267717","0.4909538938563071"
"a3","0.225","0.5443391617397046","0.5789661319073083","0.1788165907334828","0.17555067491021867","0.4567523390905038","0.5280605031284542","0.3146508181340032","0.6000000000000001","0.6818731604581134","0.7706790123456789","0.17487891472354775","0.6398540548510661","0.7502198662791443","0.6539192399850114","0.6940295648473774","0.42596379147495145"
"a2","0.16111111111111112","0.46279304247508524","0.4512820512820513","0.14760976707867804","0.1881971808088864","0.3160035241059859","0.3327456639221344","0.192466901298548","0.6092592592592593","0.6905382570226353","0.7706790123456789","0.1726521717296687","0.6398540548510661","0.7502198662791443","0.7176996008841247","0.6844746204786908","0.3124189244549797"
"Antecedent","1.0","0.9860896635111784","1.0","0.4472335209585327","1.0","1.0","1.0","1.0","1.0","0.8832162807399176","1.0","0.35443184268182504","1.0","1.0","1.0","0.9999999999999996","1.0"
"a4","0.4955555555555556","0.6825616763606254","0.7383333333333333","0.2437926930309159","0.475519525983894","0.6064608550646002","0.6003657027658238","0.5951428517330684","0.7129629629629629","0.754401424187797","0.8802469135802469","0.26666357934805157","0.7489023376427018","0.8860141933226595","0.917388324463796","0.7968987666957857","0.5378212087553832"
