"Similarity Measures","noun_path","noun_lch","noun_wup","noun_res","noun_jcn","noun_lin","noun_lesk","noun_vector","verb_path","verb_lch","verb_wup","verb_res","verb_jcn","verb_lin","verb_lesk","verb_vector","word2vec"
"Antecedent","0.12357596107596107","0.40363368752036405","0.5070083296476485","0.10932935398248535","0.06978049043412915","0.22338329106681562","0.22453215753757624","0.16255464235510977","0.36666666666666664","0.5989594950875406","0.5277777777777778","0.150018175163012","0.21161854764814936","0.4445331958074326","0.5419908064292122","0.4192695027719233","0.30656873397753603"
"a3","0.0","0.0","0.0","0.0","0.0","0.0","0.0","0.0","0.0","0.0","0.0","0.0","0.0","0.0","0.0","0.0","0.24994842618299365"
"a2","0.36626776001776","0.5945764724680824","0.6866746192404087","0.24034317740415878","0.3176212052964406","0.5139885633044141","0.48093593102589516","0.4310021853300821","0.4777777777777778","0.6485954429612569","0.6555555555555556","0.1553006905956751","0.5396385471843834","0.49850337592682775","0.6091555163246338","0.3709075295931538","0.4269158048072715"
"a4","0.1956048581048581","0.5157876764897322","0.6530002405002405","0.20435723930639957","0.11532743642596636","0.442849491578635","0.46604305959355696","0.2918912457297095","0.0","0.0","0.0","0.0","0.0","0.0","0.0","0.0","0.251340341288055"
