Similarity Measures,noun_path,noun_lch,noun_wup,noun_res,noun_jcn,noun_lin,noun_lesk,noun_vector,verb_path,verb_lch,verb_wup,verb_res,verb_jcn,verb_lin,verb_lesk,verb_vector,word2vec,Average
a1,0.3585034013605442,0.6402402825817655,0.7933006535947713,0.2599641568439088,0.2609285547155617,0.5781904741590637,0.7407342639406413,0.4874535531784526,0.41666666666666663,0.6403580480380207,0.7142857142857142,0.23793150214273748,0.5585335845889773,0.7480366338326723,1.0,0.626423256250302,0.4797722879365863,0.5612542961244934
a3,0.33333333333333337,0.6177861055621762,0.7870011641020044,0.27007922225377207,0.28486988138686475,0.6178300154579296,0.7145409928685078,0.43394277584767094,0.41666666666666663,0.6403580480380207,0.6785714285714286,0.19523163464977203,0.5511054605595046,0.6670477611441425,1.0,0.47876994274449247,0.40606887658561197,0.53489431233952356
Antecedent,0.4465986394557823,0.6898460049791533,0.8164811379097093,0.29919844177592997,0.39316577671360076,0.6644363956494738,0.6745509759038495,0.5502582182387632,0.375,0.6013651134976725,0.45,0.12014712394385071,0.3089026440826,0.4182341150424908,0.5677083333333335,0.295424191576755,0.46941457630278893,0.47886656990622095
