Similarity Measures,noun_path,noun_lch,noun_wup,noun_res,noun_jcn,noun_lin,noun_lesk,noun_vector,verb_path,verb_lch,verb_wup,verb_res,verb_jcn,verb_lin,verb_lesk,verb_vector,word2vec,Average
Antecedent,0.1423611111111111,0.45339800356701043,0.5901960784313726,0.1566614369279783,0.08650192172290033,0.3348590375691225,0.25660885697897073,0.20600290111561023,0.5208333333333334,0.6678367753082208,0.7518315018315018,0.18524895017258547,0.43540904652167023,0.706240292481769,0.8879635515999152,0.6568969973664757,0.4562208135568506,0.4408865064468469
a3,0.5773809523809523,0.732784503552697,0.8431372549019608,0.368990479787799,0.5443612396511803,0.700273339428649,0.7293492576628352,0.6017687394494878,0.6875,0.742290697118795,0.8809523809523809,0.252516491184571,0.6883264080718086,0.8735947693707742,0.821279761904762,0.806704281168985,0.5003233146439009,0.66773728654303166
a2,0.09552947052947053,0.33902603282652444,0.2991612554112554,0.07843177347269915,0.06634528933787727,0.15642390447509744,0.2241226314837425,0.10635087297029505,0.49999999999999994,0.6403580480380207,0.6979166666666666,0.18521158146976263,0.4281582947003544,0.6988488766081891,0.6365395021645023,0.605529656547255,0.2901348672040398,0.35576992493563253
a4,0.16696428571428573,0.4951419883503344,0.6607142857142857,0.21421471408149012,0.12603303067766267,0.4577117315555643,0.5043150272911675,0.2713852488135235,0.3833333333333333,0.6057389458825007,0.6583333333333333,0.22096545740332635,0.5943084180965412,0.7709424985825103,0.8238505747126438,0.4843697078812415,0.40153649286173365,0.46116818084032229
