Similarity Measures,noun_path,noun_lch,noun_wup,noun_res,noun_jcn,noun_lin,noun_lesk,noun_vector,verb_path,verb_lch,verb_wup,verb_res,verb_jcn,verb_lin,verb_lesk,verb_vector,word2vec,Average
Antecedent,0.0,0.0,0.0,0.0,0.0,0.0,0.0,0.0,0.6,0.7045268683945394,0.8331269349845201,0.22788109892978733,0.5284897686251716,0.759398774890096,0.698510656010656,0.6748491453643147,0.25564259866350547,0.31073093210956415
a3,0.2130952380952381,0.5433516155845953,0.6886628335544743,0.1966266514782991,0.2012901376490101,0.4589589978122419,0.3938512251219119,0.22825315431577048,0.5333333333333333,0.6889296945784001,0.7488888888888888,0.18820535421257809,0.5809482661521528,0.7950603859040628,0.8368686868686869,0.6917208610590444,0.4036757075503356,0.49363064895053083
a2,0.23528138528138523,0.4986467706406261,0.620074150517907,0.16634503109844578,0.19180891109649467,0.37376919891686927,0.30169681629417716,0.315023985093449,0.7666666666666666,0.7860729876591589,0.924705882352941,0.24090979121633221,0.8627483786881001,0.9407127871197499,0.92260101010101,0.8545316859462929,0.46379206054127636,0.55678749995475785
a4,0.13778659611992947,0.4453092942818259,0.567907129181639,0.17045439324148395,0.101229597107333,0.3891321337170147,0.22460924499566787,0.14482408858881385,0.3333333333333333,0.5854005934976205,0.5,0.1354386269658338,0.10950000766416394,0.3339884893278103,0.3030419396779692,0.3612353777170342,0.2969146966625803,0.30235914953412074
