Similarity Measures,noun_path,noun_lch,noun_wup,noun_res,noun_jcn,noun_lin,noun_lesk,noun_vector,verb_path,verb_lch,verb_wup,verb_res,verb_jcn,verb_lin,verb_lesk,verb_vector,word2vec,Average
a1,0.190625,0.5207115504922648,0.6669754823779591,0.1641433401059311,0.20406790633255734,0.42683726905634783,0.33429599882725103,0.2351390849251396,0.39999999999999997,0.554206245865342,0.6117216117216117,0.2333256022248888,0.356810378749327,0.6878728471783063,0.5736867834416857,0.5119053632007566,0.4015465634623546,0.41611006046833676
Antecedent,0.2918154761904762,0.5819597486745208,0.74200394870867,0.23259967393089503,0.23771451767540597,0.5110301160655986,0.6241895226656098,0.4503826921993973,0.29,0.526510964140926,0.5769841269841269,0.25289604325811155,0.4629323759858706,0.7585784949237424,0.430146408602291,0.3370208064523616,0.464915824387455,0.45715769063796813
a2,0.20833333333333331,0.546386063954866,0.6934029431610702,0.18342420441613388,0.12079631041038837,0.43362589331926016,0.4934942384212443,0.2796662574332889,0.2833333333333333,0.4790459346007433,0.3926739926739926,0.11540886369380839,0.24204933142292662,0.3222432110366646,0.4574057408338456,0.42052231456703043,0.4534418626467324,0.36030904877992126
