Similarity Measures,noun_path,noun_lch,noun_wup,noun_res,noun_jcn,noun_lin,noun_lesk,noun_vector,verb_path,verb_lch,verb_wup,verb_res,verb_jcn,verb_lin,verb_lesk,verb_vector,word2vec,Average
Antecedent,0.530952380952381,0.7280611689985677,0.8272024544083367,0.36833560572820756,0.4806281231969434,0.7215856406096458,0.6737146055003198,0.5277440526226318,0.3466666666666667,0.5739759936811087,0.5909803921568627,0.2489417068507816,0.3166337451991115,0.7019357478699825,0.7113331220166016,0.6382277726151787,0.5325747134360104,0.55997022897113768
a3,0.1052197802197802,0.36454021278778476,0.3586446886446886,0.07271123183093997,0.06054558740254392,0.15178711451275392,0.28796043498700297,0.14488621637172844,0.3233333333333333,0.5640911197732255,0.5171428571428571,0.18080273697125906,0.2506913944771002,0.5696209349254316,0.5430890398077048,0.4480928929757656,0.10825429039397214,0.29714199215046311
a2,0.45511904761904765,0.6798262765040706,0.7767487156806043,0.30595131311895873,0.4539839931976103,0.6064321906380108,0.5887154849119135,0.5306292138919328,0.4333333333333333,0.6513495389461008,0.6941880341880342,0.2433379902081402,0.37950942319828607,0.7175052490259539,0.7721034858387801,0.49526078251301386,0.5953259504141715,0.55172470724870371
a4,0.553452380952381,0.7283979230444502,0.7985073260073261,0.33403663796015937,0.5775349260820595,0.6869844204380531,0.6815779455231521,0.5733982739558022,0.6333333333333333,0.7265098502106995,0.860854700854701,0.2866572810630814,0.5329930041766671,0.7973836919534307,0.9564393939393939,0.7446575033674394,0.5827778514501104,0.65032332025366113
