Similarity Measures,noun_path,noun_lch,noun_wup,noun_res,noun_jcn,noun_lin,noun_lesk,noun_vector,verb_path,verb_lch,verb_wup,verb_res,verb_jcn,verb_lin,verb_lesk,verb_vector,word2vec,Average
Antecedent,0.5,0.7249122792958147,0.8632478632478633,0.5355785152464184,0.3895651180677941,0.5342247599004994,0.505390791207919,0.5018763052969754,0.2888888888888889,0.5392417906235939,0.6077441077441077,0.20706554339597374,0.1926749100027072,0.5744479208000123,0.3471596921596924,0.367454018958066,0.4546575313557542,0.47847823742306361
a2,0.611111111111111,0.8241841750432471,0.9521367521367522,0.4161026810769126,0.5010516650551363,0.6270723364028782,0.736396635443008,0.5834477307410856,0.2888888888888889,0.5392417906235939,0.6077441077441077,0.18980235801691905,0.14283209936118668,0.4924486380230629,0.6058112423223987,0.5031851425944657,0.5627537895295531,0.54024771435966512
