"Similarity Measures","noun_path","noun_lch","noun_wup","noun_res","noun_jcn","noun_lin","noun_lesk","noun_vector","verb_path","verb_lch","verb_wup","verb_res","verb_jcn","verb_lin","verb_lesk","verb_vector","word2vec"
"Antecedent","0.2418934240362812","0.5599292367713412","0.7168530226469192","0.23978238674045327","0.1867759709986443","0.5458908471339783","0.5035041421748995","0.42568981484731727","0.5931372549019607","0.7136651188327023","0.7867610201975527","0.23988386079153876","0.5573777079997512","0.7849099880671941","0.793792201646873","0.6774727680170909","0.5216154001110376"
"a2","0.0","0.0","0.0","0.0","0.0","0.0","0.0","0.0","0.0","0.0","0.0","0.0","0.0","0.0","0.0","0.0","0.3492212006246206"
