"Similarity Measures","noun_path","noun_lch","noun_wup","noun_res","noun_jcn","noun_lin","noun_lesk","noun_vector","verb_path","verb_lch","verb_wup","verb_res","verb_jcn","verb_lin","verb_lesk","verb_vector","word2vec"
"Antecedent","0.2","0.5497975676468014","0.6666666666666666","0.20316133354667876","0.11868113656638059","0.4903537732817506","0.205722928009679","0.348982658059033","0","0","0","0","0","0","0","0","0.45952398394710997"
"a3","0.0","0.0","0.0","0.0","0.0","0.0","0.0","0.0","0","0","0","0","0","0","0","0","0.3194917050034317"
"a2","0.1111111111111111","0.39045828902658425","0.42857142857142855","0.11520039815599713","0.06005542938445154","0.21634588211933228","0.157371463077985","0.142655148627595","0","0","0","0","0","0","0","0","0.44518418876435056"
