Similarity Measures,noun_path,noun_lch,noun_wup,noun_res,noun_jcn,noun_lin,noun_lesk,noun_vector,verb_path,verb_lch,verb_wup,verb_res,verb_jcn,verb_lin,verb_lesk,verb_vector,word2vec,Average
Antecedent,0.6041666666666667,0.7707101580794817,0.8484848484848484,0.33233749810950486,0.5471072725935536,0.6988563212773279,0.7162644860058652,0.6391686466075738,0.47222222222222227,0.6533556928848036,0.7390002784739628,0.2152259513701724,0.4166476669443387,0.6582324552652384,0.689704585537919,0.5652918028867209,0.5988323744336551,0.59797699575552088
a3,0.1875,0.5179450079917731,0.6760261797026503,0.19668931823169095,0.11286452986658997,0.46743237930460646,0.2879514556366977,0.21659056488108008,0.4583333333333333,0.6403580480380207,0.6987720340661517,0.20561902682272534,0.5163201907129591,0.7094090112698357,0.5604056437389772,0.6069100415439396,0.3952872607996189,0.43849494270239114
a2,0.2102272727272727,0.5337487629842987,0.61991341991342,0.1153800462056246,0.09085890068900114,0.2754589029232784,0.607195151962594,0.23899386641405876,0.3194444444444444,0.5724029486508377,0.5296296296296296,0.0795638118914798,0.11410564245515131,0.1931780439157397,0.22023552345522032,0.246468481130412,0.36509448562335695,0.31364113735387178
a4,0.15416666666666667,0.46575409595186457,0.5666666666666667,0.12740942254927246,0.09722290986708074,0.30884146830379616,0.511549284445789,0.17730523549890398,0.5833333333333334,0.7029916407585196,0.7462962962962963,0.18826218352620253,0.4999392545982073,0.7241841124876487,0.7549828643578643,0.7871956475157167,0.422804764673474,0.45993563808807669
