Similarity Measures,noun_path,noun_lch,noun_wup,noun_res,noun_jcn,noun_lin,noun_lesk,noun_vector,verb_path,verb_lch,verb_wup,verb_res,verb_jcn,verb_lin,verb_lesk,verb_vector,word2vec,Average
a1,0.1574074074074074,0.4637348950804511,0.6228070175438596,0.18235532282174885,0.3344802756938911,0.4513370469426399,0.2791239217145523,0.20044969423996437,0.26666666666666666,0.5161623891865805,0.41666666666666663,0.06390802600324073,0.15930253399308103,0.25909734015986197,0.1724170274170275,0.41513532488829197,0.2861424809825986,0.30865847278873698
Antecedent,0.7333333333333334,0.8406589648897195,0.8888888888888888,0.362484383022343,0.6944719208855891,0.7742184063466125,0.8938264705292359,0.822118032547797,0.26666666666666666,0.5161623891865805,0.41666666666666663,0.06390802600324073,0.15930253399308103,0.25909734015986197,0.18315904437306352,0.41513532488829197,0.5401705243295133,0.51942758333591088
