Similarity Measures,noun_path,noun_lch,noun_wup,noun_res,noun_jcn,noun_lin,noun_lesk,noun_vector,verb_path,verb_lch,verb_wup,verb_res,verb_jcn,verb_lin,verb_lesk,verb_vector,word2vec,Average
Antecedent,0.20714285714285713,0.5388380820646728,0.6707172342621258,0.2086980278664723,0.15547594427879594,0.45417488337587375,0.32013812133575137,0.3220168423826123,0.6666666666666666,0.7343084371187691,0.7916666666666666,0.16953246977202957,0.5537694901590795,0.62413686216595,0.6511708892958893,0.6519750625039135,0.3315454839509654,0.47364553064759357
a3,0.16037414965986393,0.4732128000110057,0.6002690549904172,0.14819484761504587,0.09793680162084849,0.32415015780741857,0.30659788692218376,0.21907259166077672,0.4583333333333333,0.6678367753082208,0.6583333333333333,0.22176332309105648,0.3870456275215046,0.7128966649056274,0.9061728395061728,0.5725975085546164,0.30631481040021563,0.42477073566127299
a2,0.4775510204081633,0.7096283490680217,0.7787284144427,0.29737766539059557,0.41371148440435307,0.6102773613705803,0.5819226889803183,0.6143659021739202,0.6666666666666666,0.7343084371187691,0.75,0.15535120151496118,0.5544414273262066,0.6104742185285242,0.6449677093059445,0.6519750625039135,0.4729583265331692,0.57204152563157695
a4,0.23203463203463204,0.5690506718630088,0.6848701018869087,0.19591400574765125,0.1496018548117107,0.46993191560908104,0.43832997381864797,0.2961280063442768,0.6666666666666666,0.7343084371187691,0.75,0.20642587639611232,0.5536664239981668,0.7168067769641198,0.6340553121803123,0.6519750625039135,0.38441409225547446,0.49024587118820301
