Similarity Measures,noun_path,noun_lch,noun_wup,noun_res,noun_jcn,noun_lin,noun_lesk,noun_vector,verb_path,verb_lch,verb_wup,verb_res,verb_jcn,verb_lin,verb_lesk,verb_vector,word2vec,Average
Antecedent,0.17708333333333331,0.5083554581074106,0.6901960784313725,0.17392707783172548,0.09118414373498354,0.3771883681038346,0.23242528078312402,0.23836905925823149,0.35416666666666663,0.5933828534976466,0.5166666666666666,0.11580959281383937,0.08802533710106322,0.27137907437158054,0.40367158882783877,0.2853837740017574,0.41420950623139796,0.32537787410367486
a3,0.14474206349206348,0.4553071686952801,0.6634502923976608,0.23959201113559075,0.11921424395099749,0.510359925475948,0.2580191798941802,0.22379068500453475,0.0,0.0,0.0,0.0,0.0,0.0,0.0,0.0,0.11268582933350503,0.16042125878704475
a2,0.0,0.0,0.0,0.0,0.0,0.0,0.0,0.0,0.0,0.0,0.0,0.0,0.0,0.0,0.0,0.0,0.30931365905730224,0.018194921121017778
