"Similarity Measures","noun_path","noun_lch","noun_wup","noun_res","noun_jcn","noun_lin","noun_lesk","noun_vector","verb_path","verb_lch","verb_wup","verb_res","verb_jcn","verb_lin","verb_lesk","verb_vector","word2vec"
"Antecedent","0.35857142857142854","0.6309116790148026","0.7611904761904762","0.22677203927135517","0.26827721769927704","0.43511881820357223","0.46118202888791143","0.419882975358424","0.2791666666666667","0.5312850240719265","0.5975961538461538","0.12734653995883496","0.19327371562784673","0.44487275366634715","0.6298699716462874","0.3008641093492185","0.40910674322229607"
"a3","0.485","0.6612522026362303","0.7096491228070175","0.4031140673621798","0.4678124402046152","0.6122355781485986","0.6081907603113054","0.548324419585123","0.2791666666666667","0.5312850240719265","0.5527777777777777","0.15482218634295375","0.26058662502285707","0.5174789175125866","0.4509911260428857","0.5428935678998583","0.38989707778546184"
"a2","0.49833333333333335","0.6889474843606461","0.7730094466936572","0.42159514824133665","0.48362014787445406","0.6773643502988781","0.5917369024044564","0.5755891810120408","0.3208333333333333","0.5587637513421265","0.475","0.16853257401972216","0.26506849118428744","0.5783279771291853","0.44656872008062476","0.329569896773082","0.3318254526674052"
"a4","0.29397546897546895","0.5187161082036483","0.6098412698412699","0.2742363465402007","0.2692748089322527","0.3931086003082022","0.35336428232548445","0.3783544648123234","0.2791666666666667","0.5312850240719265","0.5527777777777777","0.13979946283012673","0.26058662502285707","0.5174789175125866","0.25197694170908475","0.37054730121435453","0.2954327055181572"
