Similarity Measures,noun_path,noun_lch,noun_wup,noun_res,noun_jcn,noun_lin,noun_lesk,noun_vector,verb_path,verb_lch,verb_wup,verb_res,verb_jcn,verb_lin,verb_lesk,verb_vector,word2vec,Average
Antecedent,0.36574074074074076,0.6309618902150665,0.7628968253968255,0.3222370490844478,0.36685700045845887,0.6436704480980201,0.8593733302138475,0.38912504143723164,0.75,0.7892658916591693,0.8333333333333333,0.26360401734022143,0.6856625844416031,0.8677036510501335,1.0,0.741686768520889,0.5034637665492817,0.63385778461995701
a3,0.47407407407407404,0.6917511212685709,0.8041855203619909,0.3516287292869378,0.4302154940912321,0.6789962911877611,0.5901503299733993,0.5684086499078722,0.5,0.6953155025784209,0.7684210526315789,0.27606525738897814,0.6156415878988231,0.8227755071511356,1.0,0.696732013502142,0.48550188535410255,0.61469782450923649
a2,0.3666666666666667,0.6575184366517693,0.8188692886061307,0.3175504636777467,0.30527558013253425,0.6790643780559863,0.5927866145297084,0.4751758422579652,0.6666666666666666,0.7343084371187691,0.75,0.1688375026496221,0.6132256092566077,0.7681713788103229,0.6476521164021165,0.6652881514511065,0.44237730939753794,0.56879026131360333
a4,0.1974206349206349,0.5300468829632616,0.6810897435897435,0.1963771056978578,0.1325999675277842,0.44739054586350196,0.4345295761384725,0.32300300697721623,0.6666666666666666,0.7343084371187691,0.75,0.2333361301224088,0.6132256092566077,0.8450197383271743,0.6916666666666665,0.6652881514511065,0.46661857340325685,0.5063874962759487
