Similarity Measures,noun_path,noun_lch,noun_wup,noun_res,noun_jcn,noun_lin,noun_lesk,noun_vector,verb_path,verb_lch,verb_wup,verb_res,verb_jcn,verb_lin,verb_lesk,verb_vector,word2vec,Average
a1,0.28154761904761905,0.5669880514111415,0.7055759803921567,0.26345002150166985,0.24911203715719954,0.5240972918929673,0.46392497362784746,0.4659834283158833,0.33452380952380956,0.5611016051565072,0.525595238095238,0.1948465838279804,0.22532086850545072,0.5620767329972273,0.6401143127705627,0.5828352424933643,0.3828325263571049,0.44293684253374888
a3,0.26235569985569984,0.5301016505594442,0.6648536448072052,0.2526663571995837,0.24245147388713423,0.49748622609889676,0.2846277695204732,0.42887978043619834,0.7053571428571429,0.7233278698554028,0.8425245098039216,0.21485193004498376,0.6699130542554932,0.7537316509757684,0.7443415178571429,0.7412735206938429,0.42422210129763077,0.5284097588238803
a2,0.4593253968253968,0.6445912181070227,0.7421401515151516,0.3002021122907338,0.42771966474866185,0.5923931524497308,0.5344395202554256,0.5743209376583552,0.7157738095238095,0.7330761034904898,0.8534722222222222,0.2664054831165291,0.7316411192095682,0.8243515801231159,0.8216540404040404,0.8066791655193307,0.5113079060938517,0.61997021079726078
Antecedent,1.0,0.9860896635111783,0.96875,0.5317630254286363,1.0,1.0,0.875,0.999999999999998,1.0,0.8832162807399176,1.0,0.4678156003281891,1.0,1.0,1.0,1.0,1.0,0.92427262176517178
a4,0.38799603174603176,0.622756897022468,0.7493909685086156,0.2971438803656649,0.34837305026457666,0.5864535187827349,0.4628077231850058,0.4156395619607125,0.2782738095238095,0.5234537016938671,0.500400641025641,0.14320554147308934,0.09977918955271807,0.3433319331021675,0.313352943741407,0.23729377352743852,0.38419106807970277,0.3937555431503324
