Similarity Measures,noun_path,noun_lch,noun_wup,noun_res,noun_jcn,noun_lin,noun_lesk,noun_vector,verb_path,verb_lch,verb_wup,verb_res,verb_jcn,verb_lin,verb_lesk,verb_vector,word2vec,Average
Antecedent,0.3284722222222223,0.6265970894005143,0.7495686331212646,0.19879866604481922,0.2351155842496523,0.49094472171024556,0.7829389758972761,0.4111436209743748,0.37499999999999994,0.6128793207678207,0.7767857142857143,0.3189816123894756,0.6879969182866692,0.8827666531601751,0.8720555555555555,0.768742349593815,0.5188549284509417,0.56692015094767856
a3,0.4041666666666666,0.6576460041133743,0.7434294871794872,0.22265904073900078,0.34864101564729355,0.5528446437980277,0.6843926636354134,0.5792144119679661,0.37499999999999994,0.6128793207678207,0.575,0.1939136217638065,0.2203158635135234,0.6101603352554282,0.8458627278071722,0.729864530629543,0.5050790753492634,0.52123937699022271
a2,0.3354166666666667,0.6305882194005273,0.7722742943331179,0.23715545461998025,0.291408293677823,0.5817063931921431,0.6681812106328743,0.4180913776630402,0.2708333333333333,0.5269111916870982,0.46136363636363636,0.17674167279854885,0.09421252756224488,0.38649342564237843,0.3720315904139435,0.34335878626556,0.48985473337099966,0.41509545927199509
