"Similarity Measures","noun_path","noun_lch","noun_wup","noun_res","noun_jcn","noun_lin","noun_lesk","noun_vector","verb_path","verb_lch","verb_wup","verb_res","verb_jcn","verb_lin","verb_lesk","verb_vector","word2vec"
"Antecedent","0.21666666666666667","0.5699610808272626","0.7547619047619047","0.20322371893429855","0.11548559666158568","0.44544849896377675","0.6760057471264366","0.31714559977411266","0.29166666666666663","0.5464076589572724","0.6136363636363636","0.16771115962443803","0.11596750802207903","0.43026786190963817","0.228690476190476","0.2194862435870407","0.3668464209547187"
"a3","0.21666666666666667","0.5699610808272626","0.7547619047619047","0.22369565644331238","0.11548559666158568","0.4734560772434862","0.6760057471264366","0.22957976582260464","0.26666666666666666","0.5161623891865805","0.41666666666666663","0.1750919727847748","0.1259943262617455","0.42586716273948355","0.33710820053699303","0.3732445656129205","0.35999542129873946"
"a2","0.16666666666666666","0.5003731981073846","0.6527777777777777","0.16753263475319033","0.0803779323732672","0.3169431184630027","0.592632461905816","0.166934052217759","0.3333333333333333","0.5854005934976205","0.7291666666666667","0.28390979001920574","0.2897400329115051","0.7489840802964138","0.8097351366582135","0.43693737856030546","0.330724402904029"
"a4","0.15","0.4648574085667259","0.6203703703703703","0.17602666806824993","0.08143381086337181","0.35036927939026324","0.7484920634920633","0.09338828348167773","0.625","0.6953155025784209","0.8333333333333333","0.21601514418566475","0.5805435647984436","0.7593903464771898","0.5774078624078625","0.6840633990040326","0.3278794266892278"
