Similarity Measures,noun_path,noun_lch,noun_wup,noun_res,noun_jcn,noun_lin,noun_lesk,noun_vector,verb_path,verb_lch,verb_wup,verb_res,verb_jcn,verb_lin,verb_lesk,verb_vector,word2vec,Average
Antecedent,0.17777777777777778,0.5168479879538569,0.6136363636363636,0.13865564663539165,0.06991312148153829,0.2541266668947997,0.2702350043693247,0.16985940149057988,0.25,0.5074147244169241,0.5,0.23174097205036875,0.12056957593408221,0.5271773755755305,0.319222951844903,0.332808649818432,0.33365702647878376,0.31374372037403875
a3,0.46428571428571425,0.6849877532601366,0.7757575757575758,0.2685979377517762,0.3936098266813628,0.5505656257732999,0.6938939740045907,0.4759525600274132,0.25,0.5074147244169241,0.5,0.23174097205036875,0.12056957593408221,0.5271773755755305,0.245811206337522,0.332808649818432,0.45428322727255194,0.43985039405572246
a2,0.21666666666666667,0.5699610808272626,0.6984126984126983,0.23881940795776568,0.16297048111118495,0.47855725418493744,0.40255765373797764,0.27572254556900466,0.3333333333333333,0.5854005934976205,0.8,0.36944536133218714,0.18029457202366767,0.7266246738246449,0.736492673992674,0.430809902394828,0.40186797351433806,0.44752569837534073
