Similarity Measures,noun_path,noun_lch,noun_wup,noun_res,noun_jcn,noun_lin,noun_lesk,noun_vector,verb_path,verb_lch,verb_wup,verb_res,verb_jcn,verb_lin,verb_lesk,verb_vector,word2vec,Average
Antecedent,0.3611111111111111,0.6989169896022492,0.8777777777777779,0.2929891285996714,0.4265011535815671,0.7181492959965081,0.8249591080653373,0.4635534302993407,0.5833333333333334,0.6953155025784209,0.6888888888888888,0.11255833509974807,0.4629294221589597,0.5358438825397479,0.8041666666666667,0.6156482298105393,0.4804537568493519,0.56724094193877761
a3,0.25,0.5996450938548169,0.7888888888888889,0.26965859157261857,0.13127587911467342,0.5759438961850147,0.5729285640637763,0.38456909291268637,0.5833333333333334,0.6953155025784209,0.6888888888888888,0.11255833509974807,0.4629294221589597,0.5358438825397479,0.8041666666666667,0.6417528202431934,0.4807100241456664,0.50461228719100593
a2,0.2222222222222222,0.5630067908278834,0.7444444444444445,0.2636172475121245,0.13127587911467342,0.5638604919180938,0.5010994981449527,0.38490608290373035,0.3444444444444444,0.5758800936505274,0.5,0.09857459003847362,0.14167069751603267,0.3310299316067195,0.758994708994709,0.4314783294851692,0.29755294151792433,0.40317990554953681
a4,0.18308080808080807,0.48224035855610453,0.6627450980392157,0.19071533169642188,0.09697433355747337,0.40037546504337457,0.46984146257155873,0.32842712266644064,0.5833333333333334,0.6953155025784209,0.6888888888888888,0.16527146635502923,0.4629294221589597,0.5568105674879458,0.8041666666666667,0.6728407653886662,0.30210349140000087,0.45565059320407697
