"Similarity Measures","noun_path","noun_lch","noun_wup","noun_res","noun_jcn","noun_lin","noun_lesk","noun_vector","verb_path","verb_lch","verb_wup","verb_res","verb_jcn","verb_lin","verb_lesk","verb_vector","word2vec"
"Antecedent","0.225","0.5800428374174932","0.7157894736842105","0.15205569570337174","0.11510278335283591","0.36778229361240916","0.35316164518750703","0.38941694291822504","0.5","0.6953155025784209","0.6666666666666666","0.2741923228885948","0.6526620761066046","0.8368290460523368","1.0","0.633394869202754","0.44717496472566765"
"a3","0.12698412698412698","0.4245218890538154","0.5142857142857142","0.11607897438227943","0.07507433018888862","0.2558084082804353","0.252828534514581","0.10404846008371266","0.5","0.6953155025784209","0.6666666666666666","0.1969189713852482","0.6526620761066046","0.8368290460523368","1.0","0.633394869202754","0.3202475681469434"
"a2","0.3214285714285714","0.6283871872153641","0.7368421052631579","0.2792817300367275","0.5440052001062502","0.6647658711788986","0.5171432705026455","0.420162215245444","0.5","0.6953155025784209","0.6666666666666666","0.1969189713852482","0.6526620761066046","0.8368290460523368","1.0","0.633394869202754","0.33821859875132115"
"a4","0.55","0.6739932264982416","0.6333333333333333","0.28043777103455103","0.533549745460058","0.5345561050788662","0.6081349206349205","0.5659839490801954","0.0","0.0","0.0","0.0","0.0","0.0","0.0","0.0","0.3227382011035741"
