"Similarity Measures","noun_path","noun_lch","noun_wup","noun_res","noun_jcn","noun_lin","noun_lesk","noun_vector","verb_path","verb_lch","verb_wup","verb_res","verb_jcn","verb_lin","verb_lesk","verb_vector","word2vec"
"Antecedent","0.5222222222222223","0.7283894242955044","0.8128456510809453","0.2820596538186765","0.4958909949029436","0.6548335434196404","0.7012418167907519","0.5648553123861475","0.4666666666666666","0.6252354131526748","0.623249299719888","0.2785151501136445","0.4148141302434291","0.6578133634134883","0.6522133169860443","0.5558794843854218","0.4742023912361029"
"a3","0.5333333333333333","0.7514688257325176","0.8523193352914715","0.3138137391528771","0.49823584468961585","0.7259001155256367","0.7012418167907519","0.6952645323691714","0.4666666666666666","0.6252354131526748","0.623249299719888","0.2785151501136445","0.4148141302434291","0.6578133634134883","0.6522133169860443","0.5558794843854218","0.4742023912361029"
"a2","1.0","0.9860896635111783","1.0","0.45389472163559214","1.0","1.0","1.0","0.9999999999999979","1.0","0.8832162807399176","1.0","0.4532065022702292","1.0","1.0","1.0","1.0","1.0"
