"Similarity Measures","noun_path","noun_lch","noun_wup","noun_res","noun_jcn","noun_lin","noun_lesk","noun_vector","verb_path","verb_lch","verb_wup","verb_res","verb_jcn","verb_lin","verb_lesk","verb_vector","word2vec"
"Antecedent","0.4226190476190476","0.6223541605396378","0.6627450980392157","0.22207536217523702","0.393486851056347","0.4905787173109973","0.5742048956334674","0.5175208428512009","0.25","0.5074147244169241","0.4","0.0","0.06000235662127779","0.0","0.177274114774115","0.257320907040747","0.3576126381910928"
"a3","0.17777777777777778","0.5168479879538568","0.6203703703703703","0.1495693464587159","0.10970321783281274","0.3574715164175619","0.3074428882449563","0.32638058077019233","0.25","0.5074147244169241","0.4","0.0","0.053126659924103634","0.0","0.202209249084249","0.235340873090531","0.33876608842908357"
"a2","0.10873015873015873","0.3776515661707463","0.4136752136752137","0.09832597214524767","0.09777003466875893","0.22031753217514902","0.23298059964726633","0.11311621656675097","0.2","0.4469241848755406","0.3333333333333333","0.0","0.04319695575521206","0.0","0.0666666666666667","0.0790918680703886","0.24795303693641396"
"a4","0.2253968253968254","0.5655523443322431","0.625","0.12529364175223193","0.16409141639479882","0.404335846110603","0.5593243928370893","0.30187893724316067","0.25","0.5074147244169241","0.4","0.0","0.06766518920690007","0.0","0.1750333000333","0.332808649818432","0.3344312683940936"
