Similarity Measures,noun_path,noun_lch,noun_wup,noun_res,noun_jcn,noun_lin,noun_lesk,noun_vector,verb_path,verb_lch,verb_wup,verb_res,verb_jcn,verb_lin,verb_lesk,verb_vector,word2vec,Average
Antecedent,0.13392857142857142,0.4404864090538674,0.5555555555555556,0.14504863581291824,0.07598034298411535,0.24774386866458475,0.409722930839002,0.141648653951472,0.6,0.6650702328077291,0.75,0.20698054716643294,0.5329287641212208,0.6746686336165625,0.5375,0.6252599202592335,0.4025912694249438,0.42030084327565936
a3,0.14285714285714285,0.4585854890810465,0.6458333333333333,0.18035746095370464,0.1007368054755017,0.4144625316812731,0.6400517241379311,0.1673696658030595,0.26666666666666666,0.5161623891865805,0.5,0.10214934976230224,0.08914077991252528,0.18015947698619572,0.1769675925925925,0.3343940416298075,0.35563242754667646,0.31008981632978472
a2,0.1111111111111111,0.39045828902658425,0.26666666666666666,0.029883075095373943,0.06609327121593736,0.07305511995335941,0.2767247990314075,0.2283362645880345,0.5833333333333334,0.6403580480380207,0.6428571428571428,0.10483119740413069,0.5301742734322663,0.5,0.5375,0.6252599202592335,0.4106181589197654,0.35395651005484519
a4,0.1111111111111111,0.39045828902658425,0.33035714285714285,0.0823807254947583,0.07962427059742594,0.19800522937892323,0.21906484063117548,0.2283362645880345,0.5833333333333334,0.6403580480380207,0.6428571428571428,0.10483119740413069,0.5301742734322663,0.5,0.5375,0.6252599202592335,0.3381202133467548,0.36128070602094337
