Similarity Measures,noun_path,noun_lch,noun_wup,noun_res,noun_jcn,noun_lin,noun_lesk,noun_vector,verb_path,verb_lch,verb_wup,verb_res,verb_jcn,verb_lin,verb_lesk,verb_vector,word2vec,Average
Antecedent,0.18095238095238098,0.5193935414582165,0.6997354497354497,0.21503246035509058,0.19751922836796687,0.6067433226130652,0.5351710174896821,0.468124167180411,0.41666666666666663,0.6403580480380207,0.625,0.2156030461056367,0.6105172478444203,0.8176906056363134,1.0,0.620990765095798,0.3858486991395147,0.51502039098109598
a3,0.14814814814814814,0.4637348950804511,0.5777777777777778,0.19410681488016857,0.09535084347635962,0.35910015385957766,0.35387287321148303,0.30057884346460534,0.6666666666666666,0.7343084371187691,0.75,0.10483119740413069,0.5505165743135556,0.5,0.606527777777778,0.624321088330661,0.3918513146656511,0.43657020036328137
a2,0.20370370370370372,0.5370115011343181,0.6556776556776557,0.2690633932915375,0.18650980431857156,0.5750003894453873,0.37202509071206036,0.269479046658375,0.75,0.7892658916591693,0.75,0.2888628548565532,0.8247148112975525,0.9525541761049854,1.0,1.0,0.4266870888268857,0.5794444357462798
a4,0.1638888888888889,0.4908526982602914,0.5705128205128206,0.18245335953378353,0.13973428447578948,0.4541734311368748,0.41217400602327303,0.3731485828125183,0.6666666666666666,0.7343084371187691,0.75,0.22315038335435705,0.6105172478444203,0.8380407204644156,1.0,0.6807938233714494,0.3972127653013979,0.51103694798621846
