Similarity Measures,noun_path,noun_lch,noun_wup,noun_res,noun_jcn,noun_lin,noun_lesk,noun_vector,verb_path,verb_lch,verb_wup,verb_res,verb_jcn,verb_lin,verb_lesk,verb_vector,word2vec,Average
Antecedent,0.4652777777777778,0.6962562362689073,0.8196969696969698,0.3179446704832485,0.5482085835153303,0.705599992130596,0.7809523809523811,0.47235598655407296,0.5,0.6953155025784209,0.6666666666666666,0.2835255479193294,1.0,0.9907534822587148,1.0,0.753752011519726,0.5827733442124623,0.66347524426674132
a3,0.2604166666666667,0.5828093799179849,0.7535087719298245,0.2586542893684159,0.2602573235383275,0.5777274995959362,0.5848470384322313,0.4127912041317077,0.5,0.6953155025784209,0.6666666666666666,0.2945045373379138,0.5187503764639477,0.859082062193506,1.0,0.860187221933309,0.42464306384333106,0.55942127085871696
a2,0.13194444444444445,0.4339015362968363,0.49224141871200694,0.11213924972538257,0.075778677556403,0.2431582455041337,0.182857048705263,0.18822242982034237,1.0,0.8832162807399176,1.0,0.32659840014496044,1.0,1.0,1.0,1.0,0.3727747308722668,0.55546073308952693
