"Similarity Measures","noun_path","noun_lch","noun_wup","noun_res","noun_jcn","noun_lin","noun_lesk","noun_vector","verb_path","verb_lch","verb_wup","verb_res","verb_jcn","verb_lin","verb_lesk","verb_vector","word2vec"
"Antecedent","0.11801587301587302","0.4047572371292415","0.40717948717948715","0.08936578366402667","0.06751552861497524","0.17319789194931318","0.24129475487469096","0.22038345295804299","0.75","0.7704758138430197","0.8133333333333332","0.2654774760520956","0.6665307375910269","0.7855245972393583","0.8544444444444445","0.813361435404363","0.583745023225044"
"a3","0.1669047619047619","0.4961882303017444","0.645952380952381","0.17724893207787581","0.1165719540944093","0.4312547427964512","0.38559740309233914","0.24008698952526317","0.44666666666666666","0.6115561493134081","0.6222222222222222","0.13620645050263158","0.33624628651290034","0.47327234904702953","0.564629950296617","0.5597497858521314","0.40243080634738654"
"a2","0.20333333333333337","0.5520108016471947","0.6905128205128205","0.17224777210789996","0.10535688686080939","0.40659365050256707","0.42615121264165534","0.2882457244979672","0.5800000000000001","0.6711192867618675","0.6666666666666667","0.17394832185679787","0.477872543174669","0.5815949587728217","0.6828011982792548","0.6235777550049145","0.5047512462511772"
"a4","0.18","0.5201429459231514","0.6876190476190477","0.1931805972438007","0.12071568437712765","0.47193008946447945","0.4569367753950574","0.3078911753819539","0.49000000000000005","0.6456372390378449","0.6355555555555555","0.18123724617625903","0.3935178397949351","0.6345241722486017","0.711690506161979","0.5794730837987406","0.4799894391676209"
