"Similarity Measures","noun_path","noun_lch","noun_wup","noun_res","noun_jcn","noun_lin","noun_lesk","noun_vector","verb_path","verb_lch","verb_wup","verb_res","verb_jcn","verb_lin","verb_lesk","verb_vector","word2vec"
"Antecedent","0.3936507936507937","0.663501375572194","0.8128186628186629","0.27474375382783445","0.3455040051175091","0.6679490279415735","0.5122247746433516","0.5392129029317909","0.611111111111111","0.7213107922719865","0.8592592592592592","0.238459897322157","0.5646232580653452","0.8241921822724438","0.9201615148983571","0.8296112610892467","0.5123434147565848"
"a2","0.3962962962962963","0.6681444543528983","0.8171759612936085","0.27474375382783445","0.3455040051175091","0.6679490279415735","0.5150129267562139","0.5491100384966497","0.611111111111111","0.7213107922719865","0.8592592592592592","0.238459897322157","0.5646232580653452","0.8241921822724438","0.9201615148983571","0.8296112610892467","0.5123434147565848"
