"Similarity Measures","noun_path","noun_lch","noun_wup","noun_res","noun_jcn","noun_lin","noun_lesk","noun_vector","verb_path","verb_lch","verb_wup","verb_res","verb_jcn","verb_lin","verb_lesk","verb_vector","word2vec"
"Antecedent","0.19444444444444442","0.5370115011343181","0.6551226551226551","0.15827333922597778","0.16411005996458763","0.4521396233800233","0.3153422964812327","0.31525470084529333","0.3055555555555555","0.5594053038040551","0.65","0.28306929976003675","0.3690355107195112","0.7207563458934714","0.8369121588693957","0.6489530590584675","0.46436642123258487"
"a3","0.0","0.0","0.0","0.0","0.0","0.0","0.0","0.0","0.5277777777777778","0.6586771995514874","0.797979797979798","0.3012681632075938","0.6729363623485526","0.8792353385778165","0.5915824915824913","0.5599355130601896","0.36112900815203813"
"a2","0.18055555555555555","0.5110162114407526","0.6365007541478129","0.2130412936869106","0.13714646996661736","0.48475948028292715","0.28320111710865564","0.32871344061022534","0.5277777777777778","0.6586771995514874","0.7777777777777777","0.31804841114331467","0.7172566185639867","0.8974736144228572","0.8208333333333333","0.607996916903181","0.4524781053787335"
