Similarity Measures,noun_path,noun_lch,noun_wup,noun_res,noun_jcn,noun_lin,noun_lesk,noun_vector,verb_path,verb_lch,verb_wup,verb_res,verb_jcn,verb_lin,verb_lesk,verb_vector,word2vec,Average
Antecedent,0.5714285714285714,0.7667846256123101,0.8781912765106041,0.3557833768004267,0.508130379867799,0.7028971874337222,0.6091303807534657,0.5748094560339725,0.2733333333333333,0.526510964140926,0.42666666666666664,0.07595044638367945,0.09477990434963217,0.19652580576701048,0.19262959812439442,0.1281326767848569,0.42834748916489523,0.43000189053860394
a3,0.2574829931972789,0.5157578981884767,0.5888395844167625,0.16909706623641724,0.20337535794056535,0.341806547790181,0.3344902717932169,0.2762141707519014,0.4066666666666666,0.5860741015893854,0.5690909090909091,0.19005757077280175,0.29328637042347677,0.44842583765553845,0.41915295815295817,0.41035107724030384,0.4314564229663781,0.37891916499254225
a2,0.32023809523809516,0.608226148550929,0.7316095669036845,0.2150452181865275,0.23493243382068238,0.4899618197274605,0.6154233977063147,0.40521999278847476,0.3333333333333333,0.5761892276815022,0.6076190476190476,0.20891935293985026,0.24605907568610466,0.5685452579648312,0.6047134038800706,0.49629932168065594,0.36659968144954747,0.4487608455974772
a4,0.27233560090702946,0.543210740790727,0.6223963269518334,0.1777700257362342,0.20865504144265176,0.3655030161104271,0.3518783817688271,0.3225866801815317,0.21333333333333332,0.46123552678421065,0.3504761904761905,0.029280439705525508,0.0757829087986914,0.07274285175829326,0.307382828048921,0.21442692899633203,0.35432804493039227,0.29078381568947947
