"Similarity Measures","noun_path","noun_lch","noun_wup","noun_res","noun_jcn","noun_lin","noun_lesk","noun_vector","verb_path","verb_lch","verb_wup","verb_res","verb_jcn","verb_lin","verb_lesk","verb_vector","word2vec"
"a1","0.2126984126984127","0.47776030619399845","0.49285616344439864","0.12244195928418836","0.16383837769021295","0.25956780717474437","0.326873420496915","0.25174705233343614","0.47666666666666657","0.6176052032675464","0.6344444444444444","0.16092817418807517","0.5310152933358034","0.6119285034213939","0.676727508962699","0.6178950859021047","0.3957925675365107"
"a3","0.22221786150357578","0.5103509217608264","0.6225351611629807","0.17535085326039943","0.1434988731112106","0.35931973225925046","0.457481406112077","0.25565100254769146","0.48666666666666664","0.6484933889919728","0.7105555555555555","0.22908445335598052","0.44527381087534207","0.6820548415920208","0.7290655603449115","0.5988248328283451","0.44424450435138385"
"a2","0.1526521097949669","0.368740179804082","0.302091875886657","0.06418684411086269","0.11972250362089168","0.11368542048586545","0.2717711412296353","0.12180097803178531","0.385","0.5878236345433167","0.5811111111111111","0.14037845431327758","0.3178190685926272","0.4313599770074596","0.6722285505469895","0.5240499209339482","0.42141732185029435"
"Antecedent","1.0","0.9860896635111783","1.0","0.5666038719590872","1.0","1.0","1.0","0.999999999999999","1.0","0.8832162807399178","1.0","0.41627005949600926","1.0","1.0","1.0","1.0","1.0"
"a4","0.20989486703772414","0.46869546571510196","0.49859449116415056","0.1477625335717056","0.15601429286677876","0.2712567850739665","0.33518557747049815","0.20023318663864068","0.29833333333333334","0.5421081379570653","0.463015873015873","0.15647727595741553","0.10604722674970506","0.36452456192646066","0.4530445120355832","0.36724177559705595","0.39438816056182985"
