"Similarity Measures","noun_path","noun_lch","noun_wup","noun_res","noun_jcn","noun_lin","noun_lesk","noun_vector","verb_path","verb_lch","verb_wup","verb_res","verb_jcn","verb_lin","verb_lesk","verb_vector","word2vec"
"Antecedent","0.441468253968254","0.6738433643230254","0.7888244458622609","0.2960971664191061","0.4141302390485123","0.670865995139921","0.6215502642151355","0.5806367684725335","0.3425925925925926","0.5889482646087433","0.5222222222222223","0.1598897818641157","0.14652134824880514","0.3320312668656572","0.6261612806266105","0.35109258019479667","0.3613044827012728"
"a3","0.3214285714285715","0.618817084880804","0.7729372450734682","0.2848179563328337","0.2895517435888055","0.6596502000355383","0.5930419905609131","0.6041652849131866","0.7037037037037036","0.7508537530766746","0.8777777777777779","0.2773362378201133","0.6740631117891461","0.878128514492299","0.7773589065255732","0.7318352212670168","0.5376631439376214"
"a2","0.608531746031746","0.7703149377222686","0.8632847078225229","0.3268600697290944","0.5956858831767805","0.7778255656507972","0.69870538226544","0.7473318584850089","0.5592592592592593","0.6814989892960219","0.8263107263107263","0.28133223905575055","0.587490776223203","0.8329822994425103","0.8181659782171478","0.6884570461431243","0.5784516764490609"
"a4","0.5941326530612245","0.7566484886043839","0.8288988322601768","0.2901623165495438","0.570877221429975","0.7070637405815466","0.6515802135507768","0.7020447735519181","0.7074074074074074","0.7476802531276435","0.9215488215488215","0.30077513367623576","0.7319346482500906","0.8931555356172685","0.8216859345088433","0.7591728015307316","0.5846398914995464"
