"Similarity Measures","noun_path","noun_lch","noun_wup","noun_res","noun_jcn","noun_lin","noun_lesk","noun_vector","verb_path","verb_lch","verb_wup","verb_res","verb_jcn","verb_lin","verb_lesk","verb_vector","word2vec"
"Antecedent","0.3898809523809524","0.6388341144719486","0.7668690958164642","0.31231586352996377","0.3630447214949623","0.6673175405228986","0.44215044107685525","0.5762292916487305","0.5833333333333334","0.6953155025784209","0.6888888888888888","0.11255833509974807","0.46159361645057717","0.5358438825397479","0.75","0.7142877970242356","0.5230743526133391"
"a3","0.13731060606060605","0.4397983739035503","0.5086971851677734","0.11557866468980088","0.0956049475422405","0.29712562549236793","0.17453618487993483","0.1705403870062686","0.0","0.0","0.0","0.0","0.0","0.0","0.0","0.0","0.11371878779402055"
"a2","0.1423611111111111","0.43390153629683625","0.4636904761904762","0.08401649980731328","0.08371857392811664","0.21075152298571995","0.189370545981013","0.20599810853805398","0.5833333333333334","0.6953155025784209","0.6888888888888888","0.11255833509974807","0.46159361645057717","0.5358438825397479","0.75","0.7023012164457144","0.4632260734451459"
