"Similarity Measures","noun_path","noun_lch","noun_wup","noun_res","noun_jcn","noun_lin","noun_lesk","noun_vector","verb_path","verb_lch","verb_wup","verb_res","verb_jcn","verb_lin","verb_lesk","verb_vector","word2vec"
"Antecedent","0.37333333333333335","0.6513673287283469","0.7621212121212121","0.2888919733628067","0.32859456518175223","0.6392475083538822","0.6194408568454397","0.5055667298210564","0.7777777777777778","0.7839443849924853","0.8888888888888888","0.2649257952901069","0.7366560733611017","0.8836589578259657","0.7958112874779539","0.8303685762277296","0.4517115397296892"
"a3","0.30277777777777776","0.5379533537396839","0.5733333333333333","0.20458787218208344","0.2637160070173167","0.3983607799726282","0.4070877604835136","0.34778791273167686","0.38888888888888884","0.6220388965245539","0.611111111111111","0.16265794968324598","0.22679641658460092","0.4424333383213533","0.4959737484737486","0.5106224942329259","0.27211861018929967"
"a2","0.16714285714285715","0.4878306884964768","0.5198717948717949","0.1292843060331073","0.1192200862813702","0.34010539366676296","0.2194478253490224","0.22095403482379136","0.611111111111111","0.7213107922719865","0.7962962962962963","0.22346556037527507","0.5265336332858015","0.6248638406832995","0.701165501165501","0.5834191613642834","0.2933720007574123"
"a4","0.7066666666666668","0.8392681068898437","0.9040935672514621","0.3100348577457091","0.6568448756127381","0.8099731024823283","0.8882351254503892","0.7495710621867712","0.38888888888888884","0.6220388965245539","0.611111111111111","0.13204498446287558","0.22679641658460092","0.4424333383213533","0.4959737484737486","0.473637005910359","0.44796937452766844"
