"Similarity Measures","noun_path","noun_lch","noun_wup","noun_res","noun_jcn","noun_lin","noun_lesk","noun_vector","verb_path","verb_lch","verb_wup","verb_res","verb_jcn","verb_lin","verb_lesk","verb_vector","word2vec"
"Antecedent","0.40138888888888896","0.6758375881652361","0.7971761354114295","0.2932551784434134","0.3250764133206621","0.6560109045526045","0.731263469508976","0.44942411717295144","0.16666666666666666","0.3974998153361238","0.5555555555555556","0.19469633526322752","0.12572556445573413","0.4885701828715707","0.1180259798680855","0.061539590093310656","0.41631465744778395"
"a3","0.41825396825396827","0.6948682596877451","0.8301431683784624","0.3138200839006971","0.34023082547633976","0.7093669887099593","0.7924278364903365","0.5373118552711866","0.16666666666666666","0.3974998153361238","0.5555555555555556","0.19469633526322752","0.12572556445573413","0.4885701828715707","0.1180259798680855","0.061539590093310656","0.41631465744778395"
"a2","1.0","0.9860896635111783","1.0","0.4830562531702555","1.0","1.0","1.0","0.9999999999999999","1.0","0.8832162807399176","1.0","0.5585379579227394","1.0","1.0","1.0","1.0","1.0"
