Similarity Measures,noun_path,noun_lch,noun_wup,noun_res,noun_jcn,noun_lin,noun_lesk,noun_vector,verb_path,verb_lch,verb_wup,verb_res,verb_jcn,verb_lin,verb_lesk,verb_vector,word2vec,Average
Antecedent,0.16111111111111112,0.48525056322203863,0.6560242518059856,0.1790324540156245,0.0928633671202278,0.38167755398109837,0.36771810456686327,0.16711158791134012,0.41666666666666663,0.6403580480380207,0.6944444444444444,0.26020778956840024,0.5659080750004285,0.672521067872492,0.8603577794754265,0.6030283945610285,0.5144657649422211,0.45404394260608338
a2,0.14404761904761904,0.435810701425106,0.5200534759358288,0.11735076705811327,0.08694982919186806,0.28399750304441096,0.1398917352196295,0.1850358967448415,0.0,0.0,0.0,0.0,0.0,0.0,0.0,0.0,0.31515607586153394,0.13107609432523243
