"Similarity Measures","noun_path","noun_lch","noun_wup","noun_res","noun_jcn","noun_lin","noun_lesk","noun_vector","verb_path","verb_lch","verb_wup","verb_res","verb_jcn","verb_lin","verb_lesk","verb_vector","word2vec"
"Antecedent","0.1519240019240019","0.464178646980227","0.5778478057889823","0.14887275300360603","0.0992591001118363","0.33856817084293556","0.2910254329342105","0.25834487777867077","0.5","0.6953155025784209","0.7333333333333334","0.2715447795614829","0.6856625844416031","0.8518143125517477","1.0","0.6302797257028445","0.3204843257425874"
"a3","0.28439153439153436","0.5421129363147145","0.6511752136752137","0.20819154652664382","0.25569915335536697","0.49224140288846757","0.32944778468471814","0.2912210113414349","0.6666666666666666","0.7343084371187691","0.875","0.2011495607288065","1.0","0.9796498851718978","1.0","0.7108047516290485","0.4033627198536228"
"a2","0.2158128908128908","0.5238963514441738","0.6108790991143932","0.14479862237653562","0.23651688918501387","0.3547540367149498","0.4041391011742388","0.28574221131187627","0.5","0.6953155025784209","0.8174603174603174","0.22432929616549063","0.36023317946095","0.7572873160569884","1.0","0.6099904074036775","0.24667346720289873"
"a4","0.0","0.0","0.0","0.0","0.0","0.0","0.0","0.0","0.0","0.0","0.0","0.0","0.0","0.0","0.0","0.0","0.20161524531548813"
