"Similarity Measures","noun_path","noun_lch","noun_wup","noun_res","noun_jcn","noun_lin","noun_lesk","noun_vector","verb_path","verb_lch","verb_wup","verb_res","verb_jcn","verb_lin","verb_lesk","verb_vector","word2vec"
"a1","0.4458333333333333","0.7186940852439921","0.8420426065162908","0.31405798676604574","0.503833197677295","0.7402532906338545","0.6812528054471398","0.5389680927636957","0.4583333333333333","0.6128793207678206","0.5714285714285714","0.13182758223091867","0.3836033392413668","0.5191138856495625","0.4916212259962261","0.4568034987551748","0.5130475676370065"
"a3","0.34368686868686876","0.6213878020321312","0.7440640378140378","0.25228922205362103","0.32871333545363507","0.6077163583202694","0.4213351159649175","0.40018356965322527","0.0","0.0","0.0","0.0","0.0","0.0","0.0","0.0","0.19239538989330682"
"Antecedent","0.36111111111111116","0.6486394892666046","0.7787990196078431","0.2608632463987653","0.3455423549221937","0.620485961100917","0.7226193384587297","0.4888190085725371","0.6333333333333334","0.6996893349632491","0.7083333333333333","0.21095981318411278","0.5505444331237183","0.7125268751162581","0.6489583333333333","0.6361023517523504","0.506736195332468"
"a4","0.0","0.0","0.0","0.0","0.0","0.0","0.0","0.0","0.0","0.0","0.0","0.0","0.0","0.0","0.0","0.0","0"
