Similarity Measures,noun_path,noun_lch,noun_wup,noun_res,noun_jcn,noun_lin,noun_lesk,noun_vector,verb_path,verb_lch,verb_wup,verb_res,verb_jcn,verb_lin,verb_lesk,verb_vector,word2vec,Average
Antecedent,0.23833333333333334,0.5797060833716108,0.7313427800269906,0.2844308896292102,0.16832706311197027,0.6167915086405367,0.628136617810531,0.4859363232575486,0.6190476190476192,0.7332993093273056,0.7653061224489796,0.2292506321784575,0.5614701322919607,0.8118301870901348,0.9008412222697937,0.6948328152313534,0.5683278403271929,0.56571826349379584
