Similarity Measures,noun_path,noun_lch,noun_wup,noun_res,noun_jcn,noun_lin,noun_lesk,noun_vector,verb_path,verb_lch,verb_wup,verb_res,verb_jcn,verb_lin,verb_lesk,verb_vector,word2vec,Average
Antecedent,0.10862783050283051,0.37437769711221264,0.4702925792742726,0.12585691272266725,0.06413086368641777,0.23231490084897635,0.274300438789586,0.10783540956990648,0.35416666666666663,0.5933828534976465,0.6194444444444444,0.25691856765766846,0.2100983633552137,0.6195196471019793,0.7510735386771787,0.5090642420089495,0.37215044414500176,0.35550325882715406
a3,0.13229166666666667,0.4223490888541504,0.52683346065699,0.12135739465569677,0.06575733431006663,0.23171329647900096,0.23880245497890135,0.21673732450764968,0.0,0.0,0.0,0.0,0.0,0.0,0.0,0.0,0.10577337441305636,0.12127149385424581
a2,0.1599251443001443,0.46938709238397,0.6200980392156863,0.16801555484121514,0.08828202612775606,0.3138692331837832,0.24572070515641115,0.24342032960279372,0.2791666666666667,0.5312850240719265,0.5027777777777778,0.1500774532963848,0.17222911122926987,0.42323611257349414,0.258358134920635,0.36266645727566776,0.3984748822591223,0.31688174969898264
a4,0.17098214285714286,0.4866260883435266,0.6380073959408326,0.18461620692690442,0.10275700215060077,0.3710857505545738,0.4173739379459075,0.2862484183645294,0.26666666666666666,0.5161623891865805,0.48611111111111105,0.08059594307932554,0.1687218321195767,0.3067877447426596,0.186424963924964,0.35968756645641625,0.2361679101376505,0.30970723944170409
