"Similarity Measures","noun_path","noun_lch","noun_wup","noun_res","noun_jcn","noun_lin","noun_lesk","noun_vector","verb_path","verb_lch","verb_wup","verb_res","verb_jcn","verb_lin","verb_lesk","verb_vector","word2vec"
"Antecedent","0.8611111111111112","0.9051369192772127","0.9444444444444443","0.47425947656402156","0.851361544581966","0.8892251201278493","0.9378778203490846","0.9406416382340529","0.3833333333333333","0.6137693833138014","0.5466666666666666","0.15329093417325237","0.12761039319434347","0.4136512572050576","0.6955026455026454","0.5286245374170484","0.36350821560141583"
"a3","0.18551587301587302","0.5040515932696962","0.5978123241281136","0.15681841174295638","0.07853299816969218","0.31390614041818504","0.2468662084132355","0.17569958788196113","0.7333333333333334","0.7640900058429988","0.8333333333333334","0.17147278807225433","0.6561867088940871","0.7005851321287263","0.9763038548752835","0.7670464417848899","0.4113217071987804"
"a2","0.25007215007215006","0.45941839705668036","0.4668498168498168","0.15431941314809008","0.21100289325593377","0.2556121095328855","0.3339675646530175","0.2647987981469913","0.31666666666666665","0.5698034196814812","0.48","0.1212897586756571","0.1504479401485071","0.37830295807489284","0.3526863876863876","0.27221191590644617","0.19295839119414035"
"a4","0.1972222222222222","0.5322512512107714","0.6663101604278074","0.1867774357409601","0.09403464533105693","0.39531825869707","0.3410397271995748","0.2125655725181725","0.7333333333333334","0.7640900058429988","0.8333333333333334","0.16542997118188363","0.6561867088940871","0.7005851321287263","0.9763038548752835","0.7670464417848899","0.3799278495063286"
