"Similarity Measures","noun_path","noun_lch","noun_wup","noun_res","noun_jcn","noun_lin","noun_lesk","noun_vector","verb_path","verb_lch","verb_wup","verb_res","verb_jcn","verb_lin","verb_lesk","verb_vector","word2vec"
"a1","0.33715986394557834","0.6403265326514608","0.7741784083281207","0.2877646326231913","0.34302432591068993","0.6629217961566904","0.7162327144207357","0.5310789450719168","0.5694444444444444","0.6769963510649543","0.7188311688311688","0.26729957273545796","0.5289847868835725","0.7602269599796702","0.8745756172839507","0.6428100970737941","0.5767732794901805"
"a3","0.0","0.0","0.0","0.0","0.0","0.0","0.0","0.0","0.2876984126984127","0.534121534119532","0.4535714285714285","0.0680995665082015","0.08713764703285799","0.16193112998049355","0.3354103458270123","0.25363322409095984","0.2579199110928396"
"a2","0.22812306740878166","0.5210813767184238","0.6431917862838915","0.19475501453230087","0.16355116227319022","0.4329882840471466","0.5058196568350172","0.35135914233636456","0.3988095238095238","0.5837574819932483","0.5527777777777777","0.15481908318811466","0.34759871467005515","0.49888419421209956","0.4378539545777009","0.4875304212094444","0.44962491474618055"
"Antecedent","1.0","0.9860896635111783","1.0","0.4868186269244744","1.0","1.0","1.0","0.9999999999999981","1.0","0.8832162807399176","1.0","0.4411067129157988","1.0","1.0","1.0","0.9999999999999996","1.0"
"a4","0.1801613069470212","0.5011951033136322","0.6200788639587843","0.2109337851262305","0.20179938560397356","0.49829016412539306","0.3829860442245462","0.2563768146532048","0.509920634920635","0.6333934298669645","0.6944444444444443","0.24382336729632836","0.46342316359904534","0.7136041989097163","0.6387485149985149","0.6256126231730583","0.38743307989351305"
