Similarity Measures,noun_path,noun_lch,noun_wup,noun_res,noun_jcn,noun_lin,noun_lesk,noun_vector,verb_path,verb_lch,verb_wup,verb_res,verb_jcn,verb_lin,verb_lesk,verb_vector,word2vec,Average
Antecedent,0.3183333333333333,0.6094876520958404,0.747951609793715,0.23569676163514694,0.3622710597544003,0.5677919510453313,0.5884276046187008,0.3581798751472237,0.3194444444444444,0.5647268104707391,0.6652777777777779,0.19140991815381947,0.185145606975019,0.5359659174007317,0.6187785877907782,0.3530966473863339,0.503944283489118,0.45446646125367374
a3,0.11302308802308803,0.38817143039322394,0.46158472160794134,0.09469270888489842,0.06941650245051185,0.20218876504815042,0.205904397339286,0.13814022152548736,0.4166666666666667,0.6403580480380208,0.5833333333333333,0.13456446332822894,0.26375767782631915,0.4145582651699237,0.5951438825997193,0.5411276949744203,0.2912603717146869,0.32669954346611213
a2,0.3026190476190477,0.5914612403309987,0.7197287954563496,0.2187849608143023,0.2928839754188257,0.5035612538909805,0.512268320867371,0.31678630140315067,0.8055555555555557,0.802263536505952,0.9038461538461539,0.2697995360646267,0.8854894384599955,0.9480931416110474,0.9129489337822672,0.8363273753426976,0.4751759266324312,0.60574079374127954
a4,0.3243290043290043,0.5730643606552941,0.6867389619324604,0.23689302129954645,0.3501408222979471,0.5349023499222866,0.5368865461373868,0.3296323811345731,0.638888888888889,0.7396299437854531,0.8357142857142855,0.2749520063608155,0.6523484570365377,0.8825343120614647,0.8790123456790123,0.72222667910335,0.4866677777067865,0.56968012612029961
