Similarity Measures,noun_path,noun_lch,noun_wup,noun_res,noun_jcn,noun_lin,noun_lesk,noun_vector,verb_path,verb_lch,verb_wup,verb_res,verb_jcn,verb_lin,verb_lesk,verb_vector,word2vec,Average
Antecedent,0.22999999999999998,0.5797060833716107,0.7895321637426901,0.28274294969807945,0.28898977971493534,0.6455508842790351,0.4175112562094262,0.39747092307970194,0.5833333333333334,0.6403580480380207,0.6428571428571428,0.10078361653890304,0.5428895487744466,0.5,0.633563074352548,0.6201530363429175,0.47465051636451544,0.49235837392337095
a3,0.375,0.6414824548204635,0.7924585218702866,0.3128010295515249,0.31274565895847184,0.6249058845672187,0.7489116092898256,0.527022606758503,0.5833333333333334,0.6403580480380207,0.6428571428571428,0.10483119740413069,0.5490663423888776,0.5,0.6682692307692311,0.6869327503472344,0.41352872129289175,0.53673556072042083
a2,0.44000000000000006,0.7109304661768062,0.831111111111111,0.3476190411113873,0.34164073103424625,0.7080497533469768,0.8076604878511663,0.5892207980212119,0.3333333333333333,0.5464076589572724,0.5555555555555556,0.2143299717178085,0.2991198719252022,0.6889193595536851,0.6682692307692311,0.556269835602873,0.5213995268488142,0.53881392546568707
a4,0.38,0.6548663946362094,0.8044444444444444,0.30705528091201184,0.3065198226822254,0.6134159396682982,0.5023208236491173,0.48329070242220623,0.3214285714285714,0.5255138044441033,0.4583333333333333,0.09378810123638513,0.1415523053904435,0.3078107895653034,0.583829365079365,0.22096579505777453,0.4558227613604708,0.42123283737119199
