Similarity Measures,noun_path,noun_lch,noun_wup,noun_res,noun_jcn,noun_lin,noun_lesk,noun_vector,verb_path,verb_lch,verb_wup,verb_res,verb_jcn,verb_lin,verb_lesk,verb_vector,word2vec,Average
a1,0.2108843537414966,0.552650753435493,0.71312472357364,0.23680976119549557,0.12846718601558244,0.5158579989930323,0.4116775866966752,0.30810801527516113,0.5,0.6750520812811488,0.7523809523809524,0.25732415402393494,0.7404580012561831,0.8689220344962669,0.8067867359596682,0.6472790520426577,0.45708717369476803,0.51663944494483272
a3,0.13645124716553286,0.4418085402736342,0.47910743479460677,0.10576097369554505,0.07918490097344137,0.23627292405232847,0.23356345090976044,0.17045609375171164,0.2119047619047619,0.4541661619534282,0.595391489929305,0.20866414853909987,0.181326497252101,0.5670903669623657,0.33590916880390587,0.39211654512077593,0.2382774745613286,0.29808542239080194
Antecedent,0.33571428571428574,0.6193669869910285,0.7110344137655061,0.23129966974991442,0.2470043401518255,0.5217913750583419,0.5897342988818151,0.30946495014421593,0.619047619047619,0.7130358880300337,0.9166219119226637,0.26237888693663824,0.6975762673574258,0.8429716406828895,0.8472222222222222,0.6916553334270101,0.4805689516937478,0.56685229657512837
a4,0.20714285714285716,0.5388380820646728,0.6659405867610202,0.1692736394570084,0.12348503088716155,0.40088061408106707,0.4227890956767507,0.20991848347673855,0.7619047619047619,0.7869852459448762,0.8936507936507937,0.23220143548728472,0.7211823388019812,0.8753110144622264,0.9045000397819948,0.7996585295674891,0.3449247225952057,0.53285807480846414
