"Similarity Measures","noun_path","noun_lch","noun_wup","noun_res","noun_jcn","noun_lin","noun_lesk","noun_vector","verb_path","verb_lch","verb_wup","verb_res","verb_jcn","verb_lin","verb_lesk","verb_vector","word2vec"
"Antecedent","0.075","0.28222715017519606","0.24444444444444444","0.029883075095373943","0.06785613704966423","0.07485821294591184","0.162887337887338","0.16649467648071206","0.25","0.5074147244169241","0.4","0.14640219852762754","0.09303333825972948","0.3521242236073544","0.247380952380952","0.127087608997374","0.3345916533834814"
"a3","0.125","0.4064228090266362","0.49122807017543857","0.17767748086960455","0.10440531577361468","0.3917473270044818","0.4293022625410705","0.20288415476674584","0.25","0.5074147244169241","0.5714285714285714","0.16771115962443803","0.19779233980034253","0.5696517454858002","0.258392857142857","0.343676288741825","0.3128104880508058"
"a2","0.0","0.0","0.0","0.0","0.0","0.0","0.0","0.0","0.25","0.5074147244169241","0.5714285714285714","0.16771115962443803","0.20052455187540769","0.5730116765699981","0.291170634920635","0.343767346841639","0.2610578016122366"
"a4","0.5416666666666666","0.6492810417285331","0.6333333333333333","0.1961613987382379","0.5381971222639087","0.5417455841054559","0.5909391534391535","0.6207333183703145","0.14285714285714285","0.3557121063097858","0.36363636363636365","0.14032656976347854","0.09141626129096886","0.3385786304065394","0.138888888888889","0.0829107274554382","0.3571818135902504"
