"Similarity Measures","noun_path","noun_lch","noun_wup","noun_res","noun_jcn","noun_lin","noun_lesk","noun_vector","verb_path","verb_lch","verb_wup","verb_res","verb_jcn","verb_lin","verb_lesk","verb_vector","word2vec"
"Antecedent","0.16666666666666666","0.5003731981073846","0.625","0.25381543977619286","0.13187386310085128","0.5718548174628176","0.406905674147053","0.30652782027312","0.5","0.6953155025784209","0.6666666666666666","0.1280126104909828","0.30303553145121126","0.6075316476192438","1.0","0.753578836970389","0.37452562218255825"
"a3","0.2","0.5497975676468014","0.7142857142857143","0.25381543977619286","0.13187386310085128","0.5718548174628176","0.694348659003831","0.348982658059033","0.25","0.5074147244169241","0.4","0.0","0.0912882365554856","0.0","0.398122710622711","0.307259925520591","0.31353760671553577"
"a2","0.08333333333333333","0.3124724199458878","0.26666666666666666","0.029883075095373943","0.0712343538403386","0.07829344589240464","0.0760416666666667","0.0486665289865175","0.5","0.6953155025784209","0.6666666666666666","0.1280126104909828","0.30303553145121126","0.6075316476192438","1.0","0.753578836970389","0.2696558206532519"
"a4","0.07692307692307693","0.2907741609327575","0.3333333333333333","0.11520039815599713","0.05608544201629899","0.2049757407976909","0.115603904397008","0.0682713270249403","0.2","0.4469241848755406","0.3333333333333333","0.0","0.08259894966735963","0.0","0.197839506172839","0.232615396579094","0.16025358758360989"
