"Similarity Measures","noun_path","noun_lch","noun_wup","noun_res","noun_jcn","noun_lin","noun_lesk","noun_vector","verb_path","verb_lch","verb_wup","verb_res","verb_jcn","verb_lin","verb_lesk","verb_vector","word2vec"
"Antecedent","0.5916666666666666","0.7762059035335216","0.8171428571428571","0.27298842947908614","0.5245945043596343","0.6983405849937083","0.8384501567772243","0.6038373676191734","1.0","0.8832162807399176","1.0","0.32310935468963287","1.0","1.0","1.0","1.0","0.5753952023557654"
"a3","0.27999999999999997","0.6236720470039309","0.7202240896358544","0.18409035500164644","0.12715660968108825","0.45974495340834887","0.5298364249835614","0.357734652635269","0.4444444444444444","0.6586771995514874","0.7000000000000001","0.24463984579263856","0.6358130464591888","0.7660542116918889","0.85016835016835","0.7260736323244087","0.3468337782975582"
"a2","0.5222222222222223","0.7102569580850414","0.7768907563025211","0.27064664311194686","0.48396567590172807","0.6804273531592031","0.7881728607897478","0.6258740745326736","0.4444444444444444","0.6586771995514874","0.611111111111111","0.21926452675578056","0.3731920259612373","0.7181380464906346","1.0","0.8051618515294933","0.5057559627217493"
