Similarity Measures,noun_path,noun_lch,noun_wup,noun_res,noun_jcn,noun_lin,noun_lesk,noun_vector,verb_path,verb_lch,verb_wup,verb_res,verb_jcn,verb_lin,verb_lesk,verb_vector,word2vec,Average
Antecedent,0.29,0.6293843469121867,0.7589393939393939,0.22730254503865038,0.2576902058867617,0.6212782368812098,0.6769109225408771,0.36712321628069244,0.38888888888888884,0.6220388965245539,0.611111111111111,0.17533883110457357,0.2677138049899809,0.5854830245721829,0.7423611111111109,0.4877103767272477,0.48811544710151866,0.48219943291829059
a3,0.36666666666666664,0.6414824548204635,0.7505582137161084,0.2433859268053395,0.3069885924745951,0.5867739146178482,0.4035906690634762,0.45191028056640486,0.3333333333333333,0.5854005934976205,0.5,0.20882834629990185,0.3557198438860665,0.7128025526077737,0.7349765337989976,0.5431853266024383,0.4279770593565795,0.47962237106550676
a2,0.36666666666666664,0.6414824548204635,0.7131313131313132,0.17863513261793812,0.2964597213548702,0.5065080630467079,0.4502265730058094,0.444121739037005,0.3333333333333333,0.5854005934976205,0.5,0.0,0.08517584624066306,0.0,0.28462011418533134,0.1689379198468137,0.2771239679611318,0.34304843757327458
a4,0.1419047619047619,0.4465099667611683,0.5410628071618784,0.13874653261635245,0.09257932757902645,0.3208320039203617,0.36856331010388976,0.28755675576729617,0.4444444444444444,0.6586771995514874,0.611111111111111,0.2499966448347141,0.4665665623662992,0.7690331785169134,1.0,0.5185974952179223,0.5566324670865883,0.44781262170260089
