"Similarity Measures","noun_path","noun_lch","noun_wup","noun_res","noun_jcn","noun_lin","noun_lesk","noun_vector","verb_path","verb_lch","verb_wup","verb_res","verb_jcn","verb_lin","verb_lesk","verb_vector","word2vec"
"Antecedent","0.5714285714285714","0.7223375762961125","0.8125","0.3361341344392324","0.5494438850192187","0.722481394978387","0.615028250051835","0.5581958902647545","0.7777777777777778","0.7839443849924853","0.8333333333333334","0.21209710156178732","0.7044338915743661","0.8117876717922486","0.7303217615717617","0.7876508517481463","0.500754820831694"
"a3","0.18333333333333335","0.5250853828770929","0.6666666666666666","0.20316133354667876","0.12242343613740805","0.49799755922336697","0.492203589526022","0.2430262059997885","0.3333333333333333","0.570048317137423","0.5962962962962962","0.17032468825896682","0.4123144273528272","0.47115955806933774","0.5132908163265306","0.37726450962827535","0.4457653169931953"
"a2","0.3333333333333333","0.6492810417285331","0.8235294117647058","0.2351779100473429","0.5508824801443708","0.6248997493017119","0.6697530216551955","0.397137959217572","0.5555555555555555","0.684672489245053","0.6666666666666666","0.14051495553722224","0.4245068674979462","0.47767851426053715","0.45663280818131563","0.5931675035268523","0.4815009852085499"
