"Similarity Measures","noun_path","noun_lch","noun_wup","noun_res","noun_jcn","noun_lin","noun_lesk","noun_vector","verb_path","verb_lch","verb_wup","verb_res","verb_jcn","verb_lin","verb_lesk","verb_vector","word2vec"
"a1","0.0","0.0","0.0","0.0","0.0","0.0","0.0","0.0","0.0","0.0","0.0","0.0","0.0","0.0","0.0","0.0","0"
"a3","0.15476190476190477","0.4794793435942155","0.6833333333333333","0.22482058314332348","0.14103122695580697","0.5409076851681689","0.8551339285714286","0.29084657934834","0.4833333333333333","0.6513495389461008","0.6399999999999999","0.18649634988837463","0.40155113872337855","0.5366827236945864","0.6091898396785613","0.469978263261466","0.46641229956195407"
"a2","0.2","0.5497975676468014","0.680952380952381","0.27409932919617835","0.21468673848263445","0.6155450524345777","0.28804667919799454","0.292686091142029","0.5","0.66694671276224","0.6333333333333333","0.2649740593500056","0.3403652516900393","0.5662333077927524","0.5575585491010426","0.4605160461758658","0.5400142181479802"
"Antecedent","1.0","0.9860896635111784","1.0","0.5419996449073454","1.0","1.0","1.0","1.0","1.0","0.8832162807399178","1.0","0.4327117886710338","1.0","1.0","1.0","1.0","1.0"
"a4","0.15476190476190477","0.4794793435942155","0.6833333333333333","0.20858766252358601","0.1335768181695036","0.48451522964858007","0.461595223592711","0.1696865900934425","0.55","0.6953155025784209","0.7982905982905982","0.24607146270300082","0.5252751368108625","0.777982361627626","0.7214058956916101","0.6153311903499683","0.4394416782636081"
