"Similarity Measures","noun_path","noun_lch","noun_wup","noun_res","noun_jcn","noun_lin","noun_lesk","noun_vector","verb_path","verb_lch","verb_wup","verb_res","verb_jcn","verb_lin","verb_lesk","verb_vector","word2vec"
"Antecedent","0.24","0.5918041912798875","0.7814285714285714","0.2189824198236534","0.11849838787608294","0.4714098366393566","0.45928241834986344","0.36748559484413995","0.75","0.7704758138430197","0.8787878787878789","0.26567414880206186","0.7056920286244784","0.8406925254049117","0.8648809523809524","0.7475491841165625","0.5581968592318718"
"a3","0.225","0.5287419879235655","0.619152828595553","0.18231300888995686","0.2763777874845561","0.4516657656587544","0.3911368637014384","0.2857615426547516","0.5833333333333333","0.6889296945784001","0.7454545454545455","0.2251294303439269","0.602378459878943","0.795759041370735","0.6467848124098123","0.6247655026645628","0.570151404812622"
"a2","0.14984848484848484","0.4462010388360612","0.5861344537815126","0.14710014943875557","0.0884922139775062","0.2459423210503199","0.249047777826726","0.1538049623547896","0.0","0.0","0.0","0.0","0.0","0.0","0.0","0.0","0.13104065283985633"
"a4","0.2785714285714286","0.6111419311990358","0.7639834881320949","0.22179394568473043","0.28429433307564106","0.5312171754274416","0.6987430296717576","0.45189121940316035","0.75","0.7704758138430197","0.8787878787878789","0.29534255750237903","0.7121528671067265","0.8809176796683221","0.8926638837353125","0.7815047065992962","0.6813760771627034"
