"Similarity Measures","noun_path","noun_lch","noun_wup","noun_res","noun_jcn","noun_lin","noun_lesk","noun_vector","verb_path","verb_lch","verb_wup","verb_res","verb_jcn","verb_lin","verb_lesk","verb_vector","word2vec"
"Antecedent","0.3772168803418803","0.5979747405310833","0.687280701754386","0.24662717586182395","0.3287332611640816","0.5340685320910026","0.5279216395363471","0.5206948790227203","0.36250000000000004","0.5862424786123267","0.6975490196078431","0.2433538136868323","0.21203396191607002","0.6501029967085373","0.7038888888888888","0.48739871081315556","0.4537074971188516"
"a3","0.377117673992674","0.5991436674382736","0.6947067010002382","0.24629751237484138","0.335650550624795","0.5550566927768623","0.549715258640669","0.4971711038759773","0.3020833333333333","0.5269111916870983","0.5456349206349207","0.18081021479744963","0.19068000931306633","0.4760693516083798","0.4407487574154243","0.3882013653391527","0.416293141205847"
"a2","0.32291666666666663","0.5856879317355218","0.7331259426847663","0.259027155199721","0.28913999340546914","0.592889730349863","0.4955491487299398","0.42075243761245534","0.59375","0.6483403080380468","0.6666666666666667","0.20051352424865926","0.5606898703333776","0.6528444324590721","0.6287202380952381","0.655884301990185","0.5262031551521476"
"a4","0.0","0.0","0.0","0.0","0.0","0.0","0.0","0.0","0.0","0.0","0.0","0.0","0.0","0.0","0.0","0.0","0.3224320471747282"
