"Similarity Measures","noun_path","noun_lch","noun_wup","noun_res","noun_jcn","noun_lin","noun_lesk","noun_vector","verb_path","verb_lch","verb_wup","verb_res","verb_jcn","verb_lin","verb_lesk","verb_vector","word2vec"
"Antecedent","0.4083333333333333","0.6790626104527628","0.8214932126696833","0.29212999769507747","0.3344337869236889","0.6554228833582825","0.836779349305665","0.5157285214310836","0.49999999999999994","0.6598545153081949","0.6741071428571428","0.1970134129993043","0.4380136738941146","0.6679613637549247","0.8093949701092558","0.5878185201915025","0.5714626438758376"
"a3","0.18246031746031743","0.5019005302100004","0.6499827467218772","0.18764729170741487","0.16917458927611145","0.4435398227086793","0.5374660291243556","0.25499954837102423","0.5833333333333334","0.7148119698485951","0.7272727272727273","0.19671918184778586","0.49345584484603855","0.6525630103686644","0.7264228826728828","0.5517035183958177","0.4998854075579817"
"a2","0.1107936507936508","0.38694682931270896","0.4497737556561086","0.12382404575124965","0.06015700089414475","0.22439932322945938","0.1259498828368651","0.10371155522420025","0.49999999999999994","0.6598545153081949","0.6741071428571428","0.1385719160240861","0.4380136738941146","0.5828669236463635","0.5927423271173272","0.5753628764289858","0.08892956963326898"
"a4","0.3619047619047619","0.633124913015196","0.7600877192982456","0.26072711077838007","0.46558310151457605","0.6600049707731684","0.44281844449569635","0.39854001374614356","0.37499999999999994","0.6128793207678206","0.575","0.0838564953376259","0.35195299506134675","0.3834270320347899","0.4341197050812437","0.40441810780095255","0.42904714909582553"
