"Similarity Measures","noun_path","noun_lch","noun_wup","noun_res","noun_jcn","noun_lin","noun_lesk","noun_vector","verb_path","verb_lch","verb_wup","verb_res","verb_jcn","verb_lin","verb_lesk","verb_vector","word2vec"
"a1","0.2263888888888889","0.5534862909807903","0.6784707237493616","0.16414920019874604","0.10145987867123328","0.36004352704067527","0.4424853556228489","0.3114413373728545","0.611111111111111","0.7213107922719865","0.7222222222222222","0.17501821642917104","0.46095304633001205","0.6777920308218662","0.520479609528117","0.6492977278311497","0.4422603868076123"
"a3","0.29490740740740745","0.5582465409043369","0.6284657722738217","0.1789089020305958","0.2336885690207767","0.3868876663186997","0.42709093292344646","0.36997137321081036","0.611111111111111","0.7213107922719865","0.7222222222222222","0.17501821642917104","0.46095304633001205","0.6777920308218662","0.520479609528117","0.6492977278311497","0.5049273568531375"
"a2","0.17407407407407405","0.5067662313636263","0.6627492877492877","0.17815892067100522","0.08540874347588923","0.3599027584278429","0.3997827700055572","0.2984880478095649","0.3055555555555555","0.5594053038040551","0.4666666666666666","0.16765615231734066","0.12198223617444807","0.41481437536550514","0.6151779230210603","0.3726562664103213","0.3925287843348481"
"Antecedent","0.5055555555555555","0.7384711808857349","0.8384447796212502","0.27595355182629605","0.4121279508437296","0.6301986414450217","0.7314230769552763","0.5724304639316413","0.7777777777777777","0.7839443849924853","0.8333333333333334","0.2408467742379017","0.7534436726815893","0.8681534950185178","1.0","0.844606650907965","0.5108206215893806"
