Similarity Measures,noun_path,noun_lch,noun_wup,noun_res,noun_jcn,noun_lin,noun_lesk,noun_vector,verb_path,verb_lch,verb_wup,verb_res,verb_jcn,verb_lin,verb_lesk,verb_vector,word2vec,Average
Antecedent,0.16666666666666666,0.5003731981073846,0.6666666666666666,0.20316133354667876,0.1018213584258219,0.4521939358606562,0.594742063492063,0.332910791971563,0.75,0.7892658916591693,0.8333333333333333,0.24790719953254386,0.7090260409399299,0.8923315854395757,1.0,0.7582199781586341,0.4485117150355448,0.55571363287271947
a3,0.25,0.6102881071881849,0.8,0.20316133354667876,0.11072806556558443,0.4526368854581341,0.982999546217937,0.263308521627435,0.75,0.7892658916591693,0.8333333333333333,0.24790719953254386,0.7090260409399299,0.8833139952223747,1.0,0.8212437111151865,0.4397448343755106,0.59687985092835305
a2,0.16666666666666666,0.5003731981073846,0.7058823529411765,0.20316133354667876,0.09976990896977954,0.4269679013435463,0.152025177887247,0.116546657674403,1.0,0.8832162807399176,1.0,0.27075072498958924,1.0,1.0,1.0,1.0,0.4805903740976626,0.58858532805670882
a4,0.14285714285714285,0.4585854890810465,0.631578947368421,0.20316133354667876,0.1308920214470153,0.49431854433664196,0.397674201578284,0.238563665914477,0.41666666666666663,0.6403580480380207,0.5833333333333333,0.13755994519553197,0.1715082502760641,0.48233204229940363,1.0,0.48787820889153,0.38004615059485586,0.41160670537794786
