Similarity Measures,noun_path,noun_lch,noun_wup,noun_res,noun_jcn,noun_lin,noun_lesk,noun_vector,verb_path,verb_lch,verb_wup,verb_res,verb_jcn,verb_lin,verb_lesk,verb_vector,word2vec,Average
Antecedent,0.26666666666666666,0.6190357719578414,0.7916666666666667,0.23926421555443605,0.16884016459775125,0.592342696375429,0.761881955847473,0.382153755231624,1.0,0.8832162807399176,1.0,0.20966239480826138,1.0,1.0,1.0,1.0,0.26475436244819056,0.65761676064083874
a3,0.20833333333333331,0.5553306526477848,0.6477272727272727,0.23390018457921813,0.345067315843255,0.6016975204287804,0.6147437521107735,0.361943404343142,1.0,0.8832162807399176,1.0,0.20966239480826138,1.0,1.0,1.0,1.0,0.4067330131343707,0.6510797132174182
a2,0.375,0.7042384962689333,0.8705882352941177,0.30418056633106394,0.2949764881945012,0.7129825117267963,0.7633380392755396,0.344451067862717,1.0,0.8832162807399176,1.0,0.20966239480826138,1.0,1.0,1.0,1.0,0.39555799400069014,0.69754071026485509
a4,0.18333333333333335,0.5250853828770929,0.725,0.22917633689910888,0.17336993165817408,0.5795336317773192,0.7633380392755396,0.360602945275878,0.25,0.5074147244169241,0.7,0.19456772031082067,0.2096707692687639,0.6194674260876141,0.316967667748918,0.536905355355123,0.2987877619717523,0.42195417801508023
