Similarity Measures,noun_path,noun_lch,noun_wup,noun_res,noun_jcn,noun_lin,noun_lesk,noun_vector,verb_path,verb_lch,verb_wup,verb_res,verb_jcn,verb_lin,verb_lesk,verb_vector,word2vec,Average
Antecedent,0.2111111111111111,0.5617236859040264,0.6987734487734488,0.2183405162080472,0.1275889681267487,0.48160490197256506,0.344935668513416,0.2927910941618802,0.6027777777777777,0.6669145944747236,0.7031746031746032,0.19274566127532622,0.558456960778616,0.6621949599433046,0.6251550329949452,0.6433626032102959,0.4655048845463216,0.47395038076159751
a3,0.1875,0.5285625278767826,0.6134920634920635,0.15692281911959757,0.119018561915626,0.4029972372603792,0.37976147995755044,0.3474233407100082,0.5833333333333334,0.6899939959117369,0.719047619047619,0.18411442567686165,0.5857792461356442,0.7151210223166254,0.8895299145299145,0.6527992280618816,0.4862144002383133,0.48480065974023162
a2,0.13399470899470897,0.43425213221551884,0.542063492063492,0.1308843429990376,0.08799458780649849,0.3094931942249009,0.21621711180343314,0.2776596184805015,0.325,0.5546450538805084,0.4753968253968253,0.14083008834218394,0.1341926568035472,0.378800296287243,0.43732768670112027,0.3167835834592717,0.44712467506955483,0.31427412085460865
a4,0.17566137566137566,0.508039008115806,0.6190476190476191,0.20020748722556747,0.10500380571140572,0.43908292817541783,0.27117703425687617,0.35198160025114117,0.3944444444444444,0.6172786466010074,0.6317460317460318,0.19466941385517597,0.42270778103003787,0.6200235098564675,0.8249271341533245,0.6818009567028938,0.3917248348391952,0.43820727127492864
