"Similarity Measures","noun_path","noun_lch","noun_wup","noun_res","noun_jcn","noun_lin","noun_lesk","noun_vector","verb_path","verb_lch","verb_wup","verb_res","verb_jcn","verb_lin","verb_lesk","verb_vector","word2vec"
"Antecedent","0.27777777777777773","0.6362833968817504","0.7911764705882353","0.19946499391324812","0.1305529804650902","0.46556978412241196","0.5556320861678004","0.3317024412598463","0.38888888888888884","0.6220388965245539","0.6","0.23197533652582047","0.4244302903798129","0.6501479609681685","0.7178846210644455","0.662804382062852","0.3220623124713119"
"a3","0.1865079365079365","0.5230822647922054","0.6933694530443756","0.17592577715272387","0.10560483430462846","0.3932363074716992","0.5196239883441219","0.30133692804637296","0.38888888888888884","0.6220388965245539","0.5555555555555555","0.19005425790904792","0.21633494387960725","0.5288452283965239","1.0","0.538684328188303","0.2823795608860971"
"a2","0.16666666666666666","0.48716397492630253","0.5487012987012988","0.10134861997605704","0.06216907975557847","0.19416323952192002","0.2268311685301673","0.16017032991999186","0.5833333333333334","0.6953155025784209","0.7333333333333334","0.24607364590359967","0.59371335818542","0.6333891279529255","0.8723905723905724","0.8259699782623534","0.2694405929067559"
"a4","0.1865079365079365","0.5230822647922054","0.6267806267806267","0.13559824295276496","0.10168109436510808","0.33314510472619185","0.2302733527359593","0.4229883044429717","0.38888888888888884","0.6220388965245539","0.611111111111111","0.2556581368763752","0.3426041371925541","0.6946884698432175","1.0","0.778197593940941","0.26032953170507184"
