"Similarity Measures","noun_path","noun_lch","noun_wup","noun_res","noun_jcn","noun_lin","noun_lesk","noun_vector","verb_path","verb_lch","verb_wup","verb_res","verb_jcn","verb_lin","verb_lesk","verb_vector","word2vec"
"Antecedent","0.1553030303030303","0.456245068862539","0.5396825396825397","0.1599195083468855","0.0997021570155368","0.3440193455668939","0.456400220296805","0.34161172244257937","0.3333333333333333","0.5854005934976205","0.8421052631578947","0.20553010570743016","0.2996938677094065","0.7108104738789793","0.35970695970696","0.533550705661194","0.2699290577938415"
"a3","0.1402116402116402","0.4498056587383384","0.5368814192343604","0.13874739937889094","0.09475329000217632","0.3122090751245863","0.29951623750942763","0.25255958672490403","1.0","0.8832162807399176","1.0","0.2962213255396543","1.0","1.0","1.0","1.0","0.23493200579090018"
"a2","0.17037037037037037","0.49668447477339567","0.5194444444444445","0.10914542762168694","0.0976014015587844","0.28287035391276294","0.24841631866277428","0.2837206280034707","0.3333333333333333","0.5854005934976205","0.5","0.2276903591367239","0.18953053214813678","0.6326276915828448","0.284821428571429","0.442364704877048","0.42046644637704966"
"a4","0.20555555555555557","0.5534862909807904","0.7167277167277167","0.23298451319222288","0.12492561658250889","0.5331007415879854","0.2980167404557633","0.31185525025867866","0.5","0.6953155025784209","0.8571428571428571","0.30523395119572705","0.37764492163746616","0.8214206721569917","1.0","0.680026060780747","0.5156870472179603"
