Similarity Measures,noun_path,noun_lch,noun_wup,noun_res,noun_jcn,noun_lin,noun_lesk,noun_vector,verb_path,verb_lch,verb_wup,verb_res,verb_jcn,verb_lin,verb_lesk,verb_vector,word2vec,Average
Antecedent,0.2611111111111111,0.6161198837012892,0.7924242424242425,0.2478164156267316,0.11536347974781236,0.524174704554623,0.584478219809658,0.22840759726573032,0.25,0.5074147244169241,0.4666666666666667,0.08385557981221901,0.11800972692043427,0.24804920349398277,0.506409513418941,0.2767521901488445,0.3674838247596405,0.36438453434581469
a3,0.4920634920634921,0.7109830429537021,0.8333333333333334,0.3571235486576012,0.46723147002044585,0.705180971441159,0.9937916844047113,0.8820282889321067,0.25,0.5074147244169241,0.45,0.07481817188217474,0.09326733591338154,0.19101502341596255,0.339021487390633,0.468219913272446,0.5188173424593462,0.4902535194445542
a2,0.0,0.0,0.0,0.0,0.0,0.0,0.0,0.0,0.2,0.4469241848755406,0.3333333333333333,0.0,0.06732071983921253,0.0,0.1851613482910125,0.20855249225629002,0.24687351077337769,0.099303858198162759
a4,0.5,0.7249122792958148,0.8555555555555555,0.32288056266815585,0.41637132851915354,0.6903784347257597,0.7925916250628893,0.5326668102386154,0.29166666666666663,0.5464076589572724,0.5333333333333333,0.16581203943386957,0.12364429422234496,0.3384939126981189,0.615578358208955,0.515224608883716,0.5251426938311856,0.49945059778243567
