Similarity Measures,noun_path,noun_lch,noun_wup,noun_res,noun_jcn,noun_lin,noun_lesk,noun_vector,verb_path,verb_lch,verb_wup,verb_res,verb_jcn,verb_lin,verb_lesk,verb_vector,word2vec,Average
a1,0.24047619047619045,0.590943137253391,0.7088310382428029,0.19075337926149552,0.17569495265900173,0.49914693776171465,0.399859627406148,0.3229589346805736,0.35416666666666663,0.5933828534976465,0.5583333333333333,0.10660962028960634,0.2695658122756286,0.3682291903342597,0.43944805194805203,0.43943803632731315,0.42323208749662616,0.39300410881826187
Antecedent,0.37857142857142856,0.6801135478285157,0.8130472701901273,0.2843111565704008,0.3082115291869267,0.6419384737256412,0.5927511317104125,0.4551494579425226,0.31249999999999994,0.5659041262274465,0.5623015873015873,0.09971660495885629,0.17057269356685828,0.33969667663821523,0.2567246702333398,0.40827589570635425,0.5232644028071675,0.43488533253916473
a2,0.10790816326530613,0.3747910094936469,0.3379855438678968,0.0580863292097384,0.07182577719673003,0.13738338346025486,0.18351016274523616,0.19292420548808803,0.0,0.0,0.0,0.0,0.0,0.0,0.0,0.0,0.38228682398447383,0.10862949404184537
a4,0.38333333333333336,0.676033333608333,0.8228491396558625,0.29648425262466205,0.38184721603464655,0.6675688995255108,0.518527836902126,0.45594754496831164,0.47916666666666663,0.6403580480380207,0.6178571428571429,0.10349027358321647,0.35974042017428526,0.4223206002760379,0.493133247899134,0.5739287799435993,0.5056830042675073,0.49401586707990564
