"Similarity Measures","noun_path","noun_lch","noun_wup","noun_res","noun_jcn","noun_lin","noun_lesk","noun_vector","verb_path","verb_lch","verb_wup","verb_res","verb_jcn","verb_lin","verb_lesk","verb_vector","word2vec"
"Antecedent","0.4682043650793651","0.6599838579277549","0.7480429292929294","0.2618484910415803","0.4356122094357706","0.5854117525634679","0.6192208003471432","0.5074148820388699","0.3333333333333333","0.5854005934976205","0.5","0.17942570017500073","0.14059711483889736","0.48543123915133995","0.411384429613596","0.48602749435436926","0.47493127666108387"
"a3","0.48660714285714285","0.6860793139477093","0.7650683198380567","0.285704491259937","0.4431688138658999","0.6328005552709635","0.6250697478971777","0.5615328227302336","0.7777777777777778","0.7839443849924853","0.8333333333333334","0.22585352878649376","0.7063934250791578","0.8309326597117286","0.8507142857142856","0.8230534592362181","0.5140982701381184"
"a2","0.27326388888888886","0.5575175688401988","0.691624895572264","0.20559902747101286","0.31802975452562976","0.49533080795295686","0.5129103662882679","0.40396077575538725","0.5555555555555555","0.684672489245053","0.6904761904761904","0.11666298819057996","0.495068103286428","0.5491091707560739","0.8317460317460316","0.6358539079128906","0.48853928042690753"
"a4","0.23526022588522588","0.48364380103149884","0.5334363553113552","0.14047056223981844","0.19175924506051673","0.31743493872740525","0.4198471829307094","0.28610439344292127","0.0","0.0","0.0","0.0","0.0","0.0","0.0","0.0","0.17413998929303046"
