"Similarity Measures","noun_path","noun_lch","noun_wup","noun_res","noun_jcn","noun_lin","noun_lesk","noun_vector","verb_path","verb_lch","verb_wup","verb_res","verb_jcn","verb_lin","verb_lesk","verb_vector","word2vec"
"Antecedent","0.47916666666666663","0.7432314308092816","0.8642857142857143","0.41769379910331217","0.3591131753282266","0.6511215541185102","0.9106852079912425","0.5263182108888458","1.0","0.8832162807399176","1.0","0.20966239480826138","1.0","1.0","1.0","1.0","0.541451792461613"
"a3","0.4458333333333333","0.7086123286537616","0.8424707602339181","0.47675280904558737","0.6765137183938246","0.8335612385872244","0.5783961765726222","0.4702587940678457","1.0","0.8832162807399176","1.0","0.20966239480826138","1.0","1.0","1.0","1.0","0.5221465576933296"
"a2","0.2833333333333333","0.5995393046876673","0.7251633986928104","0.2580540687991578","0.34607468984742185","0.5423877854079034","0.5242125535691038","0.4140953277017235","0.5","0.6953155025784209","0.7368421052631579","0.19456772031082067","0.17601616446914992","0.5774528208064319","1.0","0.591762372369028","0.4709844235497558"
"a4","0.1324404761904762","0.4234546090402518","0.478030303030303","0.1217790360864334","0.06126063919445454","0.23555875453082925","0.19112316907310073","0.16100567761980014","1.0","0.8832162807399176","1.0","0.20966239480826138","1.0","1.0","1.0","1.0","0.3924611745603354"
