"Similarity Measures","noun_path","noun_lch","noun_wup","noun_res","noun_jcn","noun_lin","noun_lesk","noun_vector","verb_path","verb_lch","verb_wup","verb_res","verb_jcn","verb_lin","verb_lesk","verb_vector","word2vec"
"Antecedent","0.17724867724867724","0.5047631132787386","0.6239962651727358","0.17409719362684642","0.12765494441121636","0.4321106525420948","0.49580034701132886","0.337100021714604","0.41666666666666663","0.6403580480380207","0.6944444444444444","0.21059763929828468","0.2663904675044371","0.6584763986446214","0.8097351366582135","0.5810911462694119","0.34572700593372435"
"a3","0.225","0.5747213307508092","0.6797313797313796","0.16683738902322298","0.12024816803000203","0.4016017875397795","0.39540873735318166","0.3516717671933212","0.6666666666666666","0.7343084371187691","0.75","0.1725568163313675","0.5901136817958764","0.7394788235920955","0.6287962962962965","0.67859089535211","0.29237464520249495"
"a2","0.15753968253968254","0.47471909367066895","0.5465201465201465","0.13238111344088474","0.09989997156604524","0.2954943656094156","0.2395776757478205","0.26238391679263967","0.41666666666666663","0.6403580480380207","0.7333333333333334","0.23656308395501296","0.3017709834276362","0.7306150418147859","1.0","0.725539528982903","0.2850639161279216"
"a4","0.11805555555555554","0.40110130235995217","0.5169224211423701","0.15791065668708856","0.11174697916178866","0.35469999521680906","0.32293492974726284","0.201932487166573","0.3333333333333333","0.5854005934976205","0.6388888888888888","0.16648578079544943","0.27000676299645027","0.5824962876947533","0.293905168905169","0.410445910118317","0.16190993781833407"
