Similarity Measures,noun_path,noun_lch,noun_wup,noun_res,noun_jcn,noun_lin,noun_lesk,noun_vector,verb_path,verb_lch,verb_wup,verb_res,verb_jcn,verb_lin,verb_lesk,verb_vector,word2vec,Average
Antecedent,0.12251984126984126,0.4154723490402258,0.5712875939849624,0.17530700555431236,0.09637056274647818,0.38937590984031445,0.43918332972811924,0.21143644504050926,0.5277777777777778,0.6586771995514874,0.6717948717948717,0.12673434967453115,0.4116390966017174,0.49641318347745433,0.5145884024107726,0.5794395432521847,0.4487085288323821,0.40333682297517304
a3,0.3506944444444444,0.5748271199179589,0.7026143790849674,0.27097025649733064,0.3347612518043437,0.5928583941060781,0.5867438917039167,0.45401474173669026,0.2333333333333333,0.4872512112364629,0.5123177476118653,0.11760171020876287,0.11549732476850645,0.317205962471753,0.327299656085059,0.34965736947427967,0.5462997453585345,0.40434991410848747
a2,0.16458333333333333,0.49323282322206463,0.6308080808080808,0.17026272544175972,0.12051018987064824,0.41142775759837696,0.3040300135029472,0.2621200160954213,0.5277777777777778,0.6586771995514874,0.6888888888888888,0.12673434967453115,0.41289837311792194,0.49722586195702617,0.602438727726084,0.6201915667428447,0.4992741671559885,0.42300481485089303
a4,0.4479166666666667,0.6767597689987332,0.757142857142857,0.28334405066820434,0.3506397341983396,0.5908483895662204,0.811111111111111,0.468697713075482,0.3611111111111111,0.5960436068309884,0.5222222222222221,0.11937228556270078,0.1854945559518949,0.3736810730821492,0.5940879788580941,0.38391200908880735,0.4244319228353112,0.46745982688064081
