Similarity Measures,noun_path,noun_lch,noun_wup,noun_res,noun_jcn,noun_lin,noun_lesk,noun_vector,verb_path,verb_lch,verb_wup,verb_res,verb_jcn,verb_lin,verb_lesk,verb_vector,word2vec,Average
Antecedent,0.20416666666666666,0.5525641101472931,0.7033730158730158,0.2202090143505258,0.13855126337394116,0.5387091456455029,0.5736158318399838,0.30267819754341224,0.5555555555555555,0.684672489245053,0.797979797979798,0.25306845683733786,0.6050054739791174,0.8378992424528254,0.5289352453102453,0.5483578012910604,0.49875054610361663,0.50259363848205596
a3,0.18749999999999997,0.5278519253775846,0.6453379953379953,0.1665016635134403,0.11453822585557498,0.4095624018851446,0.5954017074207637,0.413166225939498,0.3444444444444444,0.5758800936505274,0.5429292929292929,0.12997686388401697,0.27907215273445124,0.45069659519725347,0.7613977661771779,0.42767637832014166,0.4521800704956487,0.41318316489193868
a2,0.12916666666666665,0.4267611614115164,0.5014844804318488,0.09161529273080568,0.092058150644395,0.2469420352494695,0.37316921819342475,0.26609019235479225,0.0,0.0,0.0,0.0,0.0,0.0,0.0,0.0,0.12374193392938422,0.13241347833013548
a4,0.18333333333333332,0.5250853828770929,0.6259469696969696,0.19563122817456216,0.11202385808682253,0.4370000603657551,0.39046034660967777,0.2167619820864935,0.2888888888888889,0.5392417906235939,0.5151515151515151,0.1254714192091727,0.1380906648712046,0.35625001824556707,0.27540572963192,0.26608621397341364,0.4436511949143669,0.33144003510237352
