"Similarity Measures","noun_path","noun_lch","noun_wup","noun_res","noun_jcn","noun_lin","noun_lesk","noun_vector","verb_path","verb_lch","verb_wup","verb_res","verb_jcn","verb_lin","verb_lesk","verb_vector","word2vec"
"Antecedent","0.16666666666666666","0.5003731981073846","0.6862745098039216","0.19391195085372234","0.14203414879408974","0.506194707083955","0.6997969642402415","0.338150690202835","0.7333333333333334","0.7377855821184586","0.9047619047619048","0.24488619410205278","0.7562409999559686","0.8720200422874503","0.8279343172960193","0.817653993703155","0.4859503525209643"
"a3","0.5833333333333334","0.7432314308092816","0.8529411764705883","0.4186221288717084","0.5597462799657239","0.777353248517208","0.9142583470169675","0.7159930701123365","0.4444444444444444","0.6586771995514874","0.8582418613378365","0.24731783334704394","0.3524521279441835","0.7278238517586538","0.8142887205387206","0.5497475241093337","0.537257194239748"
"a2","0.16666666666666666","0.5003731981073846","0.6666666666666666","0.1840854290256298","0.1313534366323716","0.464856900761596","0.972568874293012","0.31802783102939547","0.5","0.622038896524554","0.8009259259259259","0.19644136204031085","0.5274882977694689","0.7750054751710884","0.6766666666666666","0.646609644722439","0.3649674415899412"
"a4","0.25","0.6102881071881849","0.8117647058823529","0.2663453774478901","0.24012278752679972","0.7091594607227709","0.3946352155657425","0.2938538230245405","0.3333333333333333","0.5594053038040551","0.5396825396825397","0.1633290082744847","0.23966204982484604","0.5600303268284869","0.5846263227513228","0.42925471116438835","0.44226744723493405"
