Similarity Measures,noun_path,noun_lch,noun_wup,noun_res,noun_jcn,noun_lin,noun_lesk,noun_vector,verb_path,verb_lch,verb_wup,verb_res,verb_jcn,verb_lin,verb_lesk,verb_vector,word2vec,Average
a1,0.41805555555555557,0.6673942377484614,0.7422531512605043,0.287890837541819,0.33821735869028413,0.6074247820700631,0.6830958154208095,0.6078918522214476,0.49999999999999994,0.6598545153081949,0.7708333333333334,0.25893585730969026,0.38234440412316933,0.7073034656267597,0.8333333333333333,0.6138694228186488,0.5118799049515758,0.56415163690080283
a3,0.13794642857142858,0.44432660143191377,0.534337044534413,0.14818679419283662,0.08437977786928107,0.31288808544818225,0.46157844034644063,0.2491663770593188,0.26041666666666663,0.49943246441689815,0.40555555555555556,0.035081642440869636,0.1666648827037905,0.1618318780670554,0.24549422799422824,0.33571402315785703,0.32839204354109136,0.283023113764578
a2,0.39365530303030305,0.6335366382038843,0.7149277075263918,0.26399779669590384,0.3348121147259104,0.5770264728544704,0.520682669583657,0.4446985414078081,0.4895833333333333,0.6208615807678466,0.5972222222222222,0.215227509688554,0.36609472397263987,0.6358281799777422,0.7899074074074075,0.6222837562343253,0.5592045505174993,0.51644414753822943
Antecedent,1.0,0.9860896635111783,1.0,0.5223917227406267,1.0,1.0,1.0,1.0,1.0,0.8832162807399176,1.0,0.46500933017453394,1.0,1.0,1.0,0.9999999999999925,1.0,0.93274747042154404
a4,0.0,0.0,0.0,0.0,0.0,0.0,0.0,0.0,0.26041666666666663,0.49943246441689815,0.40555555555555556,0.035081642440869636,0.1666648827037905,0.1618318780670554,0.24549422799422824,0.33571402315785703,0.24593324572324993,0.13859556392506889
