Similarity Measures,noun_path,noun_lch,noun_wup,noun_res,noun_jcn,noun_lin,noun_lesk,noun_vector,verb_path,verb_lch,verb_wup,verb_res,verb_jcn,verb_lin,verb_lesk,verb_vector,word2vec,Average
Antecedent,0.4928571428571429,0.7313001516547558,0.8042416966786715,0.3057735588267243,0.42932632763973216,0.7002103481376782,0.5384398770547287,0.6201389264733204,0.3958333333333333,0.6208615807678466,0.5583333333333332,0.12914753513283217,0.2285172018230247,0.4220630077890896,0.6801616062032727,0.5130459348798635,0.39775512229141274,0.50400039322804491
a3,0.25476190476190474,0.5813831802421437,0.6874800957065442,0.22483188724960695,0.1693778924295181,0.5438668125180977,0.338644570852021,0.3433783800802771,0.3125,0.5659041262274465,0.475,0.13943440541423152,0.5496486858872442,0.5875023411555553,0.5114116062032728,0.41525861595895125,0.3200638005007503,0.4129675473639744
a2,0.17517006802721086,0.48168180552038437,0.53306686310888,0.15984140733475627,0.12263876501696536,0.3808158566333301,0.2828507526422777,0.2401975179121523,0.6458333333333333,0.714811969848595,0.75,0.17121881226466384,0.567628499009631,0.6551738213635288,0.6186872541039208,0.6727385103304535,0.3279515107352044,0.441194514540311
a4,0.2515873015873015,0.5950233514735738,0.7317460317460318,0.245442346882367,0.18352772659089076,0.5935385166155586,0.6173129884010374,0.4211880875020641,0.6458333333333333,0.714811969848595,0.725,0.10483119740413069,0.5554608279295616,0.5,0.6004533179012345,0.6727385103304535,0.38162314632948324,0.50235992081621272
