"Similarity Measures","noun_path","noun_lch","noun_wup","noun_res","noun_jcn","noun_lin","noun_lesk","noun_vector","verb_path","verb_lch","verb_wup","verb_res","verb_jcn","verb_lin","verb_lesk","verb_vector","word2vec"
"Antecedent","0.1731120731120731","0.482411985181164","0.5872495781938505","0.1588005394964052","0.16337788160499656","0.41724560356404733","0.3529659304967565","0.2882760030117364","0.2","0.4469241848755406","0.36666666666666664","0.09198616070751349","0.11776569367539755","0.2711302452324188","0.27613286782269864","0.2988468361788692","0.41239635557790233"
"a3","0.2885361552028219","0.5670219231639162","0.6841409078251183","0.19424871299664304","0.2535655106456531","0.4892508681901957","0.4093207592214114","0.41032178498303407","0.7333333333333333","0.7640900058429988","0.8","0.19365028589777206","0.6698530715954641","0.801655360864672","0.8630030030030029","0.8021909091739501","0.4096911051256326"
"a2","0.1506037172703839","0.43863682350402516","0.5345212158937649","0.12510862077588067","0.07866559221329422","0.26972625309052806","0.210726287764815","0.13648338569175084","0.4666666666666666","0.64496373094608","0.6","0.1715631142938711","0.413366926591938","0.6605863657719608","0.5163760188760188","0.5204396258246952","0.3839763284604569"
"a4","0.4157407407407407","0.6835307219775737","0.8506789850443099","0.32563044018313125","0.39555227862655296","0.7596578621950197","0.7072556669377554","0.6096258685236532","0.5666666666666667","0.7109126763945601","0.740952380952381","0.2438126559394754","0.4888986681075437","0.799672493901118","0.9541666666666666","0.7285654023813181","0.5489120423491913"
