"Similarity Measures","noun_path","noun_lch","noun_wup","noun_res","noun_jcn","noun_lin","noun_lesk","noun_vector","verb_path","verb_lch","verb_wup","verb_res","verb_jcn","verb_lin","verb_lesk","verb_vector","word2vec"
"Antecedent","0.45625","0.6891158613835875","0.7772727272727272","0.28469021560610375","0.5630729839045687","0.6895220270709848","0.449085271846142","0.4909736859250122","0.4666666666666666","0.6293665571299407","0.800186741363212","0.37253023907865995","0.5719999769360382","0.8029572798077058","0.5956359513502371","0.6334697640457778","0.5812552462613666"
"a3","0.15416666666666667","0.46575409595186457","0.5708333333333333","0.15881630420987575","0.09351599188038723","0.3443088322278936","0.238549461451247","0.19362771271971926","0.3833333333333333","0.6137693833138014","0.7438358339287132","0.23538805707041083","0.24533732939070946","0.6495970225366227","0.6837121835427258","0.4795637984379878","0.5681054745176756"
"a2","0.3358974358974359","0.5347834530091563","0.5791666666666666","0.1925663767463185","0.3018273987667646","0.3974956880323066","0.40995851866387595","0.4421044147086173","0.4666666666666666","0.6293665571299407","0.8065359477124183","0.21109014825279465","0.4454230667048069","0.7597203347395238","0.5483197358197358","0.6249630900066468","0.440832669101146"
"a4","0.17916666666666667","0.5055889156069189","0.6287990196078431","0.19836603717140872","0.11485508150690721","0.4579141494833932","0.2650403922669585","0.28287620061437946","0.4666666666666666","0.6293665571299407","0.7620915032679739","0.19793103934744266","0.4216062302668955","0.7305294541381631","0.5269202226345083","0.5933442696323052","0.4254907675961261"
