Similarity Measures,noun_path,noun_lch,noun_wup,noun_res,noun_jcn,noun_lin,noun_lesk,noun_vector,verb_path,verb_lch,verb_wup,verb_res,verb_jcn,verb_lin,verb_lesk,verb_vector,word2vec,Average
Antecedent,0.5333333333333333,0.7762059035335216,0.9071207430340558,0.35746095392550165,0.7201785111249198,0.8451617979062492,0.8582122505215647,0.6456611884888235,0.49999999999999994,0.6598545153081947,0.8058823529411765,0.30426637550149005,0.43903688158657583,0.7740121626270182,1.0,0.710101487035022,0.5056683525051134,0.66718569466897404
a3,0.4166666666666667,0.701045592268923,0.872531969309463,0.36138778816071027,0.42044995988169986,0.8031871599573032,0.8349332635269666,0.5283586534073377,0.3333333333333333,0.5854005934976205,0.5416666666666666,0.09370983843498415,0.10686629288426192,0.2269806952968325,0.424742088160855,0.40708428557616927,0.47447863116483935,0.47840138107027258
a2,0.37,0.6491540947279535,0.81810496267018,0.2891047649855837,0.40751019570860114,0.726375808523341,0.6411458970224898,0.5136656691175719,0.35416666666666663,0.5933828534976465,0.4903846153846154,0.12566385143660452,0.14421188036455912,0.38778650647516666,0.25834789701094074,0.40302010632425767,0.41311833328414577,0.44618494724707791
a4,0.1757142857142857,0.5071684284156251,0.6916666666666667,0.18152442783411984,0.1347466972200267,0.45491441042286007,0.4043285800687344,0.42117240973452696,0.41666666666666663,0.6403580480380208,0.611111111111111,0.17037962850176247,0.33176476657752096,0.6188600719593476,0.7879126829593723,0.6166234640848323,0.3156352118065613,0.44003220928129649
