"Similarity Measures","noun_path","noun_lch","noun_wup","noun_res","noun_jcn","noun_lin","noun_lesk","noun_vector","verb_path","verb_lch","verb_wup","verb_res","verb_jcn","verb_lin","verb_lesk","verb_vector","word2vec"
"a1","0.24053724053724054","0.535559072887745","0.6811256553903613","0.2165422749627087","0.21316814028586786","0.4856395996837675","0.34941292020860587","0.2955806224198589","0.5694444444444445","0.6899939959117369","0.8075396825396824","0.2873928895860068","0.5941130054504594","0.7978678765337773","0.8808291245791245","0.6973793355124083","0.44225251349768185"
"a3","0.19076872201872205","0.42502810479337466","0.4941993464052287","0.1562492303569684","0.1579062981234241","0.3154194165238298","0.25347558949371685","0.24587026761321895","0.0","0.0","0.0","0.0","0.0","0.0","0.0","0.0","0.25524469157025464"
"a2","0.43273809523809526","0.6826921705931485","0.8066942180912768","0.2999451341122328","0.3807234561509119","0.659403809853519","0.6945115534013823","0.5359893225428036","0.3944444444444444","0.580640343574074","0.5462962962962963","0.19956630785366858","0.26428958253934104","0.5280269398215655","0.5134356191647855","0.5263472875628582","0.44825657547648873"
"Antecedent","1.0","0.9860896635111783","1.0","0.5015389376755922","1.0","1.0","1.0","0.9999999999999994","1.0","0.8832162807399176","1.0","0.45320887824542067","1.0","1.0","1.0","1.0","1.0"
"a4","0.0","0.0","0.0","0.0","0.0","0.0","0.0","0.0","0.0","0.0","0.0","0.0","0.0","0.0","0.0","0.0","0.3242082992766351"
