"Similarity Measures","noun_path","noun_lch","noun_wup","noun_res","noun_jcn","noun_lin","noun_lesk","noun_vector","verb_path","verb_lch","verb_wup","verb_res","verb_jcn","verb_lin","verb_lesk","verb_vector","word2vec"
"Antecedent","0.175","0.5012150832220907","0.694047619047619","0.19086920979758804","0.1065628296795201","0.41099237967570645","0.3106618735064558","0.18151914038731448","1.0","0.8832162807399176","1.0","0.20966239480826138","1.0","1.0","1.0","1.0","0.3251206547930451"
"a3","0.15416666666666667","0.47373635595189056","0.6705182072829131","0.19086920979758804","0.10880368412798652","0.41559578858929647","0.4007739473994726","0.13220773309116102","0.3333333333333333","0.5854005934976205","0.5","0.12781605200648147","0.1671276216104929","0.4601644529591521","0.316849816849817","0.309354892720225","0.24457522420552213"
"a2","0.18749999999999997","0.5278519253775846","0.7096513662673307","0.2075346095420908","0.12599594672231587","0.46292273802777334","0.31213782634443277","0.171961991892094","1.0","0.8832162807399176","1.0","0.20966239480826138","1.0","1.0","1.0","1.0","0.45483306236086596"
"a4","0.14027777777777778","0.4462576286816905","0.5791666666666666","0.11069154380193527","0.0972185771163481","0.288301212110056","0.37402475210417224","0.20662741102102156","1.0","0.8832162807399176","1.0","0.20966239480826138","1.0","1.0","1.0","1.0","0.2261575446726341"
