"Similarity Measures","noun_path","noun_lch","noun_wup","noun_res","noun_jcn","noun_lin","noun_lesk","noun_vector","verb_path","verb_lch","verb_wup","verb_res","verb_jcn","verb_lin","verb_lesk","verb_vector","word2vec"
"Antecedent","0.46428571428571425","0.6849877532601366","0.8083333333333332","0.3011102403806507","0.43984226242674646","0.6738512204989728","0.588704299810879","0.5636759747167577","0.5555555555555555","0.684672489245053","0.8055555555555555","0.28148279388998604","0.4856430399682501","0.7778723173270624","0.8504122194854954","0.635044048623494","0.5109308598083169"
"a3","0.31666666666666665","0.6527581867282227","0.81229216832932","0.30318573882974026","0.2014384568281551","0.7050838638844709","0.8328717850776673","0.3854913812967537","0.3055555555555555","0.5594053038040551","0.6148148148148148","0.19571940163373833","0.20131719452574404","0.568492480371151","0.379730158279236","0.40909882216954063","0.4276548725013221"
"a2","0.42857142857142855","0.6344202138910905","0.7416666666666667","0.28582071110304824","0.3854564039670631","0.5276001225113053","0.530350837653069","0.48167952148862697","0.0","0.0","0.0","0.0","0.0","0.0","0.0","0.0","0.14326096832827961"
"a4","0.2611111111111111","0.6161198837012892","0.8039473684210527","0.26059478970196376","0.18044719366453787","0.5884168266702399","0.6164084724799009","0.28410031282599035","0.3611111111111111","0.5960436068309884","0.6472222222222221","0.13149635782920224","0.4202855730742397","0.5079838305904364","0.46081166308439037","0.32368375371143665","0.4168507833120184"
