Similarity Measures,noun_path,noun_lch,noun_wup,noun_res,noun_jcn,noun_lin,noun_lesk,noun_vector,verb_path,verb_lch,verb_wup,verb_res,verb_jcn,verb_lin,verb_lesk,verb_vector,word2vec,Average
Antecedent,0.16666666666666666,0.5003731981073846,0.6666666666666666,0.18715384079818173,0.16408960358822525,0.4646327729864821,0.677461944703324,0.286448300050763,0.6458333333333333,0.714811969848595,0.7944444444444444,0.15347312748183584,0.592916848018136,0.6772390746627286,0.6327875565271875,0.6848901568112316,0.5865707675859076,0.50567413366359382
a3,0.1,0.3618967894853046,0.375,0.11520039815599713,0.06373538024907889,0.22659870073271812,0.10969387755102,0.138790202720079,0.3125,0.5659041262274465,0.475,0.042635163553833025,0.09073858656309974,0.10472232880372172,0.18644516831747449,0.32970036096737365,0.28026412586292276,0.22816618877588646
a2,0.0,0.0,0.0,0.0,0.0,0.0,0.0,0.0,0.0,0.0,0.0,0.0,0.0,0.0,0.0,0.0,0,0.0
a4,0.3333333333333333,0.6882739762688813,0.8571428571428571,0.2671501559407726,0.3014844653526944,0.6924543896415365,1.0,0.366959630817414,0.6458333333333333,0.714811969848595,0.7944444444444444,0.15347312748183584,0.592916848018136,0.6772390746627286,0.6071825396825398,0.6848901568112316,0.45271920110447683,0.57825350022851829
