"Similarity Measures","noun_path","noun_lch","noun_wup","noun_res","noun_jcn","noun_lin","noun_lesk","noun_vector","verb_path","verb_lch","verb_wup","verb_res","verb_jcn","verb_lin","verb_lesk","verb_vector","word2vec"
"Antecedent","0.23769841269841271","0.5512819227332806","0.6580379587732529","0.18999824185480685","0.1724270291302339","0.42951402101350916","0.4512699029804168","0.370197626939901","0.75","0.7579490952989199","0.7999999999999999","0.20785436328843523","0.7068305270906352","0.8043724677089078","0.7825483091787441","0.8024743291285507","0.4726327320853094"
"a3","0.196031746031746","0.5252866330397151","0.6085978835978836","0.1680646086582258","0.12619782170371652","0.37730959153090415","0.4406970177490212","0.25026602514780893","0.5277777777777778","0.6586771995514874","0.6333333333333333","0.11666298819057996","0.48212002383491037","0.5491091707560739","0.5634259259259261","0.6314428188239103","0.36241367559099624"
"a2","0.2796296296296296","0.6107983770346053","0.7501527883880826","0.22916242184151167","0.19960496193791774","0.4974599434400586","0.5993476195570229","0.40954638995497167","0.75","0.7579490952989199","0.7999999999999999","0.20785436328843523","0.7068305270906352","0.8043724677089078","0.7236319966583123","0.8024743291285507","0.45690687814410746"
"a4","0.21666666666666667","0.5699610808272627","0.7156870906870907","0.1847963381211101","0.1338099127929934","0.39657099044339966","0.39688427687228306","0.29189369610724913","0.5277777777777778","0.6586771995514874","0.6333333333333333","0.18474242160684096","0.49327063254818254","0.6868149717983151","0.6095370370370371","0.6119352518105626","0.3601044536797929"
