"Similarity Measures","noun_path","noun_lch","noun_wup","noun_res","noun_jcn","noun_lin","noun_lesk","noun_vector","verb_path","verb_lch","verb_wup","verb_res","verb_jcn","verb_lin","verb_lesk","verb_vector","word2vec"
"Antecedent","0.415625","0.6691984515560603","0.774546351481336","0.32732230774786797","0.3616374737641638","0.6726853927906727","0.653676162184792","0.5557532282495337","0.75","0.7892658916591693","0.8333333333333333","0.282654925474071","0.6815097728061993","0.8964212636180328","1.0","0.999999999999999","0.5409818627292645"
"a3","0.0","0.0","0.0","0.0","0.0","0.0","0.0","0.0","0.0","0.0","0.0","0.0","0.0","0.0","0.0","0.0","0.2218234804770694"
"a2","0.1140873015873016","0.39075241814175943","0.4684020099267777","0.13802253231781436","0.07520288847117185","0.27903888188424736","0.24405365633044201","0.22166937621650784","0.0","0.0","0.0","0.0","0.0","0.0","0.0","0.0","0.24945209283519887"
