"Similarity Measures","noun_path","noun_lch","noun_wup","noun_res","noun_jcn","noun_lin","noun_lesk","noun_vector","verb_path","verb_lch","verb_wup","verb_res","verb_jcn","verb_lin","verb_lesk","verb_vector","word2vec"
"Antecedent","0.2253968253968254","0.5655523443322431","0.7138888888888889","0.1964802499503304","0.14882998788062105","0.4749154224608076","0.4758960063659483","0.3073522138085493","0.75","0.7892658916591693","0.9","0.2503988639793345","0.835358144286757","0.9431304411994266","1.0","0.872107965701991","0.5522248096509722"
"a3","0.16125541125541124","0.4683111222139918","0.5383986928104575","0.12763869062937636","0.09934066977158401","0.3006585195691435","0.23468698598290683","0.33462938201296466","0.6","0.6650702328077291","0.6666666666666666","0.10483119740413069","0.5507417814094518","0.5","1.0","0.8000037491119625","0.5262237437380621"
"a2","0.3333333333333333","0.6622786865753159","0.8159184726522187","0.2723506822530614","0.43947717413178217","0.6386843234625287","0.6938271604938272","0.4435596170466223","0.5","0.6953155025784209","0.8","0.24943877808261383","0.835358144286757","0.94083030877222","1.0","0.7848774018495694","0.4261727256453349"
"a4","0.20555555555555557","0.5534862909807903","0.6891587944219523","0.20304135883620986","0.13913787246286435","0.4698865459122264","0.4789846764704597","0.3073522138085493","0.26666666666666666","0.5161623891865805","0.5166666666666666","0.09728386015541034","0.14529338023554975","0.3109233417993524","0.2990424500935065","0.332477274892069","0.4589721128470323"
