Similarity Measures,noun_path,noun_lch,noun_wup,noun_res,noun_jcn,noun_lin,noun_lesk,noun_vector,verb_path,verb_lch,verb_wup,verb_res,verb_jcn,verb_lin,verb_lesk,verb_vector,word2vec,Average
a1,0.18333333333333335,0.5250853828770929,0.6274509803921569,0.173134487445284,0.1102701512169893,0.42905645143702553,0.23042745711503249,0.250517936309358,0.37499999999999994,0.6128793207678207,0.5892857142857143,0.06882017554342741,0.2642351166801105,0.221269369676943,0.43826297928078123,0.32990830655126,0.3403045646706726,0.33936716044605886
Antecedent,0.6666666666666666,0.8371818198900298,0.9,0.36812854563627934,0.5867907672682086,0.7750021459512779,0.6663548752834465,0.681015503339476,0.8333333333333334,0.8087623589293433,0.9642857142857143,0.29429185512257033,0.9714864919814089,0.9793177628613865,0.9048675683291068,0.8888438413216788,0.6019534859076109,0.74872251388867861
a2,0.2,0.5497975676468014,0.7083333333333333,0.217111892905083,0.11714784939534588,0.4606586208118964,0.299168800662027,0.3421869537839485,0.3333333333333333,0.5854005934976205,0.6502525252525252,0.1910750598829068,0.24097640191671904,0.6271853514227338,0.7983027202498355,0.5395875796256865,0.3693784487229451,0.42528806073192593
a4,0.16666666666666666,0.5003731981073846,0.6666666666666666,0.1600266763383341,0.08939442065579443,0.3459939109404645,0.4200191570881225,0.33708583897040045,0.3333333333333333,0.5854005934976205,0.5595238095238095,0.18734347525896053,0.35508013125437543,0.6332838816426891,0.42874765765990197,0.39320558745404044,0.3133541408438155,0.38091171446484584
