Similarity Measures,noun_path,noun_lch,noun_wup,noun_res,noun_jcn,noun_lin,noun_lesk,noun_vector,verb_path,verb_lch,verb_wup,verb_res,verb_jcn,verb_lin,verb_lesk,verb_vector,word2vec,Average
a1,0.0,0.0,0.0,0.0,0.0,0.0,0.0,0.0,0.0,0.0,0.0,0.0,0.0,0.0,0.0,0.0,0.29362281508410515,0.01727193029906501
Antecedent,1.0,0.9860896635111783,0.9791666666666666,0.46918454363427414,1.0,1.0,1.0,0.9999999999999951,1.0,0.8832162807399178,1.0,0.3964630135921551,1.0,1.0,1.0,0.9999999999999982,1.0,0.92436000989083444
