"Similarity Measures","noun_path","noun_lch","noun_wup","noun_res","noun_jcn","noun_lin","noun_lesk","noun_vector","verb_path","verb_lch","verb_wup","verb_res","verb_jcn","verb_lin","verb_lesk","verb_vector","word2vec"
"Antecedent","0.3569264069264069","0.6635123602861902","0.8063221092632857","0.2971677107019485","0.40279564961977354","0.6956721282878537","0.6415286411116523","0.4037790047529171","0.8055555555555555","0.802263536505952","0.861111111111111","0.2422438684911453","0.7233984152032692","0.8445512672783493","0.8856060606060607","0.915612748825167","0.5170076880917419"
"a3","0.30844155844155846","0.6244339115291874","0.7667748917748919","0.2304693687434324","0.21720355428472204","0.5626464436135944","0.7370603038853147","0.40118226352093145","0.4166666666666667","0.6403580480380207","0.6851851851851851","0.21862869795164178","0.3732503396833091","0.7022742581417796","0.7406854256854256","0.49862137221995434","0.46765250838814965"
"a2","0.21403646858192313","0.4881362529939581","0.6104144049964484","0.17152649379872928","0.16829323182115197","0.367126819506609","0.2949351172778558","0.23255683067577426","0.24166666666666667","0.4973329678266935","0.38888888888888884","0.0","0.07295635469596005","0.0","0.2857095616024187","0.20192347907345765","0.17895776003084884"
