Similarity Measures,noun_path,noun_lch,noun_wup,noun_res,noun_jcn,noun_lin,noun_lesk,noun_vector,verb_path,verb_lch,verb_wup,verb_res,verb_jcn,verb_lin,verb_lesk,verb_vector,word2vec,Average
Antecedent,0.09166666666666667,0.3371846047155962,0.42934782608695654,0.11709839303254171,0.03128277367929884,0.033789448332525035,0.19888562536451548,0.0717475795581166,0.75,0.7892658916591693,0.9285714285714286,0.27953506535471295,0.6192168201806565,0.8690549184927718,1.0,0.873407869417664,0.24681252921964691,0.45099220237248633
a3,0.06066176470588235,0.2262693828996143,0.25555555555555554,0.05778469914572206,0.025880717761887335,2.305848731451232e-300,0.1485064935064935,0.0286748210485163,0.41666666666666663,0.6403580480380207,0.5833333333333333,0.18045226366939365,0.24456866819374787,0.5554329750961682,0.6097402597402595,0.678837258667598,0.3947481629888621,0.30043947476574834
a2,0.14583333333333331,0.4613802635670364,0.6750700280112045,0.23202631568270768,0.04117727057392345,0.1387650580396271,0.49638909160939854,0.15276533330528314,0.75,0.7892658916591693,0.8333333333333333,0.3780520023794658,0.6642114958120309,0.8978271276278287,1.0,0.9841733558190905,0.4340676105755232,0.53378455948993864
a4,0.17142857142857143,0.504191528363924,0.7215909090909092,0.30133565574105486,0.04976359134607337,0.19794780116291025,0.29832427541239803,0.2261092888503357,0.6666666666666666,0.7343084371187691,0.7857142857142857,0.2950137853800797,0.5642939850587797,0.7710422677000132,1.0,0.7663796430209965,0.3921101800659278,0.49683652188951144
