Similarity Measures,noun_path,noun_lch,noun_wup,noun_res,noun_jcn,noun_lin,noun_lesk,noun_vector,verb_path,verb_lch,verb_wup,verb_res,verb_jcn,verb_lin,verb_lesk,verb_vector,word2vec,Average
Antecedent,0.2731859410430839,0.544009247786724,0.6553788181939443,0.20104308083484737,0.22620197724302024,0.45225267960966153,0.5432193773498865,0.3848928291246097,0.611111111111111,0.7213107922719865,0.8148148148148148,0.25177889879771814,0.6495365553471396,0.8376060236766948,0.8253968253968255,0.829264432320949,0.47794259765774344,0.54699682368122116
a3,0.2642857142857143,0.6066452671220768,0.760733767191087,0.23789935053671685,0.15756709275734987,0.5397719284611896,0.6435073860475801,0.3117581590420006,0.5,0.6953155025784209,0.7638888888888888,0.24145863531920245,0.6720850050273798,0.8410826257428682,1.0,0.5756575471691526,0.45629599626088446,0.54517369802532412
a2,0.40238095238095234,0.684674839257102,0.8186569364587941,0.2944494968287025,0.3970113825312976,0.6682907252185453,0.6699439419538858,0.52164109181438,0.6666666666666666,0.7579490952989199,0.8055555555555555,0.24345516193186348,0.6629404438836489,0.8410816251567906,1.0,0.7456061566640714,0.413729240228522,0.6231784301076293
