"Similarity Measures","noun_path","noun_lch","noun_wup","noun_res","noun_jcn","noun_lin","noun_lesk","noun_vector","verb_path","verb_lch","verb_wup","verb_res","verb_jcn","verb_lin","verb_lesk","verb_vector","word2vec"
"Antecedent","0.5833333333333334","0.7432314308092816","0.8333333333333333","0.29823057404962733","0.5450467544038773","0.6479465694433725","0.6724571846282374","0.674391255610857","0.7222222222222222","0.7213107922719862","0.7619047619047619","0.2515026643085148","0.6992705246612897","0.7878776958793047","0.763888888888889","0.8093295746589916","0.6887159859323274"
"a3","0.15476190476190477","0.4794793435942155","0.6386554621848739","0.19800713805573478","0.1143388940350438","0.4629944288877673","0.6282021572120785","0.2670160724378585","0.5555555555555556","0.6586771995514874","0.6878306878306878","0.2183000081057331","0.5437506899431965","0.7333671059076319","0.7683272115090296","0.6393809651640731","0.45368520247454996"
"a2","0.225","0.5800428374174932","0.7417582417582418","0.2474173123998184","0.16611341364101667","0.6057390003566131","0.460196132092684","0.299808822239143","0.5555555555555556","0.6586771995514874","0.6878306878306878","0.2183000081057331","0.5437506899431965","0.7333671059076319","0.7420357420357421","0.6393809651640731","0.38377807882582887"
"a4","0.14285714285714285","0.4585854890810465","0.5625","0.12405654077827505","0.09626126881685726","0.32181000357296563","0.30535123771730954","0.2151321985159235","0.7222222222222222","0.7213107922719862","0.7619047619047619","0.24987138118838745","0.6930551329063211","0.7724245808309512","0.7791806958473626","0.7557728654707624","0.5435534373973333"
