"Similarity Measures","noun_path","noun_lch","noun_wup","noun_res","noun_jcn","noun_lin","noun_lesk","noun_vector","verb_path","verb_lch","verb_wup","verb_res","verb_jcn","verb_lin","verb_lesk","verb_vector","word2vec"
"Antecedent","0.4690476190476191","0.7201593132146564","0.8629590966821511","0.32549241027991344","0.4375533381255098","0.6932012856314359","0.9125137287452559","0.6911970343786001","0.5","0.6953155025784209","0.6666666666666666","0.2276903591367239","0.2451119073680979","0.6901180017804014","1.0","0.687445000767443","0.4989034006827926"
"a3","0.1931972789115646","0.5339593608484929","0.6689342403628118","0.1756193198704194","0.16585121374812353","0.47632854373448863","0.3262374460851774","0.36501974089378736","0.3333333333333333","0.5854005934976205","0.5","0.1566058278141828","0.16090073678911018","0.5013722849564145","0.2330938057041","0.271939869139462","0.35750403077237225"
"a2","0.20142238713667285","0.5302683581181271","0.6590036014405763","0.18481024096124485","0.22365952566560315","0.4338688501957001","0.4181510490204003","0.27403799461043593","0.5","0.6953155025784209","0.6666666666666666","0.2276903591367239","0.2451119073680979","0.6901180017804014","1.0","0.687445000767443","0.35337397382460095"
