Similarity Measures,noun_path,noun_lch,noun_wup,noun_res,noun_jcn,noun_lin,noun_lesk,noun_vector,verb_path,verb_lch,verb_wup,verb_res,verb_jcn,verb_lin,verb_lesk,verb_vector,word2vec,Average
Antecedent,0.44510582010582006,0.6553140684042594,0.7785804380231625,0.3381328939946653,0.3958038663403441,0.5974523962238544,0.6149227902610209,0.4351003149848421,0.3,0.554206245865342,0.5466666666666666,0.1991655756811433,0.17258912116663444,0.5617561781472707,0.3729211776865716,0.3338513737647572,0.5143568550058187,0.4597603401365985
a3,0.2656746031746032,0.5000028633551921,0.5963235294117647,0.2051615408669766,0.23076128728796821,0.4107289471252491,0.4459074981425195,0.30763889669851685,0.5333333333333333,0.6889296945784,0.7009803921568627,0.25056225867637694,0.5059159101033321,0.765864958070503,0.9238940546632854,0.661551510349164,0.3345098901870483,0.48986712754006445
a2,0.1449074074074074,0.45421439523335794,0.5873853164454188,0.19329043347125432,0.07181002468626661,0.31704244406954424,0.283116090200304,0.16012584443835418,0.41666666666666663,0.6357523651299615,0.6611721611721613,0.22104709047768795,0.3300013048018473,0.6703968528928189,0.8138781816474123,0.5926693462837396,0.37552934952734096,0.40758854556185548
a4,0.2300595238095238,0.38702180275193454,0.3580298786181139,0.11213613036953447,0.21470428010197962,0.2278647098216472,0.3067960096665691,0.26612523466821597,0.36666666666666664,0.598172209497662,0.564313725490196,0.1895499657769117,0.30393008899773466,0.6455879851974105,0.7872640180332489,0.5596974871529337,0.34104879014623185,0.37993932392744206
