Similarity Measures,noun_path,noun_lch,noun_wup,noun_res,noun_jcn,noun_lin,noun_lesk,noun_vector,verb_path,verb_lch,verb_wup,verb_res,verb_jcn,verb_lin,verb_lesk,verb_vector,word2vec,Average
Antecedent,0.3204700061842919,0.5839542947356976,0.7236184710344854,0.2796938912446289,0.22970367167649952,0.4945996956562667,0.44496587625340017,0.37372894885209107,0.3958333333333333,0.6208615807678467,0.5166666666666666,0.1470828865048574,0.14174067272444088,0.44855839039715195,0.723232780799493,0.35978567266996275,0.44695917681216624,0.42655623625372241
a3,0.11167800453514741,0.3854507707253429,0.516721840251252,0.10953573881178462,0.06108430879240948,0.20804695805582454,0.2823132702533158,0.11771765797278448,0.35416666666666663,0.5933828534976466,0.5166666666666666,0.12275752528921269,0.13567707297648288,0.35325705796497114,0.5475822723687633,0.2681357022270345,0.2673111453830604,0.29126385367284507
a2,0.4406462585034014,0.6448015740103518,0.7561837778589696,0.3037734037906639,0.4720128251177394,0.6037239824760341,0.615313866465631,0.4851620848484392,0.6458333333333333,0.714811969848595,0.7720588235294118,0.20193385197440578,0.7020031283955008,0.835894390235661,0.8292124542124543,0.7652463609195952,0.5147520577561916,0.60608024372214009
