"Similarity Measures","noun_path","noun_lch","noun_wup","noun_res","noun_jcn","noun_lin","noun_lesk","noun_vector","verb_path","verb_lch","verb_wup","verb_res","verb_jcn","verb_lin","verb_lesk","verb_vector","word2vec"
"a1","0.21250000000000002","0.5649202025321474","0.7416666666666667","0.19970097112822474","0.14489665793034417","0.5230639903534283","0.334653131794676","0.38950139697935227","0.0","0.0","0.0","0.0","0.0","0.0","0.0","0.0","0.47884683799532285"
"a3","0.244047619047619","0.5838766599315485","0.737202380952381","0.21625487158090115","0.19753391262897183","0.557905718962151","0.3420143870485257","0.289439011775144","0.5166666666666666","0.6733325207622609","0.7277777777777777","0.2511332024372616","0.4226438102051164","0.7173403708191568","0.9194191919191919","0.741077013175634","0.5471897203941343"
"a2","0.14791666666666667","0.45861372106654474","0.4456099456099456","0.06678246358188321","0.10980319731291456","0.19970495073562258","0.21419427491204024","0.2752468252569358","0.4833333333333333","0.6513495389461008","0.6523076923076923","0.22782595339194361","0.4315698829790807","0.7044085682504779","0.5846272287099031","0.5225222006334764","0.3701724525580861"
"Antecedent","0.2375","0.595165472302839","0.7693181818181818","0.21702471371223545","0.167170227433378","0.5358006215763655","0.32689713266598175","0.396646134594025","0.5166666666666667","0.6733325207622609","0.7366666666666666","0.22957207380249786","0.44764901324935946","0.7276142411976924","0.8538461538461538","0.6909779669378306","0.6012003416996081"
