Similarity Measures,noun_path,noun_lch,noun_wup,noun_res,noun_jcn,noun_lin,noun_lesk,noun_vector,verb_path,verb_lch,verb_wup,verb_res,verb_jcn,verb_lin,verb_lesk,verb_vector,word2vec,Average
Antecedent,0.2087301587301587,0.5408033067908055,0.6923560409318924,0.1992180827414511,0.13166900854955735,0.4545329341140042,0.4164219053821257,0.31374357332586406,0.2222222222222222,0.4707764213899907,0.36190476190476195,0.1750834834926925,0.10905890952721937,0.4137435940094738,0.250383597883598,0.3325389337717597,0.3873671704574529,0.33415024148382533
a3,0.2785714285714286,0.5845532664748165,0.7352238267408546,0.24904712136986965,0.24459210262621717,0.6063829897397948,0.5970723014757306,0.4009205422878307,0.3055555555555555,0.5334100141104896,0.5481481481481482,0.19972154564048664,0.4151033443458245,0.5431423131943628,0.44658101158101166,0.40886117928412463,0.39608804768746586,0.44076321993141254
a2,0.4436111111111112,0.6730135564986245,0.7436437908496731,0.24285951201874784,0.4846916276582312,0.6256990329391953,0.705243020319874,0.5791893170310775,0.2333333333333333,0.4872512112364629,0.37777777777777777,0.048800732842542514,0.08123126904542133,0.11836295561994291,0.15610738156054235,0.17321252841837098,0.42861874090990376,0.38839099406887245
a4,0.5533333333333332,0.7591653586713032,0.8618115364167995,0.31366584397949,0.653044920610937,0.8023719387223723,0.8443637192919192,0.6380103406128471,0.3055555555555555,0.5334100141104896,0.49523809523809526,0.22995569688958759,0.17401069387894672,0.5028278283895236,0.75054012345679,0.4391365883992863,0.4904931743028502,0.54981969187412505
