Similarity Measures,noun_path,noun_lch,noun_wup,noun_res,noun_jcn,noun_lin,noun_lesk,noun_vector,verb_path,verb_lch,verb_wup,verb_res,verb_jcn,verb_lin,verb_lesk,verb_vector,word2vec,Average
a1,0.1253968253968254,0.4036468558643118,0.52864044168392,0.16798883784361887,0.08865568273885936,0.36181576176725155,0.261091479488815,0.1770520138338683,0.5555555555555556,0.676996351064954,0.763095238095238,0.2724781456674459,0.5706349008203825,0.7990570630424433,0.7760179172679175,0.6679294773958234,0.4158851744591856,0.44776104246978921
a3,0.5333333333333333,0.7153917794487216,0.7777777777777778,0.32283332280618937,0.7003799674957033,0.7856570300188457,0.729203600632172,0.5184298635536043,0.5,0.6639987062181715,0.7174603174603175,0.28127060939805826,0.5740847653001793,0.7632720433761752,0.94375,0.7442158995120568,0.539694454356074,0.63592667474631637
Antecedent,0.49206349206349204,0.7109830429537021,0.7916666666666666,0.3057963786556695,0.459243480517381,0.6851211069928697,0.8055791761148904,0.5193646202939054,0.5277777777777778,0.6586771995514874,0.6666666666666666,0.24357755266315237,0.574742603240714,0.7963923433713033,0.7743406285072952,0.6521323110838998,0.5215723848399021,0.59915867246828092
a4,0.18437118437118438,0.47921120876089507,0.6415912518853696,0.20166374657334915,0.15371424275844417,0.4705527951645454,0.47702615367089035,0.2781584440953622,0.5555555555555556,0.676996351064954,0.6611111111111111,0.18078415456447153,0.5462213681474832,0.6649984155732682,0.811763468013468,0.647954622903175,0.4198303126235793,0.47361790510806506
