"Similarity Measures","noun_path","noun_lch","noun_wup","noun_res","noun_jcn","noun_lin","noun_lesk","noun_vector","verb_path","verb_lch","verb_wup","verb_res","verb_jcn","verb_lin","verb_lesk","verb_vector","word2vec"
"Antecedent","0.2","0.5497975676468014","0.6666666666666666","0.27001299102998566","0.1819868568059761","0.6587624757989833","0.2437782205649005","0.3336672490016155","0.4583333333333333","0.6678367753082208","0.7234848484848484","0.2543691960147788","0.6725978576353627","0.8848117332729494","1.0","0.7743423589494417","0.44809387285594426"
"a3","0.75","0.8921392744304301","0.9666666666666667","0.34886774878126336","1.0","0.9882291383520647","1.0","0.7643984653535435","0.875","0.8362410861995434","0.9166666666666666","0.2352646831496803","0.8078207939494115","0.8979684667190069","1.0","0.8967625822144667","0.6407298692772879"
"a2","0.13392857142857142","0.4404864090538674","0.4943181818181818","0.08121337918023995","0.07785796231754266","0.1817925791487075","0.2900310577034715","0.1836371419306905","0.35416666666666663","0.5933828534976464","0.6150793650793651","0.11442830113340566","0.3532789829431928","0.38354505584517407","0.2767466858538287","0.2634063407595445","0.396725782062366"
"a4","0.0","0.0","0.0","0.0","0.0","0.0","0.0","0.0","0.0","0.0","0.0","0.0","0.0","0.0","0.0","0.0","0.3447258878111872"
