"Similarity Measures","noun_path","noun_lch","noun_wup","noun_res","noun_jcn","noun_lin","noun_lesk","noun_vector","verb_path","verb_lch","verb_wup","verb_res","verb_jcn","verb_lin","verb_lesk","verb_vector","word2vec"
"Antecedent","0.19583333333333333","0.5402080177624389","0.6973039215686274","0.19088101388890308","0.12529755709904142","0.4687506863379324","0.3436093609299815","0.31923911595706544","0.4682539682539682","0.6333934298669645","0.6388888888888888","0.1578312151588728","0.4502548417245005","0.5680727626211693","0.8633333333333333","0.6523391374462382","0.517548446888757"
"a3","0.39821428571428574","0.6511902068568028","0.7380681818181818","0.24763006829055287","0.3536362049188124","0.6159117391815155","0.6413817473800321","0.42965853397305","0.3293650793650793","0.5654383304797815","0.4861111111111111","0.1428435562839752","0.19049350609016133","0.4326828275720503","0.7532510288065843","0.5078409891114923","0.39221208213908393"
"a2","0.4375","0.6962562362689073","0.7828947368421052","0.28264455073701833","0.3524045596633307","0.5576361861069208","0.564243953798089","0.48198932365300146","0.4682539682539682","0.6333934298669645","0.6388888888888888","0.13343031764408772","0.4502548417245005","0.5680727626211693","0.6818518518518518","0.5661453230249799","0.4901255628237947"
"a4","0.2583333333333333","0.6146619395730131","0.7835338680926915","0.31690134821343285","0.2814586546364479","0.7441500299202779","0.5723582406118458","0.46563750261243375","0.4682539682539682","0.6333934298669645","0.6388888888888888","0.13343031764408772","0.4502548417245005","0.5680727626211693","0.6818518518518518","0.5661453230249799","0.40834246495598825"
