"Similarity Measures","noun_path","noun_lch","noun_wup","noun_res","noun_jcn","noun_lin","noun_lesk","noun_vector","verb_path","verb_lch","verb_wup","verb_res","verb_jcn","verb_lin","verb_lesk","verb_vector","word2vec"
"Antecedent","0.18637566137566136","0.5197745980680929","0.6656290046382927","0.2382692920803851","0.16188901987156373","0.5208677283293957","0.45326747736084916","0.31314953399417267","0.4166666666666667","0.6013651134976725","0.5611111111111111","0.16492789741582262","0.3748590441023954","0.5418952928231483","0.57502220145409","0.5631005216845676","0.4509682446426698"
"a3","0.0","0.0","0.0","0.0","0.0","0.0","0.0","0.0","0.0","0.0","0.0","0.0","0.0","0.0","0.0","0.0","0.31738283660214023"
"a2","0.17107583774250437","0.4899916328763946","0.6494622995396989","0.24037169091713612","0.15990044979748586","0.5265061090773929","0.343319897130008","0.2724371178533609","0.21666666666666667","0.46708769805600187","0.38333333333333336","0.12615565305670118","0.09842058269895243","0.2911837748122942","0.2312352529459275","0.16599000504326586","0.27786911414325993"
