Similarity Measures,noun_path,noun_lch,noun_wup,noun_res,noun_jcn,noun_lin,noun_lesk,noun_vector,verb_path,verb_lch,verb_wup,verb_res,verb_jcn,verb_lin,verb_lesk,verb_vector,word2vec,Average
a1,0.33722943722943727,0.6480209558659916,0.7832079685020861,0.2765093723248197,0.30879989299814903,0.6618791904628808,0.646386753359557,0.4563506561051073,0.611111111111111,0.7213107922719862,0.746031746031746,0.20657482821277529,0.4862515612605671,0.7626747053882795,0.7523076923076925,0.6925018470839857,0.5200455297900025,0.56571729648859848
a3,0.27435064935064934,0.5806994156256261,0.7164653528289892,0.22610416806616984,0.20301719854754371,0.5336933228003988,0.571409152651195,0.3249532582848633,0.611111111111111,0.7213107922719862,0.7222222222222222,0.1953221464430178,0.47149682334839604,0.7118846593089887,0.7523076923076925,0.6813774610010813,0.46574524284728,0.5154982746480713
Antecedent,0.2711432506887052,0.5730478229737305,0.690529167801895,0.22049081421349703,0.20284086009856003,0.5145518205904863,0.5132456515404633,0.3216971981849115,0.3333333333333333,0.5854005934976205,0.5,0.056846884738444035,0.1043489907378321,0.14548702361261437,0.212871391893131,0.323399330709914,0.4202922902578588,0.35232508381605865
