"Similarity Measures","noun_path","noun_lch","noun_wup","noun_res","noun_jcn","noun_lin","noun_lesk","noun_vector","verb_path","verb_lch","verb_wup","verb_res","verb_jcn","verb_lin","verb_lesk","verb_vector","word2vec"
"Antecedent","0.10555555555555556","0.37617753925594444","0.3205128205128205","0.029883075095373943","0.06549666028761311","0.07244329252585988","0.17895804222071998","0.1017500965542042","0.3125","0.5074147244169241","0.4444444444444444","0.0640063052454914","0.11983735786711344","0.23359753569804081","0.553375850340136","0.40850893253441556","0.2903879337292582"
"a3","0.5833333333333334","0.7432314308092816","0.8333333333333333","0.29202704880431757","0.5597462799657239","0.7034261472124061","0.8224505678708265","0.5932550032647925","0.0","0.0","0.0","0.0","0.0","0.0","0.0","0.0","0.3392678187762039"
"a2","0.15476190476190477","0.4794793435942155","0.6470588235294118","0.173134487445284","0.10308003194850633","0.40824920252724484","0.853311011904762","0.299559619193533","0.6","0.6650702328077291","0.7727272727272727","0.23961161854256838","0.6159776834976723","0.8410169663248306","0.554642857142857","0.645166701922813","0.35561230591529597"
"a4","0.0","0.0","0.0","0.0","0.0","0.0","0.0","0.0","0.0","0.0","0.0","0.0","0.0","0.0","0.0","0.0","0.05556895211598517"
