Similarity Measures,noun_path,noun_lch,noun_wup,noun_res,noun_jcn,noun_lin,noun_lesk,noun_vector,verb_path,verb_lch,verb_wup,verb_res,verb_jcn,verb_lin,verb_lesk,verb_vector,word2vec,Average
a1,0.14776022588522586,0.4539781575688846,0.5365454076367389,0.13233326305185472,0.08721890070023322,0.3096793874045364,0.2734097147612855,0.26226380923306214,0.4928571428571429,0.6598310286208665,0.6993197278911564,0.24164377247638522,0.7378375625319374,0.8038362877224842,0.7969733044733045,0.6925036745950904,0.3629268776269702,0.45240695559042116
a3,0.28660714285714284,0.5819597486745208,0.7412684451771139,0.24756848948184088,0.21522936683604055,0.5116999477007169,0.37034999530993695,0.3398512584070449,0.5761904761904761,0.6709718670609661,0.6647058823529413,0.15071466973689468,0.5321326629714885,0.6450828897426827,0.6010469723020744,0.6109571136139703,0.5295419283631935,0.48681640333994392
a2,0.20109577922077923,0.5158286469175624,0.6487253233093017,0.14940061327199286,0.1175464880459682,0.35892725200100756,0.4663683303465184,0.2873215443070869,0.4761904761904762,0.6527704044009498,0.6714285714285715,0.20187582722988648,0.6219145099932268,0.7602179775296226,0.8263888888888887,0.6919768516559074,0.42398356493645595,0.47482123821612954
Antecedent,0.3177083333333333,0.6200363408232721,0.7541895604395604,0.2692877255184223,0.24657293785597154,0.5958446618680397,0.5713083107456828,0.5048922053912126,0.6547619047619048,0.7332993093273057,0.7891156462585035,0.24595414210439515,0.558151298659228,0.8065956082997074,0.9166194255479969,0.7327810814022223,0.506464705306923,0.5778578351555107
