"Similarity Measures","noun_path","noun_lch","noun_wup","noun_res","noun_jcn","noun_lin","noun_lesk","noun_vector","verb_path","verb_lch","verb_wup","verb_res","verb_jcn","verb_lin","verb_lesk","verb_vector","word2vec"
"a1","0.17559523809523808","0.5069580708644157","0.6137254901960784","0.13498416846742264","0.11392989848717283","0.3196871032883477","0.24876210671166774","0.33523401978085204","0.875","0.8362410861995434","0.9722222222222222","0.2569722582393803","0.9078967189309176","0.9681288355772877","1.0","0.9935916344206864","0.4019466018877093"
"a3","0.1488095238095238","0.46903241633763104","0.6141447368421054","0.19195282293285704","0.12553513866853402","0.45744573505234054","0.34342662322877676","0.40369319012766275","0.7083333333333334","0.7617871643889691","0.861111111111111","0.2038649357512874","0.6734674435490089","0.8656249030631888","0.8125","0.8109765457587426","0.3652964970564728"
"Antecedent","0.19166666666666665","0.5374414752619472","0.6953947368421054","0.19031346532138899","0.12148416727441799","0.4598614187080393","0.34552475083510326","0.3783836043239832","0.5833333333333334","0.7148119698485951","0.7083333333333333","0.18007367245062073","0.3741617694321166","0.5706399806145713","0.8127886002886002","0.7225785852398059","0.3551174702524093"
"a4","0.21250000000000002","0.5649202025321474","0.6862745098039216","0.16049502903302862","0.10504194230021073","0.39068797174334857","0.496442027039649","0.314611102435763","0.41666666666666663","0.6403580480380207","0.6770833333333333","0.17491251175539302","0.20080987092831298","0.502011507191144","1.0","0.6843754957616246","0.34080159534807414"
