"Similarity Measures","noun_path","noun_lch","noun_wup","noun_res","noun_jcn","noun_lin","noun_lesk","noun_vector","verb_path","verb_lch","verb_wup","verb_res","verb_jcn","verb_lin","verb_lesk","verb_vector","word2vec"
"Antecedent","0.71875","0.8686516771602428","0.9506787330316743","0.4176245462026493","0.7953027422766028","0.9103705791735339","0.8381330237162055","0.6695017579882799","0.3333333333333333","0.5854005934976205","0.6","0.14697865505686283","0.13824236830687156","0.3618703781471518","0.4842096627652183","0.30272094701190766","0.4773363546919656"
"a3","0.71875","0.8411729498900428","0.9125","0.39885284406077776","0.6768784928177902","0.8289146807299963","0.9369604082614287","0.7673821062286514","0.38888888888888884","0.622038896524554","0.6","0.15232358632574008","0.4027289816120394","0.4411561882929973","0.5384632034632036","0.458414482971671","0.5203484488451512"
"a2","0.15342261904761906","0.45173698125262013","0.5509826957098629","0.13393739309119224","0.11233955644175303","0.33061970889804854","0.3361192164932165","0.22953633422383124","0.3333333333333333","0.5854005934976205","0.5238095238095238","0.13658830665153165","0.154526677618823","0.3747078387160116","0.4063271938966387","0.48670393295095904","0.379774321748828"
"a4","0.271780303030303","0.595506032356429","0.7562661248710011","0.24552196137807497","0.32894464338521606","0.5435794281443077","0.6198641850362114","0.29383785383815014","0.5555555555555555","0.684672489245053","0.6904761904761904","0.22940027660782467","0.46468029542538103","0.5752577914556213","0.635662878787879","0.6611217404443713","0.39222889757022417"
