Similarity Measures,noun_path,noun_lch,noun_wup,noun_res,noun_jcn,noun_lin,noun_lesk,noun_vector,verb_path,verb_lch,verb_wup,verb_res,verb_jcn,verb_lin,verb_lesk,verb_vector,word2vec,Average
Antecedent,0.3166666666666667,0.6137058913419934,0.7547880690737834,0.2221511389887414,0.23809435663779438,0.46784290866033135,0.3878438896918938,0.37738025810810544,0.3333333333333333,0.5854005934976205,0.5178571428571428,0.19955421008321228,0.40393161383317755,0.6720610230918214,0.758935525779583,0.418937973697169,0.3698814674924219,0.44931565075498769
a3,0.22517006802721087,0.5738326260952432,0.7005002000800322,0.20521863222480383,0.09391868889369283,0.3879276159759936,0.4291980178708978,0.41969194570296847,0.3333333333333333,0.5854005934976205,0.5,0.14721073483680802,0.16007759604829555,0.4567410039633948,0.403380566397146,0.28734121022082276,0.36491161742286027,0.36905026179947792
a2,0.1713683142254571,0.4521282974138261,0.4860022956551041,0.12525096585835474,0.17114804353355026,0.305190274733186,0.39587881555601606,0.2458354611985381,0.37499999999999994,0.6128793207678206,0.5416666666666666,0.13957552344557234,0.2638655690287138,0.5640579924180468,0.545734126984127,0.45845407811811845,0.26125301559355046,0.35972286830568523
a4,0.14421768707482993,0.456900795848855,0.6045879755410936,0.15400086320766587,0.11824506592763692,0.3237059390541822,0.2542642424837435,0.2503344441967122,0.6666666666666666,0.7343084371187691,0.75,0.20310804662154025,0.6665613186898188,0.822815990378786,1.0,0.848906940370249,0.34032815840049485,0.49052662185770851
