"Similarity Measures","noun_path","noun_lch","noun_wup","noun_res","noun_jcn","noun_lin","noun_lesk","noun_vector","verb_path","verb_lch","verb_wup","verb_res","verb_jcn","verb_lin","verb_lesk","verb_vector","word2vec"
"Antecedent","0.17954545454545454","0.512568227156272","0.680936846247851","0.24370149982505993","0.10549329973137091","0.4491419855188709","0.4681214033952523","0.3171527215998228","0.5833333333333334","0.6953155025784209","0.7516339869281046","0.19411085609429404","0.4666235897247373","0.7316723905274104","0.7994023569023571","0.637965454432437","0.4028676207656911"
"a3","0.36233766233766235","0.6368263087236407","0.7661025249260544","0.32081463384736647","0.2996066622615825","0.5759142283104418","0.6190670342433268","0.4477197098351818","0.5833333333333334","0.6953155025784209","0.8119658119658119","0.24325117833419818","0.5069874172457882","0.7405527176526071","0.8067526455026454","0.7261099645148423","0.447518895668226"
"a2","0.1996031746031746","0.5326347178614567","0.7023099191829842","0.24461480833095106","0.1321840162497162","0.47199014707177606","0.36633668743611714","0.3331848630948571","0.3611111111111111","0.5960436068309884","0.6666666666666666","0.18638483622048094","0.30618723464270897","0.5999571470472269","0.5883822822058117","0.5696588597436397","0.40842933795252545"
"a4","0.30404040404040406","0.6076637961953139","0.7796871858791363","0.336176864107335","0.2890835392332515","0.6104931953438103","0.7079890868310782","0.3982508773727492","0.17777777777777778","0.41397460518259604","0.615991851285969","0.17327476192268354","0.10456774012631344","0.4123709728541529","0.24742018602312732","0.15018000811352566","0.40073688068782554"
