"Similarity Measures","noun_path","noun_lch","noun_wup","noun_res","noun_jcn","noun_lin","noun_lesk","noun_vector","verb_path","verb_lch","verb_wup","verb_res","verb_jcn","verb_lin","verb_lesk","verb_vector","word2vec"
"Antecedent","0.3412698412698413","0.5563979326613484","0.6284722222222222","0.20725226485908044","0.3220692042304356","0.4782035184277794","0.4439719841173525","0.4016266781882465","0.75","0.7892658916591693","0.8875","0.2751500564146599","0.9678807375776087","0.9675112732969473","1.0","0.9383313820699247","0.45663028799636596"
"a3","0.24583333333333335","0.5995393046876674","0.7569444444444444","0.21519681839406513","0.1449381839358576","0.5471356731161708","0.3577723456822575","0.343374091621454","0.6458333333333333","0.714811969848595","0.7875","0.18847752186601482","0.7757796777306862","0.7398249425859489","0.7053451178451178","0.7102348934773305","0.39697684761325314"
"a2","0.12994505494505496","0.41526350178647753","0.5205627705627704","0.13777997290298574","0.10250811594494022","0.35265775479132505","0.21967950173230325","0.18042822562588126","0.6458333333333333","0.714811969848595","0.7944444444444444","0.2115417707482472","0.6309283887823347","0.7913517105050005","0.690976230235684","0.7032078064211965","0.42771458278228264"
