Similarity Measures,noun_path,noun_lch,noun_wup,noun_res,noun_jcn,noun_lin,noun_lesk,noun_vector,verb_path,verb_lch,verb_wup,verb_res,verb_jcn,verb_lin,verb_lesk,verb_vector,word2vec,Average
a1,0.0,0.0,0.0,0.0,0.0,0.0,0.0,0.0,0.0,0.0,0.0,0.0,0.0,0.0,0.0,0.0,0,0.0
a3,0.3,0.6414824548204635,0.7936898395721925,0.28592293018283776,0.31578444351974627,0.6596991763038702,0.6294534329791731,0.4185880941866076,0.2333333333333333,0.47660819790309494,0.373015873015873,0.10824500779724322,0.21632564621542616,0.3683401185994765,0.3207572057572057,0.3643394316925843,0.48935917115285515,0.41146731511952839
Antecedent,0.4666666666666666,0.7322399399012014,0.8542717086834735,0.34896946198666806,0.5203937113826705,0.7875121096955049,0.9317897568651338,0.5120397147393608,0.2333333333333333,0.47660819790309494,0.373015873015873,0.11444038997095858,0.21632564621542616,0.3745696057783558,0.4533534895439657,0.36539380629043433,0.6198702814299735,0.49298786431777031
a4,0.4,0.6570796286366027,0.7714285714285714,0.310866863012082,0.4729215309029301,0.693559064925412,0.6356524109351696,0.5168176308730982,0.2333333333333333,0.47660819790309494,0.42857142857142855,0.20194236042667676,0.22230646424565045,0.550934835745339,0.37328667105841,0.3643394316925843,0.5479960650303493,0.46221438168945489
