Similarity Measures,noun_path,noun_lch,noun_wup,noun_res,noun_jcn,noun_lin,noun_lesk,noun_vector,verb_path,verb_lch,verb_wup,verb_res,verb_jcn,verb_lin,verb_lesk,verb_vector,word2vec,Average
a1,0.1380952380952381,0.4263559225491326,0.5111799105607155,0.1553692590891327,0.09004411458716044,0.3388356669578589,0.4181537838604787,0.10802458291296384,0.0,0.0,0.0,0.0,0.0,0.0,0.0,0.0,0.11777118981558864,0.13551939226048645
a3,0.11428571428571428,0.39412635601721857,0.3942307692307692,0.0807519372097721,0.08572635370445238,0.2015744455503683,0.32692721904192235,0.24251614507294303,0.5,0.6953155025784209,0.7619047619047619,0.2657113820995204,0.6046772091799745,0.8029223864732196,1.0,0.6931689979822915,0.31054067096637683,0.43966940301751328
a2,0.13809523809523808,0.4263559225491326,0.5673202614379085,0.18027831098074285,0.1284715698650202,0.39204550238289154,0.17414095906561836,0.11419583098528051,0.41666666666666663,0.6403580480380207,0.6785714285714286,0.24620114160967163,0.5518674341498411,0.6592896154116701,0.6968359671988705,0.548930133423627,0.24302927453460896,0.40015607676271991
a4,0.11428571428571428,0.39412635601721857,0.3311355311355311,0.029883075095373943,0.08566103198306223,0.09201363269306317,0.32692721904192235,0.23573812122363536,0.5,0.6953155025784209,0.7333333333333334,0.28987343672949184,0.7065599107918007,0.9095781915421778,1.0,0.714607903443085,0.18308334385502506,0.43188954727934442
