Similarity Measures,noun_path,noun_lch,noun_wup,noun_res,noun_jcn,noun_lin,noun_lesk,noun_vector,verb_path,verb_lch,verb_wup,verb_res,verb_jcn,verb_lin,verb_lesk,verb_vector,word2vec,Average
Antecedent,0.3755555555555556,0.6074013650960268,0.7548085901027077,0.2635794271134502,0.44727861682173026,0.5871789860023896,0.6517217951570938,0.4081113374443038,0.3055555555555555,0.5594053038040551,0.6321678321678322,0.25164701429288433,0.16450474778275062,0.5770013341741319,0.47472049758233964,0.5081312317604497,0.42628533925636575,0.47029732527468365
a3,0.12095959595959596,0.40794737511199697,0.4645424836601307,0.12794169011121703,0.08997683310337175,0.2917936734011354,0.2529733355800844,0.16563874401670858,0.2888888888888889,0.5392417906235939,0.4444444444444444,0.10824500779724322,0.14368096477701542,0.3507945569637552,0.42381076431966536,0.5081312317604497,0.3495422991279931,0.29873845174395824
a2,0.15388888888888888,0.4570807425668293,0.5663597496414833,0.1414640285504264,0.11080951110804158,0.3613830184879268,0.17839406160224172,0.21733444120393566,0.5277777777777778,0.6586771995514874,0.6333333333333333,0.22470297281814045,0.43325540593310485,0.6689055004428058,0.6287598422109294,0.6936397701931231,0.3423101260220426,0.41165155119603047
a4,0.19833333333333333,0.5386268618314489,0.7185434173669469,0.18024808832052416,0.12457508926714214,0.4204980044847602,0.588370787833388,0.2551902218527522,0.2888888888888889,0.5392417906235939,0.4444444444444444,0.1570457406397857,0.1502406583824132,0.46602061721965216,0.46716450714963703,0.5081312317604497,0.37591807354283935,0.37773422099658827
