"Similarity Measures","noun_path","noun_lch","noun_wup","noun_res","noun_jcn","noun_lin","noun_lesk","noun_vector","verb_path","verb_lch","verb_wup","verb_res","verb_jcn","verb_lin","verb_lesk","verb_vector","word2vec"
"Antecedent","0.17500000000000002","0.5073274881067636","0.6904761904761904","0.16826048410533548","0.1246783191475922","0.41485519529977594","0.238957828724219","0.301237466667801","0.5","0.6953155025784209","0.8571428571428571","0.3310148934562714","0.25036730928684603","0.7678234890591484","1.0","0.472338893196745","0.456244735978944"
"a3","0.10873015873015873","0.3776515661707463","0.4651960784313725","0.10991453301572202","0.08120775514639994","0.2274306202916312","0.2320832588893187","0.16599727281517165","0.3333333333333333","0.5854005934976205","0.5714285714285714","0.31305360692801426","0.21632177264676475","0.7298991476716163","0.396009332547794","0.376740635780066","0.4474659248248808"
"a2","0.1638888888888889","0.4908526982602914","0.621031746031746","0.13367633889163807","0.09972552402213253","0.3448223533427978","0.23850837027275365","0.21695529120821533","0.25","0.5074147244169241","0.4","0.14710727990008113","0.10819970452422431","0.3872956361810884","0.413265306122449","0.298428785882995","0.42029209457365735"
"a4","0.10064102564102566","0.35835275981491677","0.30402930402930406","0.048361157750457025","0.06974213814638536","0.10188987302868642","0.11261497622768905","0.16223194607969435","0.25","0.5074147244169241","0.4","0.0","0.10838920208165845","0.0","0.413265306122449","0.23946460707759","0.13421411983232073"
