Similarity Measures,noun_path,noun_lch,noun_wup,noun_res,noun_jcn,noun_lin,noun_lesk,noun_vector,verb_path,verb_lch,verb_wup,verb_res,verb_jcn,verb_lin,verb_lesk,verb_vector,word2vec,Average
Antecedent,0.3299319727891157,0.6220388199217494,0.7428571428571429,0.25709094801953747,0.25678565166759293,0.5623225523176056,0.48840431585069555,0.4315771998093229,0.6333333333333334,0.7265098502106995,0.7666666666666666,0.19642345626832655,0.5165598818716375,0.7348231580082276,1.0,0.73894442867075,0.5413687118728935,0.5615081229491351
a3,0.35770618270618265,0.5391079522666335,0.5333594976452118,0.16701059957119044,0.3448267807517986,0.4144790211450187,0.38730627091277076,0.41597047985741803,0.7666666666666667,0.7860729876591588,0.8333333333333333,0.23530081247373844,0.6739428138653842,0.8163657911370981,0.8655741007364748,0.8193233472517978,0.5360996282567916,0.55837919213156884
a2,0.6,0.7849860882723263,0.8972431077694237,0.3553089707662225,0.5652018724914687,0.8038332491845398,0.7920918590209091,0.6709385574993775,0.6166666666666667,0.7109126763945601,0.7133333333333333,0.17906136634258785,0.4962739746144913,0.6853237125509535,0.730685211847586,0.6798125349258908,0.593001193050066,0.63968672792531789
a4,0.1464904143475572,0.43750766324980345,0.5546685340802987,0.19664385899830372,0.22619737629316314,0.4814087988002793,0.22544500004733803,0.30483077804911163,0.0,0.0,0.0,0.0,0.0,0.0,0.0,0.0,0.41306960493486766,0.17566247228239548
