"Similarity Measures","noun_path","noun_lch","noun_wup","noun_res","noun_jcn","noun_lin","noun_lesk","noun_vector","verb_path","verb_lch","verb_wup","verb_res","verb_jcn","verb_lin","verb_lesk","verb_vector","word2vec"
"a1","0.16936026936026938","0.4985909404277856","0.6192903912202158","0.15817217438128067","0.09582018784877784","0.35826658793816263","0.44538767112440414","0.22375275065266656","0.611111111111111","0.7213107922719865","0.7666666666666666","0.18806101518928778","0.7090620880654169","0.8065068173297831","0.7926954732510287","0.751406183251092","0.45461976911579255"
"a3","0.1716931216931217","0.48876205843173154","0.606083049504102","0.16604709388551128","0.12398987855602248","0.4137719739857673","0.361653388243573","0.2981651724098663","0.611111111111111","0.7213107922719865","0.7666666666666666","0.18806101518928778","0.7200773075103184","0.8264336338194318","0.7731481481481479","0.751406183251092","0.3408742559337603"
"Antecedent","0.2700617283950617","0.5578893653744843","0.6918685707901394","0.20510876578501566","0.2348324007692161","0.5051702415107499","0.48980663582391837","0.4084702341291519","0.25","0.5074147244169241","0.5473684210526315","0.11111538590463721","0.10409944281835339","0.2779312982398648","0.268728242656814","0.25983814337380035","0.41662247553899123"
"a4","0.14048019881353213","0.44120893993576726","0.4790986790986791","0.12053426613761611","0.17094744071670498","0.3543209347804677","0.19908137316671565","0.23678501185127698","0.611111111111111","0.7213107922719865","0.7666666666666666","0.18806101518928778","0.7200773075103184","0.8264336338194318","0.7870370370370369","0.751406183251092","0.3776563607868767"
