"Similarity Measures","noun_path","noun_lch","noun_wup","noun_res","noun_jcn","noun_lin","noun_lesk","noun_vector","verb_path","verb_lch","verb_wup","verb_res","verb_jcn","verb_lin","verb_lesk","verb_vector","word2vec"
"a1","0.25","0.6102881071881849","0.775","0.30504718147048093","0.20807765521075902","0.6962898212598141","0.7590277777777775","0.41678790518042297","0.5","0.6953155025784209","0.75","0.20576339030545993","1.0","0.9592997703437957","1.0","0.751449298410268","0.5470025105008293"
"Antecedent","0.20833333333333331","0.5553306526477848","0.7222222222222222","0.28808440880263475","0.20802412436433643","0.6348754091682323","0.997965437186099","0.36804476418625154","1.0","0.8832162807399176","1.0","0.20966239480826138","1.0","1.0","1.0","1.0","0.6661813266536604"
