"Similarity Measures","noun_path","noun_lch","noun_wup","noun_res","noun_jcn","noun_lin","noun_lesk","noun_vector","verb_path","verb_lch","verb_wup","verb_res","verb_jcn","verb_lin","verb_lesk","verb_vector","word2vec"
"a1","0.3704081632653061","0.6670832508905508","0.8285886818495515","0.31351194827440715","0.33183011520421557","0.7022316628420577","0.721439089022741","0.5964115728673093","0.3333333333333333","0.5854005934976205","0.625","0.22005074824610374","0.18659600546838614","0.5600777026673268","0.26150722484115596","0.333357026794586","0.4106362867091958"
"a3","0.31904761904761897","0.6107254813422595","0.8033630118714152","0.3236143786762433","0.26445072261967567","0.6502324083330839","0.4381976062366096","0.44305185018616117","0.26666666666666666","0.5161623891865805","0.5","0.21604080474216783","0.15535886783177383","0.5384914524129889","0.5267913974011535","0.365745954227975","0.319326440517842"
"a2","0.41428571428571426","0.6532705795197303","0.8009560099343381","0.30870740653114026","0.3946518959058945","0.6878826243755115","0.6802067317058391","0.5178636669113553","0.29166666666666663","0.5464076589572724","0.6493506493506493","0.2694285074206005","0.18359801896164607","0.5656676653472699","0.4984585437710435","0.361207820844229","0.4419036444651008"
"Antecedent","1.0","0.9860896635111783","1.0","0.490806659322852","1.0","1.0","1.0","1.0","1.0","0.8832162807399176","1.0","0.5208412388789614","1.0","1.0","1.0","1.0","1.0"
"a4","0.17057823129251704","0.5000557683197909","0.679001074113856","0.23547323840361806","0.09834045003418175","0.454713347903057","0.5484463506617938","0.29315119742114104","0.25","0.49145020441687215","0.5972222222222222","0.26276320269985465","0.19131816729488416","0.6056902893986154","0.30668795973674","0.362913168794439","0.31088486621032646"
