"Similarity Measures","noun_path","noun_lch","noun_wup","noun_res","noun_jcn","noun_lin","noun_lesk","noun_vector","verb_path","verb_lch","verb_wup","verb_res","verb_jcn","verb_lin","verb_lesk","verb_vector","word2vec"
"Antecedent","0.21666666666666667","0.5250853828770929","0.700657894736842","0.22445635655825333","0.2802024885848229","0.5686076363089226","0.577660518616667","0.266174917203389","0.75","0.7892658916591693","0.8666666666666667","0.29085740031424034","0.7215841514804681","0.9278926550889123","1.0","0.8486256647117537","0.5242072571917553"
"a3","0.15476190476190477","0.4794793435942155","0.6491228070175439","0.18715384079818173","0.09801516018310391","0.42223388510713716","0.4184477130674295","0.1471646687403615","0.6875","0.742290697118795","0.7666666666666666","0.22679262403305098","0.6189614809796221","0.8330115829772369","0.811431623931624","0.774302442154029","0.39277293245228323"
"a2","0.13392857142857142","0.4404864090538674","0.6491228070175439","0.22048464028718728","0.11190000375717041","0.4894596503729287","0.2806639194139195","0.33301043647742845","0.5208333333333333","0.6678367753082208","0.6416666666666666","0.16744513403753392","0.44881661183245514","0.6161038152970412","0.7351190476190477","0.6152107263622705","0.4067168002997178"
"a4","0.11688311688311688","0.39732262972689525","0.39285714285714285","0.07254173662568554","0.06948989822974254","0.16319973131560062","0.27784992784992746","0.1102327203514","0.5208333333333333","0.6678367753082208","0.6416666666666666","0.13893808871929997","0.432074156007901","0.5866301048393362","0.6470734126984128","0.6152107263622705","0.3534901190132804"
