"Similarity Measures","noun_path","noun_lch","noun_wup","noun_res","noun_jcn","noun_lin","noun_lesk","noun_vector","verb_path","verb_lch","verb_wup","verb_res","verb_jcn","verb_lin","verb_lesk","verb_vector","word2vec"
"Antecedent","0.3419047619047619","0.6089286971986424","0.7188375350140056","0.2237402865124774","0.3000615177525149","0.547165075716408","0.5601455299305874","0.5140768457697246","0.75","0.7892658916591693","0.8333333333333333","0.2678958672991272","0.7047384761038731","0.8939788781965687","1.0","0.8964124300340295","0.483373248370598"
"a3","0.5166666666666667","0.716642766085062","0.8129468055164649","0.3166593970379058","0.4764749096629986","0.7117840440339224","0.5538620385574411","0.6271298908940655","0.75","0.7892658916591693","0.8333333333333333","0.20771289255686065","0.7047384761038731","0.8769976337500605","1.0","0.890978325432684","0.6346664248318125"
"a2","0.1881818181818182","0.5191481161002667","0.6642857142857144","0.2242651989915106","0.10857295743999529","0.44815301688634535","0.3347170228060924","0.17552131438367535","0.75","0.7892658916591693","0.9","0.25981946195937855","0.7324019797447197","0.925918478184178","1.0","0.8959676355325805","0.47674381248347186"
"a4","0.33166666666666667","0.5918041912798874","0.7239348370927319","0.22053878796277795","0.30108163046127073","0.5646857693388455","0.4214583963798554","0.4171738024604486","0.75","0.7892658916591693","0.9444444444444444","0.2190185602967211","1.0","0.9958353218640145","1.0","0.8697074950725795","0.5760858702053306"
