Similarity Measures,noun_path,noun_lch,noun_wup,noun_res,noun_jcn,noun_lin,noun_lesk,noun_vector,verb_path,verb_lch,verb_wup,verb_res,verb_jcn,verb_lin,verb_lesk,verb_vector,word2vec,Average
Antecedent,0.2791666666666667,0.6284013032081132,0.8040482026143791,0.2817615592511865,0.14845127005589143,0.5970718503392471,0.6473919320436626,0.31579859563601437,0.6333333333333333,0.6996893349632491,0.7303921568627452,0.20712362351661337,0.6079581691605517,0.7846601209001544,0.6835851522215158,0.6816072047972357,0.5174371750220371,0.54399280297603514
a3,0.15436958874458875,0.4622467174986501,0.5609645043788266,0.1421251213470701,0.09151816657816962,0.3333966518065555,0.32157412664714385,0.15855299775971612,0.3416666666666666,0.5782602186123007,0.6805555555555556,0.22326002775616174,0.29017690543405145,0.6707318617519735,0.41820812289562304,0.3682541074997028,0.3313900645899275,0.36042655326604017
a2,0.18556547619047617,0.5238530492488137,0.6811683006535948,0.18972106534710387,0.1518609539740051,0.5083473761166907,0.3133459249450038,0.2767358287389593,0.675,0.7271680622334492,0.8055555555555556,0.2444102711904781,0.680766339586895,0.8281542138378621,0.8104166666666668,0.7182359254631923,0.5092519669882833,0.51938570451394295
a4,0.32410714285714287,0.659983857927755,0.7924164724164724,0.25296464535451807,0.1699013662699914,0.5958587425670919,0.7965504536765508,0.39884446200836327,0.5416666666666666,0.6873332425783949,0.8311965811965811,0.29135937543129303,0.8248573675109636,0.9401831774050171,1.0,0.7049565116098975,0.46500807894114127,0.60454047908340236
