Similarity Measures,noun_path,noun_lch,noun_wup,noun_res,noun_jcn,noun_lin,noun_lesk,noun_vector,verb_path,verb_lch,verb_wup,verb_res,verb_jcn,verb_lin,verb_lesk,verb_vector,word2vec,Average
Antecedent,0.23742646242646243,0.5386944040149707,0.6704389178073389,0.21369039556172453,0.17164468176945097,0.4598678608385115,0.3859220181276287,0.3502625453349483,0.3333333333333333,0.5854005934976205,0.8333333333333334,0.3345583153165965,1.0,0.9530414078017453,0.715828544061303,0.547288041469142,0.46387982097590685,0.51733003974529512
a3,0.15802808302808302,0.4704345317396839,0.6354031589325706,0.20494081251926904,0.14484284344129675,0.43792183889254943,0.3929653823454627,0.31540744911376317,0.3333333333333333,0.5854005934976205,0.875,0.3675272658089455,0.5918796117864288,0.8966987314756967,0.715828544061303,0.547288041469142,0.3715961955919873,0.47320567159041976
a2,0.15637973137973132,0.4726402569307048,0.5965295024892548,0.15600959244153859,0.0835329045184622,0.3278139330183929,0.3166366789305306,0.20185969803898507,0.3333333333333333,0.5854005934976205,0.5,0.12781605200648147,0.11093493479382742,0.3613534782011715,0.176731601731602,0.188070060496332,0.3368971454113362,0.29599644101290029
