"Similarity Measures","noun_path","noun_lch","noun_wup","noun_res","noun_jcn","noun_lin","noun_lesk","noun_vector","verb_path","verb_lch","verb_wup","verb_res","verb_jcn","verb_lin","verb_lesk","verb_vector","word2vec"
"a1","0.299092970521542","0.5697568382343505","0.6476349244151101","0.21200708517608408","0.30771570111985813","0.49867402086227963","0.4219119684095471","0.3903697759153389","0.43796296296296305","0.5948140323863256","0.671604938271605","0.16810756064515672","0.3934630845367549","0.6289577236902977","0.5635562486100122","0.6091344121982497","0.4625763700096204"
"a3","0.3064342403628118","0.5887487416087929","0.6379921199248929","0.19039769572529006","0.24203710746277593","0.45328230649700235","0.41366655848050976","0.35285483862484807","0.4527777777777778","0.6102003000110012","0.7012345679012345","0.16810756064515672","0.3934630845367549","0.6289577236902977","0.6535933058692915","0.6131383609149617","0.43351747707391497"
"a2","0.21913265306122448","0.5641864190143009","0.6920357322170679","0.18715301919639954","0.11643179961174717","0.4278372203602127","0.374069624134744","0.3156934013555523","0.30092592592592593","0.5420751106750115","0.534006734006734","0.17714295763951562","0.1718960261538072","0.5038817498948438","0.3297561031631736","0.33925009864398287","0.3856643213671683"
"Antecedent","1.0","0.9860896635111783","1.0","0.434173402828531","1.0","1.0","1.0","0.9999999999999952","1.0","0.8832162807399176","1.0","0.45744204809396233","1.0","1.0","1.0","1.0","1.0"
"a4","0.3983843537414966","0.6567328531648773","0.7753912753912753","0.26155739877461986","0.3780254446185399","0.6753741270492739","0.5683765400737946","0.46260955405165655","0.6362433862433862","0.7080026169267603","0.8301907968574634","0.332785135833455","0.6762443071991409","0.8432677500493947","0.7889356753254865","0.7162553148649139","0.45205016971340434"
