"Similarity Measures","noun_path","noun_lch","noun_wup","noun_res","noun_jcn","noun_lin","noun_lesk","noun_vector","verb_path","verb_lch","verb_wup","verb_res","verb_jcn","verb_lin","verb_lesk","verb_vector","word2vec"
"Antecedent","0.14484126984126983","0.4604486720717064","0.48325791855203626","0.13716892240881653","0.09182162290520053","0.332021334636276","0.279493607787943","0.16634493613706572","0.3333333333333333","0.5854005934976205","0.5","0.1280126104909828","0.15280371461035605","0.4383779906479024","0.275132275132275","0.490639933968033","0.30240649415269727"
"a3","0.12037037037037036","0.40110130235995217","0.4222222222222222","0.06410327781861795","0.07097739660396185","0.14460464899515507","0.308801608659641","0.29963448716514135","0.3333333333333333","0.5854005934976205","0.5","0.0","0.08787191726840778","0.0","0.208937198067633","0.26033325589476","0.33334712677349077"
"a2","0.24999999999999997","0.5996450938548169","0.762844611528822","0.3760081581252326","0.19867312949697244","0.7239439167682805","0.652137199723676","0.23712106354409065","0.3333333333333333","0.5854005934976205","0.5","0.1280126104909828","0.11521149983270207","0.3704860712595837","0.243253968253968","0.392947153589842","0.356173893926084"
"a4","0.1259259259259259","0.41757609220642444","0.4817251461988304","0.18240447880342825","0.08134562372994292","0.3500396008339676","0.3164515160069197","0.11305704756775903","0.3333333333333333","0.5854005934976205","0.5","0.1280126104909828","0.20160745700598293","0.5073546760220442","0.433333333333333","0.311132174160692","0.38141592977344263"
