Similarity Measures,noun_path,noun_lch,noun_wup,noun_res,noun_jcn,noun_lin,noun_lesk,noun_vector,verb_path,verb_lch,verb_wup,verb_res,verb_jcn,verb_lin,verb_lesk,verb_vector,word2vec,Average
a1,0.30317460317460315,0.5756341009224737,0.7162698412698413,0.23669509029606517,0.24248219752740874,0.48480311955182714,0.42679219307663674,0.3069137057665859,0.611111111111111,0.7213107922719862,0.7444444444444445,0.2848475322538808,0.6185930057708454,0.8276395978847916,0.8421088085439937,0.7858258579484044,0.3742664281412514,0.53546543705624428
a3,0.3126984126984127,0.5908361140167662,0.7436391223155928,0.269954075378932,0.28185111921130085,0.5675416515993051,0.259593731263758,0.36891227965950013,0.5277777777777778,0.6899939959117369,0.6388888888888888,0.1839585049297713,0.38988739978097997,0.6417800979813045,0.7318280913188321,0.5994013389131768,0.2995337326533603,0.47635743142937625
a2,0.16118326118326118,0.48249779849369373,0.6017740429505135,0.16873602946481978,0.09300121450410008,0.3601093811518239,0.40447831658976946,0.1872535746104983,0.47222222222222227,0.6533556928848036,0.6071428571428571,0.17565655634891011,0.35376037903953356,0.6099408707005151,0.6010532200548303,0.4804195468651345,0.370584014444062,0.39900993992066758
Antecedent,1.0,0.9860896635111783,1.0,0.5365513952730765,1.0,1.0,0.8333333333333334,1.0,1.0,0.8832162807399176,1.0,0.396073371035303,1.0,1.0,1.0,1.0,1.0,0.91972141434663579
a4,0.32261904761904764,0.6021906473591766,0.755026455026455,0.24697217187056694,0.2568243390480754,0.5354775864720258,0.5340616929692753,0.34617790037634877,0.3611111111111111,0.6037197450110873,0.5896825396825397,0.21798080382416488,0.19682888478514005,0.5530015829634021,0.5902116402116403,0.4821424859206839,0.47850213920624485,0.45132533961511673
