"Similarity Measures","noun_path","noun_lch","noun_wup","noun_res","noun_jcn","noun_lin","noun_lesk","noun_vector","verb_path","verb_lch","verb_wup","verb_res","verb_jcn","verb_lin","verb_lesk","verb_vector","word2vec"
"Antecedent","0.2331890331890332","0.5552157467435367","0.6778559675618498","0.21914397855311554","0.1515373609477194","0.47716176258706644","0.427561067578159","0.34574103811729395","0.7","0.7704758138430197","0.888888888888889","0.2534306216958239","0.5777014465614629","0.8127634430458708","1.0","0.7262850527803558","0.5193475795841037"
"a3","0.12474848383939291","0.4060795129653096","0.47246357873292855","0.11179984750981832","0.06952934027631498","0.21780554596292506","0.15993485317215222","0.20463600564500875","0.2333333333333333","0.48543174260076405","0.3815384615384615","0.1406868996047428","0.09508123328359816","0.3464630887680097","0.2843108511858512","0.2011116552913232","0.3796933476555202"
"a2","0.11176374130919586","0.38723540395489736","0.39922550711320764","0.06755468525830764","0.07340881006315235","0.1400818224674991","0.0847355340054552","0.1467362450432754","0.24","0.4953166165086474","0.42000000000000004","0.07562863411559925","0.08058186355295305","0.16692453245098982","0.2130205415499534","0.1908318456479192","0.31176003236920485"
"a4","0.17778105732651184","0.49851661927896296","0.5843809699072856","0.1477547222547454","0.09299461901027649","0.3093165366978013","0.32315162093115846","0.2790030398970529","0.3666666666666666","0.6073835753137807","0.7180952380952382","0.19814098045131767","0.3586935442603342","0.5891641395213076","0.7596139971139972","0.4748116148555808","0.4310039697389691"
