"Similarity Measures","noun_path","noun_lch","noun_wup","noun_res","noun_jcn","noun_lin","noun_lesk","noun_vector","verb_path","verb_lch","verb_wup","verb_res","verb_jcn","verb_lin","verb_lesk","verb_vector","word2vec"
"a1","0.1468253968253968","0.4624475435806","0.5654761904761905","0.11995912467677242","0.07673687130269788","0.2578195247988031","0.25291139321512873","0.12205602980605723","0.31944444444444436","0.5724029486508379","0.49523809523809526","0.12441033955823914","0.1353875168090585","0.3460388806726648","0.33758185529302764","0.27259920783949915","0.37769730952011876"
"a3","0.17738095238095236","0.5146384556205085","0.6428571428571428","0.15086755412384661","0.13271923650794104","0.4064709971471727","0.34132166951594295","0.18974194403249625","0.47222222222222227","0.6533556928848033","0.611111111111111","0.1068980188355847","0.31885347731755587","0.4205627845993141","0.6780059292559292","0.5490847660646774","0.407397962148942"
"a2","0.17738095238095236","0.5146384556205085","0.6078947368421052","0.15951036329028628","0.09946746332647846","0.35611342180445876","0.3729404427218468","0.15059547472232718","0.3611111111111111","0.6037197450110873","0.5555555555555555","0.11239610437204267","0.14994383263855887","0.33293748069027573","0.6837550054485538","0.5506111309785725","0.4251740395676604"
"Antecedent","1.0","0.9860896635111784","1.0","0.5343183661482959","1.0","1.0","1.0","1.0","1.0","0.8832162807399176","1.0","0.38371410320728017","1.0","1.0","1.0","1.0","1.0"
"a4","0.14027777777777778","0.4462576286816905","0.6013784461152882","0.18134427954114213","0.0947544351867901","0.39147453328164117","0.3073186627408665","0.19145636525837814","0.4583333333333334","0.6403580480380208","0.6388888888888888","0.17986220780229054","0.46952633183351233","0.628535776057448","0.42072665140199134","0.39391336441804103","0.39846147923638636"
