"Similarity Measures","noun_path","noun_lch","noun_wup","noun_res","noun_jcn","noun_lin","noun_lesk","noun_vector","verb_path","verb_lch","verb_wup","verb_res","verb_jcn","verb_lin","verb_lesk","verb_vector","word2vec"
"Antecedent","0.4125","0.6739932264982416","0.8041666666666667","0.3530841852916209","0.3549797581135966","0.6514848419212296","0.49981225487302827","0.42869692408713905","0.3333333333333333","0.5854005934976205","0.6666666666666666","0.2773181879791995","0.13426546596939815","0.5791826471774437","1.0","0.4123043885102675","0.47659318778995596"
"a3","0.31856060606060604","0.4991296608287787","0.5057422969187675","0.22422513083314954","0.29375242110062294","0.35383992986916796","0.4740034142446675","0.29117159617442","0.35","0.5711198437269808","0.5303030303030303","0.15868520490989374","0.1941458854180948","0.403547306402032","0.5205026455026455","0.5636998829489865","0.5055165601806257"
"a2","0.36439393939393944","0.5930800499095271","0.7196969696969696","0.2485346369973031","0.33528781538472163","0.516416427471253","0.47959035495853675","0.3837464377503845","0.375","0.6013651134976725","0.5333333333333333","0.18643244271177872","0.1655888277066358","0.5047816933922826","0.5372222222222223","0.5636998829489865","0.515202828416885"
"a4","0.16607142857142856","0.4723389687088957","0.5934848484848485","0.1591291465718801","0.12625591735790495","0.38021751447877106","0.3505873176360007","0.2616778589191505","0.625","0.6953155025784209","0.7","0.31504299783011447","0.536868480316596","0.6764163028461334","0.5395045045045045","0.6267377380381816","0.47818726065821726"
