Similarity Measures,noun_path,noun_lch,noun_wup,noun_res,noun_jcn,noun_lin,noun_lesk,noun_vector,verb_path,verb_lch,verb_wup,verb_res,verb_jcn,verb_lin,verb_lesk,verb_vector,word2vec,Average
Antecedent,0.16666666666666666,0.5003731981073846,0.7058823529411765,0.18715384079818173,0.11762650609516515,0.4629402450756789,0.38177830997126,0.247841438288477,1.0,0.8832162807399176,1.0,0.20966239480826138,1.0,1.0,1.0,1.0,0.6544401311896436,0.61868125674598895
a2,0.2,0.5497975676468014,0.7142857142857143,0.20316133354667876,0.12626656447264184,0.5058410333078728,0.749121966794381,0.302955773583015,1.0,0.8832162807399176,1.0,0.20966239480826138,1.0,1.0,1.0,1.0,0.6636932873074194,0.65341187744074714
