Similarity Measures,noun_path,noun_lch,noun_wup,noun_res,noun_jcn,noun_lin,noun_lesk,noun_vector,verb_path,verb_lch,verb_wup,verb_res,verb_jcn,verb_lin,verb_lesk,verb_vector,word2vec,Average
Antecedent,0.2611111111111111,0.6161198837012892,0.8010582010582011,0.24845726345590244,0.13577747734357157,0.5491747835529667,0.6629230085984184,0.34768389106674663,0.6666666666666666,0.7343084371187691,0.75,0.2440537275927698,0.5633316035056634,0.7314684146390606,0.632142857142857,0.662818513207478,0.4556835368917047,0.53310466921489275
a3,0.2080808080808081,0.5247104380961423,0.6369047619047619,0.2070635912068088,0.13471729760048756,0.4529307564466958,0.5331837643812253,0.2565566196468813,0.41666666666666663,0.6403580480380207,0.5833333333333333,0.15878340048510375,0.3819217396910918,0.42508090848211316,0.632142857142857,0.479515947808855,0.3231463630287029,0.41147631188473843
a2,0.24444444444444446,0.5959563705208281,0.751984126984127,0.24370956157079535,0.15482009493514573,0.5711981464083039,0.5554660794666123,0.33390972856261536,0.5,0.6953155025784209,0.7777777777777777,0.2951239550594021,0.39919915727164446,0.7663184702750403,1.0,0.8035043538093235,0.39648814749433814,0.53442446571522473
a4,0.21428571428571427,0.5490775544857708,0.7268518518518517,0.24845726345590244,0.1302127027982293,0.5404686243585678,0.6418295742931129,0.345701238935839,0.5,0.6953155025784209,0.8194444444444444,0.33376063081107543,0.4492365065502629,0.7915391163925695,1.0,0.8035043538093235,0.3659807404333029,0.53856857761672872
