"Similarity Measures","noun_path","noun_lch","noun_wup","noun_res","noun_jcn","noun_lin","noun_lesk","noun_vector","verb_path","verb_lch","verb_wup","verb_res","verb_jcn","verb_lin","verb_lesk","verb_vector","word2vec"
"Antecedent","0.24583333333333335","0.5995393046876673","0.7620614035087719","0.23676890801192216","0.12983714824034237","0.5319775677186418","0.6924604084865865","0.2768444023134735","0.5555555555555555","0.684672489245053","0.825925925925926","0.22010612359361684","0.4698979840943979","0.7238185741720885","0.873021978021978","0.5946221493557836","0.3050245301847573"
"a3","0.4375","0.7042384962689334","0.8565934065934065","0.3238263797562876","0.35226333360836715","0.6648930689941066","0.6158506300878864","0.47574520269595927","0.2222222222222222","0.4707764213899907","0.36190476190476195","0.056846884738444035","0.07597860825874005","0.1335095489462332","0.17288059163059166","0.17565664776777057","0.4307975233920859"
"a2","0.4458333333333333","0.7086123286537616","0.8601190476190477","0.3238263797562876","0.34494258860944166","0.6505721989952578","0.769419416727564","0.432928249326937","0.7777777777777778","0.7839443849924853","0.9259259259259259","0.29495862942079026","0.7381524911673775","0.9138563838091276","1.0","0.7645707588507024","0.5110814457248809"
