Similarity Measures,noun_path,noun_lch,noun_wup,noun_res,noun_jcn,noun_lin,noun_lesk,noun_vector,verb_path,verb_lch,verb_wup,verb_res,verb_jcn,verb_lin,verb_lesk,verb_vector,word2vec,Average
a1,0.11468531468531468,0.3781728173312617,0.3235930735930736,0.06538968565735355,0.07570596522745585,0.14380884530502275,0.12994906245175625,0.11440554913209058,0.5,0.632681909857922,0.6,0.2060865979524901,0.42136810654622314,0.6345049053406986,0.5108465608465607,0.5613175320931173,0.32854047831988803,0.33770920025530754
a3,0.24999999999999997,0.6023058471881588,0.7795454545454545,0.2632878514322632,0.14546952355422074,0.5647574308281166,0.324449309098226,0.2647252641485445,0.27777777777777773,0.5334100141104896,0.6142857142857142,0.3020272927952902,0.2140535048326543,0.7093496563977307,0.3815818151755653,0.4037201397202456,0.5037193549651658,0.41967446769738931
a2,0.10119047619047618,0.3490006872296775,0.2681511470985155,0.029239387652140434,0.05424770776243297,0.061267712837222564,0.11226314593771501,0.07522615809565189,0.3333333333333333,0.570048317137423,0.48888888888888893,0.06252540082425675,0.14342712011008676,0.22295406251729932,0.582212144116906,0.31502325756661004,0.38169703117379883,0.24415858696896678
Antecedent,1.0,0.9860896635111784,1.0,0.5396823801622845,1.0,1.0,1.0,0.999999999999998,1.0,0.8832162807399176,1.0,0.40651782841020806,1.0,1.0,1.0,1.0,1.0,0.93032389134256399
a4,0.4145833333333333,0.6616371341133873,0.7962121212121213,0.2696283289191539,0.32426270748084185,0.5674095170129825,0.4069702635327635,0.43877396940512137,0.4444444444444444,0.6586771995514874,0.611111111111111,0.28334357891287737,0.7273319180758371,0.8569106812052721,0.7962121212121214,0.5998454097898067,0.5031347385796128,0.55061697517013375
