"Similarity Measures","noun_path","noun_lch","noun_wup","noun_res","noun_jcn","noun_lin","noun_lesk","noun_vector","verb_path","verb_lch","verb_wup","verb_res","verb_jcn","verb_lin","verb_lesk","verb_vector","word2vec"
"a1","0.11844396344396345","0.40006544587989706","0.3685697635697636","0.06941474766185797","0.0780458960619009","0.171456146228697","0.2503011247830265","0.13383574347606406","0.48611111111111116","0.6586771995514874","0.623015873015873","0.21604659715822702","0.40630859584407525","0.7173443982178344","0.7093867829881475","0.518160747883829","0.28478018558601353"
"a3","0.23486772486772486","0.570695428233265","0.7090771171266527","0.20605138607577586","0.15261753434911693","0.47527804913281024","0.5347947124085645","0.3338524696443891","0.6388888888888888","0.7396299437854531","0.7956349206349206","0.27092031249332055","0.6510928649844444","0.8693005689952812","0.9055555555555556","0.7335540593506905","0.5169510672746401"
"a2","0.1640740740740741","0.48946184026041556","0.6295142983378277","0.19802379942025153","0.10598829580768916","0.42930370616962993","0.31173855285911617","0.23609398120260777","0.638888888888889","0.7396299437854531","0.7907407407407407","0.251874396415342","0.5980189373368868","0.8270180435635862","0.8684092690574171","0.6832778690047222","0.4754419180015101"
"Antecedent","1.0","0.9860896635111783","0.9666666666666667","0.5099070055153571","1.0","1.0","1.0","0.9999999999999961","1.0","0.8832162807399176","1.0","0.3835545747839091","1.0","1.0","1.0","1.0","1.0"
