"Similarity Measures","noun_path","noun_lch","noun_wup","noun_res","noun_jcn","noun_lin","noun_lesk","noun_vector","verb_path","verb_lch","verb_wup","verb_res","verb_jcn","verb_lin","verb_lesk","verb_vector","word2vec"
"Antecedent","0.4888392857142857","0.6858093090123228","0.7797619047619048","0.29844786629118036","0.4311385060683618","0.5785684227198882","0.5949755783008727","0.5302110640456035","0.4444444444444444","0.6586771995514874","0.8486772486772486","0.33623795657993055","0.4554720092251669","0.8234895521104032","0.8855820105820107","0.5707058924813153","0.5437505826829248"
"a3","0.35838744588744587","0.5849081674778778","0.7196691176470589","0.22951611323378585","0.31356820457048185","0.4969545035114127","0.45741092364340113","0.38528594788785137","0.5277777777777778","0.6586771995514874","0.6888888888888888","0.26138506682010765","0.4190005891074591","0.6813490944820871","0.9039141414141413","0.7614298846593583","0.5408740303930536"
"a2","0.4354166666666666","0.6851247313835744","0.820515995872033","0.3042689183528216","0.4848104858382218","0.6670243096304764","0.5474269489495845","0.4615446525621719","0.2611111111111111","0.5132465009300283","0.41111111111111115","0.07724699068345625","0.13569198293030432","0.23453652404098627","0.19922042585599398","0.33366662253396434","0.5017970500270328"
"a4","0.5053571428571428","0.7171282286605692","0.8129376750700281","0.32116787852222345","0.43442202634327476","0.611185023694045","0.6054576406857296","0.5642860437140489","0.5555555555555555","0.684672489245053","0.6904761904761904","0.28878648031224213","0.4755952403490138","0.7878932040347598","0.825136684303351","0.8491355540121116","0.578497327661799"
