Similarity Measures,noun_path,noun_lch,noun_wup,noun_res,noun_jcn,noun_lin,noun_lesk,noun_vector,verb_path,verb_lch,verb_wup,verb_res,verb_jcn,verb_lin,verb_lesk,verb_vector,word2vec,Average
Antecedent,0.31329365079365085,0.6564162525280145,0.8061569035253244,0.2642665000396926,0.39254289471010617,0.6496502032030274,0.6765176325641654,0.43945305152255915,0.5354166666666667,0.6740148215006478,0.7805555555555557,0.259989279178086,0.7202699219163462,0.8807672014497641,0.9603324915824916,0.7466681955158767,0.4764665515583392,0.60192810434178323
a2,0.3271825396825397,0.6655758282847478,0.8191123691123691,0.2650015926474203,0.3998798505189185,0.6665065292184724,0.6781243080626475,0.4542873407553704,0.5354166666666667,0.6740148215006478,0.7805555555555557,0.259989279178086,0.7202699219163462,0.8807672014497641,0.9603324915824916,0.7466681955158767,0.4764665515583392,0.6064794731297799
