Similarity Measures,noun_path,noun_lch,noun_wup,noun_res,noun_jcn,noun_lin,noun_lesk,noun_vector,verb_path,verb_lch,verb_wup,verb_res,verb_jcn,verb_lin,verb_lesk,verb_vector,word2vec,Average
Antecedent,0.37916666666666665,0.6182321270156731,0.6814241486068112,0.28453591735765094,0.3192611695877553,0.501067845511716,0.4918179100364468,0.4680986122933765,0.35,0.5711198437269808,0.6458333333333333,0.2096585872615695,0.29178608492639685,0.6604243022188867,0.6282271241830065,0.455403216230416,0.4497695793165801,0.47093096872195683
a3,0.13428030303030303,0.42571845021486043,0.5266865079365078,0.15043289183316944,0.07484639752662191,0.29232149117703343,0.1499467790199106,0.13849985924844357,0.225,0.4771694546462324,0.3666666666666667,0.0,0.0717668961799574,0.0,0.21344179918497402,0.3360381561982445,0.31224062401582287,0.22912095746345582
a2,0.12430555555555556,0.4090306677764034,0.5063842203548086,0.12639315413443986,0.0840543593674617,0.2820416087904618,0.18831017169026598,0.21025347920551948,0.25,0.49145020441687215,0.39285714285714285,0.07320109926381377,0.0607176108678282,0.13434415427680016,0.6366013071895424,0.47446622840604047,0.30627249112279115,0.27945196795739696
a4,0.3926136363636364,0.6273585920114573,0.6866050207961972,0.27452322333080187,0.3570049229665322,0.5492222591273918,0.45795354307265,0.46282141105063396,0.35,0.5711198437269808,0.6458333333333333,0.18633508673731042,0.2911710756667658,0.6604243022188867,0.669730392156863,0.450322066589779,0.4380975978730576,0.47477272394248687
