"Similarity Measures","noun_path","noun_lch","noun_wup","noun_res","noun_jcn","noun_lin","noun_lesk","noun_vector","verb_path","verb_lch","verb_wup","verb_res","verb_jcn","verb_lin","verb_lesk","verb_vector","word2vec"
"Antecedent","0.3333333333333333","0.6882739762688813","0.875","0.33202069398651723","0.47298051110483935","0.8623825232610411","0.794276819923372","0.381204780701225","0.20000000000000004","0.4469241848755406","0.6130952380952381","0.17017150392239322","0.15634657949014777","0.48837453388955004","0.18758719778726599","0.28538357750422566","0.4498722893490394"
"a3","0.16666666666666666","0.5003731981073846","0.7058823529411765","0.18715384079818173","0.10472734866516782","0.4388724969301523","0.35406037414966","0.259442685682104","0.5555555555555555","0.684672489245053","0.6666666666666666","0.18271721201879132","0.5079045183764462","0.701259351879103","0.6069324194324197","0.5836866074051926","0.4346600029211165"
"a2","0.08333333333333333","0.3124724199458878","0.15384615384615385","0.0","0.0619170090635681","0.0","0.173510466988728","0.280063972317462","0.3333333333333333","0.5854005934976205","0.5","0.0","0.08494450502877944","0.0","0.4057645332155137","0.19822795261977566","0.3339813927898947"
"a4","0.25","0.6102881071881849","0.7272727272727273","0.2671501559407726","0.1698145006505481","0.6441648417251726","0.235111588495047","0.247073076199319","0.611111111111111","0.7213107922719865","0.7592592592592592","0.182302645318996","0.5541186159412844","0.7720632332733732","0.8217592592592594","0.7141124904526803","0.5291512617457154"
