Similarity Measures,noun_path,noun_lch,noun_wup,noun_res,noun_jcn,noun_lin,noun_lesk,noun_vector,verb_path,verb_lch,verb_wup,verb_res,verb_jcn,verb_lin,verb_lesk,verb_vector,word2vec,Average
Antecedent,0.47857142857142854,0.7050923202797842,0.8162292609351433,0.2805492238474086,0.4763022840492196,0.628217779704079,0.6541363698116281,0.6302298870177533,0.2733333333333333,0.5201251561409052,0.48888888888888893,0.16984300977028083,0.1830253181246417,0.47119628810233677,0.6715215215215213,0.2229046888916148,0.36436069053257814,0.47261926173662028
a3,0.5283333333333333,0.7247781070390142,0.8273304473304472,0.37130077809329437,0.49301957096725973,0.6705008698509031,0.630637177666236,0.6043269881230164,0.6333333333333333,0.7265098502106995,0.7866666666666667,0.3283211698686607,0.6807388705622558,0.7404550325543401,0.8805555555555558,0.6821583477531641,0.4364734278310592,0.63208467804348467
a2,0.21627344877344878,0.47767060052846666,0.5469575522516699,0.1629303053024636,0.16289681301785727,0.3059523307894366,0.4011254270537801,0.35438613284699827,0.2733333333333333,0.5201251561409052,0.4727272727272728,0.1514800530203834,0.3045066130069748,0.4774887434076204,0.5029173498267702,0.39701109668153306,0.3468533619438063,0.3573315053325129
a4,0.3035714285714286,0.6111419311990358,0.7772546897546897,0.2924700174716913,0.2709680954788892,0.5874851226537214,0.5361844191162615,0.4546333805953594,0.21857142857142856,0.45859028488719894,0.3538095238095238,0.027210518041130134,0.09990614406870514,0.08582022361944872,0.38050943993062203,0.2380949850632402,0.31324449465797116,0.35349800749943205
