Similarity Measures,noun_path,noun_lch,noun_wup,noun_res,noun_jcn,noun_lin,noun_lesk,noun_vector,verb_path,verb_lch,verb_wup,verb_res,verb_jcn,verb_lin,verb_lesk,verb_vector,word2vec,Average
a1,0.16323232323232326,0.47774739116798826,0.5339983946795093,0.08796925360761065,0.07424756498797165,0.20254835464118567,0.3106744614297053,0.11628893221879309,0.5,0.6598545153081949,0.625,0.13583567921597337,0.5845267555646877,0.6316811663629375,0.6206898605196367,0.5489380480564677,0.41587872376250984,0.39347714263267614
Antecedent,0.4522222222222222,0.7022119475715437,0.8228163992869874,0.28546880240421374,0.46061505481259996,0.6686953154272444,0.7184632647263336,0.5011470174585576,0.41666666666666663,0.6403580480380207,0.6583333333333333,0.26284859357286033,0.35909872380733404,0.7298866935275847,0.8226851851851853,0.5943779156242246,0.5301108214181711,0.56623564735782861
a2,0.31555555555555553,0.6575286340311128,0.7944462463347913,0.2518695120457131,0.24885877695684552,0.6427940737152247,0.6468298648988302,0.33509762376374375,0.5,0.6598545153081949,0.625,0.18691035409712448,0.5923708038309157,0.7662636423481488,0.5717866418247513,0.5489380480564677,0.40796504057982774,0.51482760784395565
a4,0.5477777777777779,0.7548760350504395,0.8443223443223444,0.24024119532523303,0.4860736538350766,0.6560235518148468,0.7106209614836857,0.6064913299736377,0.5,0.6598545153081949,0.625,0.13583567921597337,0.5845267555646877,0.6316811663629375,0.5717866418247513,0.5489380480564677,0.4026268092821199,0.55921626265871616
