Similarity Measures,noun_path,noun_lch,noun_wup,noun_res,noun_jcn,noun_lin,noun_lesk,noun_vector,verb_path,verb_lch,verb_wup,verb_res,verb_jcn,verb_lin,verb_lesk,verb_vector,word2vec,Average
a1,0.18933531746031743,0.4948719834149479,0.593543956043956,0.1659334852305584,0.12357690016687882,0.4068844969596477,0.34581280520846897,0.356964569275571,0.38888888888888884,0.6220388965245539,0.6143790849673203,0.19759848746451317,0.33740632835073375,0.6724937580669174,0.6435185185185187,0.5011092838152733,0.4269111589584313,0.416545171724441
a3,0.16909722222222223,0.4918495519718189,0.6046398046398047,0.14882032253282398,0.10950760068471202,0.3527040888061754,0.5146690363348405,0.275991697816474,0.4444444444444444,0.6586771995514874,0.611111111111111,0.1250508016485135,0.20633492461603545,0.44590812503459865,0.7815692007797269,0.4640210182752244,0.31388840690313735,0.39519320925724416
Antecedent,0.16409181096681097,0.44850735386355,0.4649090492840493,0.11056262510507188,0.10841881802361127,0.2731196815918284,0.3276253484741198,0.28439000862394465,0.8333333333333334,0.8205826880194187,0.8888888888888888,0.21397743666878707,0.7645261174356389,0.9076087498881028,1.0,0.8821874384512493,0.4098890946494655,0.5236834378392865
a4,0.17341269841269843,0.49775759322885943,0.5697273486747172,0.18757077449971293,0.111414145159998,0.3980271287781738,0.40026963626401146,0.23096611889864274,0.7777777777777777,0.7839443849924853,0.9090909090909092,0.23612210819349388,0.733906855914754,0.8997986674069011,0.7541666666666668,0.8632882044214899,0.3487110774722531,0.52211482916785545
