"Similarity Measures","noun_path","noun_lch","noun_wup","noun_res","noun_jcn","noun_lin","noun_lesk","noun_vector","verb_path","verb_lch","verb_wup","verb_res","verb_jcn","verb_lin","verb_lesk","verb_vector","word2vec"
"Antecedent","0.2429052429052429","0.5170379849417786","0.5864103217044393","0.2166930039692291","0.19898232551826087","0.3621708674766229","0.3781246958512635","0.31043431391909465","0.611111111111111","0.7213107922719865","0.8055555555555555","0.2728289425327155","0.829355675760394","0.9399989850662637","0.8217592592592594","0.7965265392625006","0.5254865550949593"
"a3","0.3345679012345679","0.6279584802148421","0.7177015250544662","0.2196106679607172","0.2911426393862634","0.44558611847793717","0.5440030277805518","0.41301815446760715","1.0","0.8832162807399176","1.0","0.3158551484700734","1.0","1.0","1.0","1.0","0.5076845236873784"
"a2","0.34012345679012346","0.6382273223861185","0.7240179573512907","0.3001268106673231","0.2727627416381146","0.5823506841390157","0.7569153375925116","0.44523126989698425","0.611111111111111","0.7213107922719862","0.7222222222222222","0.13707654262868915","0.49646244269929213","0.5845144378672803","0.8186026936026937","0.6969716968826071","0.4473183229866352"
"a4","0.17469135802469138","0.4995177948248133","0.6041360313806133","0.18324347396640286","0.11287723172901037","0.3973476934982583","0.2974207613674752","0.2512066150583706","0.611111111111111","0.7213107922719862","0.7222222222222222","0.18927848523341675","0.5180940397052468","0.7582304675220204","0.8186026936026937","0.6969716968826071","0.4245325925778408"
