"Similarity Measures","noun_path","noun_lch","noun_wup","noun_res","noun_jcn","noun_lin","noun_lesk","noun_vector","verb_path","verb_lch","verb_wup","verb_res","verb_jcn","verb_lin","verb_lesk","verb_vector","word2vec"
"Antecedent","0.4166666666666667","0.6687775089987072","0.7705128205128204","0.25953019525518833","0.3356996657720184","0.5719528558914398","0.49760304774001973","0.4337718489959835","0.7777777777777777","0.7839443849924853","0.9166666666666666","0.27447532791592466","0.8419924943292955","0.9476322263277611","1.0","0.9733671419064623","0.5734611797118552"
"a3","0.25","0.5943235871881329","0.7288461538461539","0.2023148507294084","0.1625969459489951","0.5101457147776409","0.45390919393587176","0.27903870271883624","0.611111111111111","0.7213107922719862","0.746031746031746","0.232302988825034","0.545987267678886","0.8121034525779566","0.764531041874792","0.7363793381562344","0.5801677270470577"
"a2","0.425","0.6891158613835875","0.7984848484848486","0.24668621007741465","0.4089672381053199","0.6761653171019724","0.64979433692669","0.48800670366876775","0.5555555555555555","0.684672489245053","0.6666666666666666","0.2165868175818896","0.5234544548020107","0.7462238906636394","0.5872402694771116","0.5915102472615357","0.5403925276450291"
"a4","0.4125","0.6739932264982416","0.7651515151515151","0.28017188664116666","0.4089672381053199","0.6971307195669317","0.6641588717786535","0.5154515131549215","0.7777777777777777","0.7839443849924853","0.8333333333333334","0.23083165484450877","0.7226255397007647","0.8016590810205306","0.7668650793650794","0.8184620009829923","0.6047423325307099"
