"Similarity Measures","noun_path","noun_lch","noun_wup","noun_res","noun_jcn","noun_lin","noun_lesk","noun_vector","verb_path","verb_lch","verb_wup","verb_res","verb_jcn","verb_lin","verb_lesk","verb_vector","word2vec"
"a1","0.16666666666666666","0.5003731981073846","0.6666666666666666","0.2671501559407726","0.13949194983393248","0.5979155296393173","0.342785190999477","0.255379833363362","0.5","0.6403580480380207","0.725","0.2115026793428842","0.4608708541644217","0.7181450127699602","0.811765873015873","0.6993942223154137","0.47445427890344327"
"a3","0.125","0.4223873290266882","0.631578947368421","0.25381543977619286","0.08425632760920222","0.43648220984327657","0.226615646258503","0.304049882837856","0.5357142857142857","0.6573898480516362","0.75","0.22220168305722504","0.4608708541644217","0.7279135060043533","0.8219444444444445","0.6536112509173247","0.40180293505564696"
"a2","0.16666666666666666","0.5003731981073846","0.6666666666666666","0.20316133354667876","0.130117086114284","0.4928342874379096","0.995930874372198","0.335167971952726","0.6875","0.7422906971187951","0.8541666666666666","0.2518230855036169","0.7789731356766642","0.8697992254367184","0.8167063492063492","0.8306052083082053","0.36810785002044244"
"Antecedent","0.14285714285714285","0.4585854890810465","0.6666666666666666","0.20316133354667876","0.12117751428049232","0.47505996728703215","1.0","0.225550961247422","0.45238095238095233","0.6024323935112361","0.625","0.19685387743565746","0.3529429485076258","0.5744776813282804","0.6405404474047637","0.5079849094902897","0.510551790865694"
