Similarity Measures,noun_path,noun_lch,noun_wup,noun_res,noun_jcn,noun_lin,noun_lesk,noun_vector,verb_path,verb_lch,verb_wup,verb_res,verb_jcn,verb_lin,verb_lesk,verb_vector,word2vec,Average
a1,0.19642857142857142,0.5344367981346158,0.7125,0.20615950384368167,0.1234977860736688,0.4988004265607742,0.3146253105351095,0.2239279716821165,0.6,0.6650702328077291,0.868421052631579,0.202115057559541,0.588008082234575,0.7887264104032159,0.670437535221189,0.6925724965176265,0.428036741108091,0.48904493980835789
a3,0.15476190476190477,0.4794793435942155,0.6066176470588236,0.11689201912998942,0.07754775217471853,0.2590045741246284,0.4010264423501355,0.162710257257949,0.625,0.6953155025784209,0.9117647058823529,0.22034295075120833,0.588008082234575,0.7887264104032159,0.670437535221189,0.717728526735154,0.561470242131681,0.47275493508177424
Antecedent,0.2,0.5497975676468014,0.6904761904761905,0.21607984022267673,0.12210919301161441,0.4719212011384015,0.4157821803185215,0.31709101280180796,0.6666666666666666,0.7343084371187691,0.875,0.2654450503416831,0.6098794833136879,0.8690050056677827,1.0,0.6738331548184365,0.508608848369946,0.54035316658311683
a4,0.15476190476190477,0.4794793435942155,0.6654411764705883,0.15984876203164383,0.09792834396210959,0.3721543474064517,0.6298602708879479,0.1531982038509725,0.35,0.5711198437269808,0.6666666666666666,0.17951805859256903,0.15637380035797582,0.49959464030707823,0.642579106963298,0.4124582260345615,0.33129790122879077,0.38366356452022088
