"Similarity Measures","noun_path","noun_lch","noun_wup","noun_res","noun_jcn","noun_lin","noun_lesk","noun_vector","verb_path","verb_lch","verb_wup","verb_res","verb_jcn","verb_lin","verb_lesk","verb_vector","word2vec"
"Antecedent","0.3523809523809524","0.5767362850462285","0.6423992673992673","0.23852242026849943","0.3721800421517068","0.5499967294909598","0.43439198824897723","0.4097056437708595","0.5625","0.6953155025784209","0.7416666666666667","0.2865765118937361","0.5952786580255244","0.8030326874194582","0.8032738095238094","0.6422993957233605","0.5701887555275051"
"a3","0.17777777777777776","0.5099627479917471","0.5770833333333333","0.1372145671915723","0.11593991878270782","0.3650778635839661","0.26033901470262905","0.37380924310540076","0.6666666666666667","0.7343084371187691","0.8541666666666666","0.26318890029454456","0.602645662569794","0.8196866257226149","0.8828763828763828","0.7335658440935428","0.5208629313516792"
"a2","0.4041666666666667","0.6616371341133873","0.7749554367201426","0.28206561651164935","0.3604594404248131","0.653630589570005","0.45540227739742495","0.49640555063075625","0.22499999999999998","0.47716945464623234","0.36666666666666664","0.0","0.07501688407063706","0.0","0.20226114145064694","0.219416136425225","0.5238442971698887"
"a4","0.4791666666666667","0.7237349635391075","0.7883244206773617","0.27949637788439047","0.5763834373595995","0.711480309181666","0.6115305967984863","0.6182255235107663","0.35416666666666663","0.5933828534976464","0.6011904761904762","0.21623202593904423","0.1625868714787606","0.5344524339372263","0.6304563492063493","0.4408035332458145","0.5509488693573033"
