"Similarity Measures","noun_path","noun_lch","noun_wup","noun_res","noun_jcn","noun_lin","noun_lesk","noun_vector","verb_path","verb_lch","verb_wup","verb_res","verb_jcn","verb_lin","verb_lesk","verb_vector","word2vec"
"Antecedent","0.09909188034188034","0.3540230497329795","0.47883490778227616","0.12813005277944486","0.085756686713862","0.29269061675928515","0.1903166043734858","0.2549511966252259","0.5833333333333333","0.714811969848595","0.7083333333333333","0.204676288744763","0.4680369400370925","0.6431739585336921","0.8791666666666668","0.5179553590336654","0.45860513675039416"
"a3","0.11367521367521366","0.38587560938800775","0.4519230769230769","0.14183269584121497","0.1347231029542934","0.3206465528194299","0.2129660709068385","0.14436331474940195","0.375","0.6128793207678206","0.5416666666666666","0.12055509315119078","0.2978458296999465","0.5120495845345711","0.6118055555555557","0.456393361913597","0.2187955166262129"
"a2","0.11439393939393938","0.3900566368626845","0.3697552447552448","0.06697464712375262","0.06619913805322433","0.14601877033601923","0.20270364452734832","0.12861662101628327","0.375","0.6128793207678206","0.5892857142857143","0.19790789916016718","0.35609671859512093","0.582076694576243","0.491423611111111","0.536780384096299","0.319289902780463"
"a4","0.2652777777777778","0.5871832123028131","0.704029304029304","0.20231694603276593","0.19449063248550957","0.5098971543732636","0.22107680982091937","0.24851268321154774","0.375","0.6128793207678206","0.5416666666666666","0.12055509315119078","0.2978458296999465","0.5120495845345711","0.6118055555555557","0.456393361913597","0.3939846964838319"
