Similarity Measures,noun_path,noun_lch,noun_wup,noun_res,noun_jcn,noun_lin,noun_lesk,noun_vector,verb_path,verb_lch,verb_wup,verb_res,verb_jcn,verb_lin,verb_lesk,verb_vector,word2vec,Average
Antecedent,0.3966666666666666,0.6768493764523695,0.793073593073593,0.2839931212233202,0.34425060225493576,0.6709026054030136,0.44706545672314035,0.5166288753709524,0.5625,0.6953155025784209,0.7595238095238095,0.2267483692183183,0.5929429888522673,0.7848634346782538,0.834468984962406,0.7867667290044236,0.3946079184285402,0.57453929614202526
a3,0.18079365079365078,0.5117854041178836,0.5847058823529412,0.1269651636271441,0.13925263172516802,0.2832693135267815,0.34418636696492033,0.42809508825198,0.3958333333333333,0.6208615807678466,0.5988095238095238,0.16627186100294672,0.4327730679454278,0.6724994845751984,0.6881162165129557,0.5027795062617922,0.29772236503922267,0.41027767297698325
a2,0.36333333333333334,0.6392692208200701,0.7516666666666667,0.2774098413556028,0.32250526141398994,0.5875345322483134,0.5490570047194923,0.49494784277375203,0.5625,0.6953155025784209,0.7595238095238095,0.2267483692183183,0.5929429888522673,0.7848634346782538,0.8281302213868003,0.774443807075029,0.44286485695233785,0.56782686432920337
a4,0.0,0.0,0.0,0.0,0.0,0.0,0.0,0.0,0.0,0.0,0.0,0.0,0.0,0.0,0.0,0.0,0,0.0
