"Similarity Measures","noun_path","noun_lch","noun_wup","noun_res","noun_jcn","noun_lin","noun_lesk","noun_vector","verb_path","verb_lch","verb_wup","verb_res","verb_jcn","verb_lin","verb_lesk","verb_vector","word2vec"
"Antecedent","0.30021367521367526","0.6147393466442442","0.7205227986271093","0.24665704022843224","0.21793751423257543","0.5309589650709202","0.609800565511506","0.3902923486502284","0.4642857142857143","0.6482091129723636","0.7501546072974644","0.22270398102189864","0.5632815928802039","0.7037581795911846","0.8276920068931347","0.58639762418961","0.44063182115347627"
"a3","0.25485347985347984","0.5786510239584075","0.7326754335738618","0.25138924265588947","0.2049518300325245","0.5617520796020846","0.5131450271821006","0.36199205127511874","0.34523809523809523","0.5833823379146937","0.668327330932373","0.3426222331707271","0.42222151834954047","0.6631587089406483","0.6562507277303196","0.4746802971954454","0.37866207330432544"
"a2","0.24009462759462766","0.558725048387472","0.6942026060917463","0.22414866787836635","0.16830544783375942","0.4820716281593308","0.5276392915094796","0.31211096310935393","0.29047619047619044","0.5433365725285529","0.6349206349206348","0.1748986123389071","0.21689203284719846","0.5355392933149148","0.4288981659357423","0.4690549771485598","0.4161731042697572"
"a4","0.2436942331173101","0.5189346249860607","0.6415282000421318","0.17901173616359367","0.20019764544400173","0.4013385469975921","0.5459036094834947","0.30469642606150144","0.34183673469387754","0.5348675670191743","0.46224489795918366","0.13193803778429586","0.22419812438364448","0.27968530666753527","0.4214380833695284","0.41853099657396603","0.4233911301047193"
