"Similarity Measures","noun_path","noun_lch","noun_wup","noun_res","noun_jcn","noun_lin","noun_lesk","noun_vector","verb_path","verb_lch","verb_wup","verb_res","verb_jcn","verb_lin","verb_lesk","verb_vector","word2vec"
"Antecedent","0.4125","0.6739932264982416","0.8071428571428572","0.28713148759723917","0.35874877944701844","0.6769782041592651","0.7248452380952383","0.5816519053050287","0.5277777777777778","0.6586771995514874","0.6333333333333333","0.1981515967958057","0.42696305864079537","0.6189898426025026","0.562415824915825","0.5632050529168936","0.46982845405940726"
"a3","0.15476190476190477","0.4794793435942155","0.6660539215686274","0.185558717580816","0.1294754146951076","0.4701913569992081","0.4716600532413098","0.2961050331444093","0.3055555555555555","0.5594053038040551","0.4666666666666666","0.18549831956052","0.1311668913701549","0.467114269514812","0.569457144774174","0.3582528769452953","0.31892701197846696"
"a2","0.244047619047619","0.5643801926613743","0.7111928104575164","0.19837259337252844","0.2255063371308758","0.5365380508258648","0.7614473171931607","0.364152400694561","0.3055555555555555","0.5594053038040551","0.4666666666666666","0.1764100938002785","0.2329804192674153","0.554203514648148","0.42670038898299767","0.38855924378516066","0.4005732948782562"
