"Similarity Measures","noun_path","noun_lch","noun_wup","noun_res","noun_jcn","noun_lin","noun_lesk","noun_vector","verb_path","verb_lch","verb_wup","verb_res","verb_jcn","verb_lin","verb_lesk","verb_vector","word2vec"
"a1","0.4988888888888889","0.746157516445177","0.8435282651072123","0.2711266218932168","0.4304304158128222","0.6710483400093469","0.8804286310045479","0.5277967067275197","0.46153846153846156","0.6445855445411285","0.6361673414304992","0.17067919682434252","0.3438738062457298","0.5851507121867905","0.6007679738562092","0.529200872795104","0.53339577255146"
"a3","0.356969696969697","0.5963716834528784","0.6410706504824152","0.1867519010727217","0.29418682902484755","0.4559760561053966","0.5594260129190618","0.3463373743212621","0.4230769230769231","0.6192205655224823","0.5615384615384615","0.17853775605362562","0.2723639843772424","0.49365637427370374","0.50769305476069","0.5536797002303081","0.4027904322566345"
"a2","0.4623809523809524","0.683151287126546","0.8035573553092735","0.26273181006932733","0.40335021859114256","0.6271460785068743","0.5249325981231566","0.5191618190407318","0.41025641025641024","0.6216766455224902","0.608816914080072","0.17223762049445757","0.28770888770102504","0.5927031010325308","0.6084827352135045","0.4849264814628046","0.4678272007398033"
"Antecedent","1.0","0.9860896635111783","1.0","0.44729419984346147","1.0","1.0","1.0","0.9999999999999947","1.0","0.8832162807399176","1.0","0.3980739240461975","1.0","1.0","1.0","0.9999999999999999","1.0"
"a4","0.4419047619047619","0.689597200432929","0.7993421983360064","0.24370095523737528","0.3504118703464114","0.5804934891840269","0.6047268615944504","0.5320580261277155","0.4166666666666667","0.6276755585286976","0.6615641668273248","0.23983901736518295","0.30156877565701534","0.6797136759314041","0.7080842409170168","0.5548350325838025","0.4962738839356349"
