"Similarity Measures","noun_path","noun_lch","noun_wup","noun_res","noun_jcn","noun_lin","noun_lesk","noun_vector","verb_path","verb_lch","verb_wup","verb_res","verb_jcn","verb_lin","verb_lesk","verb_vector","word2vec"
"a1","0.0","0.0","0.0","0.0","0.0","0.0","0.0","0.0","0.2791666666666667","0.5312850240719265","0.48611111111111105","0.15974071089447503","0.20827522908809068","0.4756896284835557","0.6100386158047449","0.41623467945438153","0.42036338947414303"
"Antecedent","0.14484126984126983","0.4604486720717064","0.5754985754985755","0.17921490909605484","0.08680552970642265","0.3750580081566927","0.2795617606036163","0.156540160576882","0.3208333333333333","0.5587637513421265","0.475","0.16909912794961673","0.14510238404165077","0.4668764427319021","0.51375","0.43395119957259026","0.34526459695136985"
"a2","0.1416666666666667","0.44469389538626475","0.621517027863777","0.14511423483134758","0.0778217128605742","0.29965202579080846","0.4164228406757144","0.11256377341137136","0.3208333333333333","0.5587637513421265","0.475","0.11129088884881724","0.14486154731473241","0.35512313794948686","0.5077422180993609","0.367108254193656","0.20154457170088405"
"a4","0.17777777777777778","0.5168479879538569","0.6686507936507936","0.23364571247760532","0.09461569441526557","0.4628775789964165","0.552098659546833","0.22727648169750106","0.3208333333333333","0.5587637513421265","0.475","0.1789237522053299","0.16374595901239608","0.49393350900519783","0.6472222222222223","0.37813865396298774","0.3803834779817321"
