Similarity Measures,noun_path,noun_lch,noun_wup,noun_res,noun_jcn,noun_lin,noun_lesk,noun_vector,verb_path,verb_lch,verb_wup,verb_res,verb_jcn,verb_lin,verb_lesk,verb_vector,word2vec,Average
Antecedent,0.3422222222222222,0.6051881310956333,0.6952380952380953,0.22552596607034978,0.29720577013135313,0.5338837829373413,0.5240948072852583,0.4072750104049298,0.33999999999999997,0.5704769277732462,0.5742857142857143,0.19179495530663626,0.19623886088639225,0.5246948150367029,0.615625,0.45591278930132917,0.4420594288350907,0.44363072216531141
a3,0.5666666666666667,0.7542229217173615,0.8223262032085561,0.33168244039197353,0.574449077412803,0.759274679954932,0.6033177079654353,0.5885267640072677,0.30666666666666664,0.5484939459570861,0.48,0.1683705078953151,0.19166834742356223,0.46543017740356946,0.6258499207763915,0.44099619523227795,0.35355997920527515,0.50479424716971411
a2,0.20833333333333331,0.5131448141074262,0.5789112847936378,0.20191115121102826,0.2074661237480811,0.4578318545216941,0.5421605506007676,0.24662454637514042,0.3233333333333333,0.5640911197732253,0.48,0.13294669780657736,0.19166834742356223,0.40675696734268546,0.6519132887314706,0.4695901693043928,0.33758651167870685,0.38319235847559191
a4,0.5133333333333333,0.7144295320846688,0.809090909090909,0.2938284392868223,0.4747444940354294,0.6792305412917582,0.7328235919282156,0.5206557472021325,0.33999999999999997,0.5704769277732462,0.5030769230769231,0.16310678372887105,0.2319148576158454,0.49831216789900284,0.6289982702482703,0.4336458197668258,0.4216721782114235,0.50172591273962808
