Similarity Measures,noun_path,noun_lch,noun_wup,noun_res,noun_jcn,noun_lin,noun_lesk,noun_vector,verb_path,verb_lch,verb_wup,verb_res,verb_jcn,verb_lin,verb_lesk,verb_vector,word2vec,Average
a1,0.16666666666666666,0.5003731981073846,0.6666666666666666,0.13254368326510596,0.08924563387822797,0.3101007122423442,0.488271604938272,0.286448300050763,0.5555555555555555,0.6846724892450529,0.6333333333333333,0.20834982189780582,0.4990501874836079,0.6955148203553804,1.0,0.8073079824641574,0.3525783827572669,0.47509876699456416
a3,0.2,0.5497975676468014,0.75,0.25381543977619286,0.13747235141436243,0.506580444005408,0.868243705528188,0.396909185534837,0.5555555555555555,0.6846724892450529,0.8257575757575758,0.25394484570759895,0.549611021729536,0.8376212818088975,1.0,0.8622609132799269,0.4156428585391483,0.56752266091347536
Antecedent,0.14285714285714285,0.4585854890810465,0.5,0.16500952450458087,0.08647868499565417,0.36282370665556923,0.345995670995671,0.127904614015014,0.5277777777777778,0.6586771995514874,0.6333333333333333,0.11666298819057996,0.4990501874836079,0.5491091707560739,0.5838675213675213,0.6624377345123104,0.37930675146077375,0.39999279397283194
a4,0.16666666666666666,0.5003731981073846,0.6666666666666666,0.13254368326510596,0.08261616050493063,0.3040865589967934,0.488271604938272,0.105083984228838,0.38888888888888884,0.6220388965245539,0.6363636363636364,0.22255046920787203,0.38543195027525695,0.7417083986386134,0.8942599067599066,0.5327807662310363,0.2886341357254218,0.42111562188175566
