"Similarity Measures","noun_path","noun_lch","noun_wup","noun_res","noun_jcn","noun_lin","noun_lesk","noun_vector","verb_path","verb_lch","verb_wup","verb_res","verb_jcn","verb_lin","verb_lesk","verb_vector","word2vec"
"Antecedent","0.31805555555555554","0.5948848439312703","0.73192190220054","0.24217711641790932","0.25791438886418155","0.5049072320259989","0.5428110163268484","0.483495206674291","0.5416666666666666","0.6873332425783949","0.7222222222222222","0.3523989403775854","0.7627544904061684","0.9004040871912493","0.8585678210678209","0.5650828345177248","0.44464343439391485"
"a3","0.21825396825396826","0.5613636793235112","0.7348571749887539","0.2238725037257786","0.1256898383286069","0.49093775212871366","0.5184807999377177","0.31351032191861505","0.37499999999999994","0.6128793207678207","0.6309523809523809","0.23936995316070703","0.431494844910799","0.6896565753372839","0.6941048133153396","0.6945480997699981","0.3832849681617417"
"a2","0.3666666666666667","0.6575184366517693","0.8013708513708514","0.2968083454303114","0.2929473098503071","0.6314605947013213","0.5468766101253794","0.48351594286134186","0.7083333333333334","0.7617871643889691","0.8809523809523809","0.2588744443174494","0.7946871433534926","0.9225948622410928","0.858567821067821","0.6997151352275999","0.48320852888924726"
"a4","0.22083333333333333","0.5635680475710209","0.7238103399868105","0.1862558564183763","0.16298921744957554","0.4839121488043019","0.4274318398801165","0.34121816316353654","0.7083333333333334","0.7617871643889691","0.8613445378151261","0.28638406284023343","0.692443115633271","0.8689410185036338","0.805163370244892","0.72377620339988","0.3298616927538537"
