Similarity Measures,noun_path,noun_lch,noun_wup,noun_res,noun_jcn,noun_lin,noun_lesk,noun_vector,verb_path,verb_lch,verb_wup,verb_res,verb_jcn,verb_lin,verb_lesk,verb_vector,word2vec,Average
Antecedent,0.4745098039215686,0.7339292377090726,0.8291347910269782,0.28823076059698377,0.43993136698349855,0.7101276390925971,0.7276814021524757,0.5954240828296844,0.3333333333333333,0.5854005934976205,0.5714285714285714,0.22677791386316867,0.27166055858529636,0.7067923906425907,1.0,0.493617447903928,0.5197539015977173,0.5592784585391225
a3,0.17523342670401496,0.4995385064538227,0.6134303033161244,0.1721738756003147,0.09161176320843366,0.3679604763254307,0.31801105683763753,0.1532304820051131,0.3333333333333333,0.5854005934976205,0.5714285714285714,0.19277955049531767,0.17186268271386024,0.5266220684867402,1.0,0.493617447903928,0.2695564236063465,0.38445826834803581
a2,0.2544817927170869,0.5804676821404028,0.684784475828912,0.19831004966821553,0.17637661744709518,0.4874434895924575,0.5115533773620007,0.43777324225927594,0.5,0.6953155025784209,0.875,0.3137674137748283,1.0,0.979359402123456,1.0,0.470860065380319,0.42006011019247147,0.56385607182734943
