Similarity Measures,noun_path,noun_lch,noun_wup,noun_res,noun_jcn,noun_lin,noun_lesk,noun_vector,verb_path,verb_lch,verb_wup,verb_res,verb_jcn,verb_lin,verb_lesk,verb_vector,word2vec,Average
Antecedent,0.22928571428571426,0.568835342561104,0.6910757379875028,0.17906386030040902,0.15385185289694916,0.4753147385773436,0.543893522583575,0.31098684058887366,1.0,0.8832162807399176,1.0,0.31736130754241926,1.0,1.0,1.0,1.0,0.43577360314665015,0.63462698830649766
a3,0.17444444444444446,0.504545772107012,0.6008536716121856,0.1533968127928142,0.13015424955371546,0.39179786626827756,0.29834287521909697,0.29934139776772717,0.8333333333333334,0.8205826880194187,0.8888888888888888,0.26040229119652086,0.7540904554778743,0.8895360425823622,1.0,0.95480277469548,0.4494723698784351,0.55317564316691703
a2,0.2577777777777778,0.5531174186473915,0.6896363440481088,0.2167267951601181,0.21046874822122383,0.5014232018627777,0.4064784535305611,0.38329134714498153,0.6666666666666666,0.7579490952989199,0.8222222222222223,0.2195142973369437,0.7400888678699271,0.8414889999385894,1.0,0.8315711935813019,0.4269644450901775,0.56031681614104056
