"Similarity Measures","noun_path","noun_lch","noun_wup","noun_res","noun_jcn","noun_lin","noun_lesk","noun_vector","verb_path","verb_lch","verb_wup","verb_res","verb_jcn","verb_lin","verb_lesk","verb_vector","word2vec"
"Antecedent","0.14509830447330446","0.43676182646767214","0.5441450179937023","0.14139081112724255","0.07651755499879656","0.21106109671983825","0.2686528711027453","0.22377147120020535","0.2523809523809524","0.4933593695451418","0.3958333333333333","0.0320031526227457","0.08409363173206362","0.10703846089730373","0.39743614617564177","0.18857823160479117","0.45055362245921005"
