"Similarity Measures","noun_path","noun_lch","noun_wup","noun_res","noun_jcn","noun_lin","noun_lesk","noun_vector","verb_path","verb_lch","verb_wup","verb_res","verb_jcn","verb_lin","verb_lesk","verb_vector","word2vec"
"a1","0.30925925925925923","0.6158392553297204","0.76707379522782","0.30033084104854435","0.2842020612237704","0.6130359602894369","0.6334532796921472","0.4897162695706457","0.46388888888888885","0.6355977981144741","0.6666666666666666","0.2579700694173379","0.577237175496654","0.7880667308907","0.6870085375753616","0.6458176653668779","0.4619832680061896"
"Antecedent","0.2972222222222222","0.6143813112014445","0.7676308362260374","0.28363943785034545","0.24036875341884367","0.601951133787057","0.5582436168828802","0.41549237891699137","0.5694444444444445","0.6899939959117369","0.7129629629629629","0.22536923274216422","0.5000935013921294","0.7617468862997262","0.9301905521624514","0.65518289017159","0.4633171273553081"
"a2","0.18974358974358974","0.4415080587256856","0.5358079635362917","0.16882169215430007","0.1499396783970306","0.3156384802556931","0.34752242095015085","0.1755063521062199","0.0","0.0","0.0","0.0","0.0","0.0","0.0","0.0","0.19085454068266475"
"a4","0.22880892255892252","0.4930453508315893","0.6264228381411043","0.19487003249305634","0.17710985998201326","0.4351528196756127","0.3959009321946836","0.2772427838045649","0.0","0.0","0.0","0.0","0.0","0.0","0.0","0.0","0.29199651154553574"
