"Similarity Measures","noun_path","noun_lch","noun_wup","noun_res","noun_jcn","noun_lin","noun_lesk","noun_vector","verb_path","verb_lch","verb_wup","verb_res","verb_jcn","verb_lin","verb_lesk","verb_vector","word2vec"
"a1","0.3240981240981241","0.5893795245910817","0.6867009526733705","0.23314511735749816","0.26355212444354453","0.5082024636784623","0.3293567190901196","0.35808942455139364","0.5","0.66694671276224","0.7555555555555554","0.24109426987246332","0.4630942900263598","0.7850110495677474","0.85","0.7557611655718697","0.43421793657319746"
"a3","0.42171717171717177","0.6599154784213556","0.7463231486592027","0.26624405983871136","0.38910945758205523","0.5951192259338495","0.42266525543158623","0.511618607694399","0.8","0.8080559694753189","0.9055555555555556","0.2520468675857012","0.7644796220577428","0.9193797347977746","1.0","0.8990584266953092","0.47268051324801913"
"a2","0.4828282828282829","0.6914827563106022","0.7783739855228738","0.26630211997046865","0.4250202591532999","0.6007012808805672","0.5791658259067218","0.5460923880656313","0.5","0.66694671276224","0.7333333333333333","0.21481381158572618","0.6003459113382597","0.7988798562258952","0.9445783334599124","0.7059275769628316","0.5418727870222848"
"Antecedent","1.0","0.9860896635111783","0.9772727272727273","0.49403395775142545","1.0","1.0","1.0","0.9999999999999968","1.0","0.8832162807399178","1.0","0.29347444696313635","1.0","1.0","1.0","1.0","1.0"
"a4","0.2821789321789322","0.5812838846744758","0.7109433769157946","0.20242565211823857","0.27309300087235155","0.506071970682121","0.4638970951736272","0.34601355087820496","0.8","0.8080559694753189","0.8666666666666666","0.2684609175037266","0.8133761983382882","0.9345872920339927","1.0","0.8586249261414973","0.4607897433870752"
