"Similarity Measures","noun_path","noun_lch","noun_wup","noun_res","noun_jcn","noun_lin","noun_lesk","noun_vector","verb_path","verb_lch","verb_wup","verb_res","verb_jcn","verb_lin","verb_lesk","verb_vector","word2vec"
"Antecedent","0.3611111111111111","0.6989169896022492","0.8777777777777779","0.2929891285996714","0.4265011535815671","0.7181492959965081","0.8249591080653373","0.4635534302993407","0.5833333333333334","0.6953155025784209","0.6888888888888888","0.11255833509974807","0.4629294221589597","0.5358438825397479","0.8041666666666667","0.6156482298105393","0.4804537568493519"
"a3","0.25","0.5996450938548169","0.7888888888888889","0.26965859157261857","0.13127587911467342","0.5759438961850147","0.5729285640637763","0.38742832831886903","0.5833333333333334","0.6953155025784209","0.6888888888888888","0.16527146635502923","0.4629294221589597","0.5568105674879458","0.8041666666666667","0.6989453558213202","0.4814250952327794"
"a2","0.2222222222222222","0.5630067908278834","0.7444444444444445","0.2636172475121245","0.13127587911467342","0.5638604919180938","0.5010994981449527","0.38490608290373035","0.3444444444444444","0.5758800936505274","0.5","0.09857459003847362","0.14167069751603267","0.3310299316067195","0.758994708994709","0.4314783294851692","0.29755294151792433"
"a4","0.1865079365079365","0.5230822647922053","0.6994152046783627","0.22616518046143552","0.11075563694313732","0.48136179508594035","0.5002142470804509","0.24558406007048603","0.5833333333333334","0.6953155025784209","0.6888888888888888","0.11255833509974807","0.4629294221589597","0.5358438825397479","0.8041666666666667","0.67957843119919","0.3944545566616867"
