Similarity Measures,noun_path,noun_lch,noun_wup,noun_res,noun_jcn,noun_lin,noun_lesk,noun_vector,verb_path,verb_lch,verb_wup,verb_res,verb_jcn,verb_lin,verb_lesk,verb_vector,word2vec,Average
Antecedent,0.25,0.5996450938548169,0.690422322775264,0.16484117303590054,0.13339749815190308,0.4502003143806122,0.5296688139380806,0.3540940146603604,0.611111111111111,0.7213107922719865,0.8111111111111112,0.24584059518052478,0.6974582755152411,0.8005301841054409,0.745734126984127,0.7458101441579864,0.46191426411841147,0.53018175502075737
a3,0.3611111111111111,0.6989169896022492,0.8173046996576409,0.2521879280678843,0.27846500201386876,0.6527056819877088,0.7753869480834547,0.42067197928757,0.3333333333333333,0.5854005934976205,0.7222222222222222,0.2794002431440638,0.7522501390810272,0.8898227046588563,0.6909231200897867,0.6163872457146963,0.38740028561550854,0.5596406015981531
a2,0.19444444444444442,0.5370115011343181,0.6388888888888888,0.19385164162064492,0.10807211008071527,0.42954641243663505,0.362732482690634,0.4428365186050643,0.611111111111111,0.7213107922719862,0.8095238095238096,0.24188727860545725,0.7264382149708446,0.8442849830850311,0.7762345679012347,0.6528732055945681,0.42793619455437915,0.51288142103057455
a4,0.20833333333333334,0.547654514467686,0.6352941176470588,0.19661629874640454,0.15933527844046852,0.5005277122535904,0.4568217313063803,0.282260278051383,0.611111111111111,0.7213107922719862,0.8754578754578755,0.27729025611686026,0.7257088986851296,0.878391114029147,0.7738977072310407,0.657382330863917,0.46328236159291186,0.52768680656507549
