"Similarity Measures","noun_path","noun_lch","noun_wup","noun_res","noun_jcn","noun_lin","noun_lesk","noun_vector","verb_path","verb_lch","verb_wup","verb_res","verb_jcn","verb_lin","verb_lesk","verb_vector","word2vec"
"Antecedent","0.1294642857142857","0.4314368690402778","0.4732620320855615","0.08869295912526429","0.06861605773040466","0.19756023516763455","0.23989050568416176","0.1092650044054577","1.0","0.8832162807399176","1.0","0.20966239480826138","1.0","1.0","1.0","1.0","0.3803721006422773"
"a3","0.23154761904761906","0.5767362850462285","0.6964743589743589","0.22433458939883225","0.11777084506033166","0.48193556216097844","0.42765820760629275","0.20121679447171564","1.0","0.8832162807399176","1.0","0.20966239480826138","1.0","1.0","1.0","1.0","0.4600564078090302"
"a2","0.21071428571428572","0.5492575577760285","0.6726190476190477","0.2617870885599161","0.15045600605541787","0.5397778602890149","0.4921900498252913","0.2702805519843365","1.0","0.8832162807399176","1.0","0.20966239480826138","1.0","1.0","1.0","1.0","0.45714330207616083"
"a4","0.15883838383838383","0.4441722062883785","0.39962121212121215","0.048433307614423715","0.07116651578608771","0.12329091253656538","0.3647446581973702","0.16287666630796924","0.5","0.6953155025784209","0.6666666666666666","0.1280126104909828","0.22026660360978156","0.5290672646701812","1.0","0.657463710526006","0.29156023384730256"
