Similarity Measures,noun_path,noun_lch,noun_wup,noun_res,noun_jcn,noun_lin,noun_lesk,noun_vector,verb_path,verb_lch,verb_wup,verb_res,verb_jcn,verb_lin,verb_lesk,verb_vector,word2vec,Average
Antecedent,0.25,0.5943235871881329,0.7023809523809523,0.21972409308568863,0.1446812967980277,0.3688811264009758,0.2346154848238185,0.20282600954111352,0.3333333333333333,0.5854005934976205,0.5,0.18757620247277026,0.1819957542275111,0.5766748567783262,0.388636363636364,0.273798742912806,0.39992960252456194,0.36145752938835313
a3,0.1875,0.5163377181074366,0.49760765550239233,0.28150431737013837,0.040251992751551786,0.04379464434924324,0.2070183973574125,0.196403692401531,0.3333333333333333,0.5854005934976205,0.5,0.18757620247277026,0.10930971568627965,0.45000264224863135,0.288194444444444,0.316538264865973,0.5141216336119998,0.30911148517651515
a2,0.55,0.6739932264982416,0.7,0.5399145266344182,0.5,0.5,0.6027988215488215,0.5367252237640872,0.3333333333333333,0.5854005934976205,0.5,0.29187164790458264,0.2605191622343153,0.6996693376285384,1.0,0.268768100682535,0.5320458310798998,0.53382587087096434
a4,0.1875,0.5163377181074366,0.49760765550239233,0.28150431737013837,0.040251992751551786,0.04379464434924324,0.20570028230147253,0.196403692401531,0.3333333333333333,0.5854005934976205,0.5,0.18757620247277026,0.12213455402089435,0.4775845445150544,1.0,0.767645057752807,0.39557001895769534,0.3728438004314083
