"Similarity Measures","noun_path","noun_lch","noun_wup","noun_res","noun_jcn","noun_lin","noun_lesk","noun_vector","verb_path","verb_lch","verb_wup","verb_res","verb_jcn","verb_lin","verb_lesk","verb_vector","word2vec"
"Antecedent","0.3416666666666666","0.6811336013835615","0.8330357142857143","0.30567031727562166","0.4430985647096254","0.8102212853895258","0.8149718431882175","0.36380644594620626","0.3333333333333333","0.5854005934976205","0.5416666666666666","0.18411538060280463","0.21254556168363298","0.5954733579788807","0.35343126998787355","0.4259470855728025","0.4502142440733104"
"a3","0.3125","0.6687775089987071","0.8369047619047618","0.24317034891975353","0.27714328026942636","0.6448407747352202","0.8860145251048632","0.3856310118351205","0.8333333333333334","0.8087623589293433","0.95","0.23946708862164195","0.9267620135265886","0.9663376733662279","1.0","0.8842263388387808","0.6107737729044831"
"a2","0.16309523809523807","0.49183543597906976","0.6464460784313726","0.21512664901146647","0.1108375203081042","0.47859244307579085","0.31636322728806227","0.2983947507042065","0.5","0.6953155025784209","0.793859649122807","0.23044665137060577","0.8249378357803022","0.9321386586891259","1.0","0.6381104791758405","0.49227291075053653"
"a4","0.1746031746031746","0.48194401085077404","0.5932539682539683","0.1705916876255148","0.1245898720279184","0.42600469488692894","0.460227427267331","0.239547408332862","0.4375","0.6483403080380467","0.7777777777777778","0.21171129245437828","0.3774794166171709","0.7557883137935362","0.8426094700890897","0.7200183840389167","0.5792912747779737"
