"Similarity Measures","noun_path","noun_lch","noun_wup","noun_res","noun_jcn","noun_lin","noun_lesk","noun_vector","verb_path","verb_lch","verb_wup","verb_res","verb_jcn","verb_lin","verb_lesk","verb_vector","word2vec"
"a1","0.0","0.0","0.0","0.0","0.0","0.0","0.0","0.0","0.6666666666666666","0.7343084371187691","0.75","0.33757537865144205","0.6369235323962842","0.8234890701966449","0.6455357142857145","0.652573782208505","0.28548633910102345"
"a3","0.0","0.0","0.0","0.0","0.0","0.0","0.0","0.0","0.0","0.0","0.0","0.0","0.0","0.0","0.0","0.0","0.26568005630062524"
"Antecedent","0.28854166666666664","0.5738647912250661","0.6768207282913166","0.23761258471078292","0.24310882746836707","0.5154606206986121","0.4408190068383002","0.3975405111448668","0.6666666666666666","0.7343084371187691","0.75","0.20698054716643294","0.5629333687230051","0.7532218675067619","0.6241607142857145","0.753247750653009","0.4562910969578875"
