Similarity Measures,noun_path,noun_lch,noun_wup,noun_res,noun_jcn,noun_lin,noun_lesk,noun_vector,verb_path,verb_lch,verb_wup,verb_res,verb_jcn,verb_lin,verb_lesk,verb_vector,word2vec,Average
Antecedent,0.3300925925925926,0.5936820347262045,0.6979166666666666,0.2308141443639078,0.2689514121491639,0.5075896109669537,0.48424649705761597,0.41951489674453746,0.5918367346938774,0.6736436999916868,0.6738095238095239,0.23201475218260162,0.5175834432910418,0.7074825158544135,0.7189221492792921,0.7276611383654302,0.4190159016138891,0.51733986554996469
a3,0.17932183557183556,0.48247182525856225,0.42778980278980283,0.054730415482404905,0.11057270992834316,0.1690180726488584,0.3522294830666111,0.24949996923680837,0.5918367346938774,0.6736436999916868,0.6738095238095239,0.23201475218260162,0.5175834432910418,0.7115249225034468,0.7189221492792921,0.7276611383654302,0.34926474745913877,0.42481736620936861
a2,0.1716269841269841,0.4929470307646573,0.5899357100014995,0.1421262984265165,0.09788122470560147,0.3073487514272301,0.33239184517877124,0.20016502042501438,0.3108843537414966,0.541928191239091,0.5334586466165413,0.1880397595773413,0.16205757293392065,0.4900556790105598,0.6041213151927439,0.5200922132388643,0.335476203665228,0.35414922354541534
a4,0.12212602212602214,0.40316237589099607,0.39847918965566026,0.054851102063031544,0.07509703096683655,0.12964531620666256,0.18506189548414276,0.19272133315903295,0.5132653061224489,0.6381592260341326,0.6515873015873016,0.21987017683599794,0.4483448407211244,0.6954587201296006,0.8805173992673992,0.7230236011942033,0.31839256913573105,0.39116255332825434
