"Similarity Measures","noun_path","noun_lch","noun_wup","noun_res","noun_jcn","noun_lin","noun_lesk","noun_vector","verb_path","verb_lch","verb_wup","verb_res","verb_jcn","verb_lin","verb_lesk","verb_vector","word2vec"
"a1","0.11177248677248679","0.3846161843418027","0.3429778554778555","0.06756122410978989","0.06524377596237389","0.16170870405557905","0.1539545697812044","0.18896832077710116","0.5666666666666667","0.6751519893979597","0.8148148148148148","0.20038302883477674","0.6120263521887922","0.8080993341554539","0.7277777777777775","0.5958915462824667","0.3748159940583337"
"a3","0.19404761904761902","0.5130005082019747","0.6033308195072901","0.1884638889368542","0.1397039318393198","0.4490640334069742","0.24418630017979828","0.259306241203043","0.5666666666666667","0.6751519893979597","0.8148148148148148","0.20038302883477674","0.6120263521887922","0.8080993341554539","0.7277777777777775","0.5958915462824667","0.5497287961039726"
"a2","0.13075396825396826","0.42601473729228273","0.5117585630743525","0.14314961954433322","0.09322449703132764","0.33094759868181206","0.272550897126205","0.2140254992960915","0.5666666666666667","0.6751519893979597","0.8148148148148148","0.22614081266922562","0.6120263521887922","0.8080993341554539","0.7277777777777775","0.5958915462824667","0.40504945999247594"
"Antecedent","1.0","0.9860896635111783","1.0","0.5493813382990526","1.0","1.0","1.0","1.0","1.0","0.8832162807399176","1.0","0.38351087355498686","1.0","1.0","1.0","1.0","1.0"
"a4","0.30681818181818177","0.6348931152862091","0.75718954248366","0.23476058397046015","0.313770619684078","0.5983855177958097","0.5497524836798077","0.3047322026159764","0.6666666666666666","0.7579490952989199","0.9137254901960784","0.375417251890989","0.9093175752318065","0.9727687396104353","1.0","0.9290762047147406","0.4274727026649631"
