Similarity Measures,noun_path,noun_lch,noun_wup,noun_res,noun_jcn,noun_lin,noun_lesk,noun_vector,verb_path,verb_lch,verb_wup,verb_res,verb_jcn,verb_lin,verb_lesk,verb_vector,word2vec,Average
Antecedent,0.21279761904761904,0.5586230890263002,0.7135627530364371,0.19270981395448014,0.10873055638074677,0.4211497445186533,0.2591013516342239,0.20535135968660032,0.39999999999999997,0.6293665571299407,0.5333333333333333,0.18079759156854774,0.3549198740809122,0.6708526339812586,0.6562169312169315,0.44912867044737537,0.42990370032551456,0.41038503408052202
a3,0.12138347763347762,0.4011112167658228,0.44058009843613566,0.07737354768296154,0.06200187433507411,0.15186504931386388,0.17685852774543967,0.142391569934638,0.7666666666666666,0.7860729876591589,0.8882352941176471,0.2622404477231616,0.9222123189795773,0.9750514580445199,0.9134166666666665,0.7859169954826005,0.38268191266049806,0.48565059469693589
a2,0.48750000000000004,0.6948729650186615,0.7828947368421053,0.32151547321969126,0.436065838523379,0.5857084488010467,0.37510283824239754,0.596932460101882,0.6,0.7045268683945395,0.7555555555555555,0.20477178420331948,0.6981737178991779,0.8483511018007232,0.6366847231171356,0.6792731805870812,0.5278007056246702,0.58445472929008035
