"Similarity Measures","noun_path","noun_lch","noun_wup","noun_res","noun_jcn","noun_lin","noun_lesk","noun_vector","verb_path","verb_lch","verb_wup","verb_res","verb_jcn","verb_lin","verb_lesk","verb_vector","word2vec"
"Antecedent","0.2","0.5497975676468014","0.7142857142857143","0.24730948318278248","0.14099413199678518","0.5818392590541133","0.253817082388511","0.328392341731779","0.6666666666666666","0.7343084371187691","0.8888888888888888","0.202115057559541","0.6568709467202505","0.8544781493254572","0.6347846889952156","0.745077085757622","0.5233289273748669"
"a3","0.25","0.6102881071881849","0.7272727272727273","0.31625543734873385","0.3878131905726203","0.8303406608489139","0.438624338624339","0.281218160100011","0.41666666666666663","0.6403580480380207","0.8035714285714286","0.1926367266493516","0.6701692390831826","0.8413825417764241","0.7915313852813854","0.577475650501346","0.5136355496727404"
"a2","0.125","0.4223873290266882","0.46153846153846156","0.11520039815599713","0.0824481522301689","0.2748431042272514","0.228351672836967","0.266812382577647","0.25","0.5074147244169241","0.5333333333333333","0.1170791811629949","0.16768059036398916","0.3430532154716666","0.2612128942486085","0.284692070539608","0.2895525651046823"
"a4","0.125","0.4223873290266882","0.5","0.13254368326510596","0.0890448831869458","0.32017283162884813","0.18468137254902","0.219535591936996","0.6666666666666666","0.7343084371187691","0.8888888888888888","0.202115057559541","0.6568709467202505","0.8544781493254572","0.625","0.745077085757622","0.37733835564703383"
