"Similarity Measures","noun_path","noun_lch","noun_wup","noun_res","noun_jcn","noun_lin","noun_lesk","noun_vector","verb_path","verb_lch","verb_wup","verb_res","verb_jcn","verb_lin","verb_lesk","verb_vector","word2vec"
"Antecedent","0.41564625850340137","0.6543615310215989","0.7865546218487395","0.2817211299938203","0.4231558527275281","0.7175763178868149","0.6520052998646015","0.5365625707142917","0.5800000000000001","0.6711192867618675","0.6666666666666667","0.1604730720089206","0.6441387138913837","0.6881021469491193","0.8333333333333334","0.6491161151807415","0.42404644825795695"
"a3","0.411281179138322","0.6331796583618488","0.7088911088911088","0.2247155471980437","0.3839883097635658","0.597486784049049","0.46099627688254047","0.5100187561724978","0.5733333333333334","0.6768315866701234","0.6666666666666667","0.17796125518492759","0.7153148480290848","0.7660320637745951","0.7354166666666666","0.6581087479116801","0.4371985397202996"
"a2","0.4238095238095238","0.6578318709483167","0.7437836673130791","0.2840669774567855","0.3797680027939672","0.6158229752202494","0.48940602153548474","0.5245055702181369","0.5466666666666666","0.6491363049457075","0.6333333333333333","0.15427893994175995","0.6400791874505547","0.6804312557086761","0.8220000000000001","0.6541387305971378","0.5309555165002552"
"a4","0.3083333333333333","0.5925240186822434","0.675522889808604","0.23639394980749465","0.2588484214782269","0.5462824899017155","0.459947000852572","0.48809373155334657","0.27999999999999997","0.5300100300487885","0.4666666666666667","0.17342609272030277","0.2703078458917688","0.5509876679721594","0.5497800190353381","0.4541893933531639","0.41158029293915904"
