"Similarity Measures","noun_path","noun_lch","noun_wup","noun_res","noun_jcn","noun_lin","noun_lesk","noun_vector","verb_path","verb_lch","verb_wup","verb_res","verb_jcn","verb_lin","verb_lesk","verb_vector","word2vec"
"Antecedent","0.17559523809523808","0.5069580708644156","0.6560331825037707","0.2303883698555989","0.12553527985763294","0.4947057936236896","0.25924312885447054","0.26582471456742623","0.5","0.6953155025784209","0.8","0.3306228568815811","1.0","0.9953997351455868","1.0","0.825538872295157","0.4380946869671128"
"a3","0.31717171717171716","0.4911474008287527","0.5555555555555556","0.21409568671819004","0.3028704938227763","0.4246656411494962","0.318619496409675","0.3042092457119455","0.0","0.0","0.0","0.0","0.0","0.0","0.0","0.0","0.1817759127468435"
"a2","0.13958333333333334","0.4267611614115164","0.43976199239357133","0.06991236784594257","0.05830278711587485","0.14000793213586576","0.233758864271017","0.1311309788794348","0.0","0.0","0.0","0.0","0.0","0.0","0.0","0.0","0.13035266844278331"
"a4","0.3412698412698413","0.5563979326613484","0.6441520467836257","0.24951972321850718","0.3421935260154453","0.6011671315638687","0.3658220579898625","0.33748378412429797","0.0","0.0","0.0","0.0","0.0","0.0","0.0","0.0","0.17404405628795538"
