"Similarity Measures","noun_path","noun_lch","noun_wup","noun_res","noun_jcn","noun_lin","noun_lesk","noun_vector","verb_path","verb_lch","verb_wup","verb_res","verb_jcn","verb_lin","verb_lesk","verb_vector","word2vec"
"a1","0.3885416666666667","0.6381495368432002","0.7456959706959707","0.25000330916671776","0.33877797752046757","0.6116909393361549","0.4770229600235649","0.4816359085419299","0.2107142857142857","0.4543664350047936","0.3458333333333333","0.0","0.06554685573263357","0.0","0.11183517019043326","0.1755629805651549","0.42976075926166907"
"a3","0.20208333333333334","0.5477693352051118","0.6979537007110537","0.18892647525928366","0.10103160813305598","0.40955348570289324","0.2861195655132871","0.28396553248274903","0.3357142857142857","0.548316824085542","0.47916666666666663","0.09378810123638513","0.21578502964433188","0.3677036510501335","0.5840773809523809","0.41832369939779845","0.36558898032251835"
"a2","0.32410714285714287","0.6267480270224809","0.7626494216567746","0.2604856281392828","0.2774259169902892","0.6064221060792245","0.6079265013790731","0.34164102434993715","0.2708333333333333","0.5189289316870722","0.4214285714285714","0.12589284676332585","0.13268609818419413","0.378008203454907","0.3600757575757575","0.26061770406756835","0.39074359807645187"
"Antecedent","1.0","0.9860896635111783","1.0","0.4563540963603715","1.0","1.0","1.0","0.9999999999999877","1.0","0.8832162807399176","1.0","0.38104623028127055","1.0","1.0","1.0","0.9999999999999984","1.0"
"a4","0.27162698412698416","0.5440340941477362","0.635326479076479","0.2192121695353449","0.2265595629700937","0.5080890869819527","0.26351401521244033","0.2878803919302378","0.6041666666666667","0.6678367753082207","0.738095238095238","0.18069297022222283","0.5429627557388619","0.6373237582833433","0.6194291125541125","0.597807581534996","0.343624124642978"
