"Similarity Measures","noun_path","noun_lch","noun_wup","noun_res","noun_jcn","noun_lin","noun_lesk","noun_vector","verb_path","verb_lch","verb_wup","verb_res","verb_jcn","verb_lin","verb_lesk","verb_vector","word2vec"
"Antecedent","0.32040816326530613","0.586554345964195","0.7083333333333333","0.24505412433440427","0.3568124357089194","0.5526974039524956","0.5709522749788855","0.359414892098028","0.5595238095238095","0.6907542111498347","0.6761904761904762","0.15298922372105767","0.4117883100926889","0.5446746256194942","0.7082255567653032","0.5920712990604182","0.513726619825421"
"a3","0.20294784580498865","0.5369486235668074","0.709040922220931","0.2043885024195544","0.132553422300853","0.47671535635273965","0.38578268159351065","0.25683873392028517","0.5357142857142858","0.6750520812811489","0.6523809523809524","0.12331081331157635","0.3816170851970936","0.469444043586044","0.5742267507538115","0.5920712990604182","0.47078907155951294"
"a2","0.34206349206349207","0.6305078254311279","0.7805385790679908","0.2757070070905926","0.34273597529182986","0.6441118152467153","0.6521701460611234","0.4185555016099406","0.5357142857142858","0.6750520812811489","0.6523809523809524","0.1650184328326306","0.38277513389328327","0.5748604788908731","0.6227234364431034","0.6219458691637337","0.5121536296873032"
"a4","0.42993197278911566","0.671644542319137","0.7819442462299605","0.27496619137295886","0.3801170385183844","0.6009750326697816","0.5309236317680409","0.4575361724415753","0.41666666666666663","0.6168048532349921","0.5809523809523809","0.161185060524326","0.36324977004477016","0.5415700884544674","0.42709959104625644","0.49090445918633635","0.45055025728423165"
