"Similarity Measures","noun_path","noun_lch","noun_wup","noun_res","noun_jcn","noun_lin","noun_lesk","noun_vector","verb_path","verb_lch","verb_wup","verb_res","verb_jcn","verb_lin","verb_lesk","verb_vector","word2vec"
"Antecedent","0.34555555555555556","0.6074013650960267","0.6824242424242424","0.26299111585410306","0.2991307373755257","0.5537772345492872","0.42817663397153216","0.37757292241872037","0.6666666666666666","0.7343084371187691","0.75","0.17499448228586995","0.6796601581863211","0.8236637561341108","0.7326388888888891","0.714191384023018","0.45765090351325266"
"a3","0.3126984126984127","0.558818425761448","0.6285714285714286","0.22538622750851212","0.26571259158562205","0.42143225385802674","0.4057711441124384","0.3561260339062192","0.6666666666666666","0.7343084371187691","0.75","0.2039125331464477","0.6796601581863211","0.8236637561341108","0.7326388888888891","0.714191384023018","0.3883054385868297"
"a2","0.37222222222222223","0.6350966468204426","0.7006747638326586","0.2709194982366896","0.32265999496564834","0.6063757673350146","0.43782013678011394","0.4610444188922845","1.0","0.8832162807399176","1.0","0.2385804456688391","1.0","1.0","1.0","1.0","0.4670679997320398"
"a4","0.12277777777777779","0.4131147789345092","0.41310160427807485","0.08996230091189247","0.07308191035810771","0.1956413457986078","0.2704081532099882","0.17330941919840379","0.6666666666666666","0.7343084371187691","0.75","0.17499448228586995","0.6796601581863211","0.8236637561341108","0.7326388888888891","0.714191384023018","0.3781705561358955"
