Similarity Measures,noun_path,noun_lch,noun_wup,noun_res,noun_jcn,noun_lin,noun_lesk,noun_vector,verb_path,verb_lch,verb_wup,verb_res,verb_jcn,verb_lin,verb_lesk,verb_vector,word2vec,Average
Antecedent,0.17142857142857143,0.504191528363924,0.6696428571428572,0.2058471908174665,0.11678670747419698,0.4772295591257584,0.2779215132576625,0.2538767602053405,0.4666666666666666,0.5923548834969996,0.5555555555555555,0.11892322490278084,0.40228474211213444,0.4595262427746228,0.4759895319105847,0.561797782239731,0.46967076157955984,0.39880553406202429
a3,0.5714285714285714,0.7223375762961125,0.8125,0.28642091599943165,0.5462812372136578,0.7190858578271544,0.64791713496746,0.622203637179348,0.7333333333333334,0.7377855821184586,0.7777777777777777,0.2042295759739133,0.7035499576474468,0.6666666666666666,0.7417929292929294,0.7823978019726496,0.5902894946908755,0.63917635590504618
a2,0.17142857142857143,0.504191528363924,0.6428571428571428,0.19614961137072803,0.11678670747419698,0.4772295591257584,0.305102404797645,0.304676082146544,0.48333333333333334,0.6125183966774608,0.5777777777777778,0.13798703144428862,0.41335618448896744,0.5132571386955248,0.5008950195353704,0.5733363861930559,0.5551701042192683,0.41682664587820928
a4,0.23809523809523808,0.5734297326749639,0.7125,0.2578931317368681,0.18222694500299746,0.6301216502233337,0.4308435083435085,0.27997756715167454,0.2888888888888889,0.5392417906235939,0.5277777777777778,0.1917941706181896,0.48857793895480156,0.7384508819795079,0.406525014134663,0.42958555066414067,0.45213930479970815,0.43341582892175617
