"Similarity Measures","noun_path","noun_lch","noun_wup","noun_res","noun_jcn","noun_lin","noun_lesk","noun_vector","verb_path","verb_lch","verb_wup","verb_res","verb_jcn","verb_lin","verb_lesk","verb_vector","word2vec"
"Antecedent","0.46428571428571425","0.6849877532601366","0.7769607843137255","0.30518499432646157","0.4310557356359011","0.7192428151200021","0.5472274851585196","0.543520227610126","0.5","0.6953155025784209","0.6666666666666666","0.20156723307780608","0.41805208187985987","0.7666279904447494","1.0","0.753752011519726","0.4810302147914726"
"a3","0.13863636363636364","0.43608155568207785","0.47130647130647124","0.0960637048650868","0.08454587471604608","0.23601867645996055","0.27191283998686433","0.26991193827192933","1.0","0.8832162807399176","1.0","0.20966239480826138","1.0","1.0","1.0","1.0","0.41031796081916266"
"a2","0.1898148148148148","0.5003731981073846","0.5427350427350427","0.15319056497739775","0.2165886496941152","0.40746693801675987","0.275664458317603","0.2871583497969147","1.0","0.8832162807399176","1.0","0.20966239480826138","1.0","1.0","1.0","1.0","0.44829612296246396"
"a4","0.0925925925925926","0.3384677096394533","0.3444444444444444","0.09459855010859754","0.10581042577754618","0.25271386679691593","0.15062771651006931","0.19610147441667633","1.0","0.8832162807399176","1.0","0.20966239480826138","1.0","1.0","1.0","1.0","0.4159711494305239"
