"Similarity Measures","noun_path","noun_lch","noun_wup","noun_res","noun_jcn","noun_lin","noun_lesk","noun_vector","verb_path","verb_lch","verb_wup","verb_res","verb_jcn","verb_lin","verb_lesk","verb_vector","word2vec"
"a1","0.29169719169719166","0.5606314485438487","0.6872034847743349","0.2632768362806032","0.25600763577470614","0.5535296604534101","0.36286263039454586","0.27273227828614677","0.4458333333333333","0.6057389458825007","0.6834224598930482","0.1864769729174652","0.3768893203992655","0.6385203316242525","0.6542468366332002","0.5322303773262828","0.3783816471930185"
"a3","0.6264957264957265","0.7717136209109745","0.8635114885114886","0.41751153987965645","0.6052863866507027","0.7901834853654569","0.6914513098235988","0.6648414092723214","0.35416666666666663","0.5933828534976465","0.5590277777777778","0.21535697261613132","0.31149636214821047","0.6855124166599168","0.5996114869978505","0.38929667448767447","0.5007772722475743"
"a2","0.22326007326007324","0.5094108596892164","0.649661688839754","0.23343503993699669","0.17395911523085977","0.47340279331865026","0.37181483118199893","0.24306134514405794","0.4583333333333333","0.6208615807678466","0.6178571428571429","0.20252667313964906","0.34642385125939373","0.5927044577960642","0.5476373163873163","0.5207505863685871","0.39901765131710454"
"Antecedent","1.0","0.9860896635111783","0.9903846153846154","0.5053238453960232","1.0","1.0","1.0","0.9999999999999948","1.0","0.8832162807399176","1.0","0.43972449638915","1.0","1.0","1.0","0.9999999999999988","1.0"
