"Similarity Measures","noun_path","noun_lch","noun_wup","noun_res","noun_jcn","noun_lin","noun_lesk","noun_vector","verb_path","verb_lch","verb_wup","verb_res","verb_jcn","verb_lin","verb_lesk","verb_vector","word2vec"
"Antecedent","0.3111111111111111","0.62161148031678","0.7708032708032708","0.29040067182653206","0.23142020301225052","0.5923878819477763","0.5049552563780936","0.3612410004639807","0.3861111111111111","0.5758800936505274","0.5574074074074075","0.10459185122614577","0.3263362933056177","0.3927139684865226","0.5848282958138932","0.4822792228155311","0.47033984063376694"
"a3","0.1010662177328844","0.36178787852087035","0.27067377067377074","0.01992205006358263","0.06072012197190978","0.047831783153561805","0.20889481385059408","0.10873180913223723","0.22499999999999998","0.4771694546462324","0.3666666666666667","0.0714761645434843","0.0715797438264361","0.13333557405966953","0.252987464894893","0.24369992927742834","0.5130699323036959"
"a2","0.2814814814814815","0.5763080807253247","0.6813731265485651","0.22663228783310796","0.23077631298603712","0.4877433233961168","0.43563429076565013","0.3215467119261832","0.5111111111111112","0.6385136863710263","0.6574074074074074","0.13532170614291014","0.4789375920231073","0.5702108541543729","0.6420500009585157","0.5697013750079868","0.5613052479379828"
"a4","0.39100529100529097","0.6517629545692444","0.749667196313223","0.2729341281084578","0.32915880903486017","0.570894499455354","0.5191488946283069","0.4526980487906107","0.39444444444444443","0.585961850240758","0.5970899470899471","0.19239886436427037","0.4796417327460673","0.6384604345014483","0.6185557693478596","0.5334356073114984","0.5129029914319826"
