"Similarity Measures","noun_path","noun_lch","noun_wup","noun_res","noun_jcn","noun_lin","noun_lesk","noun_vector","verb_path","verb_lch","verb_wup","verb_res","verb_jcn","verb_lin","verb_lesk","verb_vector","word2vec"
"Antecedent","0.1734745413316842","0.49494259905436955","0.644515207015207","0.17777256432706653","0.14432631241605892","0.3976958099677497","0.29860339625360816","0.17559482045771138","0.5833333333333333","0.7148119698485951","0.8472222222222221","0.2897122245852224","0.4615950585160379","0.8115567472180703","1.0","0.7418864103502727","0.40226380624059316"
"a3","0.2780045351473923","0.5831702561071722","0.7027723210496319","0.22549214673546625","0.2222484226292974","0.48592270155424977","0.43868334883129284","0.25898977921455485","0.5625","0.6953155025784209","0.803654970760234","0.19892920170378772","0.4221806162972812","0.716445608611486","0.8292419169372295","0.7106556077590389","0.401928305191907"
"a2","0.2137806637806638","0.544247810664315","0.6956433505803254","0.2205543335424749","0.15847567750006678","0.46285158696819045","0.49215860594095817","0.3215810910674804","0.5833333333333333","0.7148119698485951","0.8342105263157895","0.27351850653897014","0.6564402831207234","0.8801942501440365","1.0","0.8604425710657004","0.46239986925749577"
"a4","0.3584183673469387","0.6407257861494592","0.7753063978627891","0.2621882955045928","0.3398177969401996","0.5827635996257327","0.5868782093529258","0.3956050889699309","0.5625","0.6953155025784209","0.803654970760234","0.19892920170378772","0.4221806162972812","0.716445608611486","0.8292419169372295","0.7106556077590389","0.3324546194220046"
