"Similarity Measures","noun_path","noun_lch","noun_wup","noun_res","noun_jcn","noun_lin","noun_lesk","noun_vector","verb_path","verb_lch","verb_wup","verb_res","verb_jcn","verb_lin","verb_lesk","verb_vector","word2vec"
"Antecedent","0.20972222222222223","0.5558664159425636","0.7017402918718707","0.15119215062512506","0.107275017275322","0.37501798296681277","0.34323463628500944","0.3407156378173631","0.49999999999999994","0.6598545153081949","0.6805555555555556","0.19965626589083713","0.41725332227533746","0.6794545282681532","0.6644908074128852","0.5481390992265185","0.3995856532303212"
"a3","0.3357142857142857","0.6198734104965533","0.6851175026097627","0.29316804039037325","0.3125126730150896","0.6355466914971415","0.3876995461238708","0.4385388573782982","0.3333333333333333","0.5854005934976205","0.5","0.19175839294476826","0.20207387412678593","0.5450762329121429","0.289840512226876","0.3675167872261782","0.377214904984337"
"a2","0.1556547619047619","0.4767528692897538","0.5588066051881841","0.12990792387498565","0.09929893933637778","0.32107846329010564","0.25454580328162296","0.2597954914759616","0.3333333333333333","0.5854005934976205","0.5","0.19175839294476826","0.20207387412678593","0.5325086351120859","0.289840512226876","0.4096458683536595","0.38120960470230436"
"a4","0.28726851851851853","0.6055023638162799","0.7315549087994908","0.24166251812715564","0.4417274233976985","0.6188660811331604","0.471970689505119","0.37275815997942824","0.6666666666666666","0.7343084371187691","0.8263888888888888","0.22569320816100238","0.6321529402844104","0.8242340794955009","0.6931807109837412","0.681417581922092","0.39869771454047437"
