Similarity Measures,noun_path,noun_lch,noun_wup,noun_res,noun_jcn,noun_lin,noun_lesk,noun_vector,verb_path,verb_lch,verb_wup,verb_res,verb_jcn,verb_lin,verb_lesk,verb_vector,word2vec,Average
Antecedent,0.16428571428571428,0.47692346191817875,0.5045248868778281,0.10486291437006094,0.09026532062438453,0.26502390598412545,0.306808671870404,0.29595671886691866,0.3333333333333333,0.5854005934976205,0.5,0.12781605200648147,0.08661184181741234,0.30640046645897917,0.291666666666667,0.218553381364472,0.345758578474021,0.29436426520097653
a3,0.22777777777777775,0.5534862909807903,0.6480769230769231,0.24299982379865712,0.20235075121226234,0.615841464239913,0.2978935571192533,0.33429767037843,0.3333333333333333,0.5854005934976205,0.5714285714285714,0.20429869952460447,0.17712669605538872,0.5424173025215966,0.350529100529101,0.429142088082347,0.3483158220306465,0.39204214503454216
a2,0.0,0.0,0.0,0.0,0.0,0.0,0.0,0.0,0.3333333333333333,0.5854005934976205,0.5,0.0,0.08602068691551654,0.0,0.386111111111111,0.216805149052704,0.4997133727116769,0.15337554391893896
a4,0.5111111111111111,0.741387069142287,0.8611111111111112,0.30362106616196477,0.43287666005565956,0.7138611002864478,0.736390358612581,0.7892783190398663,0.3333333333333333,0.5854005934976205,0.5,0.2655504594421326,0.2482105919243805,0.7245314984393808,0.3875,0.521431170633505,0.505396486153155,0.5388818193496786
