Similarity Measures,noun_path,noun_lch,noun_wup,noun_res,noun_jcn,noun_lin,noun_lesk,noun_vector,verb_path,verb_lch,verb_wup,verb_res,verb_jcn,verb_lin,verb_lesk,verb_vector,word2vec,Average
Antecedent,0.5740740740740741,0.774548227169531,0.8563802669065828,0.315303721608172,0.6369965674997004,0.7900585332739071,0.8140497845174264,0.6263954003872471,0.5277777777777778,0.6586771995514874,0.6333333333333333,0.16237159685969743,0.4491795049056095,0.6432885654824836,0.6463684463684464,0.66327816429264,0.43948893108664294,0.60068059382910344
a3,0.3904761904761905,0.6635514633274957,0.7431548957864748,0.2573185355782353,0.4090104292582235,0.6786464665886012,0.6696671416972836,0.5103251332667424,0.38888888888888884,0.622038896524554,0.648148148148148,0.1916676812496021,0.5991928054048278,0.7964200531564231,0.6038155363155363,0.4733323971286147,0.4258604479330921,0.53361853592523145
a2,0.0,0.0,0.0,0.0,0.0,0.0,0.0,0.0,0.5277777777777778,0.6586771995514874,0.6333333333333333,0.16237159685969743,0.4491795049056095,0.6432885654824836,0.5585568101053177,0.66327816429264,0.27361763001606554,0.26882826954849487
a4,0.25277777777777777,0.6060381271110588,0.7545454545454545,0.26512697546571024,0.3102404452397502,0.6477772792923567,0.2732382591409775,0.31163658064311284,0.5555555555555555,0.6846724892450529,0.6333333333333333,0.18628323038388817,0.47320202843307246,0.7101985582112182,1.0,0.66327816429264,0.3900878795662282,0.51282306695512869
