"Similarity Measures","noun_path","noun_lch","noun_wup","noun_res","noun_jcn","noun_lin","noun_lesk","noun_vector","verb_path","verb_lch","verb_wup","verb_res","verb_jcn","verb_lin","verb_lesk","verb_vector","word2vec"
"Antecedent","0.21944444444444444","0.571805442494257","0.7678649237472767","0.27414672976525395","0.17744959516416647","0.6468741382797415","0.338926892515145","0.4010413804441157","0.5","0.6953155025784209","0.6666666666666666","0.1969189713852482","0.37132516888320616","0.735407302100267","1.0","0.739414990145203","0.5278234764086908"
"a3","0.35833333333333334","0.6474366800615386","0.7602941176470588","0.24612271743471817","0.284577313089052","0.5689716968394142","0.7083574286801103","0.43496371970441033","1.0","0.8832162807399176","1.0","0.20966239480826138","1.0","1.0","1.0","1.0","0.5299467316423174"
"a2","0.30317460317460315","0.5756341009224737","0.6941520467836257","0.22377270857434142","0.26365019137439083","0.5297817969915353","0.4593114532850178","0.36250147917257963","1.0","0.8832162807399176","1.0","0.20966239480826138","1.0","1.0","1.0","1.0","0.56434601648873"
"a4","0.1478174603174603","0.4664816987474328","0.5486705288175876","0.14239962417919358","0.10253037767481454","0.34221039054252517","0.30686056809336315","0.27361046893728197","1.0","0.8832162807399176","1.0","0.20966239480826138","1.0","1.0","1.0","1.0","0.5261034960911798"
