Similarity Measures,noun_path,noun_lch,noun_wup,noun_res,noun_jcn,noun_lin,noun_lesk,noun_vector,verb_path,verb_lch,verb_wup,verb_res,verb_jcn,verb_lin,verb_lesk,verb_vector,word2vec,Average
Antecedent,0.27777777777777773,0.6362833968817504,0.8147435897435898,0.267767838834208,0.4709467886588498,0.7306092602573896,0.5264070020470827,0.29059723180477964,0.20833333333333331,0.45245726987652396,0.5852941176470587,0.18113943996762935,0.14335715808359534,0.479832211346753,0.2675303216216045,0.35135914513149696,0.3526230621765608,0.41394464383470486
a3,0.22474747474747472,0.5448739512766034,0.6294261294261294,0.1660676543901427,0.1885451571776491,0.45783725354581045,0.4586423458272197,0.39812121301364733,0.6,0.6650702328077291,0.7352941176470589,0.1886867772163497,0.5569118990699481,0.7161914365570168,0.5765625,0.6274794896070405,0.418666171005406,0.47959551784207205
a2,0.196969696969697,0.518878661583038,0.5800865800865801,0.20442955612829347,0.22929747167415168,0.530370886419687,0.41890632807392764,0.3217111908994183,0.5833333333333334,0.6403580480380207,0.6428571428571428,0.10455909711896318,0.5350709690799723,0.5,0.5750661375661374,0.5480238199019997,0.3082302088307469,0.43753818403300643
a4,0.3611111111111111,0.6989169896022492,0.8634920634920635,0.311775389175807,0.7523591594638314,0.8578324910685712,0.5412582695748164,0.36154084550962634,0.6,0.6650702328077291,0.7857142857142857,0.1886867772163497,0.5569118990699481,0.7161914365570168,0.595238095238095,0.6274794896070405,0.4487789728539935,0.58425632400367844
