Similarity Measures,noun_path,noun_lch,noun_wup,noun_res,noun_jcn,noun_lin,noun_lesk,noun_vector,verb_path,verb_lch,verb_wup,verb_res,verb_jcn,verb_lin,verb_lesk,verb_vector,word2vec,Average
Antecedent,0.6666666666666666,0.8371818198900298,0.9285714285714286,0.33166110247852276,0.5873547060309361,0.8355066016959247,1.0,0.75461661433932,0.3333333333333333,0.5854005934976205,0.5,0.14032656976347854,0.3593203163726423,0.6473275122682216,0.465277777777778,0.428382768046036,0.35548221324539875,0.57390647199866696
a3,0.25,0.5943235871881329,0.7619047619047619,0.215077324420908,0.14398568089387181,0.5442405693476048,0.635505486598309,0.3267482042175015,1.0,0.8832162807399176,1.0,0.20966239480826138,1.0,1.0,1.0,1.0,0.5755378055603575,0.65530600562821317
a2,0.6666666666666666,0.8371818198900298,0.9285714285714286,0.34690432145768024,0.5873547060309361,0.8355066016959247,1.0,0.7121946988322095,1.0,0.8832162807399176,1.0,0.20966239480826138,1.0,1.0,1.0,1.0,0.600868712531087,0.80047809595436115
a4,0.23809523809523808,0.5734297326749639,0.7166666666666667,0.2605670014161179,0.40420480292776945,0.6347525499754587,0.423696584349993,0.409776085089683,0.3333333333333333,0.5854005934976205,0.5,0.14032656976347854,0.3593203163726423,0.6473275122682216,0.465277777777778,0.428382768046036,0.47263534258038026,0.44665840440208121
