Similarity Measures,noun_path,noun_lch,noun_wup,noun_res,noun_jcn,noun_lin,noun_lesk,noun_vector,verb_path,verb_lch,verb_wup,verb_res,verb_jcn,verb_lin,verb_lesk,verb_vector,word2vec,Average
a1,0.39077380952380947,0.6426743068499949,0.7337839791787161,0.24999844825996825,0.33369200205232147,0.568614526290287,0.4583603889033651,0.46727580156284204,0.3106060606060606,0.5612290801119667,0.5202282565918929,0.18237338130076608,0.21193419344978537,0.5215161489031318,0.29284975052476026,0.3137675149088149,0.4904291448190624,0.42647687022573799
a3,0.34375,0.6355416780934331,0.7685796124373712,0.21115679697459458,0.2504741982704654,0.5473252212313822,0.5798715030396241,0.4470823559461096,0.7151515151515151,0.7552412783151936,0.8621933621933622,0.24582481369657028,0.704266122354402,0.8550188907441388,0.8385656442100231,0.7454714214519785,0.4939612837660561,0.58820445281624834
a2,0.19737103174603174,0.5288065079417195,0.6317899012751953,0.19329714192594807,0.14494180425126443,0.44409638015123676,0.292416547962272,0.22596518812067828,0.49242424242424243,0.6424515402689568,0.6350649350649351,0.12430130882763703,0.41342337827730213,0.5265075312234992,0.6454308211213806,0.5298069109940683,0.471345410139786,0.41996709304212676
Antecedent,1.0,0.9860896635111783,1.0,0.45091014261776824,1.0,1.0,1.0,1.0,1.0,0.8832162807399176,1.0,0.35718222117849835,1.0,1.0,1.0,1.0,1.0,0.92219990047337419
a4,0.17261904761904762,0.5017346072361234,0.653087044534413,0.20513812356619493,0.11420508914394004,0.4511814721877604,0.4331904026105954,0.16620480161325157,0.4121212121212121,0.6198705113868768,0.6435786435786436,0.21661351989501074,0.3965887133590135,0.677003439576676,0.5880729741939482,0.47962248767720994,0.3427938359935953,0.4160956427231477
