"Similarity Measures","noun_path","noun_lch","noun_wup","noun_res","noun_jcn","noun_lin","noun_lesk","noun_vector","verb_path","verb_lch","verb_wup","verb_res","verb_jcn","verb_lin","verb_lesk","verb_vector","word2vec"
"Antecedent","0.5727272727272728","0.7145091662604756","0.7647058823529411","0.30828136864314837","0.537330466764796","0.6261231942293404","0.62062934823799","0.678758958478139","0.7777777777777778","0.7839443849924853","0.861111111111111","0.2907896418549258","0.7610167825076077","0.9037462218323277","1.0","0.9218093331377158","0.5778133957136082"
"a3","0.16607142857142856","0.4723389687088957","0.6487738577212262","0.18640546430555813","0.14885286767006098","0.4815151185595827","0.27206931823324876","0.36268781677399475","0.5694444444444445","0.6899939959117368","0.7194444444444444","0.15488079406776586","0.6015307016475339","0.6840663499417877","0.6590277777777777","0.6454402595521692","0.414773221108177"
"a2","0.4458333333333333","0.7086123286537616","0.8429162115774692","0.3653713454014257","0.3793394384020146","0.7497679759244851","0.7477054535046442","0.6102690728194513","0.4444444444444444","0.6350365413713367","0.6527777777777778","0.20349848598939765","0.44579662095506106","0.7441360165062264","0.8217592592592594","0.626324564003938","0.4494314732265939"
"a4","0.1625","0.47096981345139893","0.6566673770957658","0.2026336043285805","0.05954319974833916","0.2436559172713201","0.23783275208835614","0.11732241954657982","0.33888888888888885","0.5729642053939753","0.6237762237762238","0.20612992600381352","0.17713233165754064","0.5580410259483405","0.6536596119929454","0.4741509491130113","0.3071616295970745"
