Similarity Measures,noun_path,noun_lch,noun_wup,noun_res,noun_jcn,noun_lin,noun_lesk,noun_vector,verb_path,verb_lch,verb_wup,verb_res,verb_jcn,verb_lin,verb_lesk,verb_vector,word2vec,Average
a1,0.2302579365079365,0.539723668483997,0.6788969429058102,0.19438282943516016,0.16050363182861788,0.3908710044486346,0.2735722108220653,0.3367630902683034,0.49722222222222223,0.6255160415242434,0.6063492063492063,0.17240322276721565,0.41818878134354986,0.5664870831097216,0.675532983929723,0.5422566430435346,0.40588728003383606,0.4302832222955163
a3,0.0,0.0,0.0,0.0,0.0,0.0,0.0,0.0,0.49722222222222223,0.6255160415242434,0.6361111111111112,0.18798760489132607,0.4296463548380604,0.6007629394761506,0.6791617019334409,0.5494501618547794,0.33006963622717655,0.26681928082814771
a2,0.25337301587301586,0.5679535650360297,0.6975783713835183,0.22934853423022017,0.1799708717377032,0.458780703496938,0.263021952185872,0.2677978211238346,0.325,0.5676426987272912,0.5055555555555555,0.13802453164035378,0.13090605342259862,0.357397702664426,0.5291230918204602,0.5130221487632859,0.4913514283121884,0.3809322379984289
Antecedent,1.0,0.9860896635111783,1.0,0.5575286033036819,1.0,1.0,0.9375,0.9374999999999957,1.0,0.8832162807399176,1.0,0.443127067066311,1.0,1.0,1.0,0.9999999999999991,1.0,0.92617421262476962
a4,0.2197668650793651,0.5516024695867837,0.6796706663434604,0.1898533725587424,0.18531009096837703,0.4593139852784538,0.46585934780836163,0.24133779199788574,0.35833333333333334,0.5812016003172115,0.6074074074074074,0.19951807273407973,0.54679415950794,0.6237492546406861,0.7131532535041308,0.5683197053155968,0.41297697552902646,0.44730402070063785
