"Similarity Measures","noun_path","noun_lch","noun_wup","noun_res","noun_jcn","noun_lin","noun_lesk","noun_vector","verb_path","verb_lch","verb_wup","verb_res","verb_jcn","verb_lin","verb_lesk","verb_vector","word2vec"
"Antecedent","0.12881562881562883","0.41657761604039617","0.4551282051282051","0.13083229239732702","0.09910592604941772","0.32640844792812385","0.23458346590563103","0.30426106627915533","1.0","0.8832162807399176","1.0","0.29372881460518524","1.0","1.0","1.0","1.0","0.3533276947985509"
"a3","0.5277777777777778","0.7615505823227483","0.8857142857142857","0.35075230476909924","0.43033218178105975","0.7290653435365417","0.8891606179043364","0.591026935692822","1.0","0.8832162807399176","1.0","0.3226165132191576","1.0","1.0","1.0","1.0","0.6321165971531221"
"a2","0.242063492063492","0.5857158575127043","0.7857142857142856","0.23888164399118936","0.14208455105888587","0.5521231355657815","0.4920080611758067","0.334918627256864","0.5","0.6953155025784209","0.6666666666666666","0.20429869952460447","0.3801278807555347","0.7535433136018411","1.0","0.753752011519726","0.4959802302775755"
"a4","0.19444444444444442","0.5370115011343181","0.7345029239766082","0.21814319453594844","0.1070779534177005","0.46715388906076005","0.2418669285116263","0.2753729050892797","0.3333333333333333","0.5854005934976205","0.5","0.20429869952460447","0.11585744813049877","0.4857321743740696","0.511111111111111","0.366813368565731","0.4031525239367482"
