"Similarity Measures","noun_path","noun_lch","noun_wup","noun_res","noun_jcn","noun_lin","noun_lesk","noun_vector","verb_path","verb_lch","verb_wup","verb_res","verb_jcn","verb_lin","verb_lesk","verb_vector","word2vec"
"a1","0.2625626007978949","0.45811800634966443","0.5163140694874442","0.20126979461881042","0.2441605670467993","0.3739335326323095","0.25890946963823075","0.2672756534859162","0.3611111111111111","0.6037197450110873","0.5925925925925926","0.21226623423933713","0.49247421916884065","0.7956635336294665","0.3470508763809417","0.4447651445768212","0.5075034198649906"
"a3","0.11504656959202415","0.3949094974656285","0.4690583925878044","0.08469517076094457","0.06730068292478425","0.18121152565918888","0.12308249490508448","0.09672944581303132","0.888888888888889","0.8335803328662014","0.9166666666666666","0.22263617859224868","0.8596143145133822","0.9323320775509988","1.0","0.9131233942785683","0.39382088724297665"
"a2","0.08281264190355099","0.30855897951973354","0.3686992659902877","0.06520083814581255","0.0699966122468287","0.15377433760977802","0.26023947304383505","0.14652298286165685","0.3333333333333333","0.5854005934976206","0.5277777777777778","0.19454836338784764","0.36762411117187493","0.7310081777531083","0.36731135664142167","0.4346244817831375","0.45084554434372687"
"Antecedent","1.0","0.9860896635111783","1.0","0.4988488328226665","1.0","1.0","1.0","0.999999999999993","1.0","0.8832162807399176","1.0","0.27094579048462325","1.0","1.0","1.0","1.0","1.0"
"a4","0.1697330447330447","0.4942736893754949","0.624941724941725","0.13266256687050815","0.10306954977188941","0.3120442568381548","0.2614848816756073","0.24910922815786618","0.34722222222222227","0.5907221001643045","0.5111111111111111","0.04903575996669371","0.2384371725458595","0.18720432598474823","0.2909005512887573","0.675673298383356","0.4603718511034812"
