"Similarity Measures","noun_path","noun_lch","noun_wup","noun_res","noun_jcn","noun_lin","noun_lesk","noun_vector","verb_path","verb_lch","verb_wup","verb_res","verb_jcn","verb_lin","verb_lesk","verb_vector","word2vec"
"Antecedent","0.24075963718820864","0.5753272574544004","0.7399292866453414","0.1739324762067464","0.1771748192758597","0.49325721689511676","0.34987196849608365","0.3611205883634177","0.6499999999999999","0.7155183593026194","0.8160714285714284","0.21504818330319136","0.6990685716634868","0.7920570816597211","0.9059247076023391","0.7297391661968895","0.48565977619953055"
"a3","0.19348330241187384","0.5225356908671791","0.6286917275271314","0.13228153417779337","0.10290948355280001","0.3330505297541769","0.3547908621018916","0.19520716729100812","0.62","0.7048636224404218","0.7813492063492065","0.19214504149083206","0.6273774640580881","0.764163766572364","0.8285164141414141","0.7189684849496583","0.3723436180038789"
"a2","0.18779011604641857","0.47651396023195725","0.6197070663623074","0.17083038562979788","0.18781882383675713","0.40149056298496894","0.36200373651537693","0.3035865234281605","0.65","0.7297027542107097","0.802689075630252","0.22602108206317087","0.7060721157839783","0.8018805401472159","0.9081985294117647","0.7679240065013369","0.3544865999014687"
"a4","0.2642316017316017","0.5752169260525763","0.6896828468229398","0.2252573051477965","0.19699753327680553","0.4916122713599035","0.3946400835437876","0.3570989255356869","0.4333333333333334","0.621567970221871","0.5871428571428572","0.19128345563578134","0.39810795233309626","0.631314794502611","0.83392094017094","0.6821374797129875","0.3891084554404879"
