"Similarity Measures","noun_path","noun_lch","noun_wup","noun_res","noun_jcn","noun_lin","noun_lesk","noun_vector","verb_path","verb_lch","verb_wup","verb_res","verb_jcn","verb_lin","verb_lesk","verb_vector","word2vec"
"Antecedent","0.4523809523809524","0.6858093090123227","0.8005675954592363","0.27918006988301564","0.45749861714010176","0.7227277391402444","0.6140075538261023","0.64890418297825","0.4166666666666667","0.632681909857922","0.7259259259259259","0.214293866741229","0.707147904922933","0.7881395773723753","0.7334401374256446","0.462273957747316","0.5049815830258637"
"a3","0.22569444444444442","0.5473483926477588","0.6873092185592186","0.23205625070348812","0.1655831430265725","0.537643577952571","0.4546189309056957","0.26246890185664984","0.75","0.7579490952989199","0.7999999999999999","0.22713306386215373","0.7243794769250713","0.8281768528172025","0.7291666666666666","0.7909503103389574","0.43896096969906173"
"a2","0.3630952380952381","0.600908459945164","0.6845238095238095","0.21553423899058624","0.35913638587243313","0.5949709484740687","0.43056347960331975","0.463427409634319","0.2888888888888889","0.5392417906235939","0.4444444444444444","0.14687225277592994","0.2753941686467492","0.5421158288056135","0.372351200173781","0.40987215570298136","0.48165563617983786"
"a4","0.12569444444444444","0.41877890141149043","0.3622766122766123","0.029883075095373943","0.07375858526747396","0.08077767834677471","0.18631806281124874","0.15799201421372888","0.2888888888888889","0.5392417906235939","0.5","0.17544687562136096","0.13910059679512868","0.4780902473745534","0.2882788290287072","0.33131628059255064","0.2593472016137365"
