Similarity Measures,noun_path,noun_lch,noun_wup,noun_res,noun_jcn,noun_lin,noun_lesk,noun_vector,verb_path,verb_lch,verb_wup,verb_res,verb_jcn,verb_lin,verb_lesk,verb_vector,word2vec,Average
a1,0.16388888888888886,0.4847760242912453,0.6410457516339869,0.19705115709340376,0.12085514542443794,0.42607332013312504,0.2126300180678334,0.3029818583406751,0.31111111111111106,0.5546450538805086,0.4980392156862745,0.0854994572063499,0.20635081172380035,0.32788449135831127,0.40744246751599705,0.3734815472147037,0.3584726999444338,0.33366053055971095
a3,0.35555555555555557,0.6194994730043033,0.7172448466566113,0.23112852143081355,0.30034666283567957,0.5233724649320379,0.37710214624492455,0.4442326247603634,0.4444444444444444,0.627360403191238,0.6595238095238095,0.2799047526008787,0.3624265780652529,0.6955534901635764,0.7129258455109849,0.629143314444154,0.29911080739867685,0.48699269063313566
a2,0.35357142857142854,0.6175277391990567,0.7072222222222221,0.26586161734226993,0.3371258399466027,0.6000747004544751,0.37782571772926177,0.4295723025663848,0.31111111111111106,0.5546450538805086,0.5258169934640523,0.2124093024464868,0.45830496142849536,0.6596489497814981,0.5544798332298333,0.386936892057896,0.3282864791108214,0.45178947909072964
Antecedent,1.0,0.9860896635111784,1.0,0.5068585387051072,1.0,1.0,1.0,0.9999999999999998,1.0,0.8832162807399176,1.0,0.5158381727742988,1.0,1.0,1.0,1.0,1.0,0.93482368563120599
a4,0.20666666666666664,0.5542240356475882,0.6860442962610145,0.2203524236499946,0.1588946794176112,0.51532475043166,0.2412465274085128,0.327204730943704,0.4583333333333333,0.6326819098579219,0.6564814814814814,0.26378437197811516,0.4807206238264852,0.7695140042557379,0.5969475282697196,0.45555258046250535,0.3951932262479063,0.44818630412587995
