"Similarity Measures","noun_path","noun_lch","noun_wup","noun_res","noun_jcn","noun_lin","noun_lesk","noun_vector","verb_path","verb_lch","verb_wup","verb_res","verb_jcn","verb_lin","verb_lesk","verb_vector","word2vec"
"Antecedent","0.3215986394557824","0.6093171000527974","0.730426716141002","0.24462715228776796","0.31624055308051763","0.5967502777593119","0.43986379610820314","0.3894506023665626","0.8","0.8080559694753189","0.9377777777777778","0.32049565726018664","0.8452432002974085","0.9283662275569977","1.0","0.8782162574917347","0.4139367105317946"
"a3","0.5608843537414966","0.7521734472454928","0.8547880690737834","0.37337568608766614","0.5718825422383115","0.7954348257250764","0.7750302948314313","0.6727343193279934","0.6666666666666667","0.7484928320268596","0.8266666666666668","0.26096257076977836","0.7587542513316057","0.8820122890866658","0.9280555555555555","0.7555856855077446","0.46464615459930686"
"a2","0.5297619047619048","0.7130986889947397","0.7864880217821394","0.3449362215863547","0.5007054556414524","0.7247740161492543","0.6724960235471598","0.5993669432665216","0.45","0.6577353469461216","0.749090909090909","0.23480672610431882","0.6565054042184311","0.8300128938877875","0.8820595959595959","0.6377975337498463","0.47976659759740414"
"a4","0.16196660482374767","0.47391058856983576","0.5306776556776557","0.13951779497468095","0.1311276695757552","0.3645906228386524","0.27671178292741844","0.2974631056359808","0.5333333333333333","0.6889296945784003","0.6666666666666666","0.19852875462586683","0.45949067838561175","0.75621432609624","0.76625","0.6579580714334525","0.28483903458230087"
