"Similarity Measures","noun_path","noun_lch","noun_wup","noun_res","noun_jcn","noun_lin","noun_lesk","noun_vector","verb_path","verb_lch","verb_wup","verb_res","verb_jcn","verb_lin","verb_lesk","verb_vector","word2vec"
"Antecedent","0.22087912087912087","0.5629946438534158","0.6988903253609137","0.21716839498912918","0.20587845826268117","0.48654622308960316","0.2921586834648593","0.3579147983886407","0.4666666666666667","0.6357523651299614","0.6133333333333333","0.18106020932714498","0.37074266361460123","0.6135571899258772","0.597369685869686","0.536684881837234","0.3378762381626269"
"a3","0.23663003663003662","0.585746072753508","0.7293061156778708","0.24207860173939422","0.1604527258823446","0.5331831265087068","0.5721546765524889","0.41938473225538225","0.6666666666666666","0.7484928320268595","0.8977777777777778","0.30224922612102667","0.7011866904383173","0.8781702763685576","1.0","0.7996802279944272","0.37232269621547576"
"a2","0.18620268620268618","0.5210802918513042","0.6279556793131456","0.14590015560044328","0.08158645751517087","0.3041915936778234","0.24735861537772258","0.19066289449742177","0.4666666666666667","0.6357523651299614","0.6133333333333333","0.170127738175094","0.3747073125067423","0.6398823849922357","0.6080925310010675","0.536684881837234","0.3648359170235061"
"a4","0.15057997557997557","0.46375529861895254","0.5595091018108402","0.124798879414346","0.09974833671785162","0.295446242776328","0.2183678322325394","0.2835628699347467","0.4666666666666667","0.6357523651299614","0.6678787878787878","0.14291722013396382","0.37074266361460123","0.5534616988657719","0.6069134150873282","0.55572055979787","0.29041027403904124"
