"Similarity Measures","noun_path","noun_lch","noun_wup","noun_res","noun_jcn","noun_lin","noun_lesk","noun_vector","verb_path","verb_lch","verb_wup","verb_res","verb_jcn","verb_lin","verb_lesk","verb_vector","word2vec"
"Antecedent","0.6404040404040404","0.7369574099865727","0.7682539682539682","0.301259112689652","0.6334680850321893","0.6763154540095526","0.7011832393447046","0.6668788537154338","0.6666666666666666","0.7343084371187691","0.75","0.2173439878716394","0.614488740002122","0.7695502455956624","1.0","0.8536880131598741","0.7225089953099018"
"a3","0.12175324675324675","0.40597564130675023","0.4824746821805645","0.12002365573973761","0.0984600503661149","0.3069438711154756","0.1930098159246534","0.1885886789952771","0.41666666666666663","0.6403580480380207","0.775","0.20099054558517077","1.0","0.9769537036458151","0.7229166666666665","0.6705963745446755","0.32277738962531777"
"a2","0.0","0.0","0.0","0.0","0.0","0.0","0.0","0.0","0.0","0.0","0.0","0.0","0.0","0.0","0.0","0.0","0.13531960023548867"
