Similarity Measures,noun_path,noun_lch,noun_wup,noun_res,noun_jcn,noun_lin,noun_lesk,noun_vector,verb_path,verb_lch,verb_wup,verb_res,verb_jcn,verb_lin,verb_lesk,verb_vector,word2vec,Average
Antecedent,0.18333333333333335,0.5250853828770929,0.6666666666666666,0.27333453874602087,0.14227139244531065,0.6072880706578745,0.44218135259801894,0.2855774776254145,0.3333333333333333,0.5854005934976205,0.7777777777777778,0.19456772031082067,0.6174961627677404,0.7590054271612654,0.341540404040404,0.657172414268006,0.5850615210608983,0.46924079818632936
a3,0.18333333333333335,0.5250853828770929,0.6076923076923078,0.15402667036039397,0.08296762790852821,0.30603767066995086,0.2282800238666465,0.3017941387500615,1.0,0.8832162807399176,1.0,0.20966239480826138,1.0,1.0,1.0,1.0,0.372854580337365,0.57970296537316812
a2,0.17142857142857143,0.504191528363924,0.7083333333333333,0.24134012754897397,0.14472390583552794,0.5677703136071929,0.576793548105507,0.297813455917312,0.0,0.0,0.0,0.0,0.0,0.0,0.0,0.0,0.12977914511776542,0.19659846642694753
a4,0.09090909090909091,0.336059770372744,0.16666666666666666,0.0,0.06111990931128419,0.0,0.1084039272004535,0.1052623469883606,0.5,0.6953155025784209,0.75,0.20576339030545993,1.0,0.9592997703437957,1.0,0.732980779065354,0.3914024344993512,0.41783432872005777
