Similarity Measures,noun_path,noun_lch,noun_wup,noun_res,noun_jcn,noun_lin,noun_lesk,noun_vector,verb_path,verb_lch,verb_wup,verb_res,verb_jcn,verb_lin,verb_lesk,verb_vector,word2vec,Average
Antecedent,0.36380952380952375,0.6282664371177908,0.7608395989974938,0.2644496778438842,0.2990503902625133,0.5757692770115718,0.5493528527027836,0.4736639938917156,0.6666666666666666,0.7579490952989199,0.746031746031746,0.23064176644837497,0.7169788862044869,0.865157885748749,1.0,0.7522880158638817,0.45320520848894325,0.594360060140532
a3,0.1519047619047619,0.4707061825777218,0.5668199911543564,0.13068056752576956,0.06766251914544283,0.2016467993943068,0.21563976081308453,0.14609012772885963,0.611111111111111,0.7213107922719865,0.8148148148148148,0.2019324493989627,0.5646232580653452,0.8208332040842518,0.75,0.7479687276783235,0.4792022935138101,0.45076160948134758
a2,0.3238095238095238,0.580801407577608,0.6846491228070175,0.24865168804038457,0.28258213429992923,0.5441384367579528,0.509806471700488,0.3339241003060719,0.611111111111111,0.7213107922719865,0.8148148148148148,0.2019324493989627,0.5646232580653452,0.8208332040842518,0.75,0.7479687276783235,0.5198950026345498,0.54475601443284249
a4,0.3304761904761905,0.5906862814854914,0.6916666666666667,0.24865168804038457,0.28258213429992923,0.5441384367579528,0.5145464174200702,0.36071430512303315,0.611111111111111,0.7213107922719862,0.6666666666666666,0.21177763257445173,0.6309202707394542,0.8279319141177344,0.8217592592592594,0.6371390427771676,0.4757407784016328,0.53928350518759904
