"Similarity Measures","noun_path","noun_lch","noun_wup","noun_res","noun_jcn","noun_lin","noun_lesk","noun_vector","verb_path","verb_lch","verb_wup","verb_res","verb_jcn","verb_lin","verb_lesk","verb_vector","word2vec"
"Antecedent","0.2253968253968254","0.5655523443322431","0.6960784313725491","0.21715630229177116","0.13237203749049858","0.5185162471205534","0.5436857909735267","0.3410619982980183","0.574074074074074","0.6917678314672981","0.7804131054131056","0.23877096207546306","0.5196144307917415","0.7744397853289908","0.7966968347377249","0.6253365306072778","0.4732244217834051"
"a3","0.20555555555555557","0.5534862909807904","0.734827264239029","0.18264186546423666","0.11913582778920977","0.446498601606968","0.39896757882144196","0.3569221777211373","0.5259259259259259","0.6487825285423026","0.7165784832451499","0.22259264610798957","0.4779685368747751","0.7021890908752434","0.7170496424461804","0.6548931410896317","0.33025316652527026"
"a2","0.1976190476190476","0.5395570546386776","0.7086834733893558","0.18326266191187165","0.11913582778920977","0.446498601606968","0.2785112733526873","0.343114362118494","0.48888888888888893","0.64523485743118","0.7012345679012345","0.2425205599174223","0.43796603199376716","0.6524447824667184","0.8789755580496323","0.7354566589336238","0.40800845773748917"
"a4","0.3055555555555555","0.6362833968817504","0.761277937748526","0.2591330942146027","0.44223559345896785","0.6441482196847863","0.6098148734044173","0.562112312811303","0.5370370370370371","0.6882201603561755","0.7540123456790124","0.24853051063389367","0.4647175551155176","0.7530914515077884","0.9368317230273752","0.6946033602899012","0.3649212011234278"
