"Similarity Measures","noun_path","noun_lch","noun_wup","noun_res","noun_jcn","noun_lin","noun_lesk","noun_vector","verb_path","verb_lch","verb_wup","verb_res","verb_jcn","verb_lin","verb_lesk","verb_vector","word2vec"
"Antecedent","0.19675324675324674","0.4811359525713489","0.5827407886231416","0.1863133325831669","0.18536562606323043","0.4594258744598231","0.4330984945799532","0.3391470601675722","0.2791666666666667","0.5312850240719265","0.5625","0.1900095685772133","0.3420062604928609","0.5225773113411909","0.49766343995510676","0.3026509850201795","0.38629732553881857"
"a3","0.19318181818181818","0.5114764761927766","0.6631067142576094","0.2095728981473343","0.14962372790455375","0.5098428553845323","0.5129440796781424","0.3372341985900608","0.3125","0.5659041262274465","0.6125","0.14582254902448563","0.3065253731694294","0.37147745131246285","0.601388888888889","0.36908240244497226","0.4933791845486731"
"a2","0.14176470588235293","0.4260985936561825","0.5467787114845939","0.1868605757603888","0.1135380984834156","0.4379559120565565","0.4491878214319204","0.3189416909410596","0.35416666666666663","0.5933828534976464","0.6068181818181818","0.13732694325514405","0.2801569738734643","0.37539111630032085","0.690297619047619","0.537107675263624","0.5010565971323657"
"a4","0.2176190476190476","0.5082863382100211","0.6281420540244069","0.2165112986657292","0.30159647685250845","0.5289991759083488","0.40790079939727947","0.3992814167550296","0.35416666666666663","0.5933828534976465","0.6","0.1972447124296606","0.3618158994310272","0.5494011797430347","0.8419642857142857","0.46381632356820546","0.38860004579762897"
