"Similarity Measures","noun_path","noun_lch","noun_wup","noun_res","noun_jcn","noun_lin","noun_lesk","noun_vector","verb_path","verb_lch","verb_wup","verb_res","verb_jcn","verb_lin","verb_lesk","verb_vector","word2vec"
"a1","0.34761904761904766","0.6491903652995478","0.7496598639455783","0.2488050660349145","0.29099398577559704","0.588017613048115","0.5922517339173013","0.4343475249536136","0.6666666666666666","0.7343084371187691","0.8125","0.2293124495530992","0.7968227642116164","0.9085159459395994","0.671759768009768","0.6706419676566157","0.49040599655007133"
"Antecedent","0.7666666666666667","0.8543741547585826","0.9115646258503401","0.40760494469489206","0.7458042915686155","0.8472553567899038","0.8438022778555866","0.8238683818129278","0.6666666666666666","0.7343084371187691","0.8125","0.19988442968466114","0.7968227642116164","0.885740074545138","0.6516369047619047","0.6706419676566157","0.6820569266195482"
"a2","0.4440476190476191","0.684674839257102","0.7909709338280767","0.29861176112115867","0.369356756342986","0.6240176782538605","0.572374133931949","0.5131193919658592","0.6666666666666666","0.7343084371187691","0.825","0.23663320607424138","0.7968227642116164","0.885740074545138","0.7020833333333332","0.7305751863362949","0.5842296853953488"
"a4","0.28509070294784583","0.5597113776554098","0.6780812324929971","0.25096313948831256","0.24814898432546467","0.5460657842387194","0.4458256020163943","0.3798962022581988","0.3333333333333333","0.5854005934976205","0.792063492063492","0.2632519853142569","0.7969384574155906","0.9111701244656728","0.6932591218305505","0.4367313097487505","0.49713634172388216"
