"Similarity Measures","noun_path","noun_lch","noun_wup","noun_res","noun_jcn","noun_lin","noun_lesk","noun_vector","verb_path","verb_lch","verb_wup","verb_res","verb_jcn","verb_lin","verb_lesk","verb_vector","word2vec"
"a1","0.30125231910946193","0.5494408279135307","0.6591276370688136","0.21939296317167792","0.3422630325793507","0.507150494093516","0.30827903232040776","0.25507836576447424","0.3125","0.5659041262274465","0.475","0.0","0.10267582877559558","0.0","0.23239852279028","0.23266732798110876","0.3997118524777581"
"Antecedent","0.27199546485260767","0.5399290335665412","0.596512613142423","0.17388616099028734","0.2302339632919761","0.42422112571593196","0.3193424079784061","0.3332974744928717","0.5416666666666666","0.6873332425783949","0.6666666666666666","0.18286818274890965","0.4014764832509019","0.6482217507088801","0.6634541943116822","0.6191661124362495","0.39770255473988153"
"a2","0.12103174603174605","0.40414216331234304","0.51593970921702","0.14656998285734132","0.08369215490229238","0.31797424691921894","0.16751831645885143","0.14843451755822784","0.0","0.0","0.0","0.0","0.0","0.0","0.0","0.0","0.08738269720711288"
"a4","0.13945578231292516","0.43869933318883886","0.5310402703591558","0.13276488711195314","0.08800151655097414","0.31387712884701535","0.22749591596850155","0.18010017146860915","0.47916666666666663","0.6403580480380207","0.625","0.17430018536607686","0.3911617275857551","0.6337575330576902","0.5612796488490932","0.5984450628053757","0.34973614482247184"
