Similarity Measures,noun_path,noun_lch,noun_wup,noun_res,noun_jcn,noun_lin,noun_lesk,noun_vector,verb_path,verb_lch,verb_wup,verb_res,verb_jcn,verb_lin,verb_lesk,verb_vector,word2vec,Average
a1,0.0,0.0,0.0,0.0,0.0,0.0,0.0,0.0,0.31818181818181823,0.5712213445738578,0.50995670995671,0.09855854016090197,0.11619368204506259,0.2361639947452293,0.6384161886835684,0.34363729740551147,0.28021200109700495,0.18309068099115675
a3,0.11427474041110407,0.386992916391879,0.47658433327937977,0.1144365892149041,0.06904402047878233,0.22602670633998823,0.1616532392711215,0.12406151997128032,0.0,0.0,0.0,0.0,0.0,0.0,0.0,0.0,0.0969100387947242,0.1041167120090096
a2,0.19913911845730026,0.4527841596694648,0.5257758280591099,0.1373430416177187,0.16157181714678284,0.30762887956089285,0.31075066660103534,0.2417720977102438,0.6969696969696969,0.7478455138116008,0.9122807017543859,0.2775778553437942,0.7930537865858384,0.8875272086884869,0.7671661671661674,0.8616321535014819,0.33807193776607863,0.50699356649471061
Antecedent,1.0,0.9860896635111787,1.0,0.5302984870437042,1.0,1.0,1.0,0.9999999999999964,1.0,0.8832162807399176,1.0,0.36389199761493346,1.0,1.0,1.0,1.0,1.0,0.92726449581821946
a4,0.24242146742146742,0.5553718254271395,0.6885621250536387,0.20120454191489626,0.17120724263858245,0.4545545587217566,0.3647378607232023,0.34839060683018386,0.3106060606060606,0.5641317201119762,0.6229209387104123,0.20484106443838437,0.3029115481074825,0.6416477593322306,0.564729275106949,0.5165592512665312,0.3638931602128449,0.41874652980139643
