Similarity Measures,noun_path,noun_lch,noun_wup,noun_res,noun_jcn,noun_lin,noun_lesk,noun_vector,verb_path,verb_lch,verb_wup,verb_res,verb_jcn,verb_lin,verb_lesk,verb_vector,word2vec,Average
Antecedent,0.18624338624338624,0.52564725129346,0.6956169647346119,0.1740540322802797,0.10331247021908488,0.3935330875731371,0.5782742223764455,0.3202550182112029,0.75,0.7892658916591693,0.8333333333333333,0.1688375026496221,0.606850955440881,0.7609530344928341,1.0,0.828832465652172,0.38615418055918305,0.53536257627757666
a3,0.23068783068783066,0.5697210764402524,0.751078551078551,0.21891670915355563,0.16774769740535922,0.5278979442536049,0.4784959537803332,0.3608084598563422,0.6666666666666666,0.7343084371187691,0.9210526315789473,0.2537655379474907,0.6796601581863211,0.8554052369394897,0.7326388888888891,0.766775352830597,0.3211607039247341,0.54334046098457267
a2,0.1167961667961668,0.39141653039673696,0.39378725849314083,0.07697170821320153,0.08639246190978102,0.19497429277065248,0.2828721301962974,0.1431982163143116,0.75,0.7892658916591693,0.8333333333333333,0.1688375026496221,0.606850955440881,0.7609530344928341,1.0,0.828832465652172,0.3326230368726848,0.45630029324652854
a4,0.14466891133557802,0.44499661543390023,0.5760214912175696,0.15366596704713031,0.08935455826912025,0.32059444854069263,0.5462540707334965,0.13392278204581462,0.75,0.7892658916591693,0.8333333333333333,0.1831341113112221,0.606850955440881,0.7609530344928341,1.0,0.828832465652172,0.3617721054243736,0.50138945540807567
