"Similarity Measures","noun_path","noun_lch","noun_wup","noun_res","noun_jcn","noun_lin","noun_lesk","noun_vector","verb_path","verb_lch","verb_wup","verb_res","verb_jcn","verb_lin","verb_lesk","verb_vector","word2vec"
"a1","0.35000000000000003","0.6262016402915198","0.7375222816399286","0.2533480318201877","0.29676826388112443","0.5961212164225753","0.413241731551149","0.3825293119985829","0.31666666666666665","0.5698034196814813","0.5133333333333333","0.17474125616218877","0.11233781351687311","0.4175149514428753","0.5671531405843989","0.3548821663379706","0.46882743826004536"
"a3","0.19325396825396826","0.5364399162195034","0.6885477582846002","0.188084829037659","0.12431922839175569","0.4605362140433222","0.39107351217684866","0.3294429535627352","0.3833333333333333","0.6137693833138014","0.58","0.17987980337867832","0.23855854082299296","0.5395291116719196","0.49191425563164703","0.4345432499990752","0.4944557957171791"
"a2","0.1259157509157509","0.4185508810382123","0.44036725801431675","0.09814579417751597","0.07698529178364916","0.07224550385370809","0.3314588468573305","0.24064315175330517","0.4833333333333333","0.6513495389461007","0.58","0.21449785278752387","0.3399286156712742","0.6285851635658968","0.6034187690105566","0.5287979458334274","0.23566013703259325"
"Antecedent","1.0","0.9860896635111783","1.0","0.4828957516534628","1.0","1.0","1.0","0.9999999999999972","1.0","0.8832162807399178","1.0","0.4716588988021445","1.0","1.0","1.0","1.0","1.0"
"a4","0.3277777777777778","0.6031222388545064","0.7288587229763701","0.2669724840845645","0.2690392844301113","0.5813051532103662","0.49312098319550496","0.4592747123669265","0.35","0.5917864014976413","0.6573099415204677","0.2291774645071269","0.20230100948291446","0.6306964046748507","0.5568677196069378","0.3929203018845558","0.6034358760465938"
