"Similarity Measures","noun_path","noun_lch","noun_wup","noun_res","noun_jcn","noun_lin","noun_lesk","noun_vector","verb_path","verb_lch","verb_wup","verb_res","verb_jcn","verb_lin","verb_lesk","verb_vector","word2vec"
"Antecedent","0.290625","0.6182321270156731","0.7238823676323677","0.2430879586584077","0.15460728822474068","0.462307082441911","0.6164635137267686","0.3862804405777951","0.4583333333333333","0.6403580480380208","0.7424136321195144","0.2326026145410867","0.5601776044543312","0.7954608018068061","0.708990377521754","0.696907242108547","0.3402124211250724"
"a3","0.18273809523809526","0.514368450685122","0.5220890220890221","0.11207959659981323","0.1920687366861651","0.2933410477748672","0.2504514534035305","0.13544565556204133","0.4444444444444444","0.627360403191238","0.6685185185185185","0.1540922514978225","0.540599859254359","0.6764879934504285","0.5684068845460196","0.6323170069961462","0.3113528530683458"
"a2","0.30327380952380956","0.5895210661171938","0.6934969442322384","0.22997766961133753","0.22380033150102113","0.49290006194710556","0.495393281951598","0.3437051329332524","0.2916666666666667","0.5464076589572723","0.5416310541310542","0.13515233616975245","0.10231720292633627","0.3431568034541341","0.23047278117906547","0.1979048001167509","0.3412955313996833"
"a4","0.26160714285714287","0.6130086633873809","0.7324633699633699","0.21187820668241464","0.13500220396633486","0.49664605338808804","0.6117914992634557","0.3723644067588703","0.4583333333333333","0.6403580480380208","0.6962962962962962","0.21222265573975632","0.591702652164113","0.7716390417185962","0.6031913573019837","0.6323170069961462","0.3913654034295787"
