Similarity Measures,noun_path,noun_lch,noun_wup,noun_res,noun_jcn,noun_lin,noun_lesk,noun_vector,verb_path,verb_lch,verb_wup,verb_res,verb_jcn,verb_lin,verb_lesk,verb_vector,word2vec,Average
a1,0.13381410256410256,0.4089805042733796,0.4075091575091575,0.0907465555332279,0.1393781723403103,0.24766353810037137,0.3786979880557575,0.24980590069710087,0.0,0.0,0.0,0.0,0.0,0.0,0.0,0.0,0.4101658959673795,0.14510363617886982
a3,0.1607142857142857,0.47841206358065197,0.5200854700854701,0.12200707504663365,0.09647357712057025,0.29767272936478895,0.30821171282361326,0.24092776690254175,0.3333333333333333,0.5854005934976205,0.5,0.16619798142543418,0.20966202792341698,0.5751144776959758,1.0,0.5337462018473265,0.35957398191382567,0.38161960460444044
a2,0.0,0.0,0.0,0.0,0.0,0.0,0.0,0.0,0.0,0.0,0.0,0.0,0.0,0.0,0.0,0.0,0.21956141651750066,0.012915377442205922
Antecedent,0.4583333333333333,0.6962562362689073,0.7950742240215924,0.25515450552582974,0.5726390605795908,0.6909984359002141,0.702418043723832,0.5009942687715273,0.625,0.6953155025784209,0.7222222222222222,0.23447958847951955,0.5835638108052464,0.758970369964998,0.7025,0.685842472181975,0.4965560856908239,0.59860695059106084
