"Similarity Measures","noun_path","noun_lch","noun_wup","noun_res","noun_jcn","noun_lin","noun_lesk","noun_vector","verb_path","verb_lch","verb_wup","verb_res","verb_jcn","verb_lin","verb_lesk","verb_vector","word2vec"
"Antecedent","0.2946969696969697","0.6331474650774034","0.768603246051881","0.2318302169195855","0.24385755059772626","0.5984892183407804","0.6981180206092852","0.42227491185963223","0.5","0.66694671276224","0.6333333333333333","0.17950308796435835","0.38348503605464324","0.6366905553041043","1.0","0.6338629812277332","0.4184920752282952"
"a3","0.2977272727272728","0.6376405895809868","0.7585067635869774","0.21719078203760286","0.23698801929437688","0.5548179541663844","0.6084590346595816","0.3573043333764625","0.3666666666666666","0.6073835753137805","0.5476190476190477","0.17440003518575628","0.1755587007384149","0.5172454839913078","1.0","0.7766626930480044","0.3820765399630921"
"a2","0.3341991341991342","0.6328356914875044","0.7059465786738515","0.23567831177575346","0.3110563425617838","0.5595828663377094","0.5093399765178476","0.4093115713725403","0.3666666666666666","0.6073835753137805","0.5833333333333333","0.1940199280248393","0.24025378758251853","0.6076301665185557","0.8976243920688365","0.41211029529874815","0.34236785077318493"
"a4","0.3358891108891109","0.599295844597064","0.6913253413253413","0.23200503275112333","0.2610869873765606","0.47706445849621226","0.6115877429258604","0.4073669651135218","0.5333333333333333","0.6889296945784","0.6952380952380952","0.25142355331805327","0.66533551857484","0.8442587962295246","1.0","0.8777966932319817","0.464510196903451"
