"Similarity Measures","noun_path","noun_lch","noun_wup","noun_res","noun_jcn","noun_lin","noun_lesk","noun_vector","verb_path","verb_lch","verb_wup","verb_res","verb_jcn","verb_lin","verb_lesk","verb_vector","word2vec"
"Antecedent","0.3422222222222222","0.6051881310956334","0.6928571428571428","0.2533732272129191","0.2843067273835701","0.5248588336528923","0.4167328343093888","0.4556828757024943","0","0","0","0","0","0","0","0","0.622691129856175"
"a3","0.12008658008658009","0.4037624073063569","0.4680524841515553","0.11805454477324084","0.07982371389695408","0.2614725912190226","0.3425010009692059","0.13724852893872638","0","0","0","0","0","0","0","0","0.3134041652100369"
"a2","0.12008658008658009","0.4037624073063569","0.4680524841515553","0.11805454477324084","0.08469008487164803","0.26478259378851476","0.3425010009692059","0.2616051472734472","0","0","0","0","0","0","0","0","0.3794214965002348"
"a4","0.34246031746031746","0.5891589493828757","0.6697619047619048","0.22365958039272638","0.3044458132426568","0.4959867502851263","0.544315155036396","0.47936896722795674","0","0","0","0","0","0","0","0","0.5207418894709512"
