"Similarity Measures","noun_path","noun_lch","noun_wup","noun_res","noun_jcn","noun_lin","noun_lesk","noun_vector","verb_path","verb_lch","verb_wup","verb_res","verb_jcn","verb_lin","verb_lesk","verb_vector","word2vec"
"Antecedent","0.3266666666666667","0.5797060833716108","0.6792673992673992","0.22097685441002152","0.31180971407304126","0.5574491855938879","0.41529691374793937","0.42770670945782385","0.225","0.4771694546462324","0.3666666666666667","0.07320109926381377","0.07320814974433146","0.13425182324177687","0.27499999999999974","0.14216348603900575","0.477692750775911"
"a3","0.55","0.7542229217173615","0.8564285714285713","0.369734149374095","0.5695617507932449","0.850629405475577","0.7148112332112333","0.6219149789579593","0.49999999999999994","0.6598545153081947","0.7544642857142856","0.23655712768331832","0.453321026934838","0.7552504669877952","0.663935251841187","0.6299368856660424","0.6337544753217714"
"a2","0.37333333333333335","0.644981520728326","0.7818713450292398","0.27083842274140235","0.3648296341859129","0.622464529057407","0.559572462448351","0.46900692579107206","0.5833333333333333","0.714811969848595","0.8444444444444446","0.2616616120326011","0.45786354737684687","0.7799095379988525","0.8125","0.6164566051342265","0.5427108257404327"
"a4","0.5019047619047619","0.696187116371518","0.7961570593149541","0.28688573400871215","0.47162939410001076","0.6556255702956697","0.5628090359577429","0.6052877550179994","0.49999999999999994","0.6598545153081947","0.7301587301587302","0.22622132773984188","0.473559012031054","0.7620669740967179","0.509421362952298","0.605353228911107","0.5713623126984875"
