"Similarity Measures","noun_path","noun_lch","noun_wup","noun_res","noun_jcn","noun_lin","noun_lesk","noun_vector","verb_path","verb_lch","verb_wup","verb_res","verb_jcn","verb_lin","verb_lesk","verb_vector","word2vec"
"a1","0.4395833333333334","0.6926860488262474","0.815093954248366","0.31823427665282655","0.4590159474932434","0.6559910540201125","0.5916697315223859","0.4996234270136036","0.5666666666666667","0.7109126763945601","0.7647619047619048","0.2750331869272568","0.6144021428490354","0.7937473667189776","0.8381930569430569","0.6378433075536996","0.5148318356092699"
"a3","0.1907738095238095","0.5212451904990466","0.6787747909555185","0.21731322993091579","0.11962895755260591","0.4004522107947671","0.4284695024509389","0.307134628716238","0.5","0.66694671276224","0.7380952380952381","0.2525888809123109","0.3811563354603137","0.6876770772646917","0.7292056309703369","0.5749180376681615","0.4789347515317421"
"a2","0.43973214285714285","0.681284539005528","0.7991666666666667","0.24781960949219825","0.38380535008542416","0.5809937248983834","0.6325332840858582","0.431889009961977","0.44000000000000006","0.617268449221664","0.5666666666666667","0.21029684005186663","0.3269100334035591","0.604955758545953","0.6307978652063586","0.5625379058938386","0.5006973415686771"
"Antecedent","1.0","0.9860896635111783","1.0","0.5782521076444224","1.0","1.0","1.0","0.9999999999999981","1.0","0.8832162807399178","1.0","0.42930458293793566","1.0","1.0","1.0","1.0","1.0"
