"Similarity Measures","noun_path","noun_lch","noun_wup","noun_res","noun_jcn","noun_lin","noun_lesk","noun_vector","verb_path","verb_lch","verb_wup","verb_res","verb_jcn","verb_lin","verb_lesk","verb_vector","word2vec"
"Antecedent","0.3808641975308642","0.6732618798062975","0.769248977143714","0.31147952086931663","0.45783505051752915","0.606516795936472","0.7372312105460563","0.6088255948675931","0.8333333333333334","0.8205826880194187","0.9259259259259259","0.21987301250140803","0.8444801652819068","0.9454894100283272","1.0","0.8300513905050814","0.4692238937908322"
"a3","0.23377425044091713","0.5674029797737927","0.6719651263768911","0.22093763457042648","0.18954186942048012","0.5266167529724606","0.41497969368173176","0.37513938789527673","0.5555555555555555","0.684672489245053","0.6666666666666666","0.22322429994397297","0.5728802109150948","0.7648850081788144","0.6435185185185187","0.6189218453640156","0.4108138502996937"
"a2","0.28192239858906526","0.5918285151250817","0.7077403809287868","0.23394550713975637","0.3500431083813911","0.5717897735342258","0.5469438469067107","0.29694200939915577","0.7777777777777777","0.7839443849924853","0.9259259259259259","0.20463083664244777","0.7712472978135003","0.9029854328836381","0.75","0.8300513905050814","0.5230752290051691"
"a4","0.24581128747795417","0.5201556546779692","0.5726526197114432","0.2342578428766953","0.19413103368914783","0.3817195613125108","0.32194451606693325","0.3397562623607851","0.3333333333333333","0.5854005934976205","0.5151515151515151","0.14963634376434948","0.17269211634852824","0.503291283543455","0.3482843137254903","0.46243399115053735","0.26864706883848116"
