Similarity Measures,noun_path,noun_lch,noun_wup,noun_res,noun_jcn,noun_lin,noun_lesk,noun_vector,verb_path,verb_lch,verb_wup,verb_res,verb_jcn,verb_lin,verb_lesk,verb_vector,word2vec,Average
Antecedent,0.1125566893424036,0.37242047378737786,0.41521047015297347,0.10707329388785994,0.08622463178235502,0.22915387506006343,0.1996534412493817,0.18092333764908114,0.5277777777777778,0.6586771995514874,0.6333333333333333,0.06988746493608712,0.38736992650453095,0.3333333333333333,0.5355952380952379,0.4799781896382151,0.34427571114366745,0.33373202277795094
a3,0.208843537414966,0.5320699023506273,0.6779239766081872,0.16990024645412194,0.13923215783608273,0.42657543910510437,0.3691497001892991,0.3105568504541357,0.5277777777777778,0.6586771995514874,0.6333333333333333,0.06988746493608712,0.38736992650453095,0.3333333333333333,0.686101662887377,0.5347618263718064,0.4451062582195164,0.41827062313692792
a2,0.11319989534275246,0.3790531796504254,0.3729591836734694,0.07284656347194704,0.08141578117870255,0.18715210542632385,0.20408293033235544,0.13799503887249606,0.5277777777777778,0.6586771995514874,0.6333333333333333,0.06988746493608712,0.38736992650453095,0.3333333333333333,0.686101662887377,0.5347618263718064,0.4572708566315843,0.34336576819269349
a4,0.09719903112760254,0.3392146698175061,0.38119686471079656,0.10374634483912712,0.07197823720592464,0.19688674170956608,0.1853893191653603,0.22318512993558182,0.0,0.0,0.0,0.0,0.0,0.0,0.0,0.0,0.48621899407463665,0.12264796074035894
