"Similarity Measures","noun_path","noun_lch","noun_wup","noun_res","noun_jcn","noun_lin","noun_lesk","noun_vector","verb_path","verb_lch","verb_wup","verb_res","verb_jcn","verb_lin","verb_lesk","verb_vector","word2vec"
"Antecedent","0.7222222222222223","0.8241841750432473","0.8717948717948718","0.345306988208473","0.727437912286598","0.8445923632768491","0.757012085137085","0.7543552846453713","0.5","0.6953155025784209","0.8","0.41498041956497805","0.9196372877073171","0.9383806770469661","1.0","0.597113051861427","0.490728675541557"
"a3","0.5277777777777778","0.7615505823227483","0.8614718614718614","0.35764222045273203","0.4854014287490818","0.785929320167286","0.8164939227439226","0.6479780654380877","0.3333333333333333","0.5854005934976205","0.5","0.12781605200648147","0.13607354904498942","0.40969102720666445","0.23","0.395212031289465","0.5428744243306863"
"a2","0.5555555555555555","0.7875458720163137","0.8857142857142857","0.3253434838549771","0.4869545847991752","0.7773984881698407","0.8296130952380953","0.6233093933971657","0.3333333333333333","0.5854005934976205","0.5","0.12781605200648147","0.13607354904498942","0.40969102720666445","0.23","0.291486071652059","0.5513145697737278"
"a4","0.5555555555555555","0.7875458720163137","0.8777777777777778","0.3440157145492811","0.5148699205641373","0.8273519215513448","0.5419549483021423","0.6314013618675464","0.3333333333333333","0.5854005934976205","0.5","0.12781605200648147","0.13607354904498942","0.40969102720666445","0.23","0.291486071652059","0.57792613566599"
