"Similarity Measures","noun_path","noun_lch","noun_wup","noun_res","noun_jcn","noun_lin","noun_lesk","noun_vector","verb_path","verb_lch","verb_wup","verb_res","verb_jcn","verb_lin","verb_lesk","verb_vector","word2vec"
"Antecedent","0.13871794871794874","0.4307581089480432","0.5425438596491228","0.15343726350140133","0.11562610003807902","0.3321935280930838","0.2352041628324199","0.2990943283166586","1.0","0.8832162807399176","1.0","0.20966239480826138","1.0","1.0","1.0","1.0","0.30953989664894427"
"a3","0.2165151515151515","0.52136135010066","0.6585531135531135","0.2016645842915183","0.2697347325024375","0.41998094160103083","0.3259330551603279","0.2330350159253328","1.0","0.8832162807399176","1.0","0.20966239480826138","1.0","1.0","1.0","1.0","0.3958520142584155"
"a2","0.20523809523809522","0.5337683859340437","0.6806015037593985","0.2100270745584512","0.14561450203342877","0.44215988443497894","0.3935344366974551","0.36465508034017863","0.5","0.6953155025784209","0.6666666666666666","0.14032656976347854","0.3593203163726423","0.6473275122682216","1.0","0.562076848063383","0.392856640860263"
"a4","0.21373737373737373","0.5149755421006391","0.5952380952380952","0.17495275261079796","0.168435268936705","0.38783735228020555","0.40022294511524226","0.263522872220678","0.5","0.6953155025784209","0.6666666666666666","0.20156723307780608","0.3801278807555347","0.7535433136018411","1.0","0.753752011519726","0.37075946561525086"
