"Similarity Measures","noun_path","noun_lch","noun_wup","noun_res","noun_jcn","noun_lin","noun_lesk","noun_vector","verb_path","verb_lch","verb_wup","verb_res","verb_jcn","verb_lin","verb_lesk","verb_vector","word2vec"
"Antecedent","0.16723356009070292","0.4741401040920642","0.5378551420568228","0.12024097757817262","0.10918701797745535","0.3198486488074069","0.3649275086395637","0.27176041179509286","0.5555555555555555","0.6846724892450529","0.6666666666666666","0.11666298819057996","0.5090656451583121","0.5491091707560739","0.5817592592592593","0.6279229236650044","0.49980455953516456"
"a3","0.11666666666666667","0.3989621448717114","0.4395604395604396","0.0935381373174948","0.06495754742711604","0.19167675271041285","0.2555487870116353","0.06208306664749329","0.38888888888888884","0.622038896524554","0.5555555555555555","0.14074239009704836","0.1442688935627048","0.4393206913059018","0.5351886924803589","0.48573310277290366","0.399418163664272"
"a2","0.22727272727272727","0.5397083707628932","0.6692858961766525","0.18930949657123095","0.28087187892655585","0.5302098135078293","0.4286208022537335","0.3577843732447593","0.8333333333333334","0.8205826880194187","0.9523809523809524","0.23931823865465765","0.7775368711706158","0.917916004609344","1.0","0.8923087665309343","0.49824466506345205"
"a4","0.5833333333333333","0.7667846256123101","0.8592490842490843","0.3616359713371846","0.5410435629767836","0.7872492716956511","0.7408598987380499","0.6614553790240331","0.8333333333333334","0.8205826880194187","0.9523809523809524","0.2466698988358166","0.8419924943292955","0.9476322263277611","1.0","0.9733671419064623","0.6180785924103596"
