"Similarity Measures","noun_path","noun_lch","noun_wup","noun_res","noun_jcn","noun_lin","noun_lesk","noun_vector","verb_path","verb_lch","verb_wup","verb_res","verb_jcn","verb_lin","verb_lesk","verb_vector","word2vec"
"a1","0.27612433862433866","0.5247253762965777","0.6699618736383443","0.28716979237565704","0.25342597652776183","0.5714618315299425","0.4186715314977983","0.4111114577470203","0.27777777777777773","0.5334100141104896","0.4000000000000001","0.14700923587828235","0.10193466174946618","0.37318644789811034","0.35172763334446594","0.31066305254087134","0.45374108652812345"
"a3","0.1451058201058201","0.43204776396800915","0.5292412617220802","0.17429513459715962","0.06147399519167925","0.20397849903949372","0.3258590049532563","0.18881960005219556","0.2888888888888889","0.5392417906235939","0.4444444444444444","0.1832833425096061","0.12159480335009426","0.4532988056843803","0.7561994589772371","0.48812306914675824","0.258273910476033"
"a2","0.14603174603174604","0.45492591524240034","0.5433709808709809","0.1465023731155419","0.10753590260082546","0.3345724110451285","0.25702417960331464","0.21852881120478032","0.3444444444444444","0.5758800936505274","0.5","0.0788794573001509","0.1876693651409227","0.2621159723557947","0.708531746031746","0.31275147528734065","0.42262142245982476"
"Antecedent","1.0","0.9860896635111783","1.0","0.56931317670478","1.0","1.0","1.0","1.0","1.0","0.8832162807399176","1.0","0.48811790256464854","1.0","1.0","1.0","1.0","1.0"
"a4","0.11700336700336701","0.39735638925099614","0.46510512764382733","0.09786000471135603","0.08395904964795908","0.22994922024112538","0.222321043488937","0.206086308448857","0.2888888888888889","0.5392417906235939","0.4444444444444444","0.17295978906433832","0.4028146111501843","0.5516748400653236","0.45086535231376496","0.3959229441949233","0.32567079068316596"
