Similarity Measures,noun_path,noun_lch,noun_wup,noun_res,noun_jcn,noun_lin,noun_lesk,noun_vector,verb_path,verb_lch,verb_wup,verb_res,verb_jcn,verb_lin,verb_lesk,verb_vector,word2vec,Average
a1,0.14474206349206348,0.4553071686952801,0.619360902255639,0.18335177885435508,0.10395728255509248,0.411288997446872,0.2653554632731063,0.22166639325958573,0.5009523809523809,0.6379288100893182,0.6763822434875066,0.1914383911936736,0.5345106678130784,0.6880158895287614,0.5867831593010163,0.5675923227653842,0.361078780862927,0.42057133504859068
a3,0.175,0.5012150832220907,0.6522556390977443,0.216605672282065,0.10214809510459232,0.45648809102357846,0.31088162047524975,0.23056287803808825,0.5199999999999999,0.653099071900032,0.6627819548872179,0.19422349930364152,0.5571795033678966,0.7276353237385134,0.7822877585377586,0.6461823105390498,0.3161539825775827,0.45321767553500597
a2,0.1259920634920635,0.4234546090402518,0.4896536212325686,0.11927594316088092,0.07166226279898404,0.24705611887709997,0.13872548662606976,0.20922418127237902,0.30095238095238097,0.5485841039166292,0.475,0.14095778045247204,0.21399418691121838,0.451946616397203,0.5115551915878003,0.4094676902182843,0.3233339682208777,0.30593154147983315
Antecedent,1.0,0.9860896635111784,1.0,0.5196059399191694,1.0,1.0,1.0,1.0,1.0,0.8832162807399178,1.0,0.3801348220919038,1.0,1.0,1.0,0.9999999999999953,1.0,0.92759098272130369
a4,0.17113095238095238,0.4979085308508261,0.6209365325077398,0.18867900729115433,0.10080191626048592,0.4236056736535698,0.2663118083315402,0.25857291441750774,0.2833333333333333,0.530810485141133,0.5689223057644109,0.17641764808568283,0.18498778302056673,0.5196879819828524,0.49562197083140785,0.44086558719712465,0.3157237776666999,0.35554812992452878
