Similarity Measures,noun_path,noun_lch,noun_wup,noun_res,noun_jcn,noun_lin,noun_lesk,noun_vector,verb_path,verb_lch,verb_wup,verb_res,verb_jcn,verb_lin,verb_lesk,verb_vector,word2vec,Average
Antecedent,0.1388888888888889,0.44541574356698443,0.521978021978022,0.16207489356533122,0.09320960441637212,0.3665154812625032,0.5035360128184095,0.320343668673673,0.3333333333333333,0.5854005934976205,0.5,0.14963634376434948,0.1525879767849563,0.4767464931181583,0.277407407407407,0.310998397878074,0.46816188425512306,0.34154322030642392
a3,0.13333333333333333,0.43113499379634457,0.5333333333333333,0.19297992597474983,0.10589754736892895,0.42610165828892044,0.6168573490002061,0.4289655163111285,0.3333333333333333,0.5854005934976205,0.5,0.12781605200648147,0.08867591253959657,0.30998229273738875,0.274166666666667,0.358265576839892,0.43233505935936184,0.34579877319925206
a2,0.29166666666666663,0.6492810417285331,0.8221153846153846,0.2826312907656468,0.2520897276482698,0.7051116760327739,0.6308276214526215,0.321351602863226,0.3333333333333333,0.5854005934976205,0.5,0.28697509502118396,0.17549133715773782,0.6677341333549358,1.0,0.58307418402882,0.4578098150196167,0.5026407943050808
a4,0.23809523809523808,0.5734297326749639,0.75,0.3170261384000095,0.161735725427666,0.6430240366452156,0.699669312169312,0.4343652736741515,0.3333333333333333,0.5854005934976205,0.5,0.12781605200648147,0.10129420897755519,0.3171925651846673,0.330873015873016,0.240835327263971,0.4245963026573724,0.39874628564003378
