"Similarity Measures","noun_path","noun_lch","noun_wup","noun_res","noun_jcn","noun_lin","noun_lesk","noun_vector","verb_path","verb_lch","verb_wup","verb_res","verb_jcn","verb_lin","verb_lesk","verb_vector","word2vec"
"Antecedent","0.2733333333333333","0.622998538912166","0.7976190476190477","0.26564919865354664","0.38043096975319635","0.7118775345984175","0.5842396378930094","0.528106880952617","0.3333333333333333","0.5854005934976205","0.5","0.14710727990008113","0.16787661910229412","0.47204368154616855","0.398778195488722","0.455386002948977","0.521982564907766"
"a3","0.4935714285714285","0.6805899425553786","0.7926470588235295","0.3140071607417095","0.4779344809575533","0.7123413858703611","0.5568162906309396","0.5906985947516336","0.5","0.6953155025784209","0.8571428571428571","0.25562531925476906","0.33261061351184723","0.753748013828032","1.0","0.676926299592804","0.6359423315582086"
"a2","0.5566666666666668","0.7641077956252449","0.8813725490196077","0.34845476564278244","0.5351727956873727","0.8088796698700422","0.5752751324338465","0.6563022067693247","0.3333333333333333","0.5854005934976205","0.5","0.0","0.16787661910229412","0.0","0.366292388167388","0.455386002948977","0.6374608628487327"
"a4","0.29999999999999993","0.6570796286366027","0.831588999236058","0.3074441067141125","0.4358552683475233","0.81604651198403","0.5882931567200412","0.5885528047391813","0.5","0.6953155025784209","0.8571428571428571","0.25562531925476906","0.33261061351184723","0.753748013828032","1.0","0.676926299592804","0.5414950614599705"
