"Similarity Measures","noun_path","noun_lch","noun_wup","noun_res","noun_jcn","noun_lin","noun_lesk","noun_vector","verb_path","verb_lch","verb_wup","verb_res","verb_jcn","verb_lin","verb_lesk","verb_vector","word2vec"
"a1","0.220679012345679","0.47313578642004583","0.556453150106401","0.15414275912895783","0.18218829576540965","0.3142873946574659","0.35710324016497097","0.24452550402661824","0.6666666666666666","0.7343084371187691","0.8511904761904763","0.2063319647782149","0.6163719538837226","0.7255284292836324","0.801901256058653","0.7495848005463458","0.5344634983278873"
"a3","0.18271604938271607","0.5180775623985199","0.659847803268856","0.1623162775999701","0.0972956941007035","0.37164434458629336","0.46927047463783733","0.3102714260892659","0.6944444444444445","0.7526275886322358","0.8296296296296296","0.21395305270769502","0.6531068904469088","0.75953110539636","0.8713907942981914","0.7607469795986409","0.5179171593080463"
"a2","0.19634439634439635","0.5160553003319106","0.635478655725885","0.19994576139533707","0.17008481842137535","0.46778211725307917","0.4628757994023485","0.2749017054343102","0.6944444444444443","0.7526275886322358","0.7999999999999999","0.21302734449068492","0.6108138128922475","0.7334360912196888","0.8813765795027383","0.7538910868284598","0.5032048124005117"
"Antecedent","1.0","0.9860896635111784","1.0","0.5154802665504516","1.0","1.0","1.0","1.0","1.0","0.8832162807399176","1.0","0.34195541259098633","1.0","1.0","1.0","1.0","1.0"
"a4","0.19365079365079363","0.5244176768487971","0.6563074352548037","0.18605978522398084","0.11781835079324951","0.42405843734196536","0.4758439282044209","0.20639564242268058","0.6805555555555555","0.7396299437854531","0.8296296296296296","0.23011108002242472","0.6630803532635678","0.8347115825191925","0.8662430694592961","0.757607413672098","0.4697873173845477"
