"Similarity Measures","noun_path","noun_lch","noun_wup","noun_res","noun_jcn","noun_lin","noun_lesk","noun_vector","verb_path","verb_lch","verb_wup","verb_res","verb_jcn","verb_lin","verb_lesk","verb_vector","word2vec"
"a1","0.23417658730158727","0.5759921737607703","0.7336103659197699","0.23159233343493146","0.18383808532190843","0.4979591331918901","0.43668667817603163","0.29281514375168727","0.47916666666666663","0.6403580480380207","0.6855263157894737","0.225853713109771","0.5160647614979742","0.7013644867626582","0.5806300581540967","0.6371616769270966","0.41473773132152475"
"a3","0.4916666666666667","0.7248284216353145","0.7834337274352754","0.3342165282941073","0.43436525216385136","0.6516068144169037","0.6808615656621896","0.5721584440954091","0.0","0.0","0.0","0.0","0.0","0.0","0.0","0.0","0.4733538311430307"
"a2","0.33320932539682546","0.6010505204092319","0.6712568316186737","0.23554244515514428","0.280381829831874","0.48624217551714893","0.39544716804725055","0.45632543505787904","0.41666666666666663","0.6403580480380207","0.7347222222222223","0.2622918779155622","0.7099142520519557","0.9026437397046411","0.8163241685563115","0.5863084410469888","0.40680257476093973"
"Antecedent","1.0","0.9860896635111783","0.9722222222222223","0.5456293744462469","1.0","1.0","1.0","0.9999999999999997","1.0","0.8832162807399176","1.0","0.41200053523242897","1.0","1.0","1.0","1.0","1.0"
"a4","0.31773538961038966","0.6133139458818689","0.7292210648828295","0.2688073081850762","0.2572614918272749","0.5663867203068065","0.5760763929057359","0.4430080991818353","0.49999999999999994","0.6598545153081949","0.6916666666666667","0.19728412919586516","0.5298394176455046","0.6505542378269481","0.844189342403628","0.629582286864623","0.46654391034069176"
