"Similarity Measures","noun_path","noun_lch","noun_wup","noun_res","noun_jcn","noun_lin","noun_lesk","noun_vector","verb_path","verb_lch","verb_wup","verb_res","verb_jcn","verb_lin","verb_lesk","verb_vector","word2vec"
"a1","0.21542658730158729","0.5309934241341336","0.6333254776269481","0.19425848414702424","0.19170171836571107","0.44771142496250954","0.45347102308028775","0.3383849878212313","0.5","0.632681909857922","0.6","0.11976624619087028","0.41203241889586595","0.4798914111596864","0.4868799329325646","0.505320265303267","0.4102614559119074"
"a3","0.3668154761904762","0.6538058117353279","0.770237705406049","0.28750160852960616","0.3342067770908806","0.6285521769666732","0.7379011387656","0.48858698776294124","0.5","0.632681909857922","0.6","0.11976624619087028","0.41203241889586595","0.4798914111596864","0.4868799329325646","0.505320265303267","0.4821408792330368"
"a2","0.26091269841269843","0.5970823835598666","0.7146522981662301","0.2501067339922091","0.18243416314767896","0.5551610229837696","0.6021531329392511","0.34286045327235876","0.5277777777777778","0.6586771995514874","0.7333333333333334","0.22466696004526632","0.49236601123432794","0.7757657807720401","0.7917989417989416","0.7379075155799747","0.427052678108797"
"Antecedent","1.0","0.9860896635111783","1.0","0.47559162461140314","1.0","1.0","1.0","1.0","1.0","0.8832162807399176","1.0","0.4581322108374513","1.0","1.0","1.0","1.0","1.0"
"a4","0.5104166666666666","0.7609619244443946","0.8789723563330374","0.3559362340307003","0.5044972656868355","0.7532217357881372","0.7662188204307768","0.5714355136172746","0.3611111111111111","0.5960436068309886","0.5555555555555555","0.1664595291655104","0.15788186346623734","0.4381441553957326","0.49556953343002236","0.3815052373002141","0.4463254444144706"
