Similarity Measures,noun_path,noun_lch,noun_wup,noun_res,noun_jcn,noun_lin,noun_lesk,noun_vector,verb_path,verb_lch,verb_wup,verb_res,verb_jcn,verb_lin,verb_lesk,verb_vector,word2vec,Average
Antecedent,0.16666666666666666,0.5003731981073846,0.6342383107088989,0.23125018090159255,0.13014879756463776,0.49849709200401116,0.2820432284213392,0.35506603902466227,0.5,0.6953155025784209,0.75,0.1926367266493516,1.0,0.9592997703437957,1.0,0.467412374641942,0.3529968940189725,0.51270263421362794
a3,0.24583333333333335,0.5995393046876673,0.7098039215686275,0.2750136109042359,0.2759167823742293,0.608025717835164,0.45051275093319154,0.29002767032490673,0.3333333333333333,0.5854005934976205,0.5,0.14032656976347854,0.3593203163726423,0.6473275122682216,0.465277777777778,0.428382768046036,0.46557818714763144,0.43409530295106447
a2,0.23333333333333334,0.5844166698023214,0.7113095238095238,0.27318231661875103,0.2586147210580089,0.5894191679364404,0.5404113247863247,0.3814569793795665,0.5,0.6953155025784209,0.6666666666666666,0.20576339030545993,0.28308892394601387,0.6991929070891231,1.0,0.751449298410268,0.5023133535860623,0.52211376937095799
a4,0.26666666666666666,0.6190357719578414,0.7797619047619048,0.3051441531711531,0.2965803565624541,0.6922534687028261,0.55734995651696,0.368198794813745,1.0,0.8832162807399176,1.0,0.20966239480826138,1.0,1.0,1.0,1.0,0.5171920093468668,0.67618010341462331
