Similarity Measures,noun_path,noun_lch,noun_wup,noun_res,noun_jcn,noun_lin,noun_lesk,noun_vector,verb_path,verb_lch,verb_wup,verb_res,verb_jcn,verb_lin,verb_lesk,verb_vector,word2vec,Average
a1,0.14285714285714285,0.4585854890810465,0.5982142857142857,0.12405654077827505,0.07459080929089865,0.26934121697418956,0.1618737775064745,0.2318957011968625,0.625,0.6953155025784209,0.85,0.20587120562579164,0.6048353846343819,0.809733713043807,0.658483833874459,0.7684526776775615,0.45976843109459775,0.45522798305459966
a3,0.13392857142857142,0.4404864090538674,0.6066176470588236,0.16390874987485593,0.07951848391424787,0.32401756883836313,0.2377589672232531,0.1078798843367829,0.29166666666666663,0.5464076589572724,0.5333333333333333,0.2047466936514214,0.18831336048346528,0.5823762586619989,0.702326388888889,0.6454197544949756,0.4446196789205004,0.36666623975219342
Antecedent,1.0,0.9860896635111784,1.0,0.501535756035892,1.0,1.0,1.0,0.9999999999999984,0.6666666666666666,0.7343084371187691,0.85,0.20587120562579164,0.6048353846343819,0.809733713043807,1.0,0.822783746546268,0.6386508112195948,0.81296914025896161
a4,0.625,0.7981888853496817,0.8846153846153846,0.45736661647440835,0.6011600430416475,0.8464689671723109,0.587797619047619,0.6610779108190665,0.225,0.4771694546462324,0.3666666666666667,0.07355363995004056,0.1126950751929989,0.19688870502622874,0.3395584664105715,0.327743927778883,0.3958377115361783,0.46922288668987761
