Similarity Measures,noun_path,noun_lch,noun_wup,noun_res,noun_jcn,noun_lin,noun_lesk,noun_vector,verb_path,verb_lch,verb_wup,verb_res,verb_jcn,verb_lin,verb_lesk,verb_vector,word2vec,Average
Antecedent,0.5,0.7355552926291828,0.8181818181818182,0.24911864121941232,0.417079141513554,0.6146483637350056,0.6385864693253503,0.5672460469659016,0.25,0.5074147244169241,0.4,0.1280126104909828,0.16439323875669667,0.45645054336908775,0.314859416461247,0.322677054169542,0.4473593429880731,0.44303427671898704
a3,0.14484126984126985,0.4604486720717064,0.4598364598364599,0.058907900266436546,0.08783992729089253,0.16545539652371796,0.28976586925359665,0.2813891708347803,0.5,0.6953155025784209,0.8,0.2626046471690348,0.36207647492979567,0.791414798131676,1.0,0.679607552247468,0.3846373487686557,0.43671417586728889
a2,0.21944444444444444,0.5534862909807904,0.6666666666666666,0.2222871994598493,0.40078361434022036,0.5716469805087806,0.4440993430205517,0.291515798312752,1.0,0.8832162807399176,1.0,0.2674984965294168,1.0,1.0,1.0,1.0,0.4860611497810265,0.64745330969320092
a4,0.15873015873015872,0.4864439617652719,0.6093358395989975,0.20611296972425872,0.13838194340575752,0.4830088402170616,0.2178459204144317,0.3337024964325867,0.5,0.6953155025784209,0.8888888888888888,0.2534145050090182,1.0,0.9835366383455348,1.0,0.523710553557573,0.4257220968119266,0.52377354796940501
