Similarity Measures,noun_path,noun_lch,noun_wup,noun_res,noun_jcn,noun_lin,noun_lesk,noun_vector,verb_path,verb_lch,verb_wup,verb_res,verb_jcn,verb_lin,verb_lesk,verb_vector,word2vec,Average
Antecedent,0.32113095238095235,0.6175334333941755,0.7295158971145813,0.2657600448148487,0.2929591142063782,0.6257227126707882,0.507492756942148,0.3762144406640139,0.35666666666666663,0.5860741015893853,0.5466666666666666,0.13453661455146682,0.12732015196985058,0.32664189175756253,0.6895035612535612,0.4497463206642772,0.4217749751318088,0.43383884131994899
a3,0.33244047619047623,0.625364755772235,0.7369082800584349,0.2559824105578788,0.36074173745738664,0.6105568764136365,0.5581776130326271,0.4089469604690585,0.29,0.5421081379570654,0.4609523809523809,0.18291776090087425,0.13072427723535393,0.43770087246521794,0.4799044472262494,0.3969539600313548,0.33474621526708714,0.42030159776395976
a2,0.19166666666666668,0.529076512877106,0.6937771110468479,0.19632618267710478,0.15586470510600978,0.46102206769352344,0.29144964149190605,0.2900213548508086,0.5,0.6577353469461216,0.6799999999999999,0.2708949241270568,0.2989427757081452,0.5143506269291969,0.6833699633699635,0.6108577810389548,0.414141267214311,0.43761746633786602
a4,0.34374999999999994,0.6727686389987202,0.815460927960928,0.31039017242583267,0.2929436385272806,0.7415763974688814,0.7175965672921786,0.39330293211816886,0.35666666666666663,0.5860741015893853,0.5847619047619047,0.2128904632995642,0.18062105417813873,0.44540551723392313,0.700890775728495,0.48559674596955144,0.3800481057484382,0.48357321235106215
