"Similarity Measures","noun_path","noun_lch","noun_wup","noun_res","noun_jcn","noun_lin","noun_lesk","noun_vector","verb_path","verb_lch","verb_wup","verb_res","verb_jcn","verb_lin","verb_lesk","verb_vector","word2vec"
"Antecedent","0.1111111111111111","0.3789440817564361","0.37456140350877193","0.058189216657502776","0.07399784634265259","0.14028076793240524","0.25112566263582675","0.20551166808910135","0.38888888888888884","0.6220388965245539","0.5555555555555555","0.09254965141844411","0.19788575970656042","0.36436804688626195","0.5881929181929183","0.485303205520691","0.3119446411423149"
"a3","0.1607142857142857","0.47841206358065197","0.5793269230769231","0.1868745077818519","0.09089027640212688","0.3942866903163097","0.23991338279051774","0.11439062388684895","0.38888888888888884","0.6220388965245539","0.7000000000000001","0.26812673117193925","0.4825575645105047","0.74807078829677","0.7958333333333334","0.693087516337235","0.462902747433257"
"a2","0.14821428571428572","0.4632894286953061","0.5761904761904761","0.16918043547765427","0.11930084446045741","0.4239875088641818","0.33085725979609404","0.23624981105009543","0.38888888888888884","0.6220388965245539","0.5555555555555555","0.09254965141844411","0.19788575970656042","0.36436804688626195","0.5881929181929183","0.485303205520691","0.393320357193371"
"a4","0.5","0.7432314308092816","0.8574745687748784","0.3677851692236163","0.5621206946351337","0.7407434722986881","0.468789840010078","0.5150421561571326","0.3333333333333333","0.5854005934976205","0.5333333333333333","0.19542100396137463","0.16943742899975325","0.4911961169719728","0.7626332772166107","0.5953957439314262","0.545222611204091"
