"Similarity Measures","noun_path","noun_lch","noun_wup","noun_res","noun_jcn","noun_lin","noun_lesk","noun_vector","verb_path","verb_lch","verb_wup","verb_res","verb_jcn","verb_lin","verb_lesk","verb_vector","word2vec"
"Antecedent","0.20833333333333331","0.5553306526477848","0.7194570135746606","0.223044000440029","0.12275099411482737","0.518127367592584","0.37439711808500253","0.486811271161436","0.5","0.6953155025784209","0.6666666666666666","0.2433661554670128","0.39327409264790686","0.6820994129370974","1.0","0.7014622999800835","0.601483528048086"
"a3","0.225","0.5800428374174932","0.76890756302521","0.26646955248406595","0.1257322353145699","0.5593975557097837","0.30853620300344853","0.4166755232863805","0.41666666666666663","0.6403580480380207","0.5833333333333333","0.18992472330926885","0.3046849337547114","0.5514824367318286","1.0","0.815455210256306","0.6001454505992334"
"a2","0.18333333333333335","0.5250853828770929","0.7013888888888888","0.26279279038364317","0.15402396511693123","0.6160605886582937","0.240675344744113","0.278298916685768","0.41666666666666663","0.6403580480380207","0.5833333333333333","0.15665064672088502","0.3534252835246256","0.5815264750372311","0.814909297052154","0.5138469494245099","0.6944293924849825"
"a4","0.20833333333333331","0.5553306526477848","0.7194570135746606","0.20540989042480493","0.10076721306886527","0.42661506209695643","0.2661052351975275","0.247834208089183","0.5","0.6953155025784209","0.6666666666666666","0.18992472330926885","0.2700947463162344","0.5889755915666409","1.0","0.711143476260039","0.4506359826594786"
