Similarity Measures,noun_path,noun_lch,noun_wup,noun_res,noun_jcn,noun_lin,noun_lesk,noun_vector,verb_path,verb_lch,verb_wup,verb_res,verb_jcn,verb_lin,verb_lesk,verb_vector,word2vec,Average
a1,0.29409722222222223,0.581005166110386,0.6994476112123171,0.25772975919092567,0.26370099496922167,0.5800987473121526,0.3188027837943225,0.3485677460731672,0.5833333333333334,0.7029916407585196,0.7166666666666667,0.16293083914863848,0.578064475056744,0.6567749355311401,0.8008526906697638,0.7433303180306647,0.40585414640372486,0.5114264162637594
a3,0.1793154761904762,0.5079267694212997,0.6523674242424242,0.19338135039175292,0.12178474490911337,0.45784636926860334,0.34898390647784594,0.2940575850049276,0.6944444444444445,0.7526275886322358,0.8357142857142857,0.24243017974779602,0.6607502312628396,0.8299089895718369,1.0,0.8519246787895435,0.49043157347147986,0.53611150573770017
a2,0.1290223665223665,0.42459881403600985,0.5419528388278388,0.1478212241989416,0.07914734297549561,0.3078142180328421,0.19567451568413108,0.13085854207426223,0.5694444444444445,0.6899939959117369,0.6999999999999998,0.1813812751139149,0.5867592335081704,0.744626435812615,0.801376660962756,0.7251183519854206,0.38448738913490454,0.43176927348387351
Antecedent,1.0,0.9860896635111783,1.0,0.5067795405933634,1.0,1.0,1.0,0.9999999999999981,1.0,0.8832162807399176,1.0,0.35806451118335697,1.0,1.0,1.0,1.0,1.0,0.92553823506045974
a4,0.32222222222222224,0.6106708095730002,0.7461924040871409,0.24634907891049593,0.25621395925927926,0.5785761304339709,0.5964862497608978,0.39556041662237973,0.5694444444444445,0.6899939959117369,0.7074074074074074,0.20103417764931397,0.5793173702901596,0.7570171786920009,0.6784188034188036,0.6632629248435647,0.41210174594656657,0.53001584232196386
