Similarity Measures,noun_path,noun_lch,noun_wup,noun_res,noun_jcn,noun_lin,noun_lesk,noun_vector,verb_path,verb_lch,verb_wup,verb_res,verb_jcn,verb_lin,verb_lesk,verb_vector,word2vec,Average
Antecedent,0.4142857142857143,0.6021906473591766,0.6593137254901961,0.3772913778347428,0.40258100523783685,0.6280125734838737,0.4792325830911907,0.47118593562074834,0.6666666666666666,0.7343084371187691,0.9,0.2592392738616669,1.0,0.9809199941246651,1.0,0.770622755321418,0.516756946406224,0.6389769197589934
a3,0.11616161616161617,0.3908309129509575,0.4953703703703704,0.16963920342915048,0.08968700447240519,0.35782363366938325,0.33891988298423836,0.25005858164998135,0.6666666666666666,0.7343084371187691,0.75,0.11625350744300601,0.5704521988575274,0.5,0.572177618577075,0.6698095719812825,0.3543798228735213,0.42014935465917352
a2,0.14696969696969697,0.43608155568207785,0.469988344988345,0.1419891885709814,0.16855328858970817,0.3487501453366493,0.27246266533950764,0.21923895566462367,0.5,0.6953155025784209,0.6666666666666666,0.24368476965963004,0.39387306373665365,0.7841145626752628,1.0,0.6557483060968735,0.3778092101753627,0.44242623074885057
a4,0.11243386243386243,0.38717206601783954,0.49722222222222223,0.1332282549714574,0.07750502714554403,0.27384291700067154,0.23250905986405335,0.265365507833256,0.41666666666666663,0.6403580480380207,0.65,0.23221161814803853,0.5888155800644863,0.8201083214876299,0.667124542124542,0.5184229713265185,0.4730046531041231,0.4109406657911136
