"Similarity Measures","noun_path","noun_lch","noun_wup","noun_res","noun_jcn","noun_lin","noun_lesk","noun_vector","verb_path","verb_lch","verb_wup","verb_res","verb_jcn","verb_lin","verb_lesk","verb_vector","word2vec"
"Antecedent","0.39999999999999997","0.7024342824613343","0.8362569448095764","0.2992347099883634","0.36460485171425605","0.7294301868221922","0.6238050455967996","0.46956752379287503","0.7916666666666666","0.7617871643889691","0.8214285714285714","0.17060172977189814","0.770204950405821","0.75","0.7888224573257467","0.8052289116944042","0.43109211284801985"
"a3","0.2772321428571428","0.6130086633873809","0.7297645981469512","0.2610506807236701","0.2726689008158768","0.6229358330436129","0.7187965316421998","0.3546348960732082","0.625","0.6873332425783949","0.6964285714285714","0.14045699591033722","0.5519270430991827","0.5761853748997526","0.5995692355889726","0.6035373927314476","0.3246402529471429"
"a2","0.5770833333333334","0.7866364379069957","0.8741883116883117","0.3319959798267569","0.5746891632351547","0.8148319231781862","0.8580116523531583","0.6387419244042603","0.625","0.6873332425783949","0.6964285714285714","0.10385644627843033","0.5519270430991827","0.5","0.738969820384294","0.6140783983243611","0.56736950986044"
"a4","0.446875","0.6966771788262605","0.7874958374958375","0.2994365730398839","0.44521335459910844","0.7390782524829301","0.629396297696803","0.5858148225626729","0.375","0.5933828534976465","0.5297619047619047","0.145516858706563","0.18646026413994418","0.44575237115337485","0.43960637319332174","0.37000281699230875","0.3932375436849439"
