Similarity Measures,noun_path,noun_lch,noun_wup,noun_res,noun_jcn,noun_lin,noun_lesk,noun_vector,verb_path,verb_lch,verb_wup,verb_res,verb_jcn,verb_lin,verb_lesk,verb_vector,word2vec,Average
Antecedent,0.3466666666666667,0.6172862390039101,0.7192673992673992,0.23562395099223316,0.29584841482737956,0.5409632080701113,0.4454721377673058,0.43936006064130095,0.225,0.4771694546462324,0.41666666666666663,0.0926443414753936,0.13529154261494394,0.27595948293674816,0.30325066137566103,0.35702813979483505,0.4006240252940854,0.3720071995318161
a3,0.0,0.0,0.0,0.0,0.0,0.0,0.0,0.0,0.12142857142857143,0.30736775651191484,0.34090909090909094,0.07481817188217474,0.08586303346031257,0.19792559554427763,0.1290093779677115,0.117857535551877,0.23995440266351353,0.095007855054084947
a2,0.3602380952380952,0.6210268051069192,0.715546218487395,0.21473065867803937,0.3072001181844137,0.5341905985992231,0.37677204245072504,0.4251245876025882,0.225,0.4771694546462324,0.41666666666666663,0.08385557981221901,0.13529154261494394,0.27595948293674816,0.25020833333333303,0.35702813979483505,0.26654012482942135,0.355444026410694
a4,0.1519047619047619,0.4707061825777218,0.5920976082740789,0.13236385819682442,0.11233357709244178,0.35304819802750015,0.296215181618543,0.2984858208263204,0.225,0.4771694546462324,0.5303030303030303,0.08385557981221901,0.10337209517955616,0.23838214969168553,0.6118551587301585,0.5459118233079845,0.3553010542227965,0.32813561967128568
