Similarity Measures,noun_path,noun_lch,noun_wup,noun_res,noun_jcn,noun_lin,noun_lesk,noun_vector,verb_path,verb_lch,verb_wup,verb_res,verb_jcn,verb_lin,verb_lesk,verb_vector,word2vec,Average
a1,0.4261904761904763,0.6689727093884164,0.7865546218487395,0.2607924975183116,0.3762603890737604,0.6144956050930693,0.45372651900506783,0.5150553458267739,0.875,0.8362410861995434,0.95,0.2840537929895841,1.0,0.9988499337863967,1.0,0.9563847180737832,0.39111673592778634,0.67021731946598295
a3,0.3513605442176871,0.6473009068016822,0.7712484993997598,0.257483527757859,0.2790087528040019,0.5970744590357849,0.4167074442721373,0.44613846769518056,0.2375,0.49229208953157827,0.43039215686274507,0.13804961365712445,0.13604928709227404,0.39483909357754166,0.24116237623687298,0.3146420442307775,0.3042206911245554,0.37973352672338612
a2,0.15890022675736962,0.48168180552038437,0.6079382802071878,0.184415067745303,0.11466443198964016,0.4281755280143977,0.2976551809143221,0.28099824346061186,0.5625,0.6953155025784209,0.6833333333333332,0.14357834429992422,0.4263043211504601,0.577063496513263,0.820789059425423,0.6116521955588665,0.2487711065186967,0.43080800729338847
Antecedent,1.0,0.9860896635111783,1.0,0.45006330487884333,1.0,1.0,1.0,0.9999999999999993,1.0,0.8832162807399176,1.0,0.3478263607855788,1.0,1.0,1.0,1.0,1.0,0.92159974175973625
