Similarity Measures,noun_path,noun_lch,noun_wup,noun_res,noun_jcn,noun_lin,noun_lesk,noun_vector,verb_path,verb_lch,verb_wup,verb_res,verb_jcn,verb_lin,verb_lesk,verb_vector,word2vec,Average
Antecedent,0.24444444444444446,0.5959563705208281,0.7658730158730159,0.2415392677248879,0.19121965511410544,0.6411472571965948,0.3441698254679563,0.46733858998712735,0.6666666666666666,0.7343084371187691,0.75,0.38592323105197346,0.5914090934236697,0.8248501902574348,1.0,0.7939915739367145,0.4806339119127618,0.5717336194527618
a3,0.3055555555555555,0.6362833968817504,0.7493395493395494,0.22090178975520025,0.2001206164428461,0.5997137187348168,0.5596193717307917,0.3975600832187473,0.375,0.6013651134976725,0.6705882352941177,0.26293736816100405,0.3225683396838933,0.665259303435225,0.633937491080348,0.46767277633695004,0.40070365131558167,0.47465449179200286
a2,0.5111111111111111,0.741387069142287,0.8571428571428571,0.29137111083296857,0.4600090366207111,0.7627415587761939,0.7404535793424684,0.5674938161550923,0.41666666666666663,0.6403580480380207,0.7205882352941176,0.27411557289436894,0.19059602581581858,0.6339461577403818,1.0,0.6243158024797835,0.4658009029986084,0.58224103241479153
