Similarity Measures,noun_path,noun_lch,noun_wup,noun_res,noun_jcn,noun_lin,noun_lesk,noun_vector,verb_path,verb_lch,verb_wup,verb_res,verb_jcn,verb_lin,verb_lesk,verb_vector,word2vec,Average
Antecedent,0.2361111111111111,0.5668448599179329,0.6666666666666667,0.21862369642269952,0.18905473750041318,0.5399301513769765,0.20059821874107275,0.21498297327034124,0.25,0.5074147244169241,0.4,0.14710727990008113,0.08276932312659664,0.3206439177848869,0.248670377241806,0.242717872923821,0.3054386763959606,0.31397497569395821
a3,0.0,0.0,0.0,0.0,0.0,0.0,0.0,0.0,0.25,0.5074147244169241,0.4,0.14710727990008113,0.09861092435708994,0.36663355131942277,0.201785714285714,0.238907175981587,0.18553947985670868,0.14094110883044281
a2,0.15625,0.47096981345139893,0.5219988344988346,0.12966096703542965,0.09334630801339759,0.2889361347263162,0.247174443585529,0.21478096187403248,0.25,0.5074147244169241,0.4,0.0,0.05403363100104409,0.0,0.167860710717854,0.0947137563907535,0.2686017397350967,0.22739658973215357
a4,0.12916666666666665,0.4267611614115164,0.46783216783216786,0.122063808448437,0.09018574123079723,0.27012574014841234,0.244676595385629,0.27467247139748074,0.25,0.5074147244169241,0.4,0.14710727990008113,0.09584214783004939,0.36004569612711307,0.270707070707071,0.238907175981587,0.2880929926007642,0.26962361412262914
