Similarity Measures,noun_path,noun_lch,noun_wup,noun_res,noun_jcn,noun_lin,noun_lesk,noun_vector,verb_path,verb_lch,verb_wup,verb_res,verb_jcn,verb_lin,verb_lesk,verb_vector,word2vec,Average
Antecedent,0.32222222222222224,0.5948848439312703,0.7134053081421503,0.24311722534687016,0.24317084960017862,0.5079537410595901,0.5339032489632797,0.3735862265590178,0.5277777777777778,0.6533556928848036,0.7287581699346406,0.18234950031667183,0.5763049340824992,0.6786106615733005,0.659532976478399,0.5741084584809062,0.493889933014953,0.5062901041393254
a3,0.38492063492063494,0.6606355750709435,0.8104892699319944,0.3481860431377879,0.2799148963225034,0.5707045971602628,0.6277302303921443,0.502105195002646,0.5515873015873015,0.6647102262272139,0.6777777777777777,0.1532307842961987,0.4603757552530116,0.5933639723726211,0.7384755425164548,0.6598363608499856,0.540319866335764,0.54260964877383788
a2,0.31111111111111106,0.6391992851383025,0.734646807440925,0.2726340881982445,0.153878514783406,0.4495122315226034,0.5264369691303217,0.3641590872000475,0.5238095238095238,0.6463910747137471,0.6359649122807017,0.1395172925251387,0.4603757552530116,0.5807808494732732,0.5217944863891627,0.5741084584809062,0.39023390792920115,0.46615025619880168
a4,0.47380952380952385,0.6948682596877451,0.7984022556390977,0.4056381560963178,0.4112872224110718,0.6709512745324462,0.6981901658667585,0.5733891000386789,0.33888888888888885,0.5806403435740739,0.5388888888888889,0.20024547799318484,0.23502734758086533,0.6027355958011832,0.6609354765604765,0.329570065444261,0.46855746500466955,0.51070738281283135
