"Similarity Measures","noun_path","noun_lch","noun_wup","noun_res","noun_jcn","noun_lin","noun_lesk","noun_vector","verb_path","verb_lch","verb_wup","verb_res","verb_jcn","verb_lin","verb_lesk","verb_vector","word2vec"
"Antecedent","0.23154761904761906","0.5767362850462285","0.6788419913419913","0.17902887406923704","0.16996986282642135","0.5085870568299733","0.5182086853551573","0.317626975854305","0.5555555555555555","0.684672489245053","0.6666666666666666","0.1152383283379707","0.40484863364402973","0.4605206979958332","0.5371357808857811","0.605591848931033","0.43658300314610404"
"a3","0.2857142857142857","0.6308518544719226","0.7604166666666667","0.22600051964410733","0.13927285380451754","0.5175904672892522","0.812642351492767","0.27037184722955626","0.7777777777777777","0.7839443849924853","0.8333333333333334","0.22338827859027185","0.6951683639176798","0.6666666666666666","0.735363247863248","0.7594454997579757","0.48759303833988155"
"a2","0.11469155844155844","0.39473234449144584","0.39365842490842495","0.11360757411175976","0.11565209112250688","0.30274608533656694","0.12019757187050639","0.22320680350557198","0.5555555555555555","0.684672489245053","0.6666666666666666","0.11892322490278084","0.4459214290819799","0.5323019109379786","0.7257932586736934","0.5882453120863087","0.4182956934611532"
"a4","0.3125","0.6572633017285592","0.7944193061840121","0.22880106016559992","0.18866369672443078","0.5794505655773448","0.5340140559662625","0.3125337948648523","0.7777777777777777","0.7839443849924853","0.8333333333333334","0.2651779821950555","0.7444074505838438","0.9103662501216102","0.755","0.8020080705163694","0.5763261758871469"
