Similarity Measures,noun_path,noun_lch,noun_wup,noun_res,noun_jcn,noun_lin,noun_lesk,noun_vector,verb_path,verb_lch,verb_wup,verb_res,verb_jcn,verb_lin,verb_lesk,verb_vector,word2vec,Average
a1,0.1361111111111111,0.42821910553979253,0.4671550671550671,0.13489400949378336,0.11026197731842863,0.33973765568474573,0.2526271310993533,0.26528506487737263,0.41666666666666663,0.6403580480380207,0.7083333333333333,0.37645184994434255,0.32374619672522725,0.7450439704310727,0.6736674174174175,0.4982988372060375,0.4078715987722006,0.40733700240082205
a3,0.0803030303030303,0.300171356907712,0.2257936507936508,0.01992205006358263,0.07252124377937953,0.05594357177445745,0.15741932869429034,0.16003322366995137,0.6666666666666666,0.7343084371187691,0.8,0.3642653545379401,0.8547454316682159,0.9577588042286627,0.7388468013468015,0.834406710753278,0.36869906309688666,0.43481204267078088
Antecedent,0.5,0.7355552926291828,0.8321678321678322,0.28590584989771706,0.44053678873234764,0.7173410811158508,0.5477653318418657,0.5816621818775777,0.6666666666666666,0.7343084371187691,0.7857142857142857,0.6319266799816985,0.6276801646225785,0.8644489950574167,0.863756613756614,0.65299644745313,0.5497450127950788,0.64812809773109492
a4,0.16666666666666666,0.5003731981073846,0.6261808367071525,0.14390088040189894,0.09945354240748865,0.35246955728025037,0.32977471066760766,0.3090220222086613,0.41666666666666663,0.6403580480380207,0.6333333333333333,0.32280845344301495,0.47674788826549835,0.8172820554482587,0.642559523809524,0.815179293560406,0.43640710191930804,0.45465786934889063
