"Similarity Measures","noun_path","noun_lch","noun_wup","noun_res","noun_jcn","noun_lin","noun_lesk","noun_vector","verb_path","verb_lch","verb_wup","verb_res","verb_jcn","verb_lin","verb_lesk","verb_vector","word2vec"
"a1","0.41230158730158734","0.6464528787932508","0.7439964662100885","0.26623170208206254","0.34142678338437416","0.55174729784383","0.6045537325921828","0.5062787626345853","0.5999999999999999","0.6999211854864802","0.7738383838383839","0.24244732096094096","0.5281640987236148","0.7591539162853167","0.6700196579214437","0.7146938729584404","0.41799671659580107"
"a3","0.19589947089947088","0.5193416986891962","0.6535963583486804","0.18488800333903713","0.1395979403784714","0.4353477074041664","0.4620000314140826","0.3087076184900513","0.6066666666666667","0.6988145684862834","0.797020202020202","0.31078826929969317","0.6632865271087266","0.7748621578177511","0.7457875884278323","0.7308960343472148","0.43347395400371985"
"a2","0.24272486772486776","0.548279704512611","0.6950314437311341","0.21053538723263523","0.1853952163971784","0.48406147781687275","0.3026655675205564","0.3393855763786115","0.5533333333333333","0.6828806406242617","0.7936868686868687","0.314231835102842","0.5945801901847239","0.7605199392148109","0.8140893561045999","0.7215796437042002","0.40818321950518227"
"Antecedent","1.0","0.9860896635111783","1.0","0.5127185347834672","1.0","1.0","1.0","0.9999999999999986","1.0","0.8832162807399178","1.0","0.45892435474632337","1.0","1.0","1.0","0.9999999999999997","1.0"
"a4","0.18196007696007696","0.4944698936295779","0.6154547625290658","0.1878158493383203","0.11732911388141741","0.41838957079071826","0.5755645947808818","0.23084324236907633","0.24500000000000002","0.4981727664627754","0.46571428571428575","0.13997726008565542","0.12734290215884753","0.37914791478211357","0.3389080943434156","0.2347989688495909","0.3720919348295424"
