"Similarity Measures","noun_path","noun_lch","noun_wup","noun_res","noun_jcn","noun_lin","noun_lesk","noun_vector","verb_path","verb_lch","verb_wup","verb_res","verb_jcn","verb_lin","verb_lesk","verb_vector","word2vec"
"Antecedent","0.18280423280423277","0.5130005082019748","0.6251623376623376","0.1737516947745992","0.118936008768126","0.4106767068497051","0.26441635925884566","0.24533841450790803","0.2708333333333333","0.5189289316870722","0.4214285714285714","0.0391514569535457","0.08522126053347899","0.10171683877328348","0.18956848982146607","0.17267286157354106","0.25350703063574737"
"a3","0.27705026455026455","0.519965126373031","0.5283309283309283","0.13907850199413432","0.22811710438705388","0.3176581033736332","0.4940204983673229","0.3738946548564525","0.5","0.6483403080380467","0.6595238095238094","0.15627721374070097","0.3565558392972218","0.5614202703924059","0.6364368320890059","0.5484181906734733","0.45846626661431805"
"a2","0.13133903133903135","0.416365334114368","0.46582696056380274","0.10682946384584459","0.06980822592726074","0.218087902989896","0.2110747707874693","0.18695891415806043","0.4583333333333333","0.6128793207678206","0.5714285714285714","0.18585908309996713","0.3139989003221712","0.4072837848387385","0.4190179101943808","0.34569492765229826","0.5055661758219206"
"a4","0.14947089947089945","0.4551271654050224","0.45732323232323235","0.11846197620558874","0.0985668890417211","0.2714408876226816","0.28594191477299497","0.159455056468662","0.4791666666666667","0.6208615807678466","0.6","0.15627721374070097","0.35696818145106896","0.5599268527846484","0.6642180735930735","0.4978426422214852","0.40880216774118155"
