"Similarity Measures","noun_path","noun_lch","noun_wup","noun_res","noun_jcn","noun_lin","noun_lesk","noun_vector","verb_path","verb_lch","verb_wup","verb_res","verb_jcn","verb_lin","verb_lesk","verb_vector","word2vec"
"Antecedent","0.2847222222222222","0.5748271199179589","0.6915027954501639","0.2635179863384885","0.27837373370355095","0.6365381613660848","0.49079530285851797","0.5425994736937534","1.0","0.8832162807399176","1.0","0.288454087032479","1.0","1.0","1.0","1.0","0.45051902800529686"
"a3","0.4197916666666667","0.6616371341133873","0.7610576923076924","0.2732742785919904","0.4171992125157723","0.6521582582480054","0.5756655185531809","0.5335221340287349","1.0","0.8832162807399176","1.0","0.23578034032918252","1.0","1.0","1.0","1.0","0.5409978201418768"
"a2","0.32008928571428574","0.6042150123164286","0.7149488304093566","0.24405580093010468","0.2562463746395531","0.5523460704435134","0.423163369558984","0.4272114081791059","0.75","0.7892658916591693","0.9","0.20870230891154073","1.0","0.9976998675727934","1.0","0.9127694361475784","0.3972638974114927"
"a4","0.17028769841269842","0.4977575932288595","0.6601942562081881","0.21623174111319737","0.14279424887498277","0.491088524056878","0.27185044068348735","0.23171513614170902","1.0","0.8832162807399176","1.0","0.29208943261766857","1.0","1.0","1.0","1.0","0.41560785391986865"
