"Similarity Measures","noun_path","noun_lch","noun_wup","noun_res","noun_jcn","noun_lin","noun_lesk","noun_vector","verb_path","verb_lch","verb_wup","verb_res","verb_jcn","verb_lin","verb_lesk","verb_vector","word2vec"
"Antecedent","0.23419913419913413","0.5741942602125943","0.7101026252729039","0.21174062657747858","0.17110769980518648","0.4978898796171894","0.4501144423592059","0.33411529452222033","0.8","0.7741432567738233","0.8333333333333333","0.22851515275159454","0.7843981074781273","0.8708914268417349","0.8933680555555555","0.8487849079402735","0.4583735912065272"
"a3","0.13514036468581922","0.4222954244411908","0.48838498103203987","0.06934667949987278","0.07466012182733513","0.16635101781812836","0.1476086665867706","0.1630133460690354","0.7083333333333333","0.7617871643889692","0.8333333333333333","0.2069805471664329","0.6509361039980345","0.8498276629781693","1.0","0.789025946219459","0.27722310021044444"
"a2","0.2409090909090909","0.5869793918585191","0.6874342235304801","0.15935986895449303","0.11400382600209072","0.3635129432223845","0.445876096518649","0.3538908969219361","0.8","0.7741432567738233","0.8333333333333333","0.1685092174221745","0.7826610775517324","0.75","0.8570833333333332","0.8505879433395275","0.3806106279980569"
"a4","0.18235930735930736","0.5042659538373858","0.5683830789093947","0.14787007524247528","0.14583496210240426","0.3450306725665016","0.3975745657786369","0.2614211463371836","0.4666666666666667","0.6252354131526748","0.7222222222222222","0.2056312250016863","0.4794715757184461","0.7483625911901255","0.5525568181818182","0.596455810045537","0.3157018471946938"
