"Similarity Measures","noun_path","noun_lch","noun_wup","noun_res","noun_jcn","noun_lin","noun_lesk","noun_vector","verb_path","verb_lch","verb_wup","verb_res","verb_jcn","verb_lin","verb_lesk","verb_vector","word2vec"
"a1","0.3983333333333334","0.6779559934525662","0.7907769423558897","0.27277629625217326","0.35317572978006473","0.6509379451722976","0.7581745226388474","0.4559653587039887","0.6583333333333333","0.7165505423484397","0.796825396825397","0.24662956442350314","0.6310763734738439","0.8003797516184599","0.7520589133089133","0.7037863203393945","0.503692221412456"
"a3","0.34261904761904766","0.650044707779841","0.7721978021978021","0.264517638932272","0.26406716527975305","0.6208711250934495","0.6108832809787497","0.3704364266271298","0.5","0.6639987062181715","0.7471380471380472","0.2087047596810554","0.5225603583632239","0.7457628155815096","0.6345049130763415","0.4838092606079905","0.5214736864293229"
"a2","0.44742424242424245","0.6792081114950551","0.7566666666666666","0.2875107621942494","0.4230559532049686","0.6522208317350143","0.6088267882464489","0.49148701247012544","0.37222222222222223","0.594199245163994","0.6235294117647059","0.1649376665176182","0.21832453511824693","0.44157796018640055","0.6190079365079365","0.4158219900350813","0.5510959077838296"
"Antecedent","1.0","0.9860896635111784","1.0","0.4947678837132622","1.0","1.0","1.0","1.0","1.0","0.8832162807399176","1.0","0.4245099705902938","1.0","1.0","1.0","1.0","1.0"
