"Similarity Measures","noun_path","noun_lch","noun_wup","noun_res","noun_jcn","noun_lin","noun_lesk","noun_vector","verb_path","verb_lch","verb_wup","verb_res","verb_jcn","verb_lin","verb_lesk","verb_vector","word2vec"
"Antecedent","0.25","0.6102881071881849","0.7272727272727273","0.24171744214254842","0.2529145365742956","0.6354190472190682","0.468368515986937","0.3415448525421755","0.3333333333333333","0.5854005934976205","0.7777777777777778","0.20741337085952083","0.2265801673761844","0.6522132575608209","1.0","0.935073779775143","0.5177901000388394"
"a3","0.0","0.0","0.0","0.0","0.0","0.0","0.0","0.0","1.0","0.8832162807399176","1.0","0.20966239480826138","1.0","1.0","1.0","1.0","0.41986986116259833"
"a2","0.1875","0.5163377181074366","0.5944055944055944","0.1622759961174653","0.10376639150462322","0.39284018914059704","0.452023586202158","0.3209098017754915","0.16666666666666666","0.3974998153361238","0.375","0.14963634376434948","0.18773150177979397","0.528516584737874","0.188311688311688","0.346748567254956","0.41466047743229867"
"a4","0.12142857142857143","0.41024113928317557","0.4409090909090909","0.10215685548485474","0.07416045380735399","0.2090996732691106","0.2610637626262625","0.09247748260238439","0.5","0.6953155025784209","0.6666666666666666","0.20576339030545993","0.2480312666542864","0.6706775822896831","1.0","0.732980779065354","0.402890612382877"
