"Similarity Measures","noun_path","noun_lch","noun_wup","noun_res","noun_jcn","noun_lin","noun_lesk","noun_vector","verb_path","verb_lch","verb_wup","verb_res","verb_jcn","verb_lin","verb_lesk","verb_vector","word2vec"
"Antecedent","0.6166666666666667","0.7827856220927671","0.861111111111111","0.4340128207636312","0.5689013227344607","0.781067876181163","0.7507576424338439","0.7117481578508927","0.2916666666666667","0.5384253989572463","0.5808080808080808","0.18527685486927267","0.18464698956467943","0.4891829255105985","0.35486515517003325","0.33507290207360124","0.5257815879457371"
"a3","0.18148148148148147","0.5086105930306207","0.5035103785103785","0.10028006079147993","0.0874324177388724","0.21715555984399412","0.20295488347408522","0.14321662860016784","0.2916666666666667","0.5384253989572463","0.4861111111111111","0.09341365332534576","0.1739398651792928","0.3007574357937386","0.2864793771043772","0.33507290207360124","0.19641730154974732"
"a2","0.45039682539682535","0.6666686017466699","0.7453891138101664","0.3538150270471649","0.3831312007385499","0.5603918056446","0.48679307881532335","0.451097039624561","0.15","0.3628807131806038","0.2597402597402597","0.0","0.07972292240163784","0.0","0.177085838544172","0.24824995867134925","0.3343533841288902"
"a4","0.5055555555555555","0.7384711808857349","0.830982905982906","0.3683048108810141","0.4219246261818635","0.6341943072752535","0.6306683931195712","0.5646721601810248","0.8","0.7741432567738235","0.9","0.33304485046123244","0.7767304825823523","0.8474160736966889","0.8359588206627679","0.7961981617970423","0.48928757374566867"
