"Similarity Measures","noun_path","noun_lch","noun_wup","noun_res","noun_jcn","noun_lin","noun_lesk","noun_vector","verb_path","verb_lch","verb_wup","verb_res","verb_jcn","verb_lin","verb_lesk","verb_vector","word2vec"
"Antecedent","0.17333333333333334","0.5010467061991495","0.6561785273549979","0.15887259355207156","0.12768303154289154","0.41558706656491456","0.3497967279792986","0.27178928368197985","0.3333333333333333","0.5854005934976205","0.65","0.2346038699126311","0.16256924442060547","0.5626139159716739","0.6089183826683825","0.29655012864623853","0.2847104313167912"
"a3","0.16214285714285714","0.4878306884964768","0.6288220551378446","0.1651523521827806","0.08748372454879576","0.34903673165830285","0.23399189624870717","0.16917980665020557","0.3333333333333333","0.5854005934976205","0.5","0.1480192711459885","0.27071970779636134","0.5664500026538818","0.41493055555555547","0.4826440617005795","0.443686722234651"
"a2","0.30190476190476195","0.5337683859340437","0.6357843137254902","0.2711875251364007","0.273391402891757","0.4825105187196348","0.3707508814929482","0.33783203383554267","0.6666666666666666","0.7343084371187691","0.75","0.27722706128904756","0.6796601581863211","0.8236637561341108","0.7326388888888891","0.714191384023018","0.512706591421543"
"a4","0.29444444444444445","0.5159703719235239","0.5681320949432405","0.16607907909704106","0.25743543588256806","0.37818679889026646","0.3021981463891921","0.3018297466346121","0.3333333333333333","0.5854005934976205","0.5","0.18709255424367938","0.27220950332928273","0.6372670654518637","0.4049465811965815","0.4826440617005795","0.44437747758075496"
