"Similarity Measures","noun_path","noun_lch","noun_wup","noun_res","noun_jcn","noun_lin","noun_lesk","noun_vector","verb_path","verb_lch","verb_wup","verb_res","verb_jcn","verb_lin","verb_lesk","verb_vector","word2vec"
"Antecedent","0.3854166666666667","0.629784574458359","0.7033113944878651","0.23039763548683984","0.36185803770518127","0.6220659099667856","0.4104186668481945","0.47852604878106997","0.27777777777777773","0.5334100141104896","0.43333333333333335","0.04677552325449285","0.13073530120973365","0.15696283723367704","0.38668752519019894","0.3317569139218706","0.3479672963403637"
"a3","0.26666666666666666","0.6190357719578414","0.8155906593406594","0.27720660973353617","0.27510928940449175","0.65260689275774","0.6451584450080987","0.32131437545866104","0.3055555555555555","0.5594053038040551","0.4666666666666666","0.17203899960584904","0.34953477182228637","0.5815910027384422","0.36916085457752096","0.27583395970444696","0.32943689303414786"
"a2","0.4166666666666667","0.6767597689987332","0.7915466886055122","0.2725006172435459","0.3766649750178599","0.6724713650563209","0.522408148628983","0.5469871908245498","0.27777777777777773","0.5334100141104896","0.43333333333333335","0.04677552325449285","0.08726937946053993","0.10881522535560244","0.23667328042328037","0.25330660658309934","0.43900824342117595"
"a4","0.5208333333333333","0.7707101580794815","0.8943910256410257","0.36244925121091637","0.6543270659105355","0.8865121372802398","0.8361479554694937","0.5802885351243885","0.27777777777777773","0.5334100141104896","0.4904761904761905","0.11616073832364981","0.11444367368630522","0.3006853380036681","0.27980613644634833","0.31378344156923665","0.5571765280358151"
