"Similarity Measures","noun_path","noun_lch","noun_wup","noun_res","noun_jcn","noun_lin","noun_lesk","noun_vector","verb_path","verb_lch","verb_wup","verb_res","verb_jcn","verb_lin","verb_lesk","verb_vector","word2vec"
"Antecedent","0.45555555555555555","0.6787534764217881","0.8170426065162907","0.3128328690766682","0.41540912349651166","0.6793279036346039","0.6818846114699874","0.557495867397813","0.6666666666666666","0.7343084371187691","0.75","0.24534054229712604","0.612438169189126","0.7978886710171671","0.7263511259645281","0.6795282454801637","0.5721549147106865"
"a3","0.4444444444444444","0.6622786865753159","0.7435897435897436","0.25196738554775905","0.42116083031639806","0.6066812837432769","0.48994708994708996","0.487228035028455","0.5","0.6598545153081948","0.625","0.21128331469107825","0.46695118965909094","0.7395456686283545","0.5407709034792367","0.5540775279622355","0.4101941656509586"
"a2","0.44696969696969696","0.6441458470240358","0.7300944669365722","0.26971326517097405","0.4071699538902867","0.5926981145032273","0.5989995408937987","0.5133747362912197","0.4666666666666667","0.6252354131526748","0.5833333333333333","0.12201357613391395","0.40309741157558554","0.4416569976111874","0.5513020594856533","0.5076360296834213","0.44231013132600916"
"a4","0.15555555555555556","0.4706891850798302","0.5905797101449276","0.15391644511064514","0.13539928924135092","0.3637769841406208","0.29167014063460134","0.29758928778982435","0.3","0.5507814913421005","0.4583333333333333","0.0","0.07674190926450855","0.0","0.14863685911017463","0.14920012634644925","0.3791767722601583"
