"Similarity Measures","noun_path","noun_lch","noun_wup","noun_res","noun_jcn","noun_lin","noun_lesk","noun_vector","verb_path","verb_lch","verb_wup","verb_res","verb_jcn","verb_lin","verb_lesk","verb_vector","word2vec"
"a1","0.296494708994709","0.5595193176565166","0.6854757085020243","0.2410734307502406","0.33666853922682777","0.5834282747879631","0.5253091803757242","0.36968045878656786","0.5833333333333334","0.6953155025784209","0.7222222222222222","0.2233853690769325","0.49835344472890925","0.706246660837668","0.7551715788017157","0.627432561481242","0.41849210377209917"
"a3","0.16857448107448106","0.48211606525404105","0.5747021497021497","0.17099986620192054","0.11516354866013763","0.3995904834919705","0.37696543253907117","0.24157344811021617","0.5277777777777778","0.6586771995514874","0.6333333333333333","0.06988746493608712","0.4137183293614363","0.3333333333333333","0.7536390692640693","0.6582400875081297","0.36091453709652005"
"a2","0.19332611832611832","0.5169317332731175","0.6460622710622711","0.2058906146663938","0.21723492320830082","0.5349495419465156","0.511454414199997","0.2789245362681411","0.5277777777777778","0.6586771995514874","0.7166666666666667","0.2314099094949412","0.48110524983008424","0.7842109503512025","0.9122427983539093","0.6987821052459884","0.40585581375636537"
"Antecedent","1.0","0.9860896635111783","1.0","0.43226492908976527","1.0","1.0","1.0","1.0","1.0","0.8832162807399176","1.0","0.3985483157089716","1.0","1.0","1.0","1.0","1.0"
"a4","0.14015151515151517","0.43399469227792964","0.39846079846079846","0.05047069982096783","0.09556589971343622","0.13201469884721634","0.299299546417873","0.20408037167184714","0.5277777777777778","0.6586771995514874","0.6333333333333333","0.11868819777862964","0.4137183293614363","0.45056106612261687","0.7536390692640693","0.6582400875081297","0.2922736965284648"
