"Similarity Measures","noun_path","noun_lch","noun_wup","noun_res","noun_jcn","noun_lin","noun_lesk","noun_vector","verb_path","verb_lch","verb_wup","verb_res","verb_jcn","verb_lin","verb_lesk","verb_vector","word2vec"
"Antecedent","0.338452380952381","0.597510294285137","0.6927852049910873","0.23147896624204778","0.29345967803313217","0.5099823274535435","0.4209706320731116","0.4074328513225975","0.5277777777777778","0.6899939959117369","0.7037037037037036","0.22643310669751693","0.4720881350834596","0.7608808521142792","0.759208472057546","0.586891960066574","0.4136971359812848"
"a3","0.32857142857142857","0.6331249130151959","0.7858255332558738","0.30296552778454694","0.4127843556881682","0.69126572355149","0.4696853061465207","0.45932146489163134","0.31111111111111106","0.5623211920606073","0.47222222222222227","0.05061885128571066","0.11156919868170993","0.15696317357936285","0.369621980372045","0.32138550028184215","0.47112687367310885"
"a2","0.1952991452991453","0.4265019960469165","0.38793363499245853","0.09115943410619544","0.15855547451593996","0.19116307538873673","0.3351902878280744","0.271574187412542","0.31111111111111106","0.5623211920606073","0.47222222222222227","0.08985857918929667","0.40045143649661624","0.38734666591924594","0.33208085914677754","0.35264245845063297","0.300037072843785"
"a4","0.31539682539682545","0.545745743744747","0.5771383518442341","0.18842213259435525","0.2870768971179783","0.40156351042210325","0.4421054244180163","0.38278922378521274","0.36666666666666664","0.5989594950875406","0.5277777777777778","0.1383716853197603","0.22995304069732692","0.4781534561217278","0.5950986975986975","0.45946059454661176","0.432101624896198"
