"Similarity Measures","noun_path","noun_lch","noun_wup","noun_res","noun_jcn","noun_lin","noun_lesk","noun_vector","verb_path","verb_lch","verb_wup","verb_res","verb_jcn","verb_lin","verb_lesk","verb_vector","word2vec"
"Antecedent","0.3551587301587301","0.5838766599315484","0.6651923927465723","0.2307961707308025","0.3058542044191917","0.4702937952180476","0.5890624957276432","0.42420862625795497","0.25","0.49145020441687215","0.5576923076923077","0.20400270375606971","0.15067026423629692","0.5372904929406306","0.5464285714285715","0.47138189021891597","0.4380222685882601"
"a3","0.12698412698412698","0.4245218890538154","0.48898717381689516","0.11790848827315828","0.06251336767059236","0.18291736135761272","0.37128035563085776","0.21449367138623202","0.5","0.6953155025784209","0.7045454545454546","0.3318531317166228","0.3178629061271159","0.7946974545228173","1.0","0.7630160123780375","0.3784921012204556"
"a2","0.1197420634920635","0.4083319741549059","0.5349206349206349","0.15656840251068274","0.06947654167460285","0.2640890837098346","0.3704859128694358","0.22307313960652583","0.22916666666666666","0.452457269876524","0.5","0.15705667907603277","0.12997894850078673","0.4297958642153795","0.3499206349206351","0.3603366815101925","0.35147870996526465"
"a4","0.4041666666666667","0.6616371341133873","0.8100490196078431","0.2769943937204186","0.36787865529517405","0.6105994934141389","0.46989705979482826","0.48596156051484074","0.3333333333333333","0.5464076589572724","0.5","0.20400270375606971","0.2017964783617225","0.5835387554106108","0.5479494361847304","0.40954031460503404","0.42320952703908327"
