Similarity Measures,noun_path,noun_lch,noun_wup,noun_res,noun_jcn,noun_lin,noun_lesk,noun_vector,verb_path,verb_lch,verb_wup,verb_res,verb_jcn,verb_lin,verb_lesk,verb_vector,word2vec,Average
Antecedent,0.3833333333333333,0.6341584068431871,0.7531328320802004,0.24597131219322946,0.32584027287282036,0.5403929505758137,0.43510452238091923,0.4549294246659292,0.2972222222222222,0.5493235472138245,0.45555555555555555,0.16463396721374682,0.17064153864228104,0.5142648818709276,0.7569327731092437,0.5059040722054197,0.4081439983794738,0.44679327125636048
a3,0.275,0.6118953970725215,0.7695802005012531,0.2724454465785827,0.17927348462075765,0.5753246952902741,0.4185552684679745,0.43503079097874575,0.2972222222222222,0.5493235472138245,0.4793650793650794,0.04677552325449285,0.12168078267520477,0.17187385183559298,0.22628258221787,0.29621919427611215,0.37870195015565133,0.35909117745447994
a2,0.225,0.5800428374174932,0.7570028011204482,0.2360591480702064,0.17487672840030424,0.5324634520315938,0.33300010398865304,0.2732244794846028,0.38055555555555554,0.6042810017542247,0.5896825396825397,0.20997136132082792,0.367138601063117,0.687536907855223,0.6598911671714756,0.443546638220867,0.43057609259806623,0.4402852597491293
a4,0.0,0.0,0.0,0.0,0.0,0.0,0.0,0.0,0.3194444444444444,0.5724029486508379,0.5119047619047619,0.20539280941275004,0.21255266993020397,0.605113015818272,0.5691521901117671,0.40514442859527405,0.35628372670416686,0.22102299973955755
