"Similarity Measures","noun_path","noun_lch","noun_wup","noun_res","noun_jcn","noun_lin","noun_lesk","noun_vector","verb_path","verb_lch","verb_wup","verb_res","verb_jcn","verb_lin","verb_lesk","verb_vector","word2vec"
"Antecedent","0.48333333333333334","0.7153917794487216","0.8380952380952381","0.30586880829481805","0.43420884231998996","0.6626367893963382","0.5180937824778012","0.581697000672861","0.3333333333333333","0.5854005934976205","0.5","0.14640219852762754","0.12195847245385992","0.3397603840364566","0.254014533853244","0.419786234677198","0.47526525794229724"
"a3","0.44166666666666665","0.6527581867282227","0.75","0.2434517197206185","0.39378508617601","0.5317580057284921","0.493987713434896","0.5312454928256284","0.3333333333333333","0.5854005934976205","0.5","0.0","0.12195847245385992","0.0","0.254014533853244","0.419786234677198","0.3551356714045427"
"a2","0.18148148148148147","0.48020968492692345","0.4902356902356902","0.17303478304048767","0.12613227021721138","0.3379641831155921","0.4690948067083844","0.2449499965402464","0.3333333333333333","0.5854005934976205","0.5","0.0","0.08568289921085318","0.0","0.205855119825708","0.231830954495762","0.2471447309706882"
"a4","0.1638888888888889","0.4908526982602914","0.5292022792022792","0.11680217697517377","0.09770927827019889","0.2829145945309995","0.31155421985902204","0.402590095238718","0.0","0.0","0.0","0.0","0.0","0.0","0.0","0.0","0.2652199992657004"
