Similarity Measures,noun_path,noun_lch,noun_wup,noun_res,noun_jcn,noun_lin,noun_lesk,noun_vector,verb_path,verb_lch,verb_wup,verb_res,verb_jcn,verb_lin,verb_lesk,verb_vector,word2vec,Average
a1,0.35000000000000003,0.6194994730043033,0.7679308565531475,0.2643071666759705,0.27701233100830264,0.5435598752069704,0.6001831614012466,0.4921545424582693,0.2791666666666667,0.5312850240719265,0.43333333333333335,0.0,0.08745727090964214,0.0,0.22947898040968673,0.2198451528726391,0.37476348562937584,0.35705748942361648
a3,0.19523809523809524,0.535981619934437,0.6890847027069937,0.20603326504435956,0.15967811723540318,0.49266962804586784,0.42138409369344654,0.33757950357462596,0.3833333333333333,0.6057389458825007,0.575,0.13387810332040065,0.3487575291917024,0.4723594955051912,0.808103354978355,0.39681610844749654,0.4958335605765775,0.42690996804169329
a2,0.2066666666666667,0.5542240356475882,0.6890847027069937,0.20603326504435956,0.15967811723540318,0.49266962804586784,0.45314883524013966,0.350100453576768,0.2791666666666667,0.5312850240719265,0.43333333333333335,0.07320109926381377,0.07483992296272667,0.13553951297950892,0.2542372482589875,0.17224967523102322,0.4302833505759985,0.32327891397104541
Antecedent,1.0,0.9860896635111784,1.0,0.5148688576772551,1.0,1.0,1.0,0.9999999999999993,1.0,0.8832162807399176,1.0,0.5281060632510659,1.0,1.0,1.0,1.0,1.0,0.93601652148114223
a4,0.3435714285714285,0.6054296312907799,0.698544266191325,0.2389941620546347,0.29672324817182927,0.5236628448870102,0.575053071408019,0.4352930603331616,0.29166666666666663,0.5464076589572724,0.45,0.10721424681522644,0.08017613915810151,0.23123265891189926,0.7165888308551353,0.2723880252060138,0.5765662311061948,0.41114777474027647
