Similarity Measures,noun_path,noun_lch,noun_wup,noun_res,noun_jcn,noun_lin,noun_lesk,noun_vector,verb_path,verb_lch,verb_wup,verb_res,verb_jcn,verb_lin,verb_lesk,verb_vector,word2vec,Average
a1,0.1257936507936508,0.41120278753225975,0.37783240151661207,0.08357060693318265,0.0760850196863849,0.18821521299321184,0.26926068963605343,0.10727509838150862,0.4444444444444444,0.6350365413713367,0.6547619047619048,0.19427630976568447,0.31780764092146835,0.5547876571900362,0.8637304044424786,0.6967578085470111,0.3158111534973798,0.37156760778909464
a3,0.26904761904761904,0.59958464290216,0.7226153619342474,0.24008543558010967,0.23212994377953913,0.45463333697604585,0.610534714825559,0.23590547440560058,0.47222222222222215,0.6769963510649543,0.7345238095238096,0.2521883728511426,0.5676993073082272,0.7909622339990244,1.0,0.7371703219152709,0.35826409495015016,0.5267390143109224
a2,0.17233560090702943,0.4981663098219254,0.6244597839135654,0.12685392570381723,0.06670341400794268,0.241975377760588,0.3226130754077331,0.15676302414971158,0.38888888888888884,0.622038896524554,0.6565323565323565,0.18703856603374344,0.2153341387209192,0.4988218601737027,0.5707941140400818,0.4167780736273767,0.23332260967999294,0.35290705975846642
Antecedent,1.0,0.9860896635111783,0.9897959183673469,0.5641577003161116,1.0,1.0,1.0,0.9999999999999998,1.0,0.8832162807399176,1.0,0.39699237066446447,1.0,1.0,1.0,1.0,1.0,0.93060305491758921
a4,0.21564625850340133,0.5551500862268235,0.6688965059708094,0.16053955757977878,0.0855718625962958,0.29002857204170074,0.5202107945597784,0.20312132326425417,0.47222222222222227,0.6533556928848036,0.6952380952380953,0.23491838570575338,0.4522190501977823,0.6947280362590941,0.7516860635338896,0.6705137988581572,0.38597309682263986,0.45353055308619289
