Similarity Measures,noun_path,noun_lch,noun_wup,noun_res,noun_jcn,noun_lin,noun_lesk,noun_vector,verb_path,verb_lch,verb_wup,verb_res,verb_jcn,verb_lin,verb_lesk,verb_vector,word2vec,Average
Antecedent,0.13928571428571426,0.4360275002581181,0.44359450073735784,0.09860275373292274,0.0934178969587157,0.2556011052561801,0.23424583510028388,0.2243966931074642,0.7,0.7328956582107202,0.76,0.20463239998171745,0.6511284372875641,0.7974817652667545,0.7137754884004884,0.7380902356578992,0.36862913780253453,0.44657677188496669
a3,0.09819109461966605,0.3538169954657429,0.2809155241043786,0.039818262930111134,0.06238855688710141,0.0804059306446722,0.16498264816542124,0.16921632596436667,0.22999999999999998,0.48321850860037074,0.3733333333333333,0.0,0.07369666942413006,0.0,0.31836263736263726,0.14470483088412106,0.31523736769617344,0.18754639329895445
a2,0.17170329670329673,0.4850328041592461,0.6009505532061923,0.17566730357445426,0.10965599059050202,0.4059446617454961,0.25058985164087405,0.25946002016576186,0.75,0.7704758138430197,0.8533333333333333,0.22703727972042245,0.7043765229959319,0.8820657126531992,0.8679166666666667,0.7994356897420957,0.38807813906841426,0.51186609645934744
a4,0.30006184291898574,0.5742218375850602,0.6956349206349205,0.23752554986175856,0.24968847917084697,0.5447391273699212,0.41290717864734955,0.4020509244111386,0.7,0.7328956582107202,0.76,0.18886259497512614,0.6442122787401001,0.7269715676769305,0.710694703619232,0.7544633225199517,0.4624682882345387,0.535141074975093
