Similarity Measures,noun_path,noun_lch,noun_wup,noun_res,noun_jcn,noun_lin,noun_lesk,noun_vector,verb_path,verb_lch,verb_wup,verb_res,verb_jcn,verb_lin,verb_lesk,verb_vector,word2vec,Average
Antecedent,0.31111111111111106,0.6521969299850853,0.8325667388167388,0.28234711317541056,0.18746385193020254,0.6267641402961589,0.8245984304783477,0.4123886753755493,1.0,0.8832162807399176,1.0,0.20966239480826138,1.0,1.0,1.0,1.0,0.5439771210521437,0.69213486986876038
a3,0.09694749694749694,0.33960125488913423,0.35047795771479984,0.06432164675603644,0.06501184459652037,0.13173879520000342,0.15024848166399557,0.05583850594319938,0.5,0.6953155025784209,0.8421052631578947,0.20553010570743016,0.37132516888320616,0.735407302100267,1.0,0.739414990145203,0.2567957321498873,0.38824000284902915
a2,0.4166666666666667,0.6935954829355654,0.8375001224265931,0.3032159206263863,0.317904718414957,0.6638170986289563,0.8179153485403484,0.523966221257143,1.0,0.8832162807399176,1.0,0.20966239480826138,1.0,1.0,1.0,1.0,0.5803970530965626,0.72046219459655048
a4,0.1798280423280423,0.5016459748595644,0.618635531135531,0.18376219565270635,0.09898626676260786,0.3993532915604929,0.42471444886005966,0.241455464390999,1.0,0.8832162807399176,1.0,0.20966239480826138,1.0,1.0,1.0,1.0,0.47968907491255436,0.60123229211827867
