Similarity Measures,noun_path,noun_lch,noun_wup,noun_res,noun_jcn,noun_lin,noun_lesk,noun_vector,verb_path,verb_lch,verb_wup,verb_res,verb_jcn,verb_lin,verb_lesk,verb_vector,word2vec,Average
Antecedent,0.12723214285714285,0.418929839033457,0.5100708502024291,0.12641414021693498,0.07383440115397126,0.26110782994864656,0.21458947062845463,0.2131246386668905,0.3333333333333333,0.5854005934976205,0.5416666666666666,0.08926242865596758,0.15885677326676975,0.2973999247518353,0.42963541666666677,0.518515729534065,0.34765483380456635,0.30864876546384812
a3,0.10268759018759019,0.36037687740732116,0.4013888888888889,0.10609424095067649,0.06438710971674372,0.200281900465774,0.17672488527551908,0.15240166149669618,0.4583333333333333,0.6678367753082208,0.6805555555555555,0.23777235098126032,0.5369595497440227,0.7275755409972631,0.8088665674603175,0.6021503794008117,0.3602173774929352,0.39085944615664286
a2,0.1782738095238095,0.49956180703645836,0.6006865887380594,0.14055631911460414,0.08164359081252533,0.2987943693334567,0.39049637113975344,0.24244737350648796,0.3333333333333333,0.5854005934976205,0.5,0.08247401711245085,0.10502924801151746,0.22397656638270186,0.28058632990069327,0.31523511329383125,0.3302343907899581,0.30521940126630959
a4,0.2846726190476191,0.5705582388538014,0.6508356227106228,0.24029089021258082,0.18700466192931686,0.3639344178423826,0.36429230613451796,0.40734922652649297,0.41666666666666663,0.6403580480380207,0.601190476190476,0.2035561899242857,0.41398027107785756,0.6746797344142879,0.620575396825397,0.5067333409440525,0.2629761792148078,0.43586201685606979
