"Similarity Measures","noun_path","noun_lch","noun_wup","noun_res","noun_jcn","noun_lin","noun_lesk","noun_vector","verb_path","verb_lch","verb_wup","verb_res","verb_jcn","verb_lin","verb_lesk","verb_vector","word2vec"
"Antecedent","0.5119047619047619","0.7082852242797946","0.8123249299719888","0.3230135165138075","0.49289608434449833","0.7305106122579562","0.6100312949477036","0.540374499777223","0.6428571428571427","0.7287380178987194","0.7244897959183673","0.22669099586655353","0.7009283324381903","0.7708272119301315","0.7880333951762523","0.7118933900940546","0.5371074069041237"
"a3","0.1602380952380952","0.48630335639386113","0.5722144522144522","0.11912633426604113","0.11009074639978475","0.33594753973667574","0.22592930361629718","0.253601627765874","0.511904761904762","0.6593499514124631","0.6285714285714287","0.126340911824533","0.5145510985112144","0.5961372756963195","0.5498489605632464","0.5956221946880167","0.3256077146382901"
"a2","0.3352380952380952","0.5990438232907591","0.722843137254902","0.23120406056899254","0.2967811641687387","0.58019996889298","0.42988271801857214","0.42384517273359706","0.6071428571428571","0.7018950495899341","0.7142857142857143","0.16389628202724338","0.606076767600837","0.646519059658002","0.6895839236677748","0.714788143354143","0.5050958252049086"
"a4","0.22380952380952382","0.5652042337614688","0.6816666666666668","0.1937099209559819","0.11940092195925733","0.45186399270937744","0.4855208512438904","0.36364312797853976","0.511904761904762","0.6593499514124631","0.635064935064935","0.14659016757744642","0.5145510985112144","0.5961372756963195","0.5498489605632464","0.5956221946880167","0.48238056238736804"
