"Similarity Measures","noun_path","noun_lch","noun_wup","noun_res","noun_jcn","noun_lin","noun_lesk","noun_vector","verb_path","verb_lch","verb_wup","verb_res","verb_jcn","verb_lin","verb_lesk","verb_vector","word2vec"
"Antecedent","0.6","0.7918030773496609","0.9","0.40224964020747817","0.5775309249961886","0.8247488442308561","0.8562998021178168","0.7271673583749666","0.37499999999999994","0.6128793207678206","0.6517857142857143","0.2541958263889132","0.5542643733301839","0.7969638552414534","0.7781107769188758","0.5514457929249168","0.4415514550076747"
"a3","0.1488095238095238","0.46806094068071","0.6","0.20278237488476888","0.10822144120002389","0.44909560712456054","0.274021414086144","0.25904501128642565","0.5833333333333334","0.7148119698485951","0.7083333333333333","0.2655037202745796","0.5949627244529908","0.8090110985158667","1.0","0.7075934032191082","0.32074917549780624"
"a2","0.10040404040404041","0.3624416855710484","0.3871678321678321","0.07689751493203059","0.06501505469194792","0.15076570227423594","0.16860737409100982","0.11018300003260902","0.37499999999999994","0.6128793207678206","0.5416666666666666","0.12114034261987154","0.1339446907055767","0.3517841516837804","0.41666648957159474","0.399062715996902","0.15305361858453703"
"a4","0.1257936507936508","0.42324115303753906","0.47992673992674","0.10018684868026581","0.0804593166191233","0.23386470693926814","0.2095604392789984","0.1401029589882236","0.5416666666666666","0.6873332425783949","0.7361111111111112","0.15028727162608257","0.44656674723615086","0.6110909001877953","0.5932556080283352","0.6351482065829734","0.3005737259807747"
