Similarity Measures,noun_path,noun_lch,noun_wup,noun_res,noun_jcn,noun_lin,noun_lesk,noun_vector,verb_path,verb_lch,verb_wup,verb_res,verb_jcn,verb_lin,verb_lesk,verb_vector,word2vec,Average
Antecedent,0.3142857142857142,0.61851360610168,0.7327073906485672,0.27105530122315147,0.31274783710379,0.58958395657048,0.4441209716209499,0.39763624233307915,0.5119047619047619,0.6527704044009498,0.6666666666666667,0.16287925986834947,0.39922567959794947,0.5557543771275788,0.7232989093585639,0.6147694128434154,0.3824649509981949,0.4911991436855202
a3,0.18114468864468863,0.49930379230326183,0.5727777777777778,0.13803735216090401,0.08489667294410982,0.31137754501524245,0.3622574858191845,0.19428047368809467,0.6547619047619048,0.7332993093273056,0.7841269841269841,0.19525602725797905,0.5735742657966938,0.7079034777407198,0.7857991301314282,0.6720020727561736,0.3926113726475589,0.46137707840588299
a2,0.30004329004329,0.6027251792819506,0.7428659164815351,0.23982019155383427,0.30398352522095917,0.6298809624896455,0.5384839361403407,0.4060106341082568,0.5833333333333333,0.6796133727097351,0.7346653346653346,0.16145054555791435,0.534398492037747,0.6145730603814252,0.5972820679069398,0.6066933161936461,0.45856869291330343,0.5137877559423053
a4,0.13646825396825396,0.43530247190477916,0.5602924611620262,0.15678569181481944,0.09972879658721986,0.36930670308788704,0.2624718272529044,0.16736661569073452,0.4642857142857143,0.6482091129723636,0.6984126984126984,0.19094326311585313,0.3850191691508706,0.5922744536150377,0.5956156765939377,0.4683543770591907,0.34104814276435674,0.38658149584933227
