"Similarity Measures","noun_path","noun_lch","noun_wup","noun_res","noun_jcn","noun_lin","noun_lesk","noun_vector","verb_path","verb_lch","verb_wup","verb_res","verb_jcn","verb_lin","verb_lesk","verb_vector","word2vec"
"Antecedent","0.1884920634920635","0.5174049981210002","0.6386662357250592","0.1866336803165561","0.16662539403772783","0.4608382329750745","0.3020681744494065","0.38556308398106","0.7777777777777778","0.7839443849924853","0.9166666666666666","0.21570256652541797","0.74040808410269","0.8765684208309139","1.0","0.8456351184517077","0.4796129885758045"
"a2","0.0","0.0","0.0","0.0","0.0","0.0","0.0","0.0","0.0","0.0","0.0","0.0","0.0","0.0","0.0","0.0","0.34754208011560817"
