Similarity Measures,noun_path,noun_lch,noun_wup,noun_res,noun_jcn,noun_lin,noun_lesk,noun_vector,verb_path,verb_lch,verb_wup,verb_res,verb_jcn,verb_lin,verb_lesk,verb_vector,word2vec,Average
a1,0.19791666666666666,0.5278519253775846,0.6263736263736264,0.2399135470406213,0.11208563912685698,0.44018097035804765,0.4143677614363023,0.2263533170845793,0.5555555555555555,0.684672489245053,0.7222222222222222,0.13798703144428862,0.4303960183892109,0.5231050480708133,0.5304183034044143,0.5589548459613053,0.35418294318397214,0.42838458299653659
a3,0.3143939393939394,0.4840070259434328,0.4296016483516484,0.264941537547687,0.25,0.25,0.3270964797061286,0.397302673180235,0.0,0.0,0.0,0.0,0.0,0.0,0.0,0.0,0,0.15984372377194536
a2,0.16696428571428573,0.4951419883503344,0.6202380952380953,0.22054220738233948,0.07908238375272486,0.3154586152636089,0.26690144116363224,0.23641473741827623,0.5277777777777778,0.6586771995514874,0.6333333333333333,0.06988746493608712,0.412725972813059,0.3333333333333333,0.48152318167943164,0.5589548459613053,0.41591990780776655,0.38193392773393403
Antecedent,1.0,0.9860896635111784,1.0,0.6274721452703562,1.0,1.0,1.0,1.0,1.0,0.8832162807399176,1.0,0.3673687941414765,1.0,1.0,1.0,1.0,1.0,0.9331851108037017
a4,0.2013888888888889,0.5198696653775586,0.6390977443609022,0.2554054069916864,0.13926744584810413,0.44763453510661827,0.426214801597776,0.4718797143739529,0.5277777777777778,0.6586771995514874,0.6888888888888888,0.1906603898321151,0.47566781547681286,0.6070973035028623,0.7423148148148146,0.647866201320602,0.3988158955308854,0.47285438172010202
