Similarity Measures,noun_path,noun_lch,noun_wup,noun_res,noun_jcn,noun_lin,noun_lesk,noun_vector,verb_path,verb_lch,verb_wup,verb_res,verb_jcn,verb_lin,verb_lesk,verb_vector,word2vec,Average
Antecedent,0.13225579975579976,0.4131519901305832,0.37824841824841826,0.0534534993978608,0.07481214855490231,0.13290535060582648,0.29894233820075444,0.12070924318473226,0.75,0.7892658916591693,0.8333333333333333,0.3544425875242093,0.8034254777204405,0.8581722898773037,1.0,0.8981846777698718,0.42603762621750624,0.48925533365768886
a3,0.26170995670995667,0.5590959696955129,0.6573647920706744,0.17947294876507608,0.20202158322717537,0.44697655189832625,0.4552844772738842,0.3701619290910575,0.7083333333333333,0.7617871643889691,0.8333333333333333,0.3544425875242093,0.6100705195644867,0.7935298316366223,1.0,0.8981846777698718,0.4203912485117338,0.55953887675260139
a2,0.15690476190476194,0.4735623325318497,0.5831606628665453,0.1514353976665792,0.0948718703594413,0.34376749253127165,0.28596597151006414,0.239705494759722,0.41666666666666663,0.6403580480380207,0.5833333333333333,0.194301126978558,0.4242044319651722,0.6522579006766788,0.852829218106996,0.618031975342603,0.33853546450502986,0.41469953822019379
a4,0.18261904761904763,0.5153212590667828,0.6509944957003782,0.19336427575526574,0.11108904079734924,0.4436255382546853,0.30164553601168204,0.28415985576239244,0.5416666666666666,0.6873332425783949,0.7083333333333333,0.13627209403969126,0.38248338688568506,0.5435298316366223,0.8151760276760277,0.6977609561781758,0.3420240243199078,0.44337638895776987
