Similarity Measures,noun_path,noun_lch,noun_wup,noun_res,noun_jcn,noun_lin,noun_lesk,noun_vector,verb_path,verb_lch,verb_wup,verb_res,verb_jcn,verb_lin,verb_lesk,verb_vector,word2vec,Average
a1,0.13988095238095238,0.45093333631045185,0.4344155844155844,0.0849560210210203,0.08673267262553405,0.2158293836069054,0.4007006359936723,0.1960736225500545,0.27777777777777773,0.5334100141104896,0.5222222222222223,0.14641363621821865,0.31103303127566356,0.515435883787332,0.5463719885187276,0.39746060440169834,0.36048484163037986,0.33059601228509911
a3,0.20238095238095238,0.5448837253912002,0.6174825174825175,0.15748343487318592,0.18835201487649325,0.4510588232289088,0.3269437284543245,0.3172999279497325,0.5,0.632681909857922,0.6,0.1705809541641977,0.3989186157463293,0.4883327679722897,0.5540982416358357,0.5028105680924716,0.3676493105592739,0.41299749956856674
a2,0.08846153846153847,0.32633547520903106,0.22527472527472525,0.02009212860021096,0.06073717860363096,0.04214643006417913,0.09962844438920983,0.10202644418413664,0.3611111111111111,0.5960436068309886,0.6222222222222222,0.26779573708650944,0.6112750172584717,0.7769456788138758,0.5897698528729229,0.519568385344143,0.25640621969960026,0.32740236447214743
Antecedent,1.0,0.9860896635111784,1.0,0.46040452154807104,1.0,1.0,1.0,1.0,1.0,0.8832162807399176,1.0,0.4271664368857309,1.0,1.0,1.0,1.0,1.0,0.92687511192264105
a4,0.16349206349206347,0.4871597283503084,0.6351033834586466,0.17385653964440725,0.08864768815583157,0.36326173013434626,0.3568522451820385,0.23642538081790176,0.3333333333333333,0.570048317137423,0.7095238095238093,0.26321333135430874,0.4202778256636006,0.773877551238443,0.5578915459946163,0.5261270417686773,0.41059755724650066,0.4158640630880151
