Similarity Measures,noun_path,noun_lch,noun_wup,noun_res,noun_jcn,noun_lin,noun_lesk,noun_vector,verb_path,verb_lch,verb_wup,verb_res,verb_jcn,verb_lin,verb_lesk,verb_vector,word2vec,Average
Antecedent,0.2319047619047619,0.5458664938423204,0.6521538918597742,0.21192560916883108,0.15588048051663012,0.5021974722928285,0.4956496553090416,0.2714123073368624,0.3208333333333333,0.5587637513421265,0.43333333333333335,0.13175575404470186,0.22420893162152722,0.45733346021579324,0.37638203228481026,0.38098627831007625,0.34847152586888536,0.37053288662268458
a3,0.22000000000000003,0.5606098436476088,0.7026923076923077,0.21524082926800742,0.17262658092799907,0.5414469440701494,0.33442376153885356,0.2515310800498888,0.2791666666666667,0.5312850240719265,0.43333333333333335,0.07418590591610766,0.11135237729061881,0.22114988365662375,0.30499942260854973,0.32356048381543795,0.29369298935167826,0.32772337846504451
a2,0.22000000000000003,0.5606098436476088,0.7218099547511313,0.2528535083598774,0.15441721350552068,0.5761556840323776,0.3014907284665746,0.260286001970407,0.4458333333333333,0.6057389458825007,0.6,0.18290225711206978,0.36594812690640616,0.6060917539163875,0.5396048683701122,0.6036151031125002,0.42070495418749393,0.43635660456201769
a4,0.18666666666666665,0.5166438800152887,0.5302253302253301,0.0950710220831407,0.13616206541226086,0.2997697298628587,0.17858923974131335,0.21805066015540397,0.0,0.0,0.0,0.0,0.0,0.0,0.0,0.0,0.04480970681278382,0.12976401770441451
