"Similarity Measures","noun_path","noun_lch","noun_wup","noun_res","noun_jcn","noun_lin","noun_lesk","noun_vector","verb_path","verb_lch","verb_wup","verb_res","verb_jcn","verb_lin","verb_lesk","verb_vector","word2vec"
"Antecedent","0.3055555555555555","0.6622786865753159","0.8340909090909091","0.33063958705636054","0.1959926813036695","0.7059592801114786","0.4903376819688737","0.46340705853003333","0.625","0.6953155025784209","0.7","0.10483119740413069","0.5414609245386905","0.5","0.5766987402763265","0.654485423761204","0.4595852448347644"
"a3","0.20555555555555557","0.5534862909807904","0.6996336996336997","0.24831309407264412","0.12128397862822765","0.5249302572301077","0.12940314205195128","0.12824341574549364","0.29166666666666663","0.5464076589572724","0.45","0.07481817188217474","0.21551038787410445","0.3236637561341108","0.370467120848139","0.384260521688821","0.3642557641290126"
"a2","0.16452991452991453","0.43050685238250885","0.3766788766788767","0.084887669127876","0.13252956153355602","0.24890440915459108","0.10968261229303056","0.14467050506724835","0.625","0.6953155025784209","0.7","0.10483119740413069","0.5414609245386905","0.5","0.5642891559270871","0.654485423761204","0.3263086722060176"
"a4","0.1414141414141414","0.4196067658356055","0.3492618492618493","0.0642843141882636","0.11687920124665274","0.21480928601828478","0.07791550096657636","0.14205339160993619","0.0","0.0","0.0","0.0","0.0","0.0","0.0","0.0","0.2139591469976341"
