"Similarity Measures","noun_path","noun_lch","noun_wup","noun_res","noun_jcn","noun_lin","noun_lesk","noun_vector","verb_path","verb_lch","verb_wup","verb_res","verb_jcn","verb_lin","verb_lesk","verb_vector","word2vec"
"Antecedent","0.18630952380952379","0.4886483300127817","0.591819591084297","0.1812774525014619","0.18690470003351964","0.446438356335158","0.3555745717443823","0.26390465579963385","0.0","0.0","0.0","0.0","0.0","0.0","0.0","0.0","0.3142907832447589"
"a3","0.15865384615384615","0.457763887064848","0.5612368024132731","0.1263335431558238","0.08553385960515292","0.2914674955989808","0.22106944869647469","0.17726659071695025","0.5277777777777778","0.6899939959117369","0.7507936507936508","0.2085083761187848","0.4435984206743659","0.6875829996535634","0.9052211934156379","0.7678970616065065","0.3891103065509532"
"a2","0.1216168091168091","0.4028064325244478","0.49896514161220046","0.13731498687609708","0.08470476702913593","0.29060208973855817","0.235298923238248","0.14259053927214452","0.5055555555555555","0.6669145944747236","0.6611111111111111","0.18604565513109148","0.43984754876204574","0.6559835291363859","0.7479024132433224","0.7121531418257759","0.37250632963086794"
"a4","0.1451058201058201","0.4520100269858482","0.5644503415401249","0.15696250658557923","0.10217676368184102","0.3472457138792262","0.30378711884730664","0.21134207012513714","0.38888888888888884","0.622038896524554","0.6570175438596491","0.2170069899819682","0.28101071693939633","0.6030788622349154","0.9168136390358613","0.8209277250297958","0.326475037726827"
