"Similarity Measures","noun_path","noun_lch","noun_wup","noun_res","noun_jcn","noun_lin","noun_lesk","noun_vector","verb_path","verb_lch","verb_wup","verb_res","verb_jcn","verb_lin","verb_lesk","verb_vector","word2vec"
"Antecedent","0.16666666666666666","0.5003731981073846","0.6666666666666666","0.254663007383628","0.126972133741955","0.5560611063672932","0.40727042832306","0.338095459470338","0.5","0.6953155025784209","0.6666666666666666","0.14963634376434948","0.21087155656472847","0.5373864414465204","1.0","0.753752011519726","0.36274206579152024"
"a3","0.14285714285714285","0.4585854890810465","0.5714285714285714","0.1928529425647908","0.10642943409270499","0.45025997181400834","0.229923493945382","0.16764372817349","1.0","0.8832162807399176","1.0","0.20966239480826138","1.0","1.0","1.0","1.0","0.41326248866010185"
"a2","0.1111111111111111","0.39045828902658425","0.42857142857142855","0.11520039815599713","0.06385544355686852","0.22692869522513032","0.124018925715791","0.137716850417456","1.0","0.8832162807399176","1.0","0.20966239480826138","1.0","1.0","1.0","1.0","0.3575042855686245"
"a4","0.14285714285714285","0.4585854890810465","0.5714285714285714","0.13254368326510596","0.10877338339728518","0.3070400178767122","0.229923493945382","0.245073647065402","1.0","0.8832162807399176","1.0","0.20966239480826138","1.0","1.0","1.0","1.0","0.37113853801956337"
