Similarity Measures,noun_path,noun_lch,noun_wup,noun_res,noun_jcn,noun_lin,noun_lesk,noun_vector,verb_path,verb_lch,verb_wup,verb_res,verb_jcn,verb_lin,verb_lesk,verb_vector,word2vec,Average
Antecedent,0.16666666666666666,0.5003731981073846,0.6666666666666666,0.2795189215512692,0.24953402827035745,0.735680010033213,0.286004443899181,0.13788085622898,0.611111111111111,0.7213107922719865,0.8745098039215686,0.26892873092795994,0.4868870438588358,0.8037091044260664,0.849250588381023,0.6889250325674593,0.5168213211053654,0.52022225411735856
a3,0.14285714285714285,0.4585854890810465,0.6,0.2795189215512692,0.1930627321399239,0.6828834186662658,0.503898635477583,0.263065853936114,0.7333333333333334,0.7377855821184586,0.7777777777777778,0.1831882037681026,0.6872874229856071,0.6666666666666666,0.763178077066966,0.784550889437046,0.5202700204341499,0.52811236278220319
a2,0.2,0.5497975676468014,0.6666666666666666,0.1928529425647908,0.11577530627423892,0.47116920755409414,0.206818181818182,0.286448300050763,1.0,0.8832162807399176,1.0,0.4105802413402883,1.0,1.0,1.0,1.0,0.4773187116199491,0.61533196507504062
