"Similarity Measures","noun_path","noun_lch","noun_wup","noun_res","noun_jcn","noun_lin","noun_lesk","noun_vector","verb_path","verb_lch","verb_wup","verb_res","verb_jcn","verb_lin","verb_lesk","verb_vector","word2vec"
"a1","0.11915584415584415","0.40378188450503544","0.5008169934640523","0.08344424762666613","0.060448123262054745","0.16474167469445442","0.24915058173216997","0.20584089793959115","0.24166666666666667","0.4920114611600095","0.4142857142857142","0.04380813419496194","0.09618656108899813","0.10556422871263489","0.31515151515151496","0.23938304957618642","0.4007821413024236"
"a3","0.16319444444444442","0.4808767308372105","0.6515151515151514","0.195358101815857","0.09010281233769524","0.3882656872347633","0.393091198965468","0.13337566568018877","0.6166666666666667","0.6852337459881902","0.7174603174603175","0.14863933159909262","0.5596859716307551","0.5934674911573808","0.6808500957854405","0.633432379073521","0.41091694038446097"
"a2","0.14474206349206348","0.4553071686952801","0.5817460317460317","0.10353518300638043","0.07154411010812725","0.22183668550681684","0.23879383154748027","0.1920503929695959","0.6527777777777778","0.7213107922719865","0.8055555555555555","0.22890405450139142","0.5755936747409799","0.7872768245315921","0.8275694444444444","0.7101583366380374","0.435190362441905"
"Antecedent","1.0","0.9860896635111784","1.0","0.5517865648952878","1.0","1.0","1.0","0.9999999999999948","1.0","0.8832162807399176","1.0","0.3833108226661466","1.0","1.0","1.0","1.0","1.0"
"a4","0.1518939393939394","0.45215446628840456","0.5675324675324676","0.1752671664361427","0.09196695848113429","0.3644979408536367","0.29156305705335855","0.14570786553509377","0.6166666666666667","0.6852337459881902","0.7333333333333333","0.15966166721809608","0.5676439351637248","0.6254432164349234","0.7057730416728094","0.6617893473801235","0.40918776093339393"
