"Similarity Measures","noun_path","noun_lch","noun_wup","noun_res","noun_jcn","noun_lin","noun_lesk","noun_vector","verb_path","verb_lch","verb_wup","verb_res","verb_jcn","verb_lin","verb_lesk","verb_vector","word2vec"
"Antecedent","0.6","0.7981888853496818","0.8765469824293353","0.3149796382077258","0.49520667646685046","0.761785484686135","0.7318672156767908","0.6588030618242747","0.75","0.7892658916591693","0.8333333333333333","0.17964936928630543","0.5863985505361289","0.7344222558003389","1.0","0.8154936820972001","0.5828957452876351"
"a3","0.14793650793650795","0.46320246478330507","0.5457142857142856","0.12202718291808838","0.11453380390621448","0.3191191578574259","0.1951309501426972","0.2237541471182724","0.75","0.7892658916591693","0.8333333333333333","0.17964936928630543","0.5863985505361289","0.7344222558003389","1.0","0.8154936820972001","0.32783177022392096"
"a2","0.42023809523809524","0.6707050686474952","0.7913305322128851","0.28680732350156724","0.3968539246887267","0.6107352139394565","0.7373589611557773","0.496707404365189","0.75","0.7892658916591693","0.8333333333333333","0.17964936928630543","0.5863985505361289","0.7344222558003389","1.0","0.8154936820972001","0.4509519697123137"
"a4","0.5466666666666666","0.7520096877169682","0.8571428571428571","0.3445355207846446","0.4947003092564845","0.7598955245835844","0.7222810895642527","0.5760528734609935","0.75","0.7892658916591693","0.8333333333333333","0.17964936928630543","0.5863985505361289","0.7344222558003389","1.0","0.8154936820972001","0.504189716923942"
