"Similarity Measures","noun_path","noun_lch","noun_wup","noun_res","noun_jcn","noun_lin","noun_lesk","noun_vector","verb_path","verb_lch","verb_wup","verb_res","verb_jcn","verb_lin","verb_lesk","verb_vector","word2vec"
"Antecedent","0.23863636363636365","0.518878661583038","0.6087768440709617","0.2179866868588218","0.39212034709346466","0.5100943461410897","0.29766307711906975","0.23497433711059135","1.0","0.8832162807399176","1.0","0.25182904707210885","1.0","1.0","1.0","1.0","0.40981459712883445"
"a3","0.15252525252525254","0.46207684537564325","0.5279866332497911","0.11969624238740113","0.09519412531532563","0.2787336202033303","0.17556617987897302","0.21405753752795498","1.0","0.8832162807399176","1.0","0.25182904707210885","1.0","1.0","1.0","1.0","0.36610835840104866"
"a2","0.24444444444444446","0.5959563705208281","0.75","0.23342166611102153","0.21164752661507916","0.604590305403267","0.18380611551398","0.29413598818073866","0.6666666666666666","0.7343084371187691","0.9","0.274647113507967","1.0","0.9922135339615015","0.7745054945054946","0.7014750440934026","0.5525680602742586"
"a4","0.1445887445887446","0.4481476090335306","0.5176470588235295","0.1728962613833788","0.12246982949865572","0.4288844962844447","0.18092204783020802","0.27973758540181365","1.0","0.8832162807399176","1.0","0.28343944875330096","1.0","1.0","1.0","0.999999999999995","0.39213510462186235"
