"Similarity Measures","noun_path","noun_lch","noun_wup","noun_res","noun_jcn","noun_lin","noun_lesk","noun_vector","verb_path","verb_lch","verb_wup","verb_res","verb_jcn","verb_lin","verb_lesk","verb_vector","word2vec"
"Antecedent","0.625","0.7981888853496817","0.8636363636363636","0.41845314952315993","0.6939065952863102","0.915170330424457","0.6752923976608185","0.563368795741406","0.3416666666666666","0.5782602186123007","0.6041666666666666","0.18932991571410637","0.26988381730724115","0.5180695396463647","0.80625","0.5465548087795188","0.4565409718471318"
"a3","0.3333333333333333","0.6492810417285331","0.8095238095238095","0.3393122217987694","0.5293457195112509","0.7844383944325855","0.6484855300644775","0.5794648444412019","0.5","0.6598545153081948","0.6875","0.2672711300531297","0.45504068585107266","0.7655538655384628","0.8663194444444445","0.6413002811145769","0.5258463384366786"
"a2","0.225","0.5800428374174932","0.6794258373205742","0.23690451285473219","0.23943505535972656","0.5972009675726128","0.3129404638803135","0.2465939101892915","0.675","0.7271680622334492","0.7575757575757576","0.25855064760735635","0.6310264025064471","0.8225191256203006","0.8570833333333332","0.7854416908758283","0.4355343545318193"
"a4","0.6666666666666666","0.8371818198900298","0.9285714285714286","0.4217881499261389","0.6532432613928897","0.8989777419098557","1.0","0.6829643445015945","0.55","0.6801928676930751","0.7","0.1903285865250094","0.6254923697725341","0.6827017593114635","0.8570833333333332","0.7418264089496175","0.5756488321262692"
