Similarity Measures,noun_path,noun_lch,noun_wup,noun_res,noun_jcn,noun_lin,noun_lesk,noun_vector,verb_path,verb_lch,verb_wup,verb_res,verb_jcn,verb_lin,verb_lesk,verb_vector,word2vec,Average
Antecedent,0.1607142857142857,0.47841206358065197,0.6018315018315018,0.15452893423747235,0.11011989162102674,0.3573915122886061,0.28787780977785576,0.24702941649660298,0.611111111111111,0.7213107922719862,0.7222222222222222,0.22466370861514598,0.8017750825293444,0.9256099546265549,0.876278659611993,0.6685790092980594,0.41361519240263306,0.49194536166100311
a3,0.2270833333333333,0.5676867450326389,0.6789772727272727,0.19103961724260404,0.15587369735633214,0.441991692115247,0.4046823553707007,0.27959201999794325,0.5555555555555555,0.684672489245053,0.6666666666666666,0.13844336879097022,0.7096107141061688,0.6634606359437013,0.6327777777777778,0.6685790092980594,0.45903580600156824,0.47798404450362308
a2,0.3902777777777778,0.6341584068431873,0.7625,0.2749074793161238,0.4146056671697043,0.6587888581130782,0.3748786603113648,0.4732444452187945,0.5555555555555555,0.684672489245053,0.6666666666666666,0.13844336879097022,0.7096107141061688,0.6634606359437013,0.6327777777777778,0.6685790092980594,0.38692687576608986,0.53470908164118069
a4,0.1958333333333333,0.5207115504922648,0.6686934389140272,0.19047276641316116,0.0936019731653609,0.3814797486793624,0.3778921939069504,0.1529111824375721,0.5555555555555555,0.684672489245053,0.6666666666666666,0.13844336879097022,0.7096107141061688,0.6634606359437013,0.7303254664438873,0.6685790092980594,0.558445285106074,0.46807972814695098
