Similarity Measures,noun_path,noun_lch,noun_wup,noun_res,noun_jcn,noun_lin,noun_lesk,noun_vector,verb_path,verb_lch,verb_wup,verb_res,verb_jcn,verb_lin,verb_lesk,verb_vector,word2vec,Average
Antecedent,0.2,0.5497975676468014,0.6666666666666666,0.1928529425647908,0.13671758630167208,0.5127009796605092,0.157499811704451,0.3327424842755,0.25,0.49145020441687215,0.4722222222222222,0.176967521644477,0.20048563876419656,0.5674298435135015,0.279861111111111,0.39604512972350403,0.41736014081294204,0.35298822653113049
a3,0.125,0.4223873290266882,0.42857142857142855,0.11520039815599713,0.06431221218586695,0.22818155628554726,0.179188712522046,0.186440720331208,0.0,0.0,0.0,0.0,0.0,0.0,0.0,0.0,0.0756996824781329,0.10735188467981853
a2,0.16666666666666666,0.5003731981073846,0.6666666666666666,0.254663007383628,0.14016474225631254,0.5875215866929487,0.203210346638655,0.310152973883209,0.3333333333333333,0.5854005934976205,0.8,0.2944646723260037,0.3590319536055523,0.7630567281586083,0.6598214285714286,0.812159744812246,0.38698419612557783,0.46021599051328477
a4,0.14285714285714285,0.4585854890810465,0.5,0.13254368326510596,0.09628435694991438,0.33531031782085435,0.253519261239849,0.272098983612528,0.3333333333333333,0.5854005934976205,0.65,0.19968749341935066,0.17609462025753797,0.5546680772906718,0.739102564102564,0.615220291669804,0.2950723642974475,0.37292815133498652
