"Similarity Measures","noun_path","noun_lch","noun_wup","noun_res","noun_jcn","noun_lin","noun_lesk","noun_vector","verb_path","verb_lch","verb_wup","verb_res","verb_jcn","verb_lin","verb_lesk","verb_vector","word2vec"
"Antecedent","0.2903968253968254","0.5986169112853338","0.7538730158730159","0.2603588955869536","0.22858632992982594","0.5885908214448202","0.39145954713922176","0.37028266349098865","0.2333333333333333","0.47660819790309494","0.373015873015873","0.06563965712841606","0.1218883024643367","0.20879505047161814","0.2801306439004853","0.363788669072864","0.4236459306198886"
"a3","0.2702380952380953","0.5664061046124014","0.6875457875457875","0.20066359401422362","0.1937235284290601","0.4499172385858152","0.4949830492009175","0.39339461634965606","0.5277777777777778","0.6586771995514874","0.7166666666666667","0.22205082714033664","0.7553653429528507","0.8987527893880043","0.7424095301250473","0.611057332392209","0.47432750312654004"
"a2","0.0","0.0","0.0","0.0","0.0","0.0","0.0","0.0","0.3333333333333333","0.5854005934976205","0.5555555555555555","0.19276542906665547","0.28202969533884475","0.6633331398670678","0.6273781773781774","0.40982489367797537","0.3983041505176707"
"a4","0.12587662337662336","0.411294743074561","0.45293255763844","0.09963498593458948","0.09231378073914859","0.24168810992484682","0.1608612331861564","0.1452901413494761","0.5277777777777778","0.6586771995514874","0.7166666666666667","0.1767050578213648","0.7435837826156315","0.8333118467800036","0.49065476190476204","0.611057332392209","0.3319994551310503"
