Similarity Measures,noun_path,noun_lch,noun_wup,noun_res,noun_jcn,noun_lin,noun_lesk,noun_vector,verb_path,verb_lch,verb_wup,verb_res,verb_jcn,verb_lin,verb_lesk,verb_vector,word2vec,Average
a1,0.375,0.6676001932419999,0.7958839406207828,0.27530182925509517,0.27898432686394975,0.6123963698173204,0.5267001799983394,0.4119879676810943,0.4583333333333333,0.6208615807678466,0.63125,0.098689091452528,0.3779052974103781,0.42103504557930804,0.476173566017316,0.47433710145984775,0.46307100049691685,0.46855946023506206
a3,0.32010582010582006,0.5873589690170767,0.6678302090066796,0.20840987861766616,0.26674806826044456,0.4796289857678431,0.5208375105290058,0.3882955559248756,0.4583333333333333,0.6208615807678466,0.63125,0.098689091452528,0.3779052974103781,0.42103504557930804,0.3817061101031915,0.47433710145984775,0.36925316276590175,0.42779916000598517
Antecedent,0.31316137566137564,0.5743613241702938,0.6513278388278388,0.18719888454011893,0.24238308020803054,0.4406720778960878,0.3836666328394882,0.3663067900946235,0.49999999999999994,0.6598545153081947,0.6666666666666666,0.23827383452106138,0.4142409839270766,0.7205037097917093,0.6270002145002145,0.5641653393349895,0.366438186063693,0.46566008555008603
a4,0.37777777777777777,0.6686717198315576,0.7980158730158732,0.24997144213257338,0.24852519736581033,0.5209235685749259,0.6170833521117011,0.40787953057258197,0.4583333333333333,0.6208615807678466,0.63125,0.13270223900394065,0.3907793889925664,0.5416916531333109,0.6260676707551708,0.49724836569605824,0.4636578990615412,0.48537885836038641
