"Similarity Measures","noun_path","noun_lch","noun_wup","noun_res","noun_jcn","noun_lin","noun_lesk","noun_vector","verb_path","verb_lch","verb_wup","verb_res","verb_jcn","verb_lin","verb_lesk","verb_vector","word2vec"
"Antecedent","0.14814814814814814","0.4637348950804512","0.5974727027358606","0.14872106755846373","0.07784130540952158","0.27721947253253465","0.256512188208617","0.21682083535581784","0.41666666666666663","0.6403580480380207","0.5","0.17424110748547472","0.12036452351986018","0.4322489737991296","0.650909090909091","0.413524185205427","0.38591915931493603"
"a3","0.21944444444444444","0.5534862909807904","0.6701222753854333","0.21527121570791485","0.1467817693435386","0.4867673464417814","0.23558418176473736","0.3404755229535346","0.3333333333333333","0.5854005934976205","0.5","0.11831918595022636","0.10349842131794845","0.2769531194702626","0.6058333333333334","0.4344971410581525","0.42759709798474554"
"a2","0.21944444444444444","0.5534862909807904","0.6904761904761904","0.15918733194297877","0.14490092927761564","0.41091387224475384","0.2574695109417333","0.21466437603569766","0.3333333333333333","0.5854005934976205","0.625","0.14991697476610336","0.5427525458765196","0.48091999412466513","0.4037035407668105","0.390176919539787","0.3694407404036868"
"a4","0.23148148148148148","0.5003731981073846","0.4290598290598291","0.142475838054657","0.18273136274385451","0.29290744084048964","0.41176638176638164","0.3161041936370053","0.41666666666666663","0.6403580480380207","0.5833333333333333","0.16119330202107707","0.24918618651425653","0.4207777219716161","0.574404761904762","0.413733499925752","0.40485450281648544"
