"Similarity Measures","noun_path","noun_lch","noun_wup","noun_res","noun_jcn","noun_lin","noun_lesk","noun_vector","verb_path","verb_lch","verb_wup","verb_res","verb_jcn","verb_lin","verb_lesk","verb_vector","word2vec"
"Antecedent","0.41666666666666663","0.7432314308092816","0.905982905982906","0.33763526304092717","0.4613178617258994","0.7761564048323861","0.654206349206349","0.49750584379782853","0.29166666666666663","0.5464076589572724","0.4857142857142857","0.14640219852762754","0.23982363211083219","0.5190615423198434","0.409141292735043","0.4659586323136945","0.41742299234817215"
"a3","0.14166666666666666","0.4311349937963446","0.5098039215686274","0.12875458754087246","0.08827782979909676","0.275859194358062","0.311243412241012","0.18857072534660702","0.375","0.6013651134976725","0.45","0.12014712394385071","0.3268837218473713","0.4182341150424908","0.6044444444444446","0.426377606672785","0.32725592855138147"
"a2","0.11666666666666667","0.37617753925594444","0.3701923076923077","0.0964264712823954","0.09324706891258207","0.2561608150951558","0.2154703620851945","0.10983798001121765","0.29166666666666663","0.5464076589572724","0.4857142857142857","0.07016328488173927","0.1193001804444038","0.22734746608018552","0.2117692245214175","0.270482259441167","0.14908242596049257"
"a4","0.1388888888888889","0.44541574356698443","0.6333333333333333","0.24120608281107503","0.1221764794858391","0.5231137481088851","0.3013269848306135","0.33761441183051755","0.29166666666666663","0.5464076589572724","0.4857142857142857","0.07016328488173927","0.09965414651551355","0.20585493490392018","0.2423041691424045","0.42316358817831345","0.23757042715871088"
