Similarity Measures,noun_path,noun_lch,noun_wup,noun_res,noun_jcn,noun_lin,noun_lesk,noun_vector,verb_path,verb_lch,verb_wup,verb_res,verb_jcn,verb_lin,verb_lesk,verb_vector,word2vec,Average
Antecedent,0.41203703703703703,0.5996450938548169,0.6960784313725491,0.26538500317125324,0.38442474825009953,0.595631961020017,0.3923039923039923,0.45685532244572963,0.5,0.6953155025784209,0.8,0.31999770273042527,1.0,0.9360872107003866,1.0,0.653439997177092,0.40948523616925525,0.59509924934182779
a3,0.14206349206349206,0.44028515889124525,0.5353174603174603,0.17483401382031297,0.09894825303424672,0.3771170787844251,0.12891681363903598,0.16425284694098694,0.3333333333333333,0.5854005934976205,0.5,0.14963634376434948,0.17905758198285793,0.5167150040513926,0.619470273316427,0.555375365286715,0.29750489702919325,0.34107226527959383
a2,0.1525252525252525,0.46207684537564325,0.5714285714285715,0.21560419818603174,0.10555231028282092,0.45971159339410966,0.15557504848179435,0.16466061433614995,0.3333333333333333,0.5854005934976205,0.6153846153846154,0.2768021373940759,0.218886554468992,0.707407505173802,0.436953242835596,0.567955276185249,0.31773575761636014,0.37335255587647165
a4,0.4476190476190476,0.6648242400796754,0.7797619047619048,0.3949652831618984,0.41450527296900214,0.6905203038797261,0.142314189136868,0.4974933665259343,1.0,0.8832162807399176,1.0,0.34061211919233847,1.0,1.0,1.0,1.0,0.5206596323514056,0.69273480237751284
