Similarity Measures,noun_path,noun_lch,noun_wup,noun_res,noun_jcn,noun_lin,noun_lesk,noun_vector,verb_path,verb_lch,verb_wup,verb_res,verb_jcn,verb_lin,verb_lesk,verb_vector,word2vec,Average
a1,0.23214285714285712,0.5743613241702938,0.7813283208020051,0.24401728591254943,0.11863783818671332,0.3991165728305956,0.47076208257955104,0.2875370519213308,0.25,0.49677171108355617,0.4523809523809524,0.17669922609072744,0.13517604236376476,0.4598618760496708,0.2106194145103423,0.31963766855181736,0.4357215153012725,0.3555748082281176
a3,0.16428571428571428,0.4716019552514947,0.521945890366943,0.12784869402752563,0.08635483806159568,0.2742146138510812,0.42999519336188463,0.28737184402645716,0.21428571428571427,0.44620417171451,0.3611111111111111,0.1574804404315215,0.08229646031976065,0.33117996448739323,0.321231916231916,0.2860070968985263,0.41905593298447474,0.29308656186456611
a2,0.1503968253968254,0.4686860669949426,0.5954248366013072,0.16379507707055369,0.06305571238584358,0.2393461092505477,0.28228960775644363,0.2980816423692862,0.2333333333333333,0.47660819790309494,0.5686274509803922,0.215247622756736,0.1332732830837389,0.5054674649809597,0.246584383830055,0.37506657804929766,0.40677346353409743,0.31894456801632093
Antecedent,1.0,0.9860896635111783,1.0,0.6730879868530643,1.0,1.0,1.0,0.9999999999999997,1.0,0.8832162807399176,1.0,0.4984950835527957,1.0,1.0,1.0,0.9999999999999979,1.0,0.94358170674452679
a4,0.3527777777777778,0.6888352330120188,0.8491752256458138,0.25970537658856174,0.14790259533192884,0.4412079749308953,0.6362529692714783,0.46195598453243486,0.2333333333333333,0.47660819790309494,0.4259259259259259,0.21390246104654084,0.39935692000168604,0.6289753951122551,0.597334121639677,0.434867246622761,0.5285407379436534,0.4574504398011669
