"Similarity Measures","noun_path","noun_lch","noun_wup","noun_res","noun_jcn","noun_lin","noun_lesk","noun_vector","verb_path","verb_lch","verb_wup","verb_res","verb_jcn","verb_lin","verb_lesk","verb_vector","word2vec"
"Antecedent","0.20039682539682538","0.5230822647922054","0.6857142857142856","0.20876166159054363","0.3225980949934551","0.5981922803796144","0.621973782390449","0.29820855842813","0.5277777777777778","0.6586771995514874","0.6333333333333333","0.13594168876429846","0.4774148911953853","0.5491091707560739","0.6115410052910054","0.5975898897812874","0.38880895107160146"
"a3","0.20039682539682538","0.5230822647922053","0.6435185185185185","0.18462836003004304","0.16772188515577513","0.49210548454020925","0.30687208943905303","0.3628300593760094","0.5555555555555555","0.684672489245053","0.6851851851851851","0.27540945094159003","0.5229941299609323","0.8276602225979112","0.8766061980347694","0.6725269020333666","0.4109514908014823"
"a2","0.21428571428571427","0.5490775544857708","0.6555555555555556","0.21700762989889122","0.2175935951730121","0.5436084077719405","0.6440240469407136","0.331028318363543","0.75","0.7579490952989199","0.7999999999999999","0.15905363044589274","0.6948543994384876","0.6666666666666666","0.8031698790627363","0.7881289670992754","0.45472574203183086"
"a4","0.2253968253968254","0.5655523443322431","0.7301587301587301","0.22058846067928473","0.32824724701038416","0.6263228199920451","0.57396735759831","0.265472143874337","0.3055555555555555","0.5594053038040551","0.4666666666666666","0.17070407965246273","0.18719106814284667","0.5201858081056286","0.49752184543851236","0.4135664108548407","0.428751780293075"
