Similarity Measures,noun_path,noun_lch,noun_wup,noun_res,noun_jcn,noun_lin,noun_lesk,noun_vector,verb_path,verb_lch,verb_wup,verb_res,verb_jcn,verb_lin,verb_lesk,verb_vector,word2vec,Average
a1,0.5449999999999999,0.777955436487453,0.8854180133591898,0.3322170041202718,0.6221004502565953,0.833314017954834,0.836831519428992,0.6200033437542554,0.6458333333333334,0.7382995671187821,0.8094298245614034,0.2468168602343938,0.5987437137260526,0.8284069098774955,0.8367981401821863,0.6543159840425696,0.6424553739036967,0.67376114660832376
a3,0.6366666666666667,0.8077370052116827,0.885989010989011,0.3594625353082765,0.6047536610539878,0.8094240793097456,0.7128144222450228,0.6938902058242398,0.375,0.6128793207678206,0.5625,0.19678495323191675,0.19157029921773228,0.582071573630832,0.5765061258741893,0.454586850852193,0.5281848591030658,0.56416597466390483
a2,0.5449999999999999,0.777955436487453,0.8788703943115708,0.33802373277095177,0.6730637019747953,0.8439694104686065,0.8319241025752888,0.5965791290141425,0.6354166666666667,0.7285513334836949,0.75,0.23463769689525166,0.5694481849547693,0.7737374698798563,0.819225500054641,0.6828452701789424,0.3769666487189968,0.65036556931974288
Antecedent,1.0,0.9860896635111784,1.0,0.4502654447656009,1.0,1.0,1.0,1.0,1.0,0.8832162807399176,1.0,0.3331308180526769,1.0,1.0,1.0,1.0,1.0,0.92074718865113958
