Similarity Measures,noun_path,noun_lch,noun_wup,noun_res,noun_jcn,noun_lin,noun_lesk,noun_vector,verb_path,verb_lch,verb_wup,verb_res,verb_jcn,verb_lin,verb_lesk,verb_vector,word2vec,Average
Antecedent,0.34444444444444444,0.5597044850326129,0.6593137254901961,0.2153829823170515,0.31942549621807276,0.473168560300713,0.393667214044709,0.3370055915805089,0.41666666666666663,0.6403580480380207,0.5833333333333333,0.10288169515272996,0.16082750652956423,0.33533879114484155,0.6166666666666665,0.4725545340148395,0.5225227029001147,0.42078014375735795
a3,0.0,0.0,0.0,0.0,0.0,0.0,0.0,0.0,0.6666666666666666,0.7343084371187691,0.75,0.10483119740413069,0.5427525458765196,0.5,0.5597402597402595,0.6391682496369635,0.2865395846555039,0.2814121730058125
a2,0.3098151848151848,0.4709020764340574,0.5334733893557423,0.19112105649148384,0.29680195923188285,0.38721401682876894,0.37373740094328317,0.3052043673254877,0.3333333333333333,0.5854005934976205,0.5,0.07016328488173927,0.21647203138874216,0.3236637561341108,0.36135510510510505,0.3421727824505585,0.4527698605836602,0.3560941293412212
a4,0.08551864801864803,0.3188415304060333,0.27202380952380956,0.037608961674159926,0.050202481704836,0.06954813098669987,0.13076401977757965,0.05083237468173705,0.6666666666666666,0.7343084371187691,0.75,0.25090256598999067,0.6166111758757657,0.8655493751824153,0.6325000000000001,0.652688378279744,0.32294593116817877,0.38279485217970788
