Similarity Measures,noun_path,noun_lch,noun_wup,noun_res,noun_jcn,noun_lin,noun_lesk,noun_vector,verb_path,verb_lch,verb_wup,verb_res,verb_jcn,verb_lin,verb_lesk,verb_vector,word2vec,Average
Antecedent,0.1553246753246753,0.470565176765688,0.573921568627451,0.22388436031484096,0.10727215261437228,0.4582048814875292,0.25282140996692476,0.16187860316535854,0.3333333333333333,0.5738863862274725,0.5520676691729324,0.13171975758160198,0.19719200854388944,0.4145775700628444,0.6397939857761286,0.562214956605076,0.29282645819289,0.35891087963311813
a3,0.315,0.5606098436476088,0.6841830065359478,0.2662580393585866,0.2804082272915308,0.531633272606469,0.415704389539792,0.3462137472196128,0.5083333333333333,0.6527141404228749,0.625,0.16620537183218978,0.4117914876829367,0.6610957660182677,0.806344696969697,0.647480792649114,0.44240147111683087,0.48949279918969363
a2,0.16428571428571428,0.4889260127024742,0.5969924812030075,0.19368712739433291,0.09759442657843531,0.41561359865407327,0.26469490450338606,0.34698774329333215,0.4875,0.6332176731527008,0.6333333333333333,0.16254395086181495,0.3818161987788876,0.5082270253225876,0.5911432317682317,0.6084587197115973,0.29854931232368964,0.40432773258044696
a4,0.16936507936507933,0.4935429884047327,0.6433333333333333,0.19404034651704177,0.11275950052130893,0.45244092292750204,0.25074069033339297,0.269392525153858,0.5083333333333333,0.6527141404228749,0.625,0.16620537183218978,0.3995453478480282,0.6461853187801537,0.8153078403078402,0.6345421564700605,0.39890283280525096,0.43719716049152829
