"Similarity Measures","noun_path","noun_lch","noun_wup","noun_res","noun_jcn","noun_lin","noun_lesk","noun_vector","verb_path","verb_lch","verb_wup","verb_res","verb_jcn","verb_lin","verb_lesk","verb_vector","word2vec"
"Antecedent","0.5857142857142857","0.7451405959375512","0.8141447368421053","0.32747906776090285","0.5527924890655643","0.7445877514406724","0.6447641674708208","0.7290851422555412","0.5625","0.6953155025784209","0.75","0.23017399158184915","0.6389286982872158","0.7919942947692582","0.844861845972957","0.7311953047124431","0.5143578372475336"
"a3","0.39375","0.6421406668432132","0.7550438596491228","0.2727170870629448","0.5118627457702188","0.7154086082993615","0.46058516839706926","0.5275880640389362","0.6125","0.680192867693075","0.6833333333333333","0.23953589354784935","0.546871355323379","0.5","0.6303323412698413","0.647761435670976","0.5125155980798346"
"a2","0.5714285714285714","0.7223375762961125","0.8033088235294118","0.32747906776090285","0.5527924890655643","0.7445877514406724","0.5984986546953724","0.6122926786968304","0.6875","0.742290697118795","0.924812030075188","0.2708399134745201","0.8037176901370761","0.9189817074881653","0.841733239348371","0.7778746555101825","0.43722313300739873"
"a4","0.20238095238095236","0.5448837253912002","0.7157925407925408","0.23654679266239143","0.11570538927811874","0.5133352601934834","0.482428901011162","0.3976182299267567","0.3333333333333333","0.5738863862274723","0.4916666666666666","0.11667233163267107","0.4095026264805923","0.45464480154375086","0.544722222222222","0.42048323710004165","0.6374928937500773"
