Similarity Measures,noun_path,noun_lch,noun_wup,noun_res,noun_jcn,noun_lin,noun_lesk,noun_vector,verb_path,verb_lch,verb_wup,verb_res,verb_jcn,verb_lin,verb_lesk,verb_vector,word2vec,Average
Antecedent,0.1369047619047619,0.4465194357295938,0.5651960784313727,0.12734830571292455,0.08733491281006413,0.27473905569127605,0.17675759425759432,0.14516139429619032,0.75,0.7892658916591693,0.8333333333333333,0.25474004765845903,0.6039370900892594,0.8358357148141022,1.0,0.952613236495123,0.47112960752096494,0.4971068506120111
a3,0.20634920634920637,0.5351483181436582,0.6821428571428573,0.23461648828752357,0.265429086683668,0.6270475362727423,0.239212386112449,0.23791316941010066,0.75,0.7892658916591693,0.8333333333333333,0.1688375026496221,0.6039370900892594,0.757501659182489,1.0,0.8595171336856805,0.4155822956956437,0.54151964439396483
a2,0.611111111111111,0.8241841750432471,0.9535256410256411,0.38207042478087644,0.5659304242566549,0.8832912666504443,1.0,0.6448950796030457,0.26666666666666666,0.5161623891865805,0.41666666666666663,0.18605394364656908,0.14092996438354202,0.48964758384092244,0.29518525184118705,0.3234530991023625,0.4699076257828509,0.52762831256402176
a4,0.1923076923076923,0.49314044510300775,0.5384615384615384,0.11680217697517377,0.09143152349359422,0.29102635852706255,0.4460593857465804,0.13316547025649128,0.29166666666666663,0.5464076589572724,0.5888888888888889,0.18255418726307637,0.24550478171636597,0.5601621476667695,0.4140674603174605,0.376061376547945,0.35523751123650665,0.34487913353718191
