"Similarity Measures","noun_path","noun_lch","noun_wup","noun_res","noun_jcn","noun_lin","noun_lesk","noun_vector","verb_path","verb_lch","verb_wup","verb_res","verb_jcn","verb_lin","verb_lesk","verb_vector","word2vec"
"Antecedent","0.17722222222222223","0.504545772107012","0.6247575953458306","0.19313222554434978","0.11495720222761488","0.43286045719385263","0.2653381502142008","0.22759357319650242","0.7083333333333334","0.7617871643889691","0.7916666666666666","0.20550178782680772","0.6752852514564684","0.8664552243834681","0.8407356532356532","0.8068779677537673","0.4710253401391424"
"a3","0.21333333333333332","0.5641089095554714","0.7069597069597069","0.20295642820171209","0.13081187254122587","0.49831068443872056","0.422032842922214","0.2755460725190174","0.7083333333333334","0.7617871643889691","0.8333333333333333","0.22265965984102884","0.6752852514564684","0.8664552243834681","0.8805679073342118","0.8068779677537673","0.46315743916432167"
"a2","0.22523809523809524","0.5713485415663431","0.6997802197802198","0.22468639803551124","0.14198118088810202","0.5224340675855942","0.264324045485633","0.30357460533038705","0.7083333333333334","0.7617871643889691","0.8541666666666666","0.2317781266690611","0.6767524240807132","0.8863141526517457","1.0","0.829527930687535","0.36953399051696845"
"a4","0.24","0.5854183832798666","0.7142857142857143","0.2135014045913915","0.1542414469929096","0.5275143641208266","0.47302940242253566","0.261219786773906","0.75","0.7892658916591693","0.9444444444444444","0.2775969740012959","1.0","0.9958353218640145","1.0","0.875724649205134","0.4367068339758177"
