Similarity Measures,noun_path,noun_lch,noun_wup,noun_res,noun_jcn,noun_lin,noun_lesk,noun_vector,verb_path,verb_lch,verb_wup,verb_res,verb_jcn,verb_lin,verb_lesk,verb_vector,word2vec,Average
Antecedent,0.26869889369889366,0.5425589279626492,0.6655458089668616,0.24329885024046286,0.21566762545670876,0.4886612735574089,0.453978667047035,0.35161743454680533,0.39999999999999997,0.6293665571299407,0.6199999999999999,0.20359277908890355,0.19219063227856722,0.5885681406202342,0.9519841269841269,0.6994356572766804,0.4525662533594429,0.4686900957773365
a3,0.5314814814814814,0.7548294112625944,0.8711356907435339,0.33426781688265195,0.4532958195800506,0.6667805475743829,0.6069352105893272,0.5928154900569775,0.6666666666666666,0.7484928320268596,0.8547619047619047,0.26292357360515745,0.6542000127143481,0.8595687607235108,1.0,0.7850996168059646,0.44897529603385317,0.65248412538289791
a2,0.37698412698412703,0.678513472034778,0.8270211709324197,0.2759564146824309,0.2591205581701897,0.599530920190117,0.5522600217069773,0.4605324765442129,0.3833333333333333,0.6137693833138014,0.5266666666666666,0.14947160723671965,0.14486453483903458,0.43681358119127,0.8402962962962963,0.6420768239954295,0.37622605977196083,0.47902573222880968
a4,0.25846560846560845,0.6079291338094623,0.7711328976034858,0.2660770257813228,0.1776805389931827,0.5465535401585101,0.4988205032535728,0.34321863273710423,0.5333333333333333,0.6889296945784001,0.7266666666666667,0.20327750393848193,0.42707432717781424,0.6985206139072369,1.0,0.7575398532131097,0.4748857586743577,0.52824150778186174
