Similarity Measures,noun_path,noun_lch,noun_wup,noun_res,noun_jcn,noun_lin,noun_lesk,noun_vector,verb_path,verb_lch,verb_wup,verb_res,verb_jcn,verb_lin,verb_lesk,verb_vector,word2vec,Average
Antecedent,0.1300553613053613,0.4081956017238666,0.465463702963703,0.11719396234375266,0.08121501346439912,0.23747978940880735,0.2645144719352963,0.2069032696143199,0.22333333333333333,0.4733336346924874,0.3638095238095238,0.029421455980016227,0.09289958395182786,0.09841352960300534,0.26323840265709425,0.27342482865726003,0.3267571786870049,0.23856780259594465
a3,0.1528829966329966,0.4383685246627578,0.5235797827903091,0.17342228025049555,0.12047522757087048,0.38874417545900747,0.4089328156824444,0.22469936599215537,0.41666666666666663,0.6357523651299615,0.6502164502164502,0.19461053371245346,0.26603332935413987,0.6204850043112431,0.7962831152324685,0.54672590783956,0.3097179037374474,0.40397626148478993
a2,0.1632834757834758,0.45510313373150607,0.5310792693145634,0.12189475265799059,0.12102256496815665,0.32242788518461823,0.2896065643212485,0.21680400634979768,0.3833333333333333,0.6137693833138014,0.6166666666666666,0.19461053371245346,0.3083698348333952,0.6483333225078807,0.7962831152324685,0.512591645808419,0.3389040739420858,0.39024020950952126
a4,0.17743992118992116,0.47336353282329197,0.5140675479491269,0.09274624294115404,0.11778816807650443,0.25689558349796,0.25182408836954,0.19773006357018652,0.3233333333333333,0.5640911197732252,0.5476190476190477,0.14284951581813435,0.2039066597293905,0.43393383549772285,0.4941491008730535,0.40978924651409476,0.22758379721849306,0.31935945910554003
