Similarity Measures,noun_path,noun_lch,noun_wup,noun_res,noun_jcn,noun_lin,noun_lesk,noun_vector,verb_path,verb_lch,verb_wup,verb_res,verb_jcn,verb_lin,verb_lesk,verb_vector,word2vec,Average
Antecedent,0.13446969696969696,0.4259997990918472,0.5512799564270153,0.14235368236965207,0.08336746573863718,0.30243298606492786,0.3371215037211967,0.1661584828747255,0.4444444444444444,0.6586771995514874,0.6262626262626262,0.14963634376434948,0.25666623371965286,0.5699047163494706,0.8531091923949067,0.6230268819272906,0.4293130061743524,0.39730730693213406
a3,0.17427248677248677,0.4934085799363282,0.6162286286125296,0.20941324694873795,0.15368975456320755,0.47706260513886206,0.4004966197318937,0.2634478648852215,0.7777777777777778,0.7839443849924853,0.9166666666666666,0.2039871720886248,1.0,0.9864332567812651,0.761904761904762,0.7984909240368423,0.42756628124778817,0.55557594188738124
a2,0.19510582010582012,0.5247253762965777,0.6957414904783326,0.23497083100598493,0.11375311215220045,0.45831127548094375,0.46554082265332236,0.2912608835848302,0.4444444444444444,0.6586771995514874,0.7000000000000001,0.2168952948963422,0.7365693875620245,0.8846323421338335,1.0,0.7346209939489693,0.5159053300654435,0.521832623785915
a4,0.30178571428571427,0.5708738509989271,0.7048513849984439,0.23616761107789153,0.2509920611484831,0.4923233595385316,0.393471770912115,0.3543870563812855,0.7777777777777778,0.7839443849924853,0.9166666666666666,0.21817540942530309,1.0,0.9864332567812651,1.0,0.8509284124188646,0.5916029066677642,0.61355186023950115
