Similarity Measures,noun_path,noun_lch,noun_wup,noun_res,noun_jcn,noun_lin,noun_lesk,noun_vector,verb_path,verb_lch,verb_wup,verb_res,verb_jcn,verb_lin,verb_lesk,verb_vector,word2vec,Average
Antecedent,0.3958333333333333,0.6602725326366132,0.7614465084279326,0.27460894032667355,0.39036710357134097,0.6167313722452723,0.48090027070276004,0.480883603691164,0.6333333333333333,0.7265098502106995,0.7333333333333333,0.2582538346384492,0.6047247911775258,0.8596244436079363,0.9061555555555556,0.6996894251324501,0.6121411128157536,0.59381231439647797
a2,0.2369047619047619,0.5625702846586564,0.6897497136506424,0.20332092680540628,0.1368929106725068,0.43308869360235763,0.41224817812392356,0.4374994808858076,0.36666666666666664,0.6073835753137805,0.6466666666666667,0.21127666835267536,0.36935881520889396,0.6265799378434871,0.449483116883117,0.5137040715912498,0.39906626294136843,0.42955651363364522
