Similarity Measures,noun_path,noun_lch,noun_wup,noun_res,noun_jcn,noun_lin,noun_lesk,noun_vector,verb_path,verb_lch,verb_wup,verb_res,verb_jcn,verb_lin,verb_lesk,verb_vector,word2vec,Average
Antecedent,0.5773809523809523,0.732784503552697,0.8100961538461539,0.41044588839163315,0.5657880742012699,0.7749678418766629,0.7575222779170148,0.63807487052893,0.5,0.6953155025784209,0.8444444444444444,0.28129500649715317,1.0,0.9630942782723277,1.0,0.8238352061658409,0.42767912977972067,0.69427789002548357
a3,0.11837121212121213,0.3987200169698902,0.44705882352941173,0.1437468701916022,0.09222166116078345,0.31659235523900486,0.15724871759311249,0.1866627226722691,0.375,0.6013651134976725,0.6666666666666666,0.20903001125627568,0.16886712754479957,0.5569653741016298,0.603174603174603,0.594227207216353,0.26312852046444457,0.34700276490586657
a2,0.07715201465201466,0.29117636318273815,0.34705882352941175,0.06581587201561917,0.06105659446656865,0.13514373283831588,0.11701565811912702,0.1413536391259218,0.375,0.6013651134976725,0.5333333333333333,0.1624657909381155,0.24633017035292196,0.539683109151132,0.694642857142857,0.654765678418674,0.3397253659230106,0.31665200686396666
a4,0.11527777777777777,0.3992824341413163,0.528361344537815,0.13716504795356463,0.06649185369221139,0.2647133357445429,0.05962315569873712,0.10077461906627894,0.0,0.0,0.0,0.0,0.0,0.0,0.0,0.0,0.0947376338832617,0.10390748249973566
