"Similarity Measures","noun_path","noun_lch","noun_wup","noun_res","noun_jcn","noun_lin","noun_lesk","noun_vector","verb_path","verb_lch","verb_wup","verb_res","verb_jcn","verb_lin","verb_lesk","verb_vector","word2vec"
"Antecedent","0.425","0.6811336013835614","0.7916666666666666","0.29952359711248844","0.36840833838691084","0.6820277918850022","0.607961336394435","0.5044366777219405","0.5","0.6953155025784209","0.8","0.20741337085952083","1.0","0.9946076369478346","1.0","0.782504258216224","0.5057357333951313"
"a3","0.675","0.83004144500471","0.9058441558441559","0.3904150603180379","0.7049666335721388","0.8939499647236999","0.8174603174603174","0.6456804574042138","1.0","0.8832162807399176","1.0","0.20966239480826138","1.0","1.0","1.0","1.0","0.5949238395706071"
"a2","0.6125","0.7830662504643358","0.8627819548872181","0.38431806685485403","0.5945607514045443","0.820813227256859","0.7115877610812225","0.6817279709018825","0.2","0.4469241848755406","0.47058823529411764","0.16771115962443803","0.1551902646612332","0.5094650223700097","0.145382395382395","0.288412898575582","0.5636846260257576"
"a4","0.09861111111111111","0.3566810719857703","0.47213622291021673","0.11277614186698828","0.062195979666437584","0.21824909967646836","0.14047892244950425","0.1852027329467905","0.0","0.0","0.0","0.0","0.0","0.0","0.0","0.0","0.1012141163546815"
