Similarity Measures,noun_path,noun_lch,noun_wup,noun_res,noun_jcn,noun_lin,noun_lesk,noun_vector,verb_path,verb_lch,verb_wup,verb_res,verb_jcn,verb_lin,verb_lesk,verb_vector,word2vec,Average
Antecedent,0.3833333333333333,0.6570796286366027,0.7988939165409754,0.3358294707207096,0.35072656655218654,0.6908517382940383,0.5406667474499792,0.5058063554606568,0.5555555555555555,0.6846724892450529,0.8592592592592593,0.24576986176741658,0.5654895402557213,0.8416383438752743,0.849250588381023,0.82735690421456,0.515945608962679,0.6004779946179426
a2,0.8400000000000001,0.8988312443383031,0.95,0.4435534886780278,0.8352990962670142,0.9346509239310056,0.8635121626349698,0.8591677826875415,0.5,0.6953155025784209,0.6851851851851851,0.2663690636816185,0.6349218882429756,0.8409954428744385,1.0,0.5447680283302693,0.5608022114416694,0.72666894240420243
