"Similarity Measures","noun_path","noun_lch","noun_wup","noun_res","noun_jcn","noun_lin","noun_lesk","noun_vector","verb_path","verb_lch","verb_wup","verb_res","verb_jcn","verb_lin","verb_lesk","verb_vector","word2vec"
"Antecedent","0.8333333333333334","0.8889463704304197","0.9333333333333333","0.42988411232731777","0.8159057267710175","0.875348777889861","0.9272074980523733","0.8817025737660854","0.5","0.6598545153081948","0.7756410256410257","0.2956784817950531","0.39491676387445507","0.710184328306419","0.9167234848484848","0.8214060458431532","0.5686381430826614"
"a3","0.0930902430902431","0.33371531025039713","0.364281045751634","0.08130273998004287","0.07068698451887555","0.15734766225007396","0.22509174851356342","0.12790747169047054","0.0","0.0","0.0","0.0","0.0","0.0","0.0","0.0","0.09171770923677915"
"a2","0.30008658008658007","0.5286009821115316","0.5741435035552682","0.21681149814081507","0.27156721719430266","0.3962001763412489","0.36344805255696827","0.3493911020033179","0.6666666666666666","0.7343084371187691","0.75","0.13683435002687638","0.5630917611609866","0.5967240405285705","0.7642708333333332","0.7372242532840254","0.3757904150960288"
"a4","0.0","0.0","0.0","0.0","0.0","0.0","0.0","0.0","0.375","0.6128793207678206","0.5416666666666666","0.16676870815848438","0.28616156080786304","0.552612941548182","0.6814713064713065","0.5855714311539747","0.22602352223607616"
