"Similarity Measures","noun_path","noun_lch","noun_wup","noun_res","noun_jcn","noun_lin","noun_lesk","noun_vector","verb_path","verb_lch","verb_wup","verb_res","verb_jcn","verb_lin","verb_lesk","verb_vector","word2vec"
"Antecedent","0.19180672268907561","0.5277102367747686","0.6718331295366443","0.20380825206435915","0.11765127364330243","0.44545894795349583","0.3044286219456365","0.31460777929314615","0.375","0.6013651134976725","0.7543859649122806","0.21100415491346958","0.2026108453328005","0.606957252569925","0.6375","0.4587743252670275","0.4688744924745521"
"a3","0.25315126050420167","0.5749005299018942","0.6747543978512837","0.18811119711337435","0.15099094288791293","0.4025360871460732","0.4550162472881895","0.39626583135527904","0.29166666666666663","0.5464076589572724","0.49411764705882355","0.1708498994080167","0.13440705413636486","0.4656892406021491","0.3677145187617555","0.25940051393438","0.45916645201650624"
"a2","0.23909897292250235","0.5707659863996852","0.7266422775051519","0.23464525588093685","0.20727568760044782","0.5281545479622428","0.49300895415231816","0.3032844632776897","0.625","0.6953155025784209","0.9","0.25182904707210885","0.580070988000049","0.8263122313717797","0.683201058201058","0.7076496211612985","0.46307669215765945"
"a4","0.24428104575163404","0.5868622355583478","0.7200742740535129","0.2005490537220565","0.15728731754882921","0.4570450432909456","0.46728507915675666","0.2982893729131759","0.625","0.6953155025784209","0.7","0.1831341113112221","0.5568019319958069","0.7075913338060623","0.6770833333333335","0.6152296133379075","0.509454655928162"
