Similarity Measures,noun_path,noun_lch,noun_wup,noun_res,noun_jcn,noun_lin,noun_lesk,noun_vector,verb_path,verb_lch,verb_wup,verb_res,verb_jcn,verb_lin,verb_lesk,verb_vector,word2vec,Average
Antecedent,0.17142857142857143,0.504191528363924,0.6696428571428572,0.25335599309025614,0.11610168835200788,0.5329103719827375,0.179261248011248,0.22256339781490597,0.3333333333333333,0.5854005934976205,0.5238095238095238,0.20669249328818687,0.2259781569856242,0.6144153147448439,0.7909465020576131,0.6691237654414756,0.5192235700779949,0.41872817114251315
a3,0.15476190476190477,0.4794793435942155,0.5833333333333333,0.19825626739578084,0.09357785191287188,0.41406275459694264,0.289484126984127,0.18766077343412452,0.5,0.6953155025784209,0.6944444444444443,0.24429119307405434,0.4117877793057758,0.7414031955065156,1.0,0.7740550260250979,0.3883846716365135,0.46178224521083078
a2,0.14285714285714285,0.4585854890810465,0.5357142857142857,0.16961494914552094,0.08493864023082712,0.3435610599363153,0.2693802824159965,0.325814778523869,0.4444444444444444,0.6586771995514874,0.611111111111111,0.1764100938002785,0.2717090491581203,0.5994443163115665,0.7876475376475377,0.5652681173241759,0.4201103991908118,0.40384052332026693
a4,0.08571428571428572,0.31629075020242725,0.3529411764705882,0.08121337918023995,0.05703919221008762,0.1576898067582353,0.09855626909854845,0.03919501150128745,0.4444444444444444,0.6586771995514874,0.611111111111111,0.15098139745573794,0.2717090491581203,0.5907317491912348,0.7876475376475377,0.5652681173241759,0.2839461814915368,0.32665627403006386
