Similarity Measures,noun_path,noun_lch,noun_wup,noun_res,noun_jcn,noun_lin,noun_lesk,noun_vector,verb_path,verb_lch,verb_wup,verb_res,verb_jcn,verb_lin,verb_lesk,verb_vector,word2vec,Average
Antecedent,0.24880952380952379,0.58259871909353,0.7020757020757021,0.17239474263938734,0.172325564554734,0.48371974786162836,0.32242274433629897,0.3066141305292515,0.6,0.6650702328077291,0.6666666666666666,0.10483119740413069,0.565322155103465,0.5,0.7141666666666665,0.701175886679055,0.3463760643964568,0.46203351438966028
a3,0.12348484848484849,0.40907092917392185,0.4150627150627151,0.08285009077247153,0.07030598489967085,0.1863443483472996,0.18260023396249223,0.17452118986511253,0.20833333333333331,0.45245726987652396,0.34285714285714286,0.0,0.08237741492171927,0.0,0.128427419354839,0.1880116953614355,0.36679796614166355,0.2007942695538347
a2,0.3478835978835979,0.6056781205305433,0.7130718954248366,0.20736624372886844,0.27136226678032954,0.5317742644045924,0.3746633876233985,0.3806105086266977,0.35,0.5711198437269808,0.5,0.0984594856926241,0.17513510401308977,0.32948994379858565,0.616086641852771,0.60316157309443,0.3091356336213164,0.4108822653413331
a4,0.2201058201058201,0.5541978109898328,0.7121693121693121,0.2535779456047332,0.15815748896880708,0.5736400248465392,0.5580517914042173,0.2543030867739331,0.35,0.5711198437269808,0.5,0.0984594856926241,0.2614274117220938,0.3833139952223747,0.6398358585858586,0.5657835489279479,0.389448238549148,0.41432892137001315
