Similarity Measures,noun_path,noun_lch,noun_wup,noun_res,noun_jcn,noun_lin,noun_lesk,noun_vector,verb_path,verb_lch,verb_wup,verb_res,verb_jcn,verb_lin,verb_lesk,verb_vector,word2vec,Average
Antecedent,0.1607142857142857,0.47841206358065197,0.5635281385281385,0.15294547079100057,0.11493468648262298,0.35403657209986755,0.19968501404681474,0.2646065763368977,0.3333333333333333,0.5854005934976205,0.5357142857142857,0.19187282590026694,0.29615712916376236,0.5974898651268439,0.6383847097615215,0.36813899541329453,0.28575388342545,0.36006520170097989
a3,0.18055555555555558,0.49239093810735857,0.6294781070322866,0.19950576073508808,0.12945985581251968,0.45802365606877693,0.4512107308201055,0.342313602276191,0.6666666666666666,0.7343084371187691,0.75,0.24579761810359557,0.5967131974107546,0.816829273143866,0.689814814814815,0.6547204469688734,0.29134047556385384,0.48994877271759263
a2,0.1875,0.5179450079917731,0.6509803921568628,0.17300558823573126,0.11291907092533877,0.42373181812685445,0.255203495964811,0.279931472678458,0.3333333333333333,0.5854005934976205,0.5,0.07320109926381377,0.22878739807476872,0.3236637561341108,0.34375,0.360300362108346,0.3696450331341502,0.33642931891917482
a4,0.18055555555555558,0.49239093810735857,0.6294781070322866,0.19950576073508808,0.1360235710581557,0.4727658202426014,0.45491537934618276,0.35452622262712175,0.3333333333333333,0.5854005934976205,0.5833333333333333,0.20510578232067794,0.3903077258787528,0.7253445360689679,0.3545588156699265,0.360300362108346,0.36372283051043486,0.40126874514269073
