"Similarity Measures","noun_path","noun_lch","noun_wup","noun_res","noun_jcn","noun_lin","noun_lesk","noun_vector","verb_path","verb_lch","verb_wup","verb_res","verb_jcn","verb_lin","verb_lesk","verb_vector","word2vec"
"a1","0.14285714285714282","0.4476057128522921","0.5158963585434174","0.12381271033259854","0.10583277284116281","0.32456181658352196","0.1798561769629499","0.30496603637223746","0.5555555555555556","0.6769963510649543","0.724074074074074","0.22378886253688332","0.4733613300304988","0.7026350515133495","0.6837180422150277","0.5419897984812567","0.4858589701915458"
"a3","0.14444444444444443","0.45168592707247496","0.5158963585434174","0.13045318663894082","0.10583277284116281","0.32456181658352196","0.170600612010648","0.29148766675125454","0.0","0.0","0.0","0.0","0.0","0.0","0.0","0.0","0.10213625548738342"
"a2","0.12239229024943311","0.41229373903412814","0.5503818918871897","0.18091547798213317","0.10711553475883528","0.40270407118144824","0.1906812163291097","0.2735362910744903","0.5972222222222222","0.7083131474252036","0.6777777777777777","0.23322105093062176","0.5161706830604227","0.7350033091383393","0.875593734968735","0.6107150309057339","0.44828968133421804"
"Antecedent","1.0","0.9860896635111783","1.0","0.4913269600619853","1.0","1.0","1.0","0.9999999999999947","1.0","0.8832162807399176","1.0","0.39036828126335715","1.0","1.0","1.0","1.0","1.0"
"a4","0.31349206349206343","0.5966042329024261","0.6921537845907595","0.224640653580692","0.2540676154426182","0.5224917753535604","0.47045931493686177","0.533845279173129","0.3055555555555555","0.5594053038040551","0.5111111111111111","0.11667569132023603","0.114511429452315","0.31359054181810603","0.3641047241510205","0.27028453897595583","0.4188040595208028"
