"Similarity Measures","noun_path","noun_lch","noun_wup","noun_res","noun_jcn","noun_lin","noun_lesk","noun_vector","verb_path","verb_lch","verb_wup","verb_res","verb_jcn","verb_lin","verb_lesk","verb_vector","word2vec"
"Antecedent","0.3938888888888889","0.6698308498779575","0.7980698299920268","0.2977100098722731","0.36444673471096645","0.6156605559661747","0.5837676506344632","0.4777890117663849","0.41666666666666663","0.6403580480380207","0.6041666666666666","0.2192006130950172","0.2758192824150423","0.6565700778291614","0.703633090160868","0.47406994016031856","0.5351697724363693"
"a3","0.24304232804232806","0.5743630228006914","0.716530787753698","0.22097674325017438","0.169854156865963","0.5117148183029493","0.5255351041973224","0.3425568221202616","0.5416666666666666","0.687333242578395","0.625","0.18104372330751795","0.3889330872189507","0.6432465973305648","0.5190815028592808","0.5163905454745867","0.43305814761567163"
"a2","0.14473378473378473","0.44101236888288486","0.4884145747613239","0.10336304157146699","0.08359474086223871","0.22465241300623132","0.3061789657096315","0.10932708212027988","0.49999999999999994","0.6598545153081949","0.625","0.16208641769838839","0.35075943697334105","0.5727419664304028","0.4408708664021165","0.4771539131941445","0.3675884295015109"
"a4","0.3950793650793651","0.668864471245234","0.7850193814899696","0.3216535125177231","0.384332812671474","0.6532774788228114","0.6569537603221557","0.49798180012703847","0.5416666666666666","0.6873332425783949","0.7694444444444444","0.27735984710689765","0.6220267639327821","0.806943481608295","0.57455706202234","0.585653714477838","0.3995678820399984"
