Similarity Measures,noun_path,noun_lch,noun_wup,noun_res,noun_jcn,noun_lin,noun_lesk,noun_vector,verb_path,verb_lch,verb_wup,verb_res,verb_jcn,verb_lin,verb_lesk,verb_vector,word2vec,Average
Antecedent,0.5333333333333334,0.7386257479012223,0.8550226244343891,0.31102432675352215,0.47843095328269936,0.7048998190928373,0.6131601832645599,0.5474232589473486,0.6666666666666666,0.7343084371187691,0.8333333333333333,0.26295207832488104,0.6001312197165898,0.8582438139224815,0.6267120181405895,0.7458204962920976,0.5326250931024205,0.62604196491927888
a3,0.12707070707070706,0.41783224901988036,0.5053280053280054,0.1431638252954685,0.12016030225267156,0.3606015513635566,0.24363064733508946,0.15667883568563812,0.0,0.0,0.0,0.0,0.0,0.0,0.0,0.0,0.1311548867676927,0.12974241235992409
a2,0.3619047619047619,0.6267391050151752,0.7533333333333333,0.28279111663226003,0.29829367805403295,0.5823000059312736,0.4864037276992893,0.37430758132122277,0.6666666666666666,0.7343084371187691,0.75,0.10483119740413069,0.5439786552818306,0.5,0.6229166666666665,0.6367080936532635,0.4082507668371028,0.51374904667763399
a4,0.39,0.6669645025444861,0.8224510551741673,0.2704475247395253,0.3240809024663155,0.6261480259759126,0.48827602582339685,0.3895542461193976,0.6666666666666666,0.7343084371187691,0.75,0.19010152451179674,0.5469963274815046,0.6950561581335284,0.6229166666666665,0.6367080936532635,0.33378079760956464,0.53849746792264486
