Similarity Measures,noun_path,noun_lch,noun_wup,noun_res,noun_jcn,noun_lin,noun_lesk,noun_vector,verb_path,verb_lch,verb_wup,verb_res,verb_jcn,verb_lin,verb_lesk,verb_vector,word2vec,Average
Antecedent,0.5111111111111111,0.741387069142287,0.8571428571428572,0.33549965610043686,0.42195387759259,0.7037098386181716,0.859494132410799,0.5964394003169717,0.7738095238095237,0.7639821219746462,0.8598484848484849,0.2167282621141612,0.7268268294017183,0.8080167074351084,0.8673791486291487,0.858982401614275,0.5283795107976711,0.67239358429764495
a3,0.45555555555555555,0.6787534764217882,0.7936507936507936,0.3311518685250581,0.4468954163287518,0.7252654408319595,0.603914835164835,0.701084254619993,0.746031746031746,0.7456629704611796,0.7916666666666666,0.13977492987217424,0.692740610631518,0.6666666666666666,0.7699085005903189,0.7714408720137799,0.5308663570849785,0.62300182124222137
a2,0.5277777777777778,0.7615505823227483,0.8754578754578755,0.34562070739286566,0.45878464002264097,0.7557484442120886,0.859494132410799,0.5822390025877876,0.746031746031746,0.7456629704611796,0.7916666666666666,0.13977492987217424,0.692740610631518,0.6666666666666666,0.7571293290043289,0.7714408720137799,0.5188171054613957,0.64685906229376688
a4,0.17857142857142858,0.5091530284500927,0.6868686868686869,0.22594864940486362,0.1941075811838182,0.5320331146551555,0.415544322208782,0.3111228892784057,0.746031746031746,0.7456629704611796,0.7916666666666666,0.2062122749268256,0.6991113946076748,0.8074042548041565,0.8617424242424242,0.788756556923302,0.37293979680968875,0.53369869329969988
