Similarity Measures,noun_path,noun_lch,noun_wup,noun_res,noun_jcn,noun_lin,noun_lesk,noun_vector,verb_path,verb_lch,verb_wup,verb_res,verb_jcn,verb_lin,verb_lesk,verb_vector,word2vec,Average
Antecedent,0.3833333333333333,0.6146619395730132,0.7123076923076923,0.3115052575308203,0.34250363725424493,0.5939044216880366,0.39756284339383346,0.4011491877335815,0.47916666666666663,0.6403580480380207,0.837719298245614,0.21007815104465244,0.42827098114355594,0.713432133939425,0.5105582548764367,0.5933168801260494,0.4269275102732133,0.50569154336283473
a3,0.3833333333333333,0.6146619395730132,0.7289743589743589,0.3115052575308203,0.34250363725424493,0.6014797862837322,0.40429689807271446,0.45519532325493495,0.47916666666666663,0.6403580480380207,0.837719298245614,0.21007815104465244,0.42827098114355594,0.713432133939425,0.5105582548764367,0.5933168801260494,0.4269275102732133,0.51069285050769331
a2,1.0,0.9860896635111784,1.0,0.5669750429289775,1.0,1.0,1.0,0.9999999999999984,1.0,0.8832162807399176,1.0,0.28122741875005175,1.0,1.0,1.0,1.0,1.0,0.92455931799588953
