Similarity Measures,noun_path,noun_lch,noun_wup,noun_res,noun_jcn,noun_lin,noun_lesk,noun_vector,verb_path,verb_lch,verb_wup,verb_res,verb_jcn,verb_lin,verb_lesk,verb_vector,word2vec,Average
Antecedent,0.17777777777777778,0.5168479879538568,0.7178362573099415,0.2633429338076286,0.12721713155143183,0.5663007755047677,0.378821409782812,0.3550283631796374,0.75,0.7892658916591693,0.8333333333333333,0.1688375026496221,0.6515177657256056,0.8037658238096219,1.0,0.8767894184851945,0.45815117761631713,0.55499020883215988
a3,0.1638888888888889,0.4908526982602914,0.6666666666666666,0.2657907290117018,0.13695469132156524,0.590957192139178,0.3403167588584257,0.41014043139941236,0.29166666666666663,0.5464076589572724,0.45,0.0,0.11395563416990226,0.0,0.205348324514991,0.256718209753329,0.3955882294862633,0.31325016353497376
a2,0.15,0.4648574085667259,0.5851851851851851,0.21917061208061794,0.12477121161266702,0.49987359104184353,0.33992275922714726,0.4230400867406847,0.75,0.7892658916591693,0.8333333333333333,0.1688375026496221,0.6515177657256056,0.8037658238096219,1.0,0.8767894184851945,0.46899112000075577,0.53819539471283373
a4,0.3,0.6325946735477616,0.805046805046805,0.2802876667941267,0.19757380649916892,0.6670759147036381,0.3403167588584257,0.4286510242649233,0.29166666666666663,0.5464076589572724,0.45,0.0,0.11395563416990226,0.0,0.205348324514991,0.256718209753329,0.3955882294862633,0.34771949254489837
