"Similarity Measures","noun_path","noun_lch","noun_wup","noun_res","noun_jcn","noun_lin","noun_lesk","noun_vector","verb_path","verb_lch","verb_wup","verb_res","verb_jcn","verb_lin","verb_lesk","verb_vector","word2vec"
"Antecedent","0.4375","0.6962562362689073","0.8145833333333333","0.33250320921750043","0.4295210943154762","0.7384379527852901","0.6072032146191809","0.49679925882651277","0.7777777777777778","0.7839443849924853","0.9629629629629629","0.2825487333740665","0.7699667747288131","0.9280933640104957","0.7800925925925927","0.839713269803672","0.5415556461390658"
"a3","0.2125","0.5481902777624649","0.6240530303030303","0.13654464123654603","0.14062077208494989","0.40373319389933365","0.47365079551978173","0.292196909499788","0.3444444444444444","0.5758800936505273","0.7566137566137566","0.24710838663745607","0.4591645287748591","0.7762457530181242","0.5995370370370371","0.5099122499019523","0.3132999670965641"
"a2","0.16458333333333333","0.49323282322206463","0.6342383107088989","0.1861840430069271","0.10182379432399781","0.4125875589566339","0.49174940688514795","0.309712490447532","0.7777777777777778","0.7839443849924853","0.9629629629629629","0.27478100034504827","0.7699667747288131","0.9280933640104957","0.7800925925925927","0.839713269803672","0.48473945835436694"
"a4","0.17094155844155845","0.4886827335721942","0.5732600732600732","0.15209578601179133","0.08792050290405667","0.33714574720321233","0.3547588828134955","0.2904259814034512","0.75","0.7579490952989199","0.923076923076923","0.293313448862804","0.708668735459974","0.8808981833560846","0.762962962962963","0.7721324000109453","0.4711874965410474"
