Similarity Measures,noun_path,noun_lch,noun_wup,noun_res,noun_jcn,noun_lin,noun_lesk,noun_vector,verb_path,verb_lch,verb_wup,verb_res,verb_jcn,verb_lin,verb_lesk,verb_vector,word2vec,Average
a1,0.5527777777777778,0.6811336013835614,0.7492260061919505,0.4211754092835871,0.5384514308386695,0.6612215998586091,0.621491741283408,0.5492720998552845,0.5555555555555555,0.684672489245053,0.6666666666666666,0.17256670806539265,0.512149004142677,0.7299149382632727,0.5830868205868207,0.6105753285063696,0.5540679145339226,0.57905912306109286
a3,0.6041666666666667,0.7707101580794815,0.8333333333333333,0.46188139963731084,0.577327967845382,0.795958940296454,0.6635141148534005,0.669044234806172,0.5555555555555555,0.684672489245053,0.6904761904761904,0.20168797118980777,0.512149004142677,0.7299149382632727,0.59130658436214,0.6982310972010329,0.42326069682369644,0.61548184369280157
a2,0.16964285714285715,0.49651114360783116,0.6333333333333333,0.17498926951299443,0.09611564494543093,0.3357220269884921,0.2114131439695735,0.20374588274004374,0.611111111111111,0.7213107922719862,0.8222222222222223,0.2426127493274004,0.5379442512538267,0.8226249296579948,1.0,0.9152228508827207,0.3821411008276116,0.49274490057620179
Antecedent,1.0,0.9860896635111784,1.0,0.5688210257557861,1.0,1.0,1.0,1.0,1.0,0.8832162807399176,1.0,0.29552080501259653,1.0,1.0,1.0,1.0,1.0,0.92550869264820468
a4,0.5669642857142857,0.7132880362825229,0.7426470588235294,0.41236900647551816,0.5453777155673085,0.6664960496166384,0.6200175918235513,0.6034920563116055,0.5555555555555555,0.684672489245053,0.6904761904761904,0.20168797118980777,0.512149004142677,0.7299149382632727,0.59130658436214,0.6982310972010329,0.4263348814562698,0.58594003014746832
