Similarity Measures,noun_path,noun_lch,noun_wup,noun_res,noun_jcn,noun_lin,noun_lesk,noun_vector,verb_path,verb_lch,verb_wup,verb_res,verb_jcn,verb_lin,verb_lesk,verb_vector,word2vec,Average
Antecedent,0.1732142857142857,0.4951419883503344,0.6016214177978884,0.11828997273630418,0.08495393894465145,0.27857354975760606,0.21760948593342927,0.28623215259795426,0.7066666666666668,0.7363947241185829,0.7666666666666666,0.12579743688495681,0.6451707870737796,0.6,0.8270387205387204,0.7477779334746254,0.5009711283692123,0.4654188738603332
a3,0.1768939393939394,0.49912966082877874,0.4984848484848485,0.09909605277402089,0.12602743943965064,0.3052551477912622,0.12785082910341722,0.1824766291903255,0.30666666666666664,0.5577053117732046,0.4666666666666666,0.11815138283114893,0.28725483309178185,0.4599767942668496,0.3310625855625856,0.4228013312413288,0.4949882213094137,0.32120519649505236
a2,0.0,0.0,0.0,0.0,0.0,0.0,0.0,0.0,0.30666666666666664,0.5577053117732046,0.4666666666666666,0.08419594185808713,0.25269413153338005,0.38839650736093295,0.476473063973064,0.3934409826663748,0.37956830585310125,0.19445926931479285
a4,0.16647727272727272,0.4796331935586046,0.5443278943278944,0.1213162706732903,0.0930655974988416,0.28470164556664773,0.194966210119639,0.15622129785872751,0.7066666666666668,0.7363947241185829,0.7666666666666666,0.12579743688495681,0.6451707870737796,0.6,0.732148148148148,0.7477779334746254,0.4643739330448941,0.44504151049466101
