"Similarity Measures","noun_path","noun_lch","noun_wup","noun_res","noun_jcn","noun_lin","noun_lesk","noun_vector","verb_path","verb_lch","verb_wup","verb_res","verb_jcn","verb_lin","verb_lesk","verb_vector","word2vec"
"a1","0.28348214285714285","0.5735947862896795","0.6667540792540791","0.19866608133499136","0.22084153109934926","0.49070239818937234","0.2842672984013669","0.2731728083648773","0.3611111111111111","0.5960436068309886","0.5222222222222223","0.15500953274786708","0.21934159952623875","0.5355171143758768","0.6062047029776217","0.5307989823132621","0.2800403960634622"
"a3","0.18050595238095238","0.5138348106783402","0.625982350982351","0.18006273179973467","0.08822732377158704","0.3826301585205281","0.2024220933780809","0.22841612565197086","0.4166666666666667","0.632681909857922","0.6962962962962963","0.23384013591167538","0.5766574426135649","0.7097397973173233","0.8378086419753087","0.5618693853900806","0.378247646095523"
"a2","0.12132936507936506","0.4099852503405382","0.3908799533799533","0.0722928038251688","0.07903611303938088","0.1734498743170821","0.22054551967800665","0.08686892150346799","0.3611111111111111","0.5960436068309886","0.5857142857142857","0.19689098555098714","0.3196975080213221","0.5753390443194185","0.775678045036873","0.33334444440485966","0.4479782754095968"
"Antecedent","1.0","0.9860896635111783","1.0","0.5258889745503471","1.0","1.0","1.0","0.9999999999999999","1.0","0.8832162807399176","1.0","0.44353268415952796","1.0","1.0","1.0","1.0","1.0"
"a4","0.08296911421911421","0.31046854684939373","0.1792010073260073","0.008082029064619264","0.04633173740683288","0.015275710885521133","0.050247551728051065","0.09764888333381018","0.0","0.0","0.0","0.0","0.0","0.0","0.0","0.0","0.13167587655307228"
