"Similarity Measures","noun_path","noun_lch","noun_wup","noun_res","noun_jcn","noun_lin","noun_lesk","noun_vector","verb_path","verb_lch","verb_wup","verb_res","verb_jcn","verb_lin","verb_lesk","verb_vector","word2vec"
"a1","0.5714285714285714","0.7223375762961125","0.8125","0.2891799638639541","0.5718864007611864","0.7914784683986307","0.59262358012358","0.5665546343719655","0.45","0.6293665571299407","0.6729181929181929","0.17286956862118769","0.3678268553142428","0.5728581229056507","0.5003255942798426","0.5546183370134355","0.5303763339184911"
"a3","0.18333333333333335","0.5250853828770929","0.6648351648351649","0.176586918429066","0.13361120953751754","0.43747440446728475","0.297066342246808","0.300223597397524","0.5833333333333333","0.6889296945784001","0.7173626373626374","0.22570394945068895","0.5138550377202632","0.7453035834433321","0.6369110235003091","0.7243246177246638","0.42987299937986634"
"a2","0.225","0.5800428374174932","0.717948717948718","0.20645908118376533","0.1305325184987156","0.514452239458788","0.283160791962381","0.3218042076715205","0.45","0.6293665571299407","0.58","0.18775656759087256","0.367237938547582","0.6503379542316469","0.5299665790558648","0.5561244689202469","0.45258541821396353"
"Antecedent","1.0","0.9860896635111784","1.0","0.49707556112556406","1.0","1.0","1.0","1.0","1.0","0.8832162807399178","1.0","0.3913194511410403","1.0","1.0","1.0","1.0","1.0"
