Similarity Measures,noun_path,noun_lch,noun_wup,noun_res,noun_jcn,noun_lin,noun_lesk,noun_vector,verb_path,verb_lch,verb_wup,verb_res,verb_jcn,verb_lin,verb_lesk,verb_vector,word2vec,Average
Antecedent,0.32936507936507936,0.6358176011340855,0.7685041537982714,0.29795916487680196,0.33347391797613923,0.614731892101006,0.6306962027006793,0.4663002421549905,0.4976190476190476,0.6354873931034116,0.6820728291316527,0.20910189496115336,0.5117081711176528,0.7144388382941085,0.701440417436816,0.6027573167510323,0.4971250135928421,0.53697642212439833
a3,0.24464285714285713,0.5474438536432312,0.696592584402182,0.25244146119024946,0.19812158558122264,0.47844212044470097,0.44944808949932974,0.421985239904578,0.588095238095238,0.6821127055010656,0.738095238095238,0.2382874234646683,0.6144829872847088,0.8373018590285914,0.7536970776766695,0.634976058125391,0.5093654791460867,0.52267834460152995
a2,0.1299200799200799,0.3980880552605315,0.4297716289031293,0.10599656926737427,0.10314378198179712,0.24290525149197392,0.26316004750067606,0.23880598451432336,0.0,0.0,0.0,0.0,0.0,0.0,0.0,0.0,0.09755255977330811,0.11819670344783492
a4,0.24953703703703703,0.5765656924178036,0.7388898868539466,0.23302242400540432,0.23396136153157734,0.5436338349450952,0.4397871908343505,0.3281504301639604,0.5880952380952381,0.6821127055010655,0.75,0.2643088170350979,0.6930857967873093,0.8722401872512853,0.6864486703772419,0.6479107610057327,0.5042372307665928,0.53129336850639641
