Similarity Measures,noun_path,noun_lch,noun_wup,noun_res,noun_jcn,noun_lin,noun_lesk,noun_vector,verb_path,verb_lch,verb_wup,verb_res,verb_jcn,verb_lin,verb_lesk,verb_vector,word2vec,Average
Antecedent,0.3333333333333333,0.6882739762688813,0.8285714285714285,0.3218780245833023,0.3553332534483671,0.8141629508397246,0.6853430134680135,0.3398439031871635,0.3,0.5297212907765007,0.49898989898989904,0.1921707717018386,0.38996101332515737,0.5847571070200254,0.6746031746031748,0.48869640164960965,0.43861642584198374,0.49789740985931785
a3,0.19642857142857142,0.5344367981346158,0.6190476190476191,0.15737254529856753,0.09319597482894958,0.32495081470659337,0.35148449957919903,0.31548972135292297,0.4666666666666666,0.5923548834969996,0.6383442265795206,0.18169490468571248,0.4185942111342715,0.6404158103405476,0.4553442589156873,0.5222832520559374,0.3108969328305437,0.40111774653428978
a2,0.18333333333333335,0.5250853828770929,0.6666666666666666,0.20615950384368167,0.12654638274255153,0.5032692748549894,0.381864136793176,0.3355157169931,0.26111111111111107,0.5132465009300284,0.41111111111111115,0.1637111770618035,0.2117216814655342,0.5150157254830637,0.584832451499118,0.5263821385062794,0.3964670483080873,0.38306113785768992
a4,0.1388888888888889,0.44541574356698443,0.5357142857142857,0.15737254529856753,0.11688309978456804,0.3823272017479603,0.47916296057743446,0.2640921148523995,0.0,0.0,0.0,0.0,0.0,0.0,0.0,0.0,0.10435120503939345,0.15436517914532247
