"Similarity Measures","noun_path","noun_lch","noun_wup","noun_res","noun_jcn","noun_lin","noun_lesk","noun_vector","verb_path","verb_lch","verb_wup","verb_res","verb_jcn","verb_lin","verb_lesk","verb_vector","word2vec"
"Antecedent","0.2335034013605442","0.5754135075240956","0.699134199134199","0.25562637245607833","0.22562144274781434","0.5922900596826707","0.5772297296826089","0.2620504440418837","0.11575091575091576","0.2879466421758708","0.2601113172541744","0.08431291704707992","0.10819101309850558","0.20848189798034253","0.14573733529898872","0.14219174860114228","0.38953150794369346"
"a3","0.24047619047619045","0.5955044286819772","0.7576958988723694","0.24514093660115258","0.1584795826167002","0.5526829283958876","0.4262985978357553","0.2953655841640909","0.25357142857142856","0.490131713119386","0.39365079365079364","0.029394770043637133","0.07762660738118647","0.08299702159986991","0.2434828869341077","0.10886652374888663","0.4349586466501439"
"a2","0.23095238095238096","0.5859444716707303","0.7545581844564594","0.2333337985465349","0.18063037272360233","0.5404663559033132","0.38568334953615285","0.31809241028535934","0.5442176870748299","0.6690824085631005","0.7044217687074831","0.24681586136902592","0.5619187004717302","0.7043355176132255","0.7007612682205073","0.6073664654658126","0.44013642677576664"
"a4","0.3904761904761905","0.6846748392571022","0.7888766842769497","0.29108674774258975","0.33032930131732824","0.6158122331898346","0.5158047992661147","0.40659803354224655","0.30612244897959184","0.5460084054592738","0.520355834641549","0.14923367813961055","0.1593316357517432","0.40706301970424913","0.5779551882797668","0.4322775508340212","0.4588583475531391"
