Similarity Measures,noun_path,noun_lch,noun_wup,noun_res,noun_jcn,noun_lin,noun_lesk,noun_vector,verb_path,verb_lch,verb_wup,verb_res,verb_jcn,verb_lin,verb_lesk,verb_vector,word2vec,Average
a1,0.13640873015873017,0.4429510763104259,0.49423076923076925,0.1360757568043566,0.09409316999914422,0.3337613172062837,0.18019104737854727,0.11675299240619776,0.5277777777777778,0.6586771995514874,0.6333333333333333,0.06988746493608712,0.40015731991222764,0.3333333333333333,0.560512046875683,0.49810520649559425,0.33228243107116406,0.34991358663418487
a3,0.18154761904761904,0.5174049981210002,0.6350961538461539,0.22685211358963314,0.1304769201376818,0.5317928716269906,0.1888043752083265,0.22161128822356801,0.38888888888888884,0.6220388965245539,0.611111111111111,0.263870714326563,0.2249947449681794,0.677195922384329,0.7644500561167226,0.659240995706462,0.34970099098633484,0.42323992122435988
a2,0.41666666666666663,0.6687775089987072,0.7788461538461539,0.31715140791942054,0.35209137984740346,0.6718213389433715,0.638963417534846,0.43794550098297247,0.5277777777777778,0.6586771995514874,0.6333333333333333,0.06988746493608712,0.40015731991222764,0.3333333333333333,0.5686469675106037,0.49810520649559425,0.440256694771586,0.49484933366832778
Antecedent,1.0,0.9860896635111784,1.0,0.4942151010283634,1.0,1.0,1.0,1.0,1.0,0.8832162807399176,1.0,0.389837940553633,1.0,1.0,1.0,1.0,1.0,0.92666817563724069
a4,0.2583333333333333,0.5871832123028131,0.7378739316239316,0.24767634508170827,0.16940540345649982,0.5686148942535443,0.43737338137009174,0.4042900209095672,0.3333333333333333,0.570048317137423,0.5333333333333333,0.11640346025792546,0.2674668896900116,0.2989205187148492,0.7416666666666667,0.311035686270731,0.4742707485826869,0.41513114566579118
