Similarity Measures,noun_path,noun_lch,noun_wup,noun_res,noun_jcn,noun_lin,noun_lesk,noun_vector,verb_path,verb_lch,verb_wup,verb_res,verb_jcn,verb_lin,verb_lesk,verb_vector,word2vec,Average
Antecedent,0.35357142857142854,0.6111419311990358,0.7052901484480432,0.2984306329987119,0.2632860569319258,0.4500970493825019,0.5373494730925931,0.5093715922215628,0.375,0.6013651134976725,0.5576923076923077,0.20541745105151676,0.356691298983209,0.6913984646370162,0.6146396396396395,0.40203667528307896,0.49082460144733137,0.47197669794573971
a3,0.36380952380952375,0.6282664371177908,0.745,0.3087900679997658,0.2733413172740787,0.5077519335002496,0.5375190165067936,0.6036011339177357,0.625,0.6953155025784209,0.7857142857142857,0.21760482807692744,0.563958147667743,0.7086725005143462,0.657182607632094,0.684159039648446,0.5360994045619067,0.55539916156000635
a2,0.5733333333333334,0.7797049694413841,0.8428571428571429,0.4585477482382482,0.4791593196921431,0.6132588489061466,0.7012872229859409,0.5909060733032334,0.625,0.6953155025784209,0.7222222222222222,0.23589859802701063,0.563958147667743,0.7318356982188354,0.6273325163398695,0.684159039648446,0.561187530266854,0.6168214066898221
a4,0.10898268398268399,0.3731129557598221,0.31052790346908,0.07715574831607463,0.040571578100711526,0.11981581683231417,0.2578725325376923,0.3149906452593093,0.29166666666666663,0.5464076589572724,0.4807692307692308,0.1723126346440415,0.1530246458823919,0.5079005265021836,0.1832496106952625,0.3149030696565355,0.37205102995904216,0.27207734929354793
