"Similarity Measures","noun_path","noun_lch","noun_wup","noun_res","noun_jcn","noun_lin","noun_lesk","noun_vector","verb_path","verb_lch","verb_wup","verb_res","verb_jcn","verb_lin","verb_lesk","verb_vector","word2vec"
"Antecedent","0.4259259259259259","0.6256403835483825","0.6549707602339181","0.23752456916186784","0.38777306339196455","0.45810391023590036","0.469479914152196","0.49562404826106965","0.29166666666666663","0.5464076589572724","0.45","0.1705406542153321","0.21724140733908626","0.5626258564046647","0.47188720527229855","0.38232910494452654","0.5263129243447321"
"a3","0.18095238095238098","0.5193935414582165","0.5777777777777778","0.15733585199552272","0.10089830261789888","0.3301625754029783","0.45104985035314166","0.254396108947014","0.29166666666666663","0.5464076589572724","0.45","0.1874196768699683","0.15063690972921312","0.45739292719514807","0.5389114853400565","0.38232910494452654","0.3770093494386561"
"a2","0.16666666666666666","0.4850209217471871","0.6373626373626374","0.16285936953358382","0.11172031049955798","0.3667096112564329","0.17127938736237866","0.1776389321429995","0.29166666666666663","0.5464076589572724","0.45","0.1705406542153321","0.21144601406619676","0.5626258564046647","0.3756029684601115","0.3669530549925425","0.5975519750914806"
"a4","0.19444444444444442","0.5370115011343181","0.6774628879892038","0.1798613711679067","0.12798648341680177","0.42229510342911863","0.30074951418281465","0.3097018666151954","0.29166666666666663","0.5464076589572724","0.575","0.21308298673505058","0.22243328048462768","0.5903151201505329","0.537038567113755","0.3982107659719035","0.46553651385170725"
