Similarity Measures,noun_path,noun_lch,noun_wup,noun_res,noun_jcn,noun_lin,noun_lesk,noun_vector,verb_path,verb_lch,verb_wup,verb_res,verb_jcn,verb_lin,verb_lesk,verb_vector,word2vec,Average
a1,0.4799603174603175,0.7308701743385887,0.8441330891330892,0.2942934643829474,0.40835475024165696,0.7036952232301935,0.6544830895321091,0.5134673294195994,0.5595238095238095,0.6907542111498346,0.719047619047619,0.18067801975608094,0.47189807925878735,0.6508708937177021,0.8065906882233413,0.6427524000904564,0.5021654415063559,0.57961991764779353
a3,0.23366402116402119,0.5054089123166612,0.6357275541795665,0.18288878742430303,0.17221316944516785,0.3865690944807005,0.4292570063457221,0.3432711502817753,0.3095238095238095,0.5631189166174215,0.4809523809523809,0.047917474178410864,0.11617970624298977,0.16910681910743636,0.12174111148825932,0.21819560669370386,0.47154382134096273,0.31689878481078193
a2,0.2819444444444445,0.631778281881414,0.7868753142282553,0.2772062360053077,0.1883070883243241,0.6405097729566392,0.5660287126704708,0.4012412216112471,0.619047619047619,0.7064563410185204,0.7476190476190476,0.22124765651086423,0.6435081719055816,0.7778395293025423,0.7201775383830401,0.6578852077400027,0.528102658138976,0.55269263775225286
Antecedent,1.0,0.9860896635111783,1.0,0.4678300337647395,1.0,1.0,1.0,1.0,1.0,0.8832162807399176,1.0,0.4355486268186156,1.0,1.0,1.0,1.0,1.0,0.92780497675496765
a4,0.19871031746031742,0.5219894913302832,0.6538529014844805,0.22261215250631014,0.13543835434143456,0.4993781997717586,0.3974074528929828,0.39488340088243606,0.5357142857142857,0.6750520812811488,0.6523809523809524,0.19166713162784252,0.5891084413925672,0.7555446750352797,0.6481165722662323,0.6069051257748121,0.3285528751089888,0.47101849477953611
