Similarity Measures,noun_path,noun_lch,noun_wup,noun_res,noun_jcn,noun_lin,noun_lesk,noun_vector,verb_path,verb_lch,verb_wup,verb_res,verb_jcn,verb_lin,verb_lesk,verb_vector,word2vec,Average
a1,0.1865079365079365,0.5230822647922053,0.6558857808857809,0.16709176114034188,0.10073744738592887,0.3612417502752572,0.27414275753218703,0.24309335706846869,0.47222222222222227,0.6533556928848036,0.7156084656084656,0.21333061637645578,0.5390118571306891,0.7709627834573575,0.6372080004841444,0.6155814153934417,0.2698655583446636,0.43523115691119707
a3,0.0,0.0,0.0,0.0,0.0,0.0,0.0,0.0,0.6944444444444445,0.7526275886322359,0.7896825396825395,0.2190209672803984,0.7804305399834174,0.8964812651332797,0.7749772192827749,0.8017571566397094,0.3647038109078251,0.35730150188156617
a2,0.48333333333333334,0.7153917794487216,0.8278388278388279,0.27205498652244137,0.40825059228376354,0.6182743711075984,0.5231160062811203,0.674598944503245,0.8055555555555555,0.8022635365059521,0.9107142857142857,0.26931671080001474,0.8774218596701074,0.9353766000591549,1.0,0.9197855117167227,0.5717256850753287,0.68323638743624548
Antecedent,1.0,0.9860896635111785,1.0,0.5340190736602385,1.0,1.0,1.0,0.9999999999999977,1.0,0.8832162807399176,1.0,0.4254110307041998,1.0,1.0,1.0,1.0,1.0,0.93110212050679608
a4,0.18888888888888888,0.5333227778003291,0.7059314954051796,0.2328852962902305,0.10332078506596311,0.47897289191176623,0.38790387978178237,0.22880754529963934,0.5833333333333334,0.7029916407585196,0.7615440115440114,0.21450226035221567,0.6398623693805897,0.8199535243073722,0.8137992590198473,0.7597189402980096,0.458916652203519,0.50674444421418807
