Similarity Measures,noun_path,noun_lch,noun_wup,noun_res,noun_jcn,noun_lin,noun_lesk,noun_vector,verb_path,verb_lch,verb_wup,verb_res,verb_jcn,verb_lin,verb_lesk,verb_vector,word2vec,Average
Antecedent,0.4333333333333333,0.7166427660850623,0.8193006993006993,0.40689993208540864,0.35211906829518314,0.6822208336508929,0.7447498260401486,0.49006051790140237,0.7416666666666667,0.7478673387086893,0.8594771241830065,0.2382889793226404,0.7192927066908618,0.847603210538249,0.7919630138380138,0.7818290708027638,0.5565321055694217,0.64293218782426143
a3,0.2952380952380952,0.6331249130151959,0.7632900432900434,0.24549258312399336,0.3144337481422354,0.5436977686173518,0.5782453232295628,0.3441330524560662,0.5750000000000001,0.6852337459881902,0.7428104575163399,0.18848946534768016,0.6339842668442972,0.7348867976728334,0.7347887022165868,0.6649954307139067,0.4391935434607514,0.5362963492278312
a2,0.14594017094017095,0.4208732350401599,0.4294993894993895,0.10460211916220419,0.05361361262518127,0.1005392962709523,0.3370037633760548,0.3239375478927314,0.5111111111111112,0.6385136863710262,0.611111111111111,0.1583960819449927,0.48495801128675153,0.6129753969308208,0.5536216676841679,0.5650386010526733,0.1863735391650333,0.36694754949791369
a4,0.21023809523809525,0.5458664938423204,0.6561904761904762,0.15686571062593302,0.10224720354827226,0.3030683957888082,0.4420581299441004,0.24852426707280642,0.6305555555555555,0.698231390834973,0.7616959064327485,0.1844526663932666,0.6150386759037153,0.7176276755187825,0.6914065906811443,0.6737983092653641,0.4047707928767249,0.4730962550419463
