"Similarity Measures","noun_path","noun_lch","noun_wup","noun_res","noun_jcn","noun_lin","noun_lesk","noun_vector","verb_path","verb_lch","verb_wup","verb_res","verb_jcn","verb_lin","verb_lesk","verb_vector","word2vec"
"Antecedent","0.31418650793650793","0.5940458361239885","0.6407967032967034","0.24825515567304285","0.35018851334988865","0.5441830601986078","0.46784488858131157","0.3997444544870616","0.6428571428571427","0.7287380178987194","0.8484126984126983","0.2382562910617095","0.7058911270837467","0.8030751174401866","0.8075996372049004","0.7152178870127771","0.34989533062634"
"a3","0.22847222222222222","0.5623123437823802","0.7138711641142992","0.20765964434574427","0.16555456013688227","0.4581813749374346","0.48950127677183236","0.21723518386438526","0.5952380952380951","0.7175971794586199","0.8082633053221289","0.2181782081791452","0.636728813616004","0.7690694142960928","0.8127403061460352","0.618397974423271","0.3924335555417113"
"a2","0.1574404761904762","0.47426999595867236","0.6284238637179813","0.21729490439931787","0.11065333640395757","0.4197749117753457","0.25607158437769173","0.19468432948354356","0.5238095238095238","0.6704907898525626","0.7299319727891156","0.18674301943953348","0.4719165919198916","0.6618682483841374","0.49802375633902257","0.6025531102878133","0.46735524951036567"
