"Similarity Measures","noun_path","noun_lch","noun_wup","noun_res","noun_jcn","noun_lin","noun_lesk","noun_vector","verb_path","verb_lch","verb_wup","verb_res","verb_jcn","verb_lin","verb_lesk","verb_vector","word2vec"
"Antecedent","0.2638095238095238","0.5906862814854915","0.7138943615723801","0.23531334283355593","0.15316605571253739","0.5129803544271936","0.573819549022312","0.3386449976271186","0.6666666666666666","0.7343084371187691","0.75","0.18965208048071136","0.638347391569979","0.8178816827910539","0.6807032850052636","0.700474038769077","0.40758591121014076"
"a3","0.37857142857142856","0.6487220868313353","0.7614652014652015","0.3093551988079218","0.29743857968722487","0.626748870968896","0.6165109309136402","0.42636495572703054","0.6666666666666666","0.7343084371187691","0.75","0.18965208048071136","0.638347391569979","0.8178816827910539","0.7406415343915346","0.7007302704910598","0.39465223627381474"
"a2","0.3352380952380952","0.5990438232907591","0.7326007326007326","0.31190271771335565","0.2907144898007764","0.611002361249774","0.4067259309847991","0.3996551882202558","0.6944444444444445","0.7526275886322358","0.8194444444444443","0.22500548004831503","0.638347391569979","0.8422527999606807","0.7735119047619049","0.6998599507546063","0.30630952184403804"
"a4","0.2519047619047619","0.5990438232907591","0.7307177033492824","0.2339933296854138","0.13398794513686985","0.5096977880672238","0.49271813866478464","0.43848575975209","0.3194444444444444","0.5724029486508379","0.5217948717948718","0.17071190712735354","0.14069476178669998","0.4789813631292754","0.32984288899859066","0.30790235117532133","0.24190862558792978"
