Similarity Measures,noun_path,noun_lch,noun_wup,noun_res,noun_jcn,noun_lin,noun_lesk,noun_vector,verb_path,verb_lch,verb_wup,verb_res,verb_jcn,verb_lin,verb_lesk,verb_vector,word2vec,Average
Antecedent,0.2690764790764791,0.5776914788976902,0.7431197735125585,0.25633528708434333,0.20227392208115477,0.5714478860773299,0.5010759311782216,0.3849378520691576,0,0,0,0,0,0,0,0,0.4371342539507462,0.23194663905456947
a3,0.17598364598364602,0.4787452178110451,0.6057700034170621,0.1931145732119853,0.12870665157829012,0.4175367743212354,0.36466923415641717,0.2477812603088087,0,0,0,0,0,0,0,0,0.28472031085084615,0.1704133924493727
a2,0.3211399711399711,0.6097074685226107,0.7700172880668237,0.2646485974843939,0.24453624040299388,0.5647716880759038,0.49835605600957833,0.4209751083452165,0,0,0,0,0,0,0,0,0.4070442346138635,0.24124686192125622
a4,0.22018759018759015,0.48670949111969714,0.6006607651034895,0.17652435569808325,0.21727501539205496,0.3992377495911888,0.35618718956040435,0.2410110174991247,0,0,0,0,0,0,0,0,0.2652584073378097,0.17429715185232014
