Similarity Measures,noun_path,noun_lch,noun_wup,noun_res,noun_jcn,noun_lin,noun_lesk,noun_vector,verb_path,verb_lch,verb_wup,verb_res,verb_jcn,verb_lin,verb_lesk,verb_vector,word2vec,Average
a1,0.18695436507936508,0.5150671443066195,0.6589231846584787,0.2001659966161383,0.11604406457423584,0.45728305840109107,0.3941875018344061,0.2576261048231335,0.31666666666666665,0.5698034196814813,0.53,0.19310816700232852,0.3466615019114466,0.5368053169092668,0.4625509345152202,0.4096132921629348,0.42406147018498896,0.38679542290163538
a3,0.25084325396825397,0.5013277806715194,0.5394574175824176,0.19110003941445547,0.22583106300233594,0.40506685971042017,0.4478523384083449,0.2892195487206364,0.35,0.5917864014976413,0.5276190476190475,0.16402902223983135,0.14056993295083306,0.4263226935392243,0.7840536214485795,0.6361072350134931,0.2525413275395819,0.39551338725450685
a2,0.2825892857142857,0.5608100052187144,0.667526059466849,0.24481725569415447,0.24040338868434696,0.5275428801300196,0.4478523384083449,0.32578456953496027,0.31666666666666665,0.5698034196814813,0.53,0.14154254478246714,0.2784120732129935,0.407254210577944,0.364602934382346,0.3526504168121038,0.3771719328462305,0.39031941069493581
Antecedent,1.0,0.9860896635111783,1.0,0.4841235450879908,1.0,1.0,1.0,0.9999999999999981,1.0,0.8832162807399178,1.0,0.4009536214271379,1.0,1.0,1.0,0.9999999999999968,1.0,0.9267284182803659
a4,0.2606691919191919,0.5294170729306958,0.602405334603477,0.17302379582170554,0.20144929048886778,0.37824866769588594,0.38012429791327274,0.33556116042239087,0.6666666666666667,0.7484928320268596,0.7466666666666666,0.2115658597486409,0.5237070808847724,0.768600500101069,1.0,0.7064649140412843,0.49401709950868966,0.51335767243765507
