"Similarity Measures","noun_path","noun_lch","noun_wup","noun_res","noun_jcn","noun_lin","noun_lesk","noun_vector","verb_path","verb_lch","verb_wup","verb_res","verb_jcn","verb_lin","verb_lesk","verb_vector","word2vec"
"Antecedent","0.1619047619047619","0.4889895152696315","0.592436974789916","0.20000314464444166","0.11584435016247747","0.4689933177043602","0.36854994189316903","0.20540076952454397","0.6666666666666666","0.7343084371187691","0.8333333333333333","0.24168736227860285","0.6513306020920839","0.8519955191190587","1.0","0.9342729081038895","0.3777247050937651"
"a3","0.15252525252525254","0.46207684537564325","0.5225885225885225","0.1508058368439384","0.10696012499647634","0.362287344801196","0.33941995716350437","0.216329555578745","0.26666666666666666","0.5161623891865805","0.5","0.09728386015541034","0.12490184136250254","0.2868783506811094","0.35492724867724845","0.4859433711464265","0.42085623922881876"
"a2","0.13863636363636364","0.43608155568207785","0.5230158730158729","0.12930856043440148","0.07801850470490972","0.272854187718372","0.24858821334325465","0.178864068313676","0.26666666666666666","0.5161623891865805","0.41666666666666663","0.08385557981221901","0.14076952256024972","0.29078076068665265","0.5601851851851856","0.36226882711573605","0.40951068648988614"
"a4","0.0","0.0","0.0","0.0","0.0","0.0","0.0","0.0","0.0","0.0","0.0","0.0","0.0","0.0","0.0","0.0","0.28910361883459623"
