Similarity Measures,noun_path,noun_lch,noun_wup,noun_res,noun_jcn,noun_lin,noun_lesk,noun_vector,verb_path,verb_lch,verb_wup,verb_res,verb_jcn,verb_lin,verb_lesk,verb_vector,word2vec,Average
Antecedent,0.5083333333333333,0.7555875231941357,0.8745941558441559,0.3081759818162562,0.40742805884334876,0.7377389100922166,0.8219943340811502,0.5250948259656698,0.5625,0.6953155025784209,0.6944444444444444,0.20145899908256013,0.3740108202562965,0.6230890193597967,0.8035714285714285,0.6171179499285604,0.5728275867348168,0.59313428671332891
a3,0.20238095238095236,0.5369014653911742,0.7181372549019608,0.22425850557474714,0.1204033455763369,0.5006546106952479,0.4371494191581105,0.243331722120641,0.5625,0.6953155025784209,0.6833333333333332,0.13671873526134526,0.3740108202562965,0.5341284732416252,0.8035714285714285,0.6171179499285604,0.29604826141075946,0.45211539884593771
a2,0.1607142857142857,0.4899262708508,0.6660539215686274,0.1984568567522543,0.11000848591766016,0.4282666423814835,0.26847540751855126,0.17755853292224225,0.5625,0.6953155025784209,0.6944444444444444,0.20145899908256013,0.3750067213425614,0.6501143506198037,0.8117826617826618,0.6510794185709706,0.3388710062498606,0.44000197107630523
a4,0.29166666666666663,0.6492810417285331,0.81492673992674,0.2945877723185922,0.2116024135542373,0.6753765726720211,0.7996378139021565,0.3858838475861688,0.5625,0.6953155025784209,0.6944444444444444,0.20145899908256013,0.37513189830561344,0.6509859132875703,0.8041666666666667,0.7148360292864008,0.4798749283403059,0.54715748531453523
