"Similarity Measures","noun_path","noun_lch","noun_wup","noun_res","noun_jcn","noun_lin","noun_lesk","noun_vector","verb_path","verb_lch","verb_wup","verb_res","verb_jcn","verb_lin","verb_lesk","verb_vector","word2vec"
"Antecedent","0.25595238095238093","0.5857158575127043","0.7407051282051283","0.2358223351129893","0.12218358387892615","0.509926597839862","0.5518715386207645","0.22646075329565066","0.6","0.6953155025784208","0.7466666666666666","0.21249986026795192","0.4910609987511296","0.7135307883911716","0.881","0.727572587827426","0.4202955814951819"
"a3","0.24027777777777778","0.571805442494257","0.7558135534915721","0.25434204478688055","0.23154695417061763","0.5689204537644139","0.31775692878611833","0.25291904209748267","0.6","0.6953155025784208","0.6933333333333332","0.1873962034018375","0.48557584018970806","0.6745549364603075","0.7118571428571429","0.7125314587088366","0.33771625798197746"
"a2","0.12274114774114771","0.4040792092766276","0.44752088869735923","0.11870750983417472","0.08219850055412138","0.25609155221040114","0.3195488641013822","0.14426028907154712","0.4333333333333333","0.6513495389461008","0.6","0.2502975029220779","0.32546089502598263","0.7339249512645207","1.0","0.726742850974075","0.40522297430672954"
"a4","0.11201599326599328","0.35988906137165877","0.4042755991285403","0.0880753053010862","0.06685298983987746","0.17353364007256658","0.10072577075818008","0.14700286504095408","0.6","0.6953155025784208","0.6933333333333332","0.13935543707747072","0.4820039526849276","0.5880827351672695","0.7118571428571429","0.6650104831451855","0.3198538679234272"
