"Similarity Measures","noun_path","noun_lch","noun_wup","noun_res","noun_jcn","noun_lin","noun_lesk","noun_vector","verb_path","verb_lch","verb_wup","verb_res","verb_jcn","verb_lin","verb_lesk","verb_vector","word2vec"
"Antecedent","0.2854700854700855","0.6263233169404412","0.7620574961013161","0.2241149795478862","0.18023078182580335","0.5706097643435376","0.6446633537188889","0.30700837284233995","0.5833333333333334","0.6953155025784209","0.8119658119658119","0.17425632543369826","0.4680727538986749","0.7021594009223491","0.7722832722832723","0.683517425469128","0.4378971750654116"
"a3","0.0","0.0","0.0","0.0","0.0","0.0","0.0","0.0","0.0","0.0","0.0","0.0","0.0","0.0","0.0","0.0","0.2828085617619"
"a2","0.19056776556776558","0.5238647657016393","0.6570998720260449","0.16826897533020754","0.10839967796803315","0.37931748565667794","0.47126983112988036","0.22819517495301378","0.5833333333333334","0.6953155025784209","0.7516339869281046","0.17425632543369826","0.4680727538986749","0.7021594009223491","0.794675925925926","0.683517425469128","0.40638939543845426"
"a4","0.19368131868131871","0.5355341978637269","0.6563026161740143","0.21260876384990252","0.10869230980088947","0.4675394306545912","0.3554702844269059","0.206388981940265","0.611111111111111","0.7213107922719862","0.7777777777777777","0.2922360493779262","0.5824331491228991","0.8577105191760478","1.0","0.7010530832954522","0.40681750104867415"
