"Similarity Measures","noun_path","noun_lch","noun_wup","noun_res","noun_jcn","noun_lin","noun_lesk","noun_vector","verb_path","verb_lch","verb_wup","verb_res","verb_jcn","verb_lin","verb_lesk","verb_vector","word2vec"
"Antecedent","0.16666666666666666","0.5003731981073846","0.6666666666666666","0.254663007383628","0.159834297848691","0.6189392453042629","0.177579365079365","0.254608715255824","0.41666666666666663","0.6403580480380207","0.5833333333333333","0.23439440128489084","0.5753527548484078","0.7048609433309643","0.6663636363636365","0.4685284976235725","0.46207657100354776"
"a3","0.0","0.0","0.0","0.0","0.0","0.0","0.0","0.0","0.0","0.0","0.0","0.0","0.0","0.0","0.0","0.0","0"
"a2","0.1111111111111111","0.39045828902658425","0.3333333333333333","0.029883075095373943","0.07474692397297311","0.0818381514476395","0.172116144437573","0.0849670057141399","0.3333333333333333","0.5854005934976205","0.5","0.12781605200648147","0.13155970014913115","0.39561069350119865","0.2754497354497355","0.3018742724279055","0.3553141617347763"
"a4","0.08333333333333333","0.3124724199458878","0.26666666666666666","0.029883075095373943","0.07474692397297311","0.0818381514476395","0.143458393458393","0.0619268921514341","0.3333333333333333","0.5854005934976205","0.5","0.12781605200648147","0.13155970014913115","0.39561069350119865","0.617777777777778","0.379744025121311","0.4329220139242478"
