Similarity Measures,noun_path,noun_lch,noun_wup,noun_res,noun_jcn,noun_lin,noun_lesk,noun_vector,verb_path,verb_lch,verb_wup,verb_res,verb_jcn,verb_lin,verb_lesk,verb_vector,word2vec,Average
Antecedent,0.18333333333333335,0.5250853828770929,0.6071428571428572,0.2233491842438161,0.17331947802710845,0.5200379864722138,0.41019653231663,0.403666697441497,0.3333333333333333,0.5854005934976205,0.5,0.18757620247277026,0.11934364345669955,0.4718203410212848,1.0,0.320785263926834,0.4555230773807113,0.41293611217316478
a3,0.3125,0.6102881071881849,0.6524064171122994,0.17860195793575706,0.47659030957883836,0.5034669513837451,0.582067486085343,0.337628858778799,0.5,0.6953155025784209,0.6666666666666666,0.18757620247277026,0.2139730811000186,0.6156215791306068,1.0,0.287760286286777,0.30400991161201385,0.4779101951711906
a2,0.3214285714285714,0.6283871872153641,0.7444444444444445,0.2743600162856421,0.21332214072324623,0.6970433468809579,0.6752923976608185,0.24271209688589301,0.5,0.6953155025784209,0.6666666666666666,0.18757620247277026,0.2139730811000186,0.6156215791306068,1.0,0.287760286286777,0.4663884569922479,0.49589952804426157
a4,0.13392857142857142,0.4404864090538674,0.4666666666666667,0.09362781019697074,0.1066061490510214,0.2631917019045688,0.3773704045794565,0.336017797934972,0.25,0.5074147244169241,0.4,0.2574544234357294,0.15386522221849663,0.6125133329854642,0.336961451247166,0.343336692780988,0.4117131234318832,0.32300908713722043
