Similarity Measures,noun_path,noun_lch,noun_wup,noun_res,noun_jcn,noun_lin,noun_lesk,noun_vector,verb_path,verb_lch,verb_wup,verb_res,verb_jcn,verb_lin,verb_lesk,verb_vector,word2vec,Average
Antecedent,0.58125,0.7360910559239616,0.793956043956044,0.36573606706546985,0.5482090128828226,0.7036821514103146,0.5949205312086225,0.6908348283093457,0.7,0.7704758138430197,0.8977777777777778,0.4190475752024364,0.9717371699050306,0.9818872476554784,0.8777777777777779,0.7538383552614422,0.5531232372140658,0.7023732144349184
a3,0.3584415584415584,0.5826331226529426,0.6785714285714286,0.23387099975500353,0.31587339797630376,0.5152933735546399,0.44903412182848745,0.4285257845038993,0.5,0.6669467127622399,0.6714285714285715,0.2308014897972405,0.4446861697155472,0.7060880617300607,0.6310049482681062,0.6268812350825573,0.3538375561253931,0.49375991365846933
a2,0.1488095238095238,0.46903241633763104,0.5757856178908811,0.17507202657897522,0.1001241166454627,0.36881859693193497,0.2519182133066452,0.23474292881874698,0.4333333333333333,0.6513495389461007,0.6362573099415204,0.22251225156634594,0.31281299778835653,0.6661932831737095,0.7703968253968254,0.4935843774009512,0.3846996613990361,0.40561429525093995
a4,0.13621933621933624,0.43372527903179403,0.5119047619047619,0.13134535549350437,0.08290741511933494,0.28407937848903797,0.16054513999197276,0.13832190045720757,0.0,0.0,0.0,0.0,0.0,0.0,0.0,0.0,0.08020511154076072,0.11525021636751238
