"Similarity Measures","noun_path","noun_lch","noun_wup","noun_res","noun_jcn","noun_lin","noun_lesk","noun_vector","verb_path","verb_lch","verb_wup","verb_res","verb_jcn","verb_lin","verb_lesk","verb_vector","word2vec"
"a1","0.16041666666666665","0.4737363559518906","0.5980462519936204","0.16927564581605486","0.1483354224416419","0.38129433736708734","0.31615426761891524","0.17644825775482192","0.3333333333333333","0.5854005934976205","0.5","0.0640063052454914","0.12799569424854515","0.20799083250016362","0.3203075396825395","0.4938285496050685","0.3683218080047409"
"a3","0.0","0.0","0.0","0.0","0.0","0.0","0.0","0.0","0.0","0.0","0.0","0.0","0.0","0.0","0.0","0.0","0.29581581885268904"
"Antecedent","0.1259920634920635","0.4234546090402518","0.5776143790849673","0.15080006179284638","0.0834231850047003","0.31770544937431955","0.23247290934987025","0.22289266337277025","0.3333333333333333","0.5854005934976205","0.5","0.11130376019491921","0.21474567562261174","0.3677180121911562","0.4569718013468015","0.38430622680924553","0.5740931473129532"
