Similarity Measures,noun_path,noun_lch,noun_wup,noun_res,noun_jcn,noun_lin,noun_lesk,noun_vector,verb_path,verb_lch,verb_wup,verb_res,verb_jcn,verb_lin,verb_lesk,verb_vector,word2vec,Average
Antecedent,0.32159863945578226,0.6093171000527974,0.693887879038255,0.23772538793267656,0.24744509001790813,0.47333858290723085,0.46566123048248936,0.3310100703582917,0.3611111111111111,0.5960436068309886,0.5777777777777778,0.22854214876730947,0.15291157089312132,0.5699052668536654,0.7577274731441396,0.2578743306270487,0.411751493609028,0.42903698587409544
a2,0.16479591836734694,0.4783839657330569,0.5436147186147186,0.14557882170890885,0.06476874068156827,0.23439269299876095,0.28072117029667154,0.22448313908549133,0.27777777777777773,0.5334100141104896,0.43333333333333335,0.16347614993765228,0.20573917433097488,0.499346132105303,0.291275803576922,0.2700972968293133,0.365681800285294,0.30452215586903431
