Similarity Measures,noun_path,noun_lch,noun_wup,noun_res,noun_jcn,noun_lin,noun_lesk,noun_vector,verb_path,verb_lch,verb_wup,verb_res,verb_jcn,verb_lin,verb_lesk,verb_vector,word2vec,Average
Antecedent,0.2333333333333333,0.5883051253720248,0.7579087579087579,0.2611547521737629,0.15986500411649235,0.5925312017781991,0.5297501231901662,0.3455911184024808,0.6875,0.742290697118795,0.7976190476190477,0.27993108879641215,0.6214685013989362,0.8382288272584028,0.819110576923077,0.7581577552615629,0.5888020694516349,0.56479694000606384
a3,0.0,0.0,0.0,0.0,0.0,0.0,0.0,0.0,0.0,0.0,0.0,0.0,0.0,0.0,0.0,0.0,0,0.0
a2,0.4,0.6854484184527836,0.7902097902097903,0.2889307059157226,0.30175416634340435,0.5677813705353947,0.5490865717591127,0.44739910506978375,0.6125,0.680192867693075,0.7222222222222222,0.23527205020721018,0.5693753656191844,0.7551315496917936,0.8249562937062935,0.6990575673246453,0.5064940877663995,0.56681247838334203
a4,0.33999999999999997,0.673350310544507,0.797078477078477,0.25225576297520724,0.37874397185128095,0.6536173221820663,0.7498128908128908,0.3747644024843896,0.5,0.6483403080380467,0.6904761904761906,0.22574049259195944,0.5578377582089586,0.7347246386852407,0.704281333093312,0.7243768064282757,0.5470933335430752,0.56191141170552228
