Similarity Measures,noun_path,noun_lch,noun_wup,noun_res,noun_jcn,noun_lin,noun_lesk,noun_vector,verb_path,verb_lch,verb_wup,verb_res,verb_jcn,verb_lin,verb_lesk,verb_vector,word2vec,Average
Antecedent,0.2939153439153439,0.5573149494090069,0.7016117052881757,0.2561308081065382,0.2527654490560184,0.5076302525332275,0.4417533213823594,0.3500338435434567,0.25,0.5074147244169241,0.7,0.19456772031082067,0.2096707692687639,0.6194674260876141,1.0,0.556131715591074,0.4706077748738723,0.46288328257548217
a3,0.196031746031746,0.5329627712198138,0.7072368421052632,0.24283888555083852,0.13828118648166868,0.5165035731475681,0.44283323618598897,0.36813201142728386,0.5,0.6953155025784209,0.8571428571428571,0.3790811375587825,0.31489194339336657,0.8264895336686404,1.0,0.775155319776745,0.5109107307024316,0.52963572217478905
a2,0.18948412698412698,0.516117646621149,0.6875,0.21737355640560221,0.15875600139416896,0.4912685928458657,0.33220120474687365,0.21470065369542543,0.25,0.5074147244169241,0.7,0.19456772031082067,0.2096707692687639,0.6194674260876141,0.264814814814815,0.316379453576632,0.45147056752887965,0.37183454462927423
a4,0.15297619047619046,0.4655689285757683,0.5843915343915344,0.16068570517661912,0.08678836792768507,0.333689690228995,0.27452555830194586,0.18181728876470968,0.5,0.6953155025784209,0.6666666666666666,0.3295529531912465,0.4080642464681975,0.8429219034438517,1.0,0.581331008174036,0.30934396742526615,0.44550820657594903
