"Similarity Measures","noun_path","noun_lch","noun_wup","noun_res","noun_jcn","noun_lin","noun_lesk","noun_vector","verb_path","verb_lch","verb_wup","verb_res","verb_jcn","verb_lin","verb_lesk","verb_vector","word2vec"
"Antecedent","0.11173984745413315","0.38693093371702825","0.4629781737256306","0.13186946863740337","0.08551607304094157","0.27738573370947683","0.2637498738105713","0.12931735564888008","1.0","0.8832162807399176","1.0","0.306675365252296","1.0","1.0","1.0","1.0","0.3014871246917624"
"a3","0.17023809523809524","0.5033536081071184","0.6795195001077354","0.2351260231229329","0.08813465577666268","0.3971080375696151","0.2695821560528965","0.3654694448919931","0.5","0.6953155025784209","0.8","0.3021454208963248","1.0","0.9288723260105451","1.0","0.822913971555712","0.3330331042230906"
"a2","0.17636054421768707","0.49738393538907016","0.6801299467155283","0.22072077797079828","0.11617429740906184","0.4299827594962773","0.37857719363875814","0.33507307835055833","1.0","0.8832162807399176","1.0","0.3509147837697409","1.0","1.0","1.0","1.0","0.29701314035313936"
"a4","0.13536542822257108","0.4289763318354067","0.5346064066652303","0.1524636164858781","0.058371484895542905","0.20375480861114942","0.18237895288573797","0.14330783723870666","0.5","0.6953155025784209","0.6666666666666666","0.2560882556617685","0.3801278807555347","0.7535433136018411","1.0","0.753752011519726","0.30025809180950724"
