Similarity Measures,noun_path,noun_lch,noun_wup,noun_res,noun_jcn,noun_lin,noun_lesk,noun_vector,verb_path,verb_lch,verb_wup,verb_res,verb_jcn,verb_lin,verb_lesk,verb_vector,word2vec,Average
a1,0.3282267115600449,0.5496886566823672,0.5655332321998988,0.2959244051232609,0.2696759020822326,0.39496018633911584,0.3914077375866779,0.38174535230599527,0.45625000000000004,0.6154871795175878,0.6020833333333333,0.11998584890693392,0.4688020314322901,0.523893213773771,0.4771803023365523,0.4896584188146447,0.3386244950595278,0.42759570629730792
a3,0.553968253968254,0.7333304860255416,0.7859307359307359,0.4023962685066562,0.5444086809656354,0.6882225083087298,0.657821868984664,0.6292422226185787,0.6229166666666667,0.689941101328162,0.8125,0.23923246124141417,0.5636177602999075,0.7635493378699824,0.6953096119102217,0.7547816937314203,0.39905921506455483,0.61977816902477212
a2,0.24797178130511466,0.5307646767468591,0.6703903633728195,0.22942888034749734,0.19115140525073965,0.4280428882855246,0.3106172643102831,0.2908191016034183,0.45625000000000004,0.6154871795175878,0.5708333333333333,0.13670287937657144,0.3813325101821238,0.5026222289376993,0.5341716951473049,0.5543997795719449,0.2894431446966432,0.40826053599914497
Antecedent,1.0,0.9860896635111784,0.9898989898989901,0.5513490273691928,1.0,1.0,1.0,0.999999999999998,1.0,0.8832162807399176,1.0,0.43374307569676496,1.0,1.0,1.0,1.0,1.0,0.9320174727774142
a4,0.18747795414462082,0.5208700057376744,0.6564557446910388,0.20817484507158904,0.11520515332736157,0.3878810805020784,0.17352735597520977,0.19803001761096314,0.45625000000000004,0.6154871795175878,0.6020833333333333,0.11998584890693392,0.4688020314322901,0.523893213773771,0.4771803023365523,0.4896584188146447,0.3478317159613187,0.38522318830217456
