Similarity Measures,noun_path,noun_lch,noun_wup,noun_res,noun_jcn,noun_lin,noun_lesk,noun_vector,verb_path,verb_lch,verb_wup,verb_res,verb_jcn,verb_lin,verb_lesk,verb_vector,word2vec,Average
Antecedent,0.3333333333333333,0.6882739762688813,0.8660714285714286,0.3462520110144198,0.2699154388427518,0.7863979950267452,1.0,0.6207679855724084,0.5833333333333333,0.7148119698485951,0.7261904761904762,0.21739011850270087,0.4895726353577439,0.7858996929961458,0.8222707399913283,0.8036459863306975,0.4586421093699519,0.61839819003240837
a3,0.29166666666666663,0.6492810417285331,0.7803030303030303,0.22496741478798643,0.19632827082728602,0.5506181224416502,0.502632745341079,0.37231357001643395,0.5833333333333333,0.7148119698485951,0.7166666666666666,0.20234065327350692,0.4553412325688369,0.7197599173926743,0.8199742965367964,0.6867433715944478,0.4609287657895448,0.52517712171276876
a2,0.17142857142857143,0.504191528363924,0.6607142857142857,0.1931795615206494,0.10326572046225747,0.43147092660993536,0.1671133858672345,0.2220817618764585,0.5833333333333333,0.7148119698485951,0.7166666666666666,0.17673834950037207,0.44904189086071233,0.7115337567809944,0.8199742965367964,0.6867433715944478,0.27706654154528887,0.44643270108885436
a4,0.3333333333333333,0.6492810417285331,0.8235294117647058,0.33875059882592323,0.3271245480456778,0.7813756278551952,0.70363521416153,0.3433207784258525,0.5833333333333333,0.7148119698485951,0.841540404040404,0.2382001348347662,0.6344602706812622,0.8264674446612081,0.8199742965367964,0.6867433715944478,0.43830980357705857,0.59318774019109544
