"Similarity Measures","noun_path","noun_lch","noun_wup","noun_res","noun_jcn","noun_lin","noun_lesk","noun_vector","verb_path","verb_lch","verb_wup","verb_res","verb_jcn","verb_lin","verb_lesk","verb_vector","word2vec"
"Antecedent","0.3333333333333333","0.6622786865753159","0.76007326007326","0.26635387346025663","0.3907800084260635","0.6947826492947472","0.765027924750147","0.45744275000215096","0.425","0.5782602186123007","0.5714285714285714","0.20327495147148752","0.35709223774054893","0.5204465489084803","0.47840485791090626","0.521651276704626","0.5238810951171581"
"a3","0.45555555555555555","0.6787534764217881","0.7222222222222222","0.21475864987887197","0.4356161480540191","0.5946249524123565","0.7408870898118209","0.5480761446378076","0.41666666666666663","0.6403580480380207","0.6915584415584416","0.244806008052848","0.44413876931936613","0.6900212105282572","0.9364035087719298","0.41016265437955274","0.5623588200788842"
"a2","0.15595238095238095","0.47692346191817875","0.5111111111111111","0.10659976788634913","0.11747982093070945","0.30554534699063574","0.3895963277356957","0.30202748305339705","0.3","0.5312850240719265","0.53125","0.07827664537320835","0.17445272306225212","0.2844915489620048","0.41069024725274733","0.3930899063730405","0.48427541665296403"
"a4","0.45555555555555555","0.6787534764217881","0.7222222222222222","0.21475864987887197","0.4356161480540191","0.5946249524123565","0.5294072116652763","0.5194598262512656","0.3208333333333333","0.5587637513421265","0.6091269841269842","0.20680068248971237","0.4390500727927204","0.6449746488912432","0.5773637198314248","0.419961044594898","0.6163585134646606"
