"Similarity Measures","noun_path","noun_lch","noun_wup","noun_res","noun_jcn","noun_lin","noun_lesk","noun_vector","verb_path","verb_lch","verb_wup","verb_res","verb_jcn","verb_lin","verb_lesk","verb_vector","word2vec"
"Antecedent","0.2141025641025641","0.5546230444237874","0.6753255440045947","0.22857019485873029","0.1503039669850014","0.45189067800297544","0.3148770420922181","0.2942936016949663","0.5","0.6953155025784209","0.7313131313131315","0.24575386706393884","0.5320656303506357","0.798967604366235","1.0","0.8285193206373149","0.3728709477311132"
"a3","0.1691290191290191","0.4918427373790968","0.5659975101151572","0.11827520648437627","0.06264050744449037","0.2282403228030662","0.19155153946062062","0.21358256401535672","0.0","0.0","0.0","0.0","0.0","0.0","0.0","0.0","0.5083109348487317"
"a2","0.22584175084175082","0.5541631821905173","0.6886401172633057","0.20961079376596825","0.12150195039713162","0.38673049658980135","0.3085958044478845","0.24391343178378724","0.4444444444444444","0.6586771995514874","0.6555555555555556","0.17181703341581248","0.5302011640567628","0.7446030053640277","0.8217592592592594","0.6055434011654494","0.3677260426464995"
"a4","0.20137085137085134","0.5198304282809333","0.6231170245876129","0.2067395104816466","0.11201219325140443","0.40048498150839573","0.4015113565793744","0.27368326977736623","0.6666666666666666","0.7579490952989199","0.8666666666666667","0.2716183848504065","0.7954900746942656","0.9466926800126628","1.0","0.838318768143865","0.4231686222644126"
