Similarity Measures,noun_path,noun_lch,noun_wup,noun_res,noun_jcn,noun_lin,noun_lesk,noun_vector,verb_path,verb_lch,verb_wup,verb_res,verb_jcn,verb_lin,verb_lesk,verb_vector,word2vec,Average
a1,0.3057539682539682,0.5778384691699835,0.661976911976912,0.2984652600495079,0.24307732772569748,0.44797080001310047,0.37167802743815814,0.35227096666609764,0.4444444444444444,0.6586771995514874,0.7380952380952381,0.2888537644884721,0.6676910074032824,0.8737079649405511,0.9069051863169509,0.652051608484104,0.37883981653657084,0.52166458597379572
a3,0.3458333333333334,0.6315231469582039,0.7916397328162034,0.2914118379266913,0.24500016264088328,0.48962428112385475,0.36722849340306335,0.30339986855585405,0.38888888888888884,0.6220388965245539,0.7925925925925926,0.2969194173096337,0.5836943728399807,0.8304322140109267,0.8368055555555557,0.6992918470891533,0.35301951865231823,0.52172612707186428
a2,0.16024114774114773,0.4720343086638105,0.5983552395317101,0.1758871696469574,0.082749779275105,0.3104588253109051,0.34398164216039717,0.23178034786017487,0.7777777777777777,0.7839443849924853,0.8888888888888888,0.25247585682938234,1.0,0.9867358329784514,0.8599663299663299,0.818671513384675,0.4275320738500069,0.53949888934460033
Antecedent,1.0,0.9860896635111783,1.0,0.5885949596857994,1.0,1.0,1.0,0.9999999999999987,1.0,0.8832162807399176,1.0,0.34980975078808435,1.0,1.0,1.0,1.0,1.0,0.92986533263088111
a4,0.2347222222222222,0.5765656924178036,0.7320665445665445,0.25122266602771043,0.12982896410360237,0.41975135153121723,0.3712316603149935,0.3553446203752025,0.18888888888888888,0.43044939502906826,0.44273504273504277,0.14838785179842298,0.11647085226150755,0.4010462750467936,0.22878598010176968,0.267487330872467,0.36284822812348155,0.33281373920098467
