"Similarity Measures","noun_path","noun_lch","noun_wup","noun_res","noun_jcn","noun_lin","noun_lesk","noun_vector","verb_path","verb_lch","verb_wup","verb_res","verb_jcn","verb_lin","verb_lesk","verb_vector","word2vec"
"Antecedent","0.38888888888888884","0.6989169896022492","0.8491228070175438","0.3451030239679042","0.3022729256625009","0.7570799178718356","0.501729707042207","0.3587371650354316","0.5555555555555556","0.6586771995514874","0.7037037037037037","0.1867877642868311","0.44539998362151173","0.6723932353579188","0.743827160493827","0.6761001523036554","0.4391978934118685"
"a3","0.16984126984126982","0.5029187516117442","0.6266339869281046","0.22487441485521162","0.13098710242961165","0.5391515364386575","0.2890746868164203","0.24022704662504765","0.49206349206349204","0.6081096601824413","0.5833333333333334","0.11868819777862964","0.5050837231729565","0.5729327458838805","0.7954837490551777","0.6799268214565909","0.34175158586400495"
"a2","0.19444444444444442","0.5370115011343181","0.6940170940170939","0.16056779183046432","0.12761866072163433","0.43645215579323593","0.20858384100901697","0.245207461060339","0.3444444444444444","0.5758800936505274","0.5555555555555555","0.15950565001957115","0.1375078078263207","0.4323433905119991","0.526010101010101","0.5258155236554086","0.376711990731931"
"a4","0.0","0.0","0.0","0.0","0.0","0.0","0.0","0.0","0.0","0.0","0.0","0.0","0.0","0.0","0.0","0.0","0.3248891031849698"
