"Similarity Measures","noun_path","noun_lch","noun_wup","noun_res","noun_jcn","noun_lin","noun_lesk","noun_vector","verb_path","verb_lch","verb_wup","verb_res","verb_jcn","verb_lin","verb_lesk","verb_vector","word2vec"
"a1","0.3888888888888889","0.6805978380887826","0.7988205808639245","0.28681822810709523","0.3332800807788375","0.686451406723778","0.6594447928260189","0.5156229434599408","0.47916666666666663","0.6403580480380207","0.75","0.14733102153023314","0.3834175201422975","0.5409399256005634","0.6859457671957672","0.5948005129518543","0.45190473837026"
"a3","0.20694444444444446","0.5505704027242381","0.6243776218621421","0.17028524983582016","0.11727340758831062","0.4058574353480195","0.2669762306705782","0.32245238558690786","0.6458333333333333","0.714811969848595","0.78125","0.22026519520844648","0.5554806644852489","0.7109510624650985","0.7165901615901615","0.7222619700730433","0.4297197541796724"
"a2","0.1304852554852555","0.41277068427131686","0.42284798534798534","0.09743553697587415","0.0860591718078354","0.24003732787801413","0.2192176224003053","0.10895628995402862","0.47916666666666663","0.6403580480380208","0.7256944444444444","0.17989097695217943","0.37224527517226313","0.5251857579547483","0.48205858031944976","0.539587486669102","0.35732903814785044"
"Antecedent","1.0","0.9860896635111783","1.0","0.47334089723038125","1.0","1.0","1.0","0.9999999999999979","1.0","0.8832162807399176","1.0","0.41157296165850754","1.0","1.0","1.0","1.0","1.0"
