"Similarity Measures","noun_path","noun_lch","noun_wup","noun_res","noun_jcn","noun_lin","noun_lesk","noun_vector","verb_path","verb_lch","verb_wup","verb_res","verb_jcn","verb_lin","verb_lesk","verb_vector","word2vec"
"a1","0.3707482993197279","0.6480832812345375","0.7586205719746092","0.26676316016412044","0.37590470235102164","0.5927926379529221","0.6617102568058709","0.4619671109764985","0.8333333333333334","0.8087623589293433","0.875","0.203495800264761","0.7748794610400368","0.75","0.7914753401360545","0.7933754743086803","0.5639721156366142"
"Antecedent","0.330952380952381","0.6264276112109453","0.7417407154249259","0.2544300175885911","0.26838318987837867","0.563554760763772","0.5344522718987614","0.4050850563399471","0.3333333333333333","0.5854005934976205","0.5916666666666667","0.1597965172697412","0.15714222609820855","0.49719722781615183","0.42510045194704277","0.334533962504093","0.46478143238519287"
