"Similarity Measures","noun_path","noun_lch","noun_wup","noun_res","noun_jcn","noun_lin","noun_lesk","noun_vector","verb_path","verb_lch","verb_wup","verb_res","verb_jcn","verb_lin","verb_lesk","verb_vector","word2vec"
"Antecedent","0.4976190476190477","0.7383607758746725","0.862820512820513","0.32204719577149515","0.44919303646038417","0.759646168667051","0.6867240335301272","0.5760853833099236","0.75","0.7579490952989199","0.7999999999999999","0.15905363044589274","0.6887910550231848","0.6666666666666666","0.7018518518518521","0.8250280182663391","0.6735372284037222"
"a2","0.5761904761904761","0.7738452498322268","0.8705627705627706","0.3921549014499783","0.5610756809548781","0.8356556074965643","0.7266966260833584","0.6443642433206616","0.75","0.7579490952989199","0.7999999999999999","0.15905363044589274","0.6887910550231848","0.6666666666666666","0.7018518518518521","0.8250280182663391","0.566972851698679"
