"Similarity Measures","noun_path","noun_lch","noun_wup","noun_res","noun_jcn","noun_lin","noun_lesk","noun_vector","verb_path","verb_lch","verb_wup","verb_res","verb_jcn","verb_lin","verb_lesk","verb_vector","word2vec"
"a1","0.3369047619047619","0.5955447573828965","0.7202614379084967","0.2368454203048253","0.28727499177608384","0.5079473525881213","0.4308805300047462","0.38323432658811474","0.37499999999999994","0.6128793207678207","0.5833333333333333","0.17668264976720616","0.15349090809763768","0.48875843224842785","0.713738209196058","0.49806907330224354","0.4635313619364489"
"a3","0.3027777777777778","0.5379533537396839","0.6196491228070174","0.1968455167568019","0.26481479447891376","0.4035693979270404","0.38535691578548714","0.34574135973598835","0.49999999999999994","0.6598545153081949","0.7291666666666666","0.2201530039401437","0.58769158424144","0.7565186324348672","0.677794312169312","0.7437482936558011","0.4951406327039367"
"a2","0.13134920634920633","0.43245251885365754","0.5663092463092463","0.19887903215634775","0.08302804283702421","0.3071999472143668","0.23839850766208168","0.1923444928742763","0.49999999999999994","0.6598545153081947","0.6845238095238094","0.1842007414500294","0.45064866920987984","0.6352300174183854","0.6770061992101465","0.7064883978218428","0.3881073265295544"
"Antecedent","1.0","0.9860896635111784","1.0","0.5371610653605654","1.0","1.0","1.0","1.0","1.0","0.8832162807399176","1.0","0.34458020417817226","1.0","1.0","1.0","1.0","1.0"
"a4","0.13269841269841268","0.4339798509562732","0.5666666666666667","0.12128907873746382","0.07844245625043919","0.26195164452188135","0.25202821302291356","0.1983252676187816","0.6666666666666666","0.7343084371187691","0.75","0.19781856237243595","0.5715265220841643","0.7328545371576629","0.669642857142857","0.712511374601083","0.4171284480115119"
