Similarity Measures,noun_path,noun_lch,noun_wup,noun_res,noun_jcn,noun_lin,noun_lesk,noun_vector,verb_path,verb_lch,verb_wup,verb_res,verb_jcn,verb_lin,verb_lesk,verb_vector,word2vec,Average
Antecedent,0.1976190476190476,0.5395570546386776,0.7100168350168351,0.22714629948089501,0.1644819643433963,0.5615685291900648,0.24611096739402702,0.22925465048971602,0.625,0.6953155025784209,0.7222222222222222,0.19751932491782692,0.5455322001208025,0.6688577744204324,0.740012077294686,0.6640954928767845,0.2722416558968312,0.47097362344121563
a3,0.24444444444444446,0.5959563705208281,0.7777777777777777,0.23862206926301058,0.19315021091098172,0.6121690864065406,0.298280863146419,0.341697221956132,0.6666666666666666,0.7343084371187691,0.8636363636363636,0.22114414127247278,0.6087259734145618,0.8097153559003177,0.9518354180752759,0.6640954928767845,0.36182942609780977,0.54023854820500916
a2,0.23611111111111108,0.5736498041612514,0.7008547008547009,0.18807639362490866,0.13780560064738748,0.48263654940077494,0.37373351099884095,0.2999348401906973,0.41666666666666663,0.6403580480380207,0.5833333333333333,0.19457171777528817,0.2987899137923292,0.6864870127012384,0.9518354180752759,0.518696786119625,0.22536543526984357,0.44170040251537013
a4,0.2976190476190476,0.6223541605396378,0.7618686868686869,0.214336717393896,0.25029768678614733,0.6313238629354002,0.289080762623486,0.328835661544483,0.41666666666666663,0.6403580480380207,0.641025641025641,0.24625206694009483,0.2987899137923292,0.6864870127012384,0.9518354180752759,0.750796615451374,0.37700247318557695,0.49440767306982353
