Similarity Measures,noun_path,noun_lch,noun_wup,noun_res,noun_jcn,noun_lin,noun_lesk,noun_vector,verb_path,verb_lch,verb_wup,verb_res,verb_jcn,verb_lin,verb_lesk,verb_vector,word2vec,Average
Antecedent,0.2776190476190476,0.586518803377057,0.7199742002063985,0.210514550849485,0.22274360252286424,0.49861400893888774,0.4360238220195498,0.3877861526056841,0.3190476190476191,0.5615380351885692,0.5252100840336135,0.16435008390033143,0.215316341970911,0.5206540847569757,0.48150484264305377,0.34653031091270015,0.3244437618297216,0.39990525602485122
a3,0.3066666666666667,0.6183928560041068,0.7216466866466867,0.205491124862042,0.22196365169827428,0.5107492271389049,0.577847650509477,0.39923393876640223,0.38231292517006804,0.5753507065593896,0.5816326530612245,0.22034174041476023,0.4662056942200428,0.6955999924043744,0.554635215292387,0.5130968406013184,0.3660260337932473,0.46571727081231595
a2,0.395,0.6730135564986245,0.7951554001554002,0.278386975631672,0.3503040955542781,0.665447311456381,0.5237115040309006,0.5308366786241188,0.5333333333333333,0.662330361412197,0.6857142857142857,0.21027031486028092,0.5069766927819607,0.730343773628422,0.7440079365079365,0.600596149068256,0.5440087800660114,0.55467277348965049
a4,0.0,0.0,0.0,0.0,0.0,0.0,0.0,0.0,0.0,0.0,0.0,0.0,0.0,0.0,0.0,0.0,0.1623440557275972,0.0095496503369174816
