"Similarity Measures","noun_path","noun_lch","noun_wup","noun_res","noun_jcn","noun_lin","noun_lesk","noun_vector","verb_path","verb_lch","verb_wup","verb_res","verb_jcn","verb_lin","verb_lesk","verb_vector","word2vec"
"a1","0.10437710437710439","0.37232544947530416","0.3942307692307692","0.075694330292478","0.0788532040510375","0.1850704302799633","0.21909897753708066","0.14638498036275452","0.7777777777777778","0.7839443849924853","0.8333333333333334","0.13977492987217424","0.710467182033058","0.6666666666666666","0.798623136123136","0.7897613613448596","0.3560049798273237"
"a3","0.14484126984126983","0.4604486720717064","0.5349206349206349","0.16391047972376452","0.11492527456090511","0.4064107113747364","0.3556866760044814","0.35702505498096904","0.7777777777777778","0.7839443849924853","0.8333333333333334","0.13977492987217424","0.710467182033058","0.6666666666666666","0.798623136123136","0.7897613613448596","0.42924415255916015"
"a2","0.15277777777777776","0.4743779084138191","0.5555555555555555","0.1907262731183871","0.10697121693434941","0.43096365671834036","0.33996704458692767","0.2834907252999646","0.4166666666666667","0.632681909857922","0.5777777777777778","0.09975756250956631","0.15459103042724773","0.3506031741546589","0.7635978835978836","0.5429240415365267","0.2894244364261265"
"Antecedent","1.0","0.9860896635111785","1.0","0.4191699552164095","1.0","1.0","1.0","0.999999999999999","1.0","0.8832162807399176","1.0","0.2888411750377729","1.0","1.0","1.0","1.0","1.0"
"a4","0.1638888888888889","0.4908526982602914","0.5411255411255412","0.14822978305065596","0.11158698848517588","0.34558791223418933","0.42186461646368395","0.30926657213581166","0.8333333333333334","0.8205826880194187","0.9629629629629629","0.27709228901150756","1.0","0.9945122127818449","1.0","0.781677446658514","0.41277872780196145"
