Similarity Measures,noun_path,noun_lch,noun_wup,noun_res,noun_jcn,noun_lin,noun_lesk,noun_vector,verb_path,verb_lch,verb_wup,verb_res,verb_jcn,verb_lin,verb_lesk,verb_vector,word2vec,Average
Antecedent,0.38571428571428573,0.636067571971457,0.7514880952380952,0.2613995949048625,0.34960998835287693,0.6262240454301693,0.5650768317284532,0.4441098306726263,0.41666666666666663,0.6403580480380207,0.6190476190476191,0.23722217825869663,0.3056968377105016,0.7400214690181257,0.46315163103375745,0.36633983666607,0.42362056663616376,0.4842244174757912
a3,0.16904761904761906,0.5022823632356542,0.6761904761904762,0.16715650362742213,0.09701567527693951,0.3718746032501025,0.33594546936138625,0.18440890581998984,0.19642857142857142,0.43156341536335496,0.325,0.0,0.10118258695680599,0.0,0.1913432829331445,0.2381225747342695,0.2852281961642659,0.25134060255235313
a2,0.15267857142857144,0.4723389687088957,0.546218487394958,0.1200201702496547,0.08703448525888713,0.2781608107586614,0.17960390955738945,0.1550302968972619,0.19642857142857142,0.43156341536335496,0.325,0.0,0.07780972719775683,0.0,0.2194822730549415,0.1414966641907697,0.2725670290942698,0.21502549297552612
a4,0.0,0.0,0.0,0.0,0.0,0.0,0.0,0.0,0.22916666666666666,0.452457269876524,0.3611111111111111,0.07320109926381377,0.07188780822366672,0.1550915355139117,0.1607916457181165,0.16647708770686725,0.19873178956025775,0.10993623609652561
