"Similarity Measures","noun_path","noun_lch","noun_wup","noun_res","noun_jcn","noun_lin","noun_lesk","noun_vector","verb_path","verb_lch","verb_wup","verb_res","verb_jcn","verb_lin","verb_lesk","verb_vector","word2vec"
"a1","0.4","0.6926860488262474","0.8254343083387201","0.2956072240808858","0.4007500325242808","0.6949747416020771","0.5183064945578297","0.45399842111007466","0.35","0.5917864014976414","0.7284848484848485","0.18287641409880626","0.36479961370562164","0.6325553347435905","0.5925556323085394","0.640825201268727","0.4768389228072217"
"a3","0.14875992063492063","0.46410081976623224","0.6142860493479689","0.17414460943490725","0.1047187664328741","0.3984421051683296","0.2842938432140999","0.2516373455181205","0.7166666666666667","0.7484928320268596","0.78","0.17892640718374722","0.6481580087280701","0.719932879821078","0.8534280078895463","0.78863050983035","0.4306511677207847"
"a2","0.5145833333333333","0.7631488406368085","0.8834314174387704","0.33797303446409316","0.595476298123136","0.7835505646024675","0.8233968858933944","0.5608696532548368","0.7166666666666667","0.7484928320268596","0.8133333333333332","0.17890752877338334","0.6734824697665089","0.7301679881012196","0.8465103785103786","0.7832481797988302","0.587091801626322"
"Antecedent","1.0","0.9860896635111783","1.0","0.492253607680687","1.0","1.0","1.0","0.9999999999999991","1.0","0.8832162807399178","1.0","0.3103832517036243","1.0","1.0","1.0","1.0","1.0"
