"Similarity Measures","noun_path","noun_lch","noun_wup","noun_res","noun_jcn","noun_lin","noun_lesk","noun_vector","verb_path","verb_lch","verb_wup","verb_res","verb_jcn","verb_lin","verb_lesk","verb_vector","word2vec"
"Antecedent","0.1951388888888889","0.525085382877093","0.6772759103641457","0.1935132668745824","0.14018201931788443","0.4552484079270882","0.3584740552143489","0.2500066753200402","0.5277777777777778","0.6899939959117369","0.7333333333333333","0.262759213072892","0.7696330063032174","0.9125918545381572","1.0","0.6821867415373943","0.35772225988126505"
"a3","0.19389880952380953","0.5288065079417196","0.6773108105344947","0.2294128832228678","0.16138232716082068","0.5047101733836025","0.2717923685327053","0.3354655443746301","0.5416666666666666","0.6716748443982702","0.6916666666666668","0.15177268893196236","0.6148667782708833","0.6872237144439016","0.631430230737923","0.6514409069126127","0.3979652884834422"
"a2","0.18883928571428568","0.5221997730631814","0.6859414160401003","0.21407330691411","0.11623415683581882","0.4563709796039496","0.34433237611504663","0.25152658770282865","0.2071428571428571","0.44656417829502537","0.6093304843304843","0.1639803041563241","0.15545858362773374","0.4531280076029672","0.3406630829547497","0.3556287808552053","0.44894665126358557"
"a4","0.21770833333333334","0.5477693352051118","0.6954112676539148","0.19341469344843784","0.20753721149440907","0.4250043461374052","0.34509982967779645","0.33036683629129254","0.5694444444444444","0.6899939959117369","0.7148148148148148","0.18567314200950813","0.6148667782708833","0.7007581410916557","0.7722614676351977","0.6514409069126127","0.4142231377974181"
