Similarity Measures,noun_path,noun_lch,noun_wup,noun_res,noun_jcn,noun_lin,noun_lesk,noun_vector,verb_path,verb_lch,verb_wup,verb_res,verb_jcn,verb_lin,verb_lesk,verb_vector,word2vec,Average
a1,0.21999999999999997,0.5676079754633341,0.707268170426065,0.2393485590245242,0.15861016468271388,0.5496069971055082,0.569047275475847,0.4041401673718532,0.5833333333333333,0.6889296945784001,0.6799999999999999,0.18209166416038663,0.5456041083275576,0.7344972209638576,0.8428218694885359,0.7313919171699934,0.4825938037840707,0.52275840713858701
a3,0.26666666666666666,0.6194994730043035,0.7558823529411764,0.3101667844376667,0.29349327026549654,0.7653538946361076,0.5634345826155124,0.5095157836284259,0.55,0.6953155025784209,0.6799999999999999,0.21373171479666148,0.42501015219193167,0.6991719815365062,0.9682539682539681,0.738020227995089,0.5077816530752471,0.56242929462489277
a2,0.31166666666666665,0.5542240356475882,0.6201680672268908,0.19376078935078195,0.2700369074692512,0.41574885506293446,0.4239300545133878,0.42237159041774736,0.3833333333333333,0.6137693833138014,0.6701754385964912,0.24486293718152363,0.2860092095405075,0.7241733829963746,0.8556679035250465,0.5828801531941882,0.46410897602780066,0.47275809906260685
Antecedent,1.0,0.9860896635111784,1.0,0.45222460229181277,1.0,1.0,1.0,1.0,1.0,0.8832162807399178,1.0,0.32069001658433033,1.0,1.0,1.0,1.0,1.0,0.92013062136042578
a4,0.21666666666666665,0.5663221435558647,0.6737772031889679,0.19859388329503824,0.1199147252867184,0.46061898154553244,0.3240836847751372,0.26262305877484443,0.9,0.8456361251076183,0.95,0.2906616651425892,0.8805210854949438,0.9713719341947495,1.0,0.9997238252164795,0.38401375289141004,0.59085463147862138
