"Similarity Measures","noun_path","noun_lch","noun_wup","noun_res","noun_jcn","noun_lin","noun_lesk","noun_vector","verb_path","verb_lch","verb_wup","verb_res","verb_jcn","verb_lin","verb_lesk","verb_vector","word2vec"
"Antecedent","0.5333333333333333","0.7514688257325176","0.8562271062271063","0.3920770373653648","0.43387694409229294","0.6408924453924836","0.846305795729915","0.6674451076664752","0.375","0.6013651134976725","0.5333333333333333","0.1554336119894053","0.23131605292523522","0.5118561710297995","0.633585164835165","0.5730249041468964","0.6258028155252414"
"a2","0.0","0.0","0.0","0.0","0.0","0.0","0.0","0.0","0.0","0.0","0.0","0.0","0.0","0.0","0.0","0.0","0.3362502442292855"
