"Similarity Measures","noun_path","noun_lch","noun_wup","noun_res","noun_jcn","noun_lin","noun_lesk","noun_vector","verb_path","verb_lch","verb_wup","verb_res","verb_jcn","verb_lin","verb_lesk","verb_vector","word2vec"
"a1","0.11547341547341546","0.36944325848698906","0.3490997100594624","0.05198113360380521","0.04958549591161333","0.0912968823429417","0.16141859449940266","0.04181409815454582","0.5416666666666666","0.687333242578395","0.6666666666666666","0.13893808871929997","0.4423244027730257","0.5866301048393362","0.6494604700854703","0.5889713359961165","0.3008710982675306"
"a3","0.2387125220458554","0.5551902120981482","0.6922993758907071","0.1893945988126339","0.14210249431920777","0.4515763785600346","0.3663031494201989","0.2722318830257271","0.6666666666666666","0.7343084371187691","0.7678571428571428","0.19959647259438823","0.6215521717865222","0.6697952576904371","0.8226800976800978","0.670759687160175","0.46673146494036155"
"a2","0.23994708994708994","0.5070874837197534","0.6040534342391927","0.1607208159911061","0.17924199040435063","0.33759872992156403","0.26245888899892167","0.2454624551363784","0.49999999999999994","0.6598545153081947","0.6428571428571428","0.1461130122532076","0.4135257307245724","0.4598320164282864","0.6507031857031857","0.5025214978198862","0.3477262897078899"
"Antecedent","1.0","0.9860896635111784","1.0","0.5337815835664501","1.0","1.0","0.8888888888888888","0.9999999999999929","1.0","0.8832162807399176","1.0","0.28173816394102236","1.0","1.0","1.0","1.0","1.0"
"a4","0.1111672278338945","0.3852865594751318","0.3668590668590668","0.0689568979675839","0.08374540086716059","0.16925995554852802","0.18784937214920946","0.13811843312027636","0.6666666666666666","0.7343084371187691","0.75","0.1682050399125165","0.6215521717865222","0.6618318780670553","0.7301347462061747","0.6511090113935495","0.40976075271035883"
