"Similarity Measures","noun_path","noun_lch","noun_wup","noun_res","noun_jcn","noun_lin","noun_lesk","noun_vector","verb_path","verb_lch","verb_wup","verb_res","verb_jcn","verb_lin","verb_lesk","verb_vector","word2vec"
"Antecedent","0.40238095238095234","0.6958156776972014","0.7805075876504449","0.24952344395028095","0.3977143943162593","0.646119531194058","0.63793635500992","0.3785023696276137","0.5208333333333333","0.6678367753082208","0.6892857142857143","0.21448840761004814","0.6537811075845102","0.7949847493511472","0.6869097222222222","0.5892009616836672","0.3570705772310548"
"a3","0.0","0.0","0.0","0.0","0.0","0.0","0.0","0.0","0.5208333333333333","0.6678367753082208","0.6416666666666666","0.14298398354677339","0.5677746189859204","0.6210558657415771","0.6964583333333333","0.5892009616836672","0.28641913088341786"
"a2","0.28095238095238095","0.6248467297820929","0.7426065162907268","0.21061148992382833","0.18101549039571893","0.5284845287459995","0.602982361037901","0.28333550265742014","0.6875","0.742290697118795","0.8","0.22201978593643296","0.7700249415253189","0.747595476957776","0.7901170798898073","0.6812848615874757","0.3374157538954792"
"a4","0.3513605442176871","0.6473009068016823","0.7658063225290117","0.23802838453416975","0.3738247355017514","0.6065347178035828","0.48279578292940345","0.34964745411012527","0.6666666666666666","0.7343084371187691","0.75","0.2234313702701661","0.7777215810305069","0.8458783923993799","0.8649648962148963","0.680235775937863","0.38187781431016327"
