Similarity Measures,noun_path,noun_lch,noun_wup,noun_res,noun_jcn,noun_lin,noun_lesk,noun_vector,verb_path,verb_lch,verb_wup,verb_res,verb_jcn,verb_lin,verb_lesk,verb_vector,word2vec,Average
Antecedent,0.32292768959435625,0.5513956511522304,0.6122938064114536,0.22531262986601874,0.2993376470770439,0.4791065802352849,0.5586457036683825,0.43051844956354096,0.2708333333333333,0.5189289316870722,0.4214285714285714,0.10863528239091019,0.18356899153337822,0.3970489462576707,0.3263313009901174,0.308088402002384,0.37897676639650874,0.37608109903460335
a3,0.35462962962962963,0.6437189190016093,0.7606837606837608,0.28822117429993255,0.43049744372464915,0.7059086139119027,0.4679017059765082,0.45860283835278476,0.375,0.5933828534976465,0.5773809523809523,0.14164067200144384,0.24961943277963544,0.4906480787640858,0.6616610645380484,0.4099556594393813,0.5441414840235116,0.47962319311796953
a2,0.1974867724867725,0.5210041725127558,0.5577132562426681,0.12959844458665645,0.144419572492714,0.3377323372488257,0.32844263504672766,0.33580093110497194,0.25,0.49943246441689815,0.3964285714285714,0.10550765295166092,0.09779105579413006,0.28519253651786336,0.25124752892610025,0.23255408055517826,0.2953040492370251,0.29209741538526585
a4,0.26666666666666666,0.6141759581969212,0.7446096387272858,0.2245385433004395,0.22779491073278024,0.5705509288132635,0.4311102584218453,0.4049320301442031,0.4791666666666667,0.6208615807678466,0.6309523809523809,0.15332741108234732,0.39907112909056586,0.5687072381154102,0.7243197278911565,0.5281489183774063,0.45645601086177856,0.47325823522405674
