Similarity Measures,noun_path,noun_lch,noun_wup,noun_res,noun_jcn,noun_lin,noun_lesk,noun_vector,verb_path,verb_lch,verb_wup,verb_res,verb_jcn,verb_lin,verb_lesk,verb_vector,word2vec,Average
Antecedent,0.19357142857142856,0.5302693200261812,0.6814946457051719,0.2339650055203477,0.1514038884004273,0.42894217138741286,0.4418935158408842,0.22367648524893385,0.5555555555555555,0.684672489245053,0.6666666666666666,0.16333576470296748,0.42533230039101655,0.5078379076558818,0.7524774774774773,0.730440851935207,0.28664911343831817,0.45048144633934883
a3,0.0,0.0,0.0,0.0,0.0,0.0,0.0,0.0,0.8333333333333334,0.8205826880194187,0.9523809523809524,0.308603588282811,0.7354681873688094,0.9016409875967071,1.0,0.8096818481397521,0.3284132569872181,0.39353557894758839
a2,0.3277777777777778,0.5755335093719832,0.673846153846154,0.21071205752574604,0.24553604203643759,0.3297810891023354,0.3904564524865278,0.3501226902274096,0.611111111111111,0.7213107922719865,0.7222222222222222,0.19409022210027171,0.48561008687874846,0.5961121374078692,0.7524774774774773,0.7091160948313117,0.3741148429862999,0.48646651527421575
a4,0.10207070707070706,0.36465491957144175,0.3154459575512207,0.03874712337973764,0.04595271755968837,0.019874620006871294,0.1387381766643718,0.13681285007404326,0.4444444444444444,0.6586771995514874,0.6555555555555556,0.13488706480002274,0.48561008687874846,0.5769356790819512,0.7064935064935064,0.614430120571429,0.31455992400543037,0.33846415607415631
