"Similarity Measures","noun_path","noun_lch","noun_wup","noun_res","noun_jcn","noun_lin","noun_lesk","noun_vector","verb_path","verb_lch","verb_wup","verb_res","verb_jcn","verb_lin","verb_lesk","verb_vector","word2vec"
"Antecedent","0.0888392857142857","0.3143815850741575","0.41835839598997493","0.12321796267801044","1e-300","4.916906847894004e-300","0.13926730284693561","0.0779862027850227","0.6666666666666666","0.7343084371187691","0.8333333333333333","0.2085378828338911","0.6132900836880922","0.8261066287804104","1.0","0.9675368898875716","0.3990406390067966"
"a3","0.3625","0.595165472302839","0.6999434389140271","0.27899772221694363","0.33054555506949523","0.5455009646186064","0.432958270257934","0.4148728329854737","0.6666666666666666","0.7343084371187691","0.8333333333333333","0.23423374213992845","0.6576497063901583","0.8818775394192124","1.0","0.9675368898875716","0.5140196626089527"
"a2","0.15863095238095237","0.48278589596548016","0.6130952380952381","0.2071399877805223","0.11917739018295923","0.47790300184094275","0.25506845903784175","0.235961154200193","0.0","0.0","0.0","0.0","0.0","0.0","0.0","0.0","0.2664073720422382"
"a4","0.1617063492063492","0.4794793435942155","0.5214285714285714","0.14594581687484282","0.08605395141548855","0.2834813947685309","0.29390792515065295","0.22471998710841426","0.6666666666666666","0.7343084371187691","0.8333333333333333","0.2085378828338911","0.6132900836880922","0.8261066287804104","1.0","0.9675368898875716","0.5483511157214587"
