Similarity Measures,noun_path,noun_lch,noun_wup,noun_res,noun_jcn,noun_lin,noun_lesk,noun_vector,verb_path,verb_lch,verb_wup,verb_res,verb_jcn,verb_lin,verb_lesk,verb_vector,word2vec,Average
Antecedent,0.1388888888888889,0.44541574356698443,0.5476190476190476,0.14603857736355208,0.10226639059911621,0.3548988617384473,0.242644884123581,0.2661276322207355,0.3333333333333333,0.5854005934976205,0.5178571428571428,0.1871517691464607,0.1740770120112686,0.5497175148731265,0.645654032332183,0.46470809914373573,0.43405440682975016,0.36093258412617496
a3,0.09166666666666667,0.3371846047155962,0.3208333333333333,0.07254173662568554,0.07030243390313053,0.16987962010332536,0.1473052783341115,0.07227441633727665,0.3333333333333333,0.5854005934976205,0.6229166666666667,0.20127045794217177,0.2846412570143735,0.6591214837494961,0.7095293209876543,0.5211800851220718,0.4656626168551624,0.33323787677574568
a2,0.18333333333333335,0.5250853828770929,0.641025641025641,0.14495811428183675,0.09708768298173526,0.33787210366837295,0.280259658352481,0.2141171474722225,0.7083333333333333,0.7617871643889692,0.8875,0.2844676835813283,0.7641972510288155,0.922459376667985,1.0,0.8843511485567662,0.4554127306506465,0.53483810307062118
a4,0.19642857142857142,0.5344367981346158,0.6971153846153846,0.22226422302792503,0.14111957219184854,0.5188647950841603,0.158673469387755,0.269692953676043,0.6458333333333333,0.714811969848595,0.7991071428571428,0.26624840084913903,0.674315661741455,0.8900989542030087,1.0,0.8283278849175723,0.3840123039723391,0.52596184819228764
