Similarity Measures,noun_path,noun_lch,noun_wup,noun_res,noun_jcn,noun_lin,noun_lesk,noun_vector,verb_path,verb_lch,verb_wup,verb_res,verb_jcn,verb_lin,verb_lesk,verb_vector,word2vec,Average
Antecedent,0.48333333333333334,0.7153917794487216,0.8119658119658121,0.268427529166708,0.4196720138490071,0.6154253442207919,0.583054253466405,0.578074949751786,0.7777777777777778,0.7839443849924853,0.8888888888888888,0.22772604985997322,0.7419868002405936,0.9013544400120087,1.0,0.865203132495899,0.580158397830013,0.6613167580764826
a3,0.27777777777777773,0.6362833968817504,0.769482151835093,0.20385883899137558,0.15441084670388022,0.531164639636068,0.3959815689614307,0.42644319261634206,0.7777777777777778,0.7839443849924853,0.8571428571428571,0.22772604985997322,0.723862442303298,0.866275776868477,0.7879797979797981,0.8736849347743113,0.6191502150941353,0.58311450883510774
a2,0.22777777777777777,0.5534862909807904,0.6367521367521368,0.1782677411886623,0.12741161657076905,0.4374612593724816,0.287437931039555,0.30970400843654605,0.7777777777777778,0.7839443849924853,0.8571428571428571,0.22772604985997322,0.7196795517988755,0.8753657758944052,0.7494404761904763,0.8736849347743113,0.5484874536269412,0.53950282495157775
a4,0.24444444444444446,0.5959563705208281,0.7380952380952381,0.2145953184475378,0.15039011506722536,0.5032178249926907,0.633758217712036,0.34020930953724937,0.7777777777777778,0.7839443849924853,0.8333333333333334,0.22772604985997322,0.7084518345644151,0.8563124388717167,0.7585282651072123,0.79430706504084,0.51677119174806,0.56928348118312133
