Similarity Measures,noun_path,noun_lch,noun_wup,noun_res,noun_jcn,noun_lin,noun_lesk,noun_vector,verb_path,verb_lch,verb_wup,verb_res,verb_jcn,verb_lin,verb_lesk,verb_vector,word2vec,Average
a1,0.7834821428571429,0.8496888498968506,0.9070723684210527,0.412702365696935,0.7760687193459899,0.8551716519325913,0.8053481809390424,0.7969877318556297,0.611111111111111,0.7213107922719865,0.8241758241758242,0.3912406866728226,0.6040722097969566,0.8421699602984094,0.7955438741153027,0.7682427451055114,0.6249057680359892,0.72760558720759705
a3,0.4521329365079365,0.6250947508368485,0.717251461988304,0.27478198383316016,0.43554051342113564,0.6231889812010315,0.46485747122846544,0.46754795271207517,0.5277777777777778,0.6586771995514874,0.6333333333333333,0.2373086557966372,0.42749207585903787,0.7064238236117774,0.6990150942531894,0.5505957381840506,0.5073323574478971,0.52990306514965557
a2,0.5668154761904762,0.7109501824681421,0.7947916666666667,0.3877718378760993,0.5590137428960099,0.7465154799754331,0.6073100664544664,0.6074534716265285,0.5277777777777778,0.6586771995514874,0.6904761904761904,0.26911296662355005,0.42749207585903787,0.7064238236117774,0.6024809699412873,0.5619353009782697,0.577339953192325,0.58837283424503095
Antecedent,1.0,0.9860896635111783,1.0,0.4842782766193393,1.0,1.0,1.0,0.9999999999999934,1.0,0.8832162807399176,1.0,0.5079538925926411,1.0,1.0,1.0,1.0,1.0,0.93303165373312169
a4,0.32832792207792205,0.5850591050998444,0.7234699328449329,0.2499562920276096,0.3215680826566875,0.5759714839038504,0.5229785325586918,0.41700794476534,0.5277777777777778,0.6586771995514874,0.6717948717948717,0.2841573511800897,0.42749207585903787,0.7064238236117774,0.6990150942531894,0.5652728002567723,0.5596147635666275,0.51909206198744184
