Similarity Measures,noun_path,noun_lch,noun_wup,noun_res,noun_jcn,noun_lin,noun_lesk,noun_vector,verb_path,verb_lch,verb_wup,verb_res,verb_jcn,verb_lin,verb_lesk,verb_vector,word2vec,Average
Antecedent,0.1619047619047619,0.4889895152696315,0.6083333333333333,0.20848074520604354,0.13697610437578636,0.4661309241959843,0.34689795772786064,0.22059450503472766,0.38888888888888884,0.6220388965245539,0.6296296296296297,0.18338604289114957,0.536739889463616,0.7421562179003809,0.3928266985806667,0.37261764194604136,0.30063346272016783,0.4004250126819543
a3,0.4365079365079365,0.6483494502332032,0.746031746031746,0.28034805112548017,0.4515317839049362,0.711061788466365,0.5066937575677294,0.529277069307569,0.38888888888888884,0.622038896524554,0.5555555555555555,0.1370574935322382,0.14769704479071558,0.4389022308513442,0.763888888888889,0.47795682544584867,0.5292773817729315,0.49241557584681955
a2,0.15079365079365079,0.4725147254231592,0.6031746031746031,0.1536280932827042,0.10839270929448012,0.3653595332634734,0.435498630545321,0.27633475236030863,0.5555555555555555,0.6846724892450529,0.6666666666666666,0.1355271220645032,0.516484542659678,0.5888759968149165,0.53995522995523,0.5825457606166576,0.32339663707006405,0.42113980581094262
a4,0.4365079365079365,0.6483494502332032,0.746031746031746,0.28034805112548017,0.4515317839049362,0.711061788466365,0.5066937575677294,0.46999808797079473,0.5555555555555555,0.6846724892450529,0.6666666666666666,0.1355271220645032,0.516484542659678,0.5888759968149165,0.53995522995523,0.5825457606166576,0.4228634988343993,0.52609820377769712
