"Similarity Measures","noun_path","noun_lch","noun_wup","noun_res","noun_jcn","noun_lin","noun_lesk","noun_vector","verb_path","verb_lch","verb_wup","verb_res","verb_jcn","verb_lin","verb_lesk","verb_vector","word2vec"
"a1","0.5561224489795918","0.7765170827629476","0.8804103459565644","0.3844280175437525","0.5901055207915984","0.8262778609368082","0.6859747492734911","0.6467740352209389","0.8333333333333334","0.8205826880194187","0.9333333333333332","0.23757697278514667","0.957174316770145","0.9702484409479979","1.0","0.9998578389199909","0.4484975414809411"
"a3","0.24523809523809523","0.5884438044620606","0.7232600732600732","0.23566931421177362","0.24617483022990108","0.557553804912264","0.37896504719801555","0.27763825876061415","0.8333333333333334","0.8205826880194187","0.8888888888888888","0.1824458000358352","0.7676785104837371","0.8691772158730813","1.0","0.917859612323463","0.45271825568433"
"a2","0.22913475413475415","0.5122649839578484","0.5939642523676136","0.17957889134623944","0.2699272644151153","0.4261587572016591","0.33431756039534094","0.3359081398814007","1.0","0.8832162807399176","1.0","0.27308797772861587","1.0","1.0","1.0","1.0","0.415661183663041"
"Antecedent","1.0","0.9860896635111783","1.0","0.47251134742744444","1.0","1.0","1.0","0.9999999999999989","1.0","0.8832162807399176","1.0","0.27308797772861587","1.0","1.0","1.0","1.0","1.0"
"a4","0.18253968253968256","0.5049344895359708","0.6279120260544409","0.20422266841232756","0.10068623778869572","0.3806806870343863","0.3941408015284221","0.22746897572901453","0.8333333333333334","0.8205826880194187","0.8888888888888888","0.1824458000358352","0.7676785104837371","0.8691772158730813","1.0","0.917859612323463","0.4224304010450418"
