"Similarity Measures","noun_path","noun_lch","noun_wup","noun_res","noun_jcn","noun_lin","noun_lesk","noun_vector","verb_path","verb_lch","verb_wup","verb_res","verb_jcn","verb_lin","verb_lesk","verb_vector","word2vec"
"Antecedent","0.28869047619047616","0.5735947862896795","0.7197469197469198","0.3177921410502305","0.18699839624945963","0.4120003149214275","0.42364512538596194","0.4302229352726328","0.3333333333333333","0.5854005934976205","0.5833333333333333","0.2313094148317137","0.591593079398341","0.8214763027822636","1.0","0.4402441623352525","0.46884085031283146"
"a3","0.17425595238095237","0.5062734932356673","0.7035341422498173","0.25223717297851633","0.07851737920734755","0.35590603907169044","0.22261175322125304","0.2964997268050975","0.29166666666666663","0.5464076589572724","0.45","0.10283385578232465","0.5428080060661107","0.495190953915552","0.39397775835275806","0.365102108305292","0.295631786617484"
"a2","0.18988095238095237","0.5257699605058413","0.6731509911656971","0.17108920301439598","0.10302358636403837","0.3190857423868974","0.4501032743888959","0.277546199522262","0.29166666666666663","0.5464076589572724","0.45","0.17638749573236523","0.5459409154711555","0.6703814365350025","0.41594098031598004","0.365102108305292","0.29080724222468995"
"a4","0.1730654761904762","0.5003654519786266","0.6674078662565505","0.22000023530148125","0.07990001431070183","0.30657582839385045","0.17705227736888904","0.3596337973699409","0.29166666666666663","0.5464076589572724","0.45","0.19547819725771826","0.559152615341579","0.7284849580174817","0.385625","0.365102108305292","0.4188950239129826"
