"Similarity Measures","noun_path","noun_lch","noun_wup","noun_res","noun_jcn","noun_lin","noun_lesk","noun_vector","verb_path","verb_lch","verb_wup","verb_res","verb_jcn","verb_lin","verb_lesk","verb_vector","word2vec"
"Antecedent","0.3240909090909091","0.6239444950468028","0.7168147538735774","0.2210231442756533","0.28181287468846683","0.5072449482419753","0.5093730374848995","0.40472271101283636","0.41666666666666663","0.6403580480380207","0.6631944444444444","0.1769865350056991","0.35928038003995466","0.5797420322672632","0.8622369704570793","0.50946872493395","0.4144268760793385"
"a3","0.21261904761904762","0.5428895937906193","0.6516965490649701","0.16560931923382394","0.17664620903295786","0.4089865894365","0.38523354052491243","0.34194897268607033","0.6666666666666667","0.7343084371187691","0.84375","0.2367910086368002","0.6697593554844233","0.8766206887394955","0.8432098765432098","0.7452062509002093","0.4192620846414043"
"a2","0.37500000000000006","0.6453182747742086","0.735357263995035","0.24591225023560645","0.2934527318190561","0.5476670486680353","0.47949323572720537","0.44969876987472795","0.37499999999999994","0.6128793207678206","0.5833333333333333","0.1355490229284766","0.1434809275314785","0.37692060899654706","0.5402588813303097","0.422952291884681","0.462320745991929"
"a4","0.18901154401154402","0.5019507774015566","0.5655646692488797","0.15023070725641566","0.1623022129235102","0.3844344377240868","0.3322193539266808","0.34661748208188403","0.5416666666666666","0.6873332425783949","0.71875","0.22998994647637133","0.5531194794458535","0.8357377462607409","0.8407356532356532","0.561548007851551","0.34763427413962544"
