Similarity Measures,noun_path,noun_lch,noun_wup,noun_res,noun_jcn,noun_lin,noun_lesk,noun_vector,verb_path,verb_lch,verb_wup,verb_res,verb_jcn,verb_lin,verb_lesk,verb_vector,word2vec,Average
Antecedent,0.18246031746031743,0.5019005302100004,0.6433333333333333,0.18065998180933585,0.12321326457990414,0.4086929044061177,0.24556062595193281,0.2649955687019274,0.8333333333333334,0.8205826880194187,0.8888888888888888,0.20230033069643102,0.7904417229610687,0.9118024340334223,1.0,0.8508211396851774,0.4820306395262347,0.54888339432922617
a3,0.17412698412698413,0.5019005302100004,0.6072681704260651,0.15862706001865715,0.10021364126106966,0.32825886204917626,0.31835258941867756,0.15457637803707902,0.8333333333333334,0.8205826880194187,0.8888888888888888,0.22604329302937276,0.7904417229610687,0.9118024340334223,1.0,0.8508211396851774,0.4856689236246844,0.5382886258307692
a2,0.16579365079365077,0.48630335639386113,0.5744289044289044,0.1327122291645218,0.10879523509657466,0.31974067221821006,0.2731720978237922,0.1929613447173528,0.38888888888888884,0.622038896524554,0.5555555555555555,0.048800732842542514,0.17678324388386624,0.1636379453698658,0.6760298102981027,0.7466748291807753,0.4053277660320314,0.35515559760076765
a4,0.19675324675324674,0.5187161082036482,0.6059740259740259,0.15786083971136988,0.12042542014071164,0.37680114391044467,0.3615626588126034,0.23462051464901562,0.8333333333333334,0.8205826880194187,0.8888888888888888,0.20230033069643102,0.7904417229610687,0.9118024340334223,1.0,0.8508211396851774,0.4484420949397387,0.54819568180662026
