Similarity Measures,noun_path,noun_lch,noun_wup,noun_res,noun_jcn,noun_lin,noun_lesk,noun_vector,verb_path,verb_lch,verb_wup,verb_res,verb_jcn,verb_lin,verb_lesk,verb_vector,word2vec,Average
Antecedent,0.12169312169312169,0.413167355711405,0.4666666666666666,0.12593136242924682,0.08027454449556033,0.2792951414130292,0.20080968414301767,0.3068830507015497,0.3611111111111111,0.5960436068309884,0.5777777777777778,0.1441749781226346,0.1871733191483956,0.39914663003510326,0.4511247810160854,0.37114533804761335,0.354474155536323,0.31981721322821355
a3,0.13095238095238096,0.43445338237814096,0.5470142602495544,0.17619961699965384,0.07639478907391971,0.3414603215891658,0.10025699520227173,0.12689393553707576,0.5833333333333334,0.6953155025784209,0.6888888888888888,0.23796912297801912,0.47772914594667576,0.578469100700089,0.725595238095238,0.6319439125636913,0.43538782179193525,0.41107398522696798
a2,0.0,0.0,0.0,0.0,0.0,0.0,0.0,0.0,0.0,0.0,0.0,0.0,0.0,0.0,0.0,0.0,0.28624515904254655,0.016837950531914503
a4,0.2333333333333333,0.5794815806743557,0.7130647130647131,0.2500387572788051,0.17875414106359713,0.59487952503962,0.5487701295207349,0.29149417031017805,0.3055555555555555,0.5594053038040551,0.5662337662337662,0.1570702259325725,0.1552414354513538,0.3875252339085146,0.4544504593090733,0.3565753454609078,0.4624519077451649,0.39966621080507653
