"Similarity Measures","noun_path","noun_lch","noun_wup","noun_res","noun_jcn","noun_lin","noun_lesk","noun_vector","verb_path","verb_lch","verb_wup","verb_res","verb_jcn","verb_lin","verb_lesk","verb_vector","word2vec"
"Antecedent","0.15161661255411255","0.45400151055961224","0.5008411319073084","0.09731481423518236","0.08953787424359774","0.2210828028229828","0.2913418353949383","0.1790933127003576","0.48518518518518516","0.643290931926812","0.6431372549019607","0.14926715907975177","0.3254586342462382","0.4911807285211882","0.5808972687610254","0.5300186548453858","0.3715392723956079"
"a3","0.24955357142857146","0.5619859901222792","0.6823850314417265","0.2307345763756669","0.20446907321314184","0.5243440744622302","0.43898222653242386","0.3312775552753471","0.4574074074074075","0.6224130676866456","0.5986928104575164","0.11832623766855282","0.3251629674209999","0.41716935586288095","0.4842338318465749","0.5300186548453858","0.41540877444677576"
"a2","0.2302827380952381","0.5340260985056328","0.6744285485933503","0.2169284749613184","0.16156560159994782","0.4625360859034947","0.42829303542806474","0.2941409004499659","0.4666666666666667","0.6310781642511675","0.6098039215686275","0.14750517810198394","0.3434213790748285","0.5195068029672486","0.6493189027451961","0.634625392689979","0.3854530239716225"
"a4","0.18990575396825396","0.5225491198739302","0.6666266025641026","0.16896944299522437","0.10161139687762","0.39049147359276865","0.3926404003486427","0.21717452096780646","0.49444444444444446","0.6519560284913337","0.6690631808278867","0.17843809235105493","0.35816360054800433","0.552273569879604","0.7129392224961008","0.6792084137922236","0.3932529035479415"
