"Similarity Measures","noun_path","noun_lch","noun_wup","noun_res","noun_jcn","noun_lin","noun_lesk","noun_vector","verb_path","verb_lch","verb_wup","verb_res","verb_jcn","verb_lin","verb_lesk","verb_vector","word2vec"
"Antecedent","0.35287698412698415","0.6309567261292277","0.7653554370466136","0.27449523608944754","0.30875613681088293","0.6080655151685551","0.44467112573502615","0.39718863685127087","0.611111111111111","0.7213107922719862","0.8412698412698413","0.2654329262858699","0.761029641315338","0.8861642258109729","1.0","0.9262475159909428","0.47570871533816433"
"a3","0.32996031746031745","0.6448765518095078","0.8057758009963892","0.3145150869347087","0.3058191390151735","0.6626769218852512","0.4708813843621417","0.3876589596440034","0.611111111111111","0.7213107922719862","0.8222222222222223","0.2407003834553391","0.761029641315338","0.8861642258109729","1.0","0.8477029766973132","0.5074824367793566"
"a2","0.19570105820105824","0.5092469814067107","0.6383717589599942","0.17857602108307277","0.11682209981388958","0.3839832000224925","0.3511352899641267","0.19852745667773816","0.3333333333333333","0.5854005934976205","0.5","0.07589678637890797","0.10914551415688005","0.1861372644230126","0.6069679934263267","0.3848023317737033","0.39695769709348333"
"a4","0.17533068783068784","0.5054089123166612","0.6181856270091565","0.18643177760383886","0.08945697748867364","0.3855369456248025","0.2776470364407002","0.18029923036269344","0.0","0.0","0.0","0.0","0.0","0.0","0.0","0.0","0.34842354681776205"
