"Similarity Measures","noun_path","noun_lch","noun_wup","noun_res","noun_jcn","noun_lin","noun_lesk","noun_vector","verb_path","verb_lch","verb_wup","verb_res","verb_jcn","verb_lin","verb_lesk","verb_vector","word2vec"
"Antecedent","0.15476190476190477","0.4794793435942155","0.5333333333333333","0.12588519751206606","0.1213619790331407","0.3565648335002021","0.3007686328119765","0.369150847078508","0.3958333333333333","0.6208615807678466","0.6208333333333333","0.2135084846189806","0.49189028001108326","0.7369557559320581","0.7508522044402928","0.643637565866884","0.42726455078120806"
"a3","0.1875","0.5163377181074366","0.5454545454545454","0.11136800883008237","0.10401614340933557","0.2912022565529999","0.3075070305900135","0.2896743233779075","0.6458333333333334","0.7148119698485951","0.7428571428571429","0.19290996331522542","0.6493378019998259","0.8049583505553694","0.7592938020384727","0.7922478563715095","0.37218830537179937"
"a2","0.3214285714285714","0.6283871872153641","0.7301587301587301","0.1622759961174653","0.5288107259670185","0.6709925758888807","0.6799995383586714","0.410143572552499","0.6458333333333334","0.7148119698485951","0.725","0.1906614898823496","0.6488661555541504","0.7861816548506945","0.7078125","0.7922478563715095","0.4121802518553232"
"a4","0.2222222222222222","0.5393661326477328","0.5833333333333334","0.1385962791390782","0.08583083364322039","0.2928268923761357","0.325818611535523","0.19335809658290798","0.425","0.6332176731527008","0.6333333333333333","0.22482281114245237","0.3141785699252527","0.7034960916592996","0.895285828243677","0.6799061785881013","0.39014018842047954"
