Similarity Measures,noun_path,noun_lch,noun_wup,noun_res,noun_jcn,noun_lin,noun_lesk,noun_vector,verb_path,verb_lch,verb_wup,verb_res,verb_jcn,verb_lin,verb_lesk,verb_vector,word2vec,Average
Antecedent,0.4222222222222222,0.7148305227055842,0.8848484848484848,0.37403969010451305,0.33419901359556126,0.7570564352099858,0.7905941879471291,0.5828663405313826,0.7333333333333334,0.7377855821184586,0.7777777777777777,0.1823802805410014,0.7086883462262703,0.7855205888137053,0.8528432949164656,0.7976716219826413,0.5415225163409922,0.64577530818914763
a3,0.371031746031746,0.6606355750709436,0.8295949664370715,0.3348337897052125,0.311506102202921,0.6781845650044876,0.5952783731271561,0.5956013725882575,0.7777777777777777,0.7839443849924853,0.923076923076923,0.2512943683110398,0.7272411338583403,0.8921220244663232,1.0,0.834941124819776,0.5485011327110885,0.65385678589303242
a2,0.21944444444444444,0.5664839358275731,0.7474412412492909,0.27479021352958016,0.09873789370488106,0.39621227609961757,0.5906896441993591,0.4391329554091423,0.8333333333333334,0.8205826880194187,0.9523809523809524,0.24685083183054254,0.8561413275776069,0.9597726570213685,1.0,0.9105548629872731,0.5099903820034916,0.61309056703634557
