"Similarity Measures","noun_path","noun_lch","noun_wup","noun_res","noun_jcn","noun_lin","noun_lesk","noun_vector","verb_path","verb_lch","verb_wup","verb_res","verb_jcn","verb_lin","verb_lesk","verb_vector","word2vec"
"Antecedent","0.20555555555555557","0.5534862909807903","0.6891587944219523","0.24870954377478707","0.11500260326536875","0.4555075099913401","0.251107761085628","0.3006265646669463","0.611111111111111","0.7213107922719865","0.7666666666666666","0.2782983424215372","0.7104665722127423","0.8352620058256935","0.929604102849717","0.6916332821349424","0.6086416103139275"
"a3","0.1037037037037037","0.37141728933239787","0.42609351432880843","0.0912794006269567","0.0405763879744998","0.12241750913424966","0.08978683353683359","0.12824310488306606","0.3333333333333333","0.5854005934976205","0.6851851851851851","0.17924378553645395","0.43222032151987944","0.653705700756248","0.39253189491284735","0.24431203129721502","0.45412140023319303"
"a2","0.15555555555555556","0.47068918507983026","0.5936507936507937","0.14944356878758353","0.07110208867542235","0.2812244150307146","0.254708983989462","0.464699300113806","0.5555555555555555","0.684672489245053","0.6960784313725491","0.13158545527003732","0.4320965391244453","0.5266934391471326","0.5575328111042396","0.5362475819351423","0.5057926459286"
"a4","0.4444444444444444","0.6622786865753159","0.7489878542510121","0.24600901219786717","0.368135395030869","0.45191890736976453","0.45582328891152396","0.4245300905414989","0.611111111111111","0.7213107922719862","0.7516339869281046","0.2090762899680613","0.47738069246636394","0.7567327730739332","0.7635627202620667","0.657073339657006","0.5856823501346173"
