"Similarity Measures","noun_path","noun_lch","noun_wup","noun_res","noun_jcn","noun_lin","noun_lesk","noun_vector","verb_path","verb_lch","verb_wup","verb_res","verb_jcn","verb_lin","verb_lesk","verb_vector","word2vec"
"Antecedent","0.21388888888888888","0.5582465409043369","0.6815868227632934","0.18407145486105222","0.157358450495158","0.37018918319181154","0.3681427342375054","0.2707218734022465","0.611111111111111","0.7213107922719862","0.7222222222222222","0.24262848390526326","0.5495006146427077","0.7734927370943332","0.7958333333333334","0.63527374420551","0.42160169842257966"
"a2","0.5238095238095238","0.7362668126382251","0.8483309990662932","0.347968626460166","0.42984605961940553","0.652640085566167","0.5993456669547167","0.5960024149819396","0.3333333333333333","0.5854005934976205","0.6544117647058824","0.2181166046834484","0.2250234054911258","0.579472046888601","0.5039731423970556","0.4111997320885103","0.44160628433784116"
