Similarity Measures,noun_path,noun_lch,noun_wup,noun_res,noun_jcn,noun_lin,noun_lesk,noun_vector,verb_path,verb_lch,verb_wup,verb_res,verb_jcn,verb_lin,verb_lesk,verb_vector,word2vec,Average
Antecedent,0.18660714285714283,0.5176750030563866,0.6789925180598555,0.19929136623797553,0.12030327339168569,0.4447371879793485,0.47960106302153055,0.29787711783133963,0.5833333333333333,0.714811969848595,0.8173076923076923,0.23343262663920644,0.7894456503804016,0.8786113289608023,1.0,0.8535474348102365,0.5156186931031804,0.54771725893051249
a3,0.4220238095238095,0.6799012677552821,0.7989953673777204,0.29746344115939105,0.36550972248794755,0.6388519429655899,0.6483844093480945,0.5363250339144736,0.75,0.7892658916591693,0.8333333333333333,0.2066638532499472,0.6570397868524552,0.856055223972881,1.0,0.87168319764627,0.4517749387439498,0.63548654235237145
a2,0.2970238095238095,0.5859508786745338,0.6805497198879552,0.24021068448747343,0.24674655561749118,0.5502587960679407,0.635544918678569,0.40779391477467275,0.75,0.7892658916591693,0.8333333333333333,0.2066638532499472,0.6570397868524552,0.856055223972881,1.0,0.87168319764627,0.5052726535730016,0.59490548341173544
a4,0.2520833333333333,0.5947445297454861,0.7270562770562771,0.2435741449075286,0.16605743863746836,0.5500357835316407,0.6161351458745973,0.33463924330690353,0.75,0.7892658916591693,0.8541666666666666,0.25876425820738536,0.8355541781997392,0.943135704800476,1.0,0.87168319764627,0.49802846519415656,0.6049955446333587
