Similarity Measures,noun_path,noun_lch,noun_wup,noun_res,noun_jcn,noun_lin,noun_lesk,noun_vector,verb_path,verb_lch,verb_wup,verb_res,verb_jcn,verb_lin,verb_lesk,verb_vector,word2vec,Average
Antecedent,0.10555555555555556,0.37617753925594444,0.40384615384615385,0.08121337918023995,0.07346507622549489,0.19237084618218014,0.13612057876763756,0.13381768932343502,0.3333333333333333,0.5854005934976205,0.6388888888888888,0.1674471450371496,0.3365311049065717,0.6781419054595681,0.357638888888889,0.45926846978063995,0.38199666941602906,0.32007140103207837
a3,0.12698412698412698,0.4245218890538154,0.47916666666666663,0.142273041239501,0.09217482932962665,0.3133966055336934,0.19901420432969452,0.29338904426435497,0.3333333333333333,0.5854005934976205,0.6388888888888888,0.1674471450371496,0.3365311049065717,0.6781419054595681,0.357638888888889,0.45926846978063995,0.44079968939381836,0.35696296626987994
a2,0.12698412698412698,0.4245218890538154,0.47916666666666663,0.142273041239501,0.09218142979479617,0.3134034897825305,0.19901420432969452,0.25702469732071653,0.6666666666666666,0.7343084371187691,0.8888888888888888,0.22961409887262768,0.6568709467202505,0.8544781493254572,0.7450757575757575,0.745077085757622,0.39478924226993695,0.46766698931575434
a4,0.1875,0.5163377181074366,0.6142857142857143,0.2282525643493901,0.1229129554273389,0.4663172019854252,0.16604719902417256,0.3333267067693515,0.3333333333333333,0.5854005934976205,0.5576923076923077,0.1554336119894053,0.12297867181123423,0.4299766698471801,0.2173279127481715,0.3350227517335465,0.36466615738073443,0.33745953352837432
