"Similarity Measures","noun_path","noun_lch","noun_wup","noun_res","noun_jcn","noun_lin","noun_lesk","noun_vector","verb_path","verb_lch","verb_wup","verb_res","verb_jcn","verb_lin","verb_lesk","verb_vector","word2vec"
"Antecedent","0.42333333333333334","0.7045446581767856","0.8233116883116883","0.2908493962897508","0.5196568762240714","0.754224127741035","0.6327366885159094","0.5206188793617281","0.5","0.6953155025784209","0.6666666666666666","0.20156723307780608","0.3801278807555347","0.7535433136018411","1.0","0.753752011519726","0.58609573347465"
"a3","0.14714285714285716","0.4623486407724542","0.4742959001782531","0.06605501209951517","0.06569597502545267","0.147348205339589","0.21841759380273537","0.19004279039435423","1.0","0.8832162807399176","1.0","0.20966239480826138","1.0","1.0","1.0","1.0","0.3639434141404407"
"a2","0.29222222222222227","0.5166438800152887","0.574047619047619","0.16212745911188745","0.26890533196656935","0.4027662631242511","0.4516354833842846","0.4283640651509952","1.0","0.8832162807399176","1.0","0.20966239480826138","1.0","1.0","1.0","1.0","0.5525636021692675"
"a4","0.4","0.6790626104527628","0.7763746057863706","0.24526974007022334","0.39054596446510537","0.6367257857538815","0.5382898831125432","0.5216263262767875","0.5","0.6953155025784209","0.6666666666666666","0.18509397100185057","0.19051635081426285","0.584572133781379","1.0","0.753752011519726","0.6052533377329208"
