Similarity Measures,noun_path,noun_lch,noun_wup,noun_res,noun_jcn,noun_lin,noun_lesk,noun_vector,verb_path,verb_lch,verb_wup,verb_res,verb_jcn,verb_lin,verb_lesk,verb_vector,word2vec,Average
Antecedent,0.2019047619047619,0.5458664938423204,0.697879767291532,0.19931691292847406,0.10967062338117624,0.43180483159584593,0.1965436442256428,0.22855920805321936,0.6666666666666666,0.7343084371187691,0.75,0.10483119740413069,0.5544465575845473,0.5,0.652777777777778,0.7244074979630255,0.43226646763853943,0.45477946149273107
a3,0.39999999999999997,0.6790626104527628,0.8088687782805429,0.27767970781572154,0.3381879050067806,0.6888795968889381,0.6077060707323864,0.4339059023958368,0.6666666666666666,0.7343084371187691,0.75,0.10483119740413069,0.5544465575845473,0.5,0.6854166666666666,0.7244074979630255,0.47146279099047583,0.55446061093924992
a2,0.1933333333333333,0.5265287539231721,0.6594182288299935,0.19708029718841089,0.11305569754958442,0.429856943403335,0.1682043224359306,0.13203607158764297,0.41666666666666663,0.6403580480380207,0.65,0.10370668542976041,0.5464359197639365,0.4973038184739173,0.641790905385169,0.6867208194462351,0.4062389059673938,0.41227855396602964
a4,0.14357142857142854,0.4487232007615617,0.5402197802197802,0.12278504330047062,0.09361362305257058,0.30191306282398594,0.155429833844252,0.17035126951410526,0.6666666666666666,0.7343084371187691,0.75,0.10483119740413069,0.5544465575845473,0.5,0.63125,0.7244074979630255,0.3042661299961516,0.40863433698949675
