Similarity Measures,noun_path,noun_lch,noun_wup,noun_res,noun_jcn,noun_lin,noun_lesk,noun_vector,verb_path,verb_lch,verb_wup,verb_res,verb_jcn,verb_lin,verb_lesk,verb_vector,word2vec,Average
Antecedent,0.2292768959435626,0.5572683043775978,0.6785153118486451,0.240261497095861,0.21127784160205104,0.4867555190261154,0.4784013039311373,0.30110696961161965,0.41666666666666663,0.6403580480380207,0.5833333333333333,0.0640063052454914,0.2033100064045791,0.3037658238096219,0.5773949579831935,0.409835902269694,0.42614081014419036,0.40045149984302231
a3,0.23624338624338626,0.5851073440649279,0.727685894352561,0.22368272118232335,0.14905044842212395,0.45301725752362976,0.5510435216133154,0.37359967168719277,0.6666666666666666,0.7343084371187691,0.75,0.10483119740413069,0.553920113148079,0.5,0.6542857142857145,0.634996620275559,0.4092624727014137,0.48868832156998776
a2,0.27574955908289245,0.5638553086626701,0.6627123363965469,0.27985745642443005,0.1965597379612942,0.45826387228926396,0.43098476547403664,0.36207357004051705,0.6666666666666666,0.7343084371187691,0.75,0.10483119740413069,0.553920113148079,0.5,0.6542857142857145,0.634996620275559,0.469713130145034,0.48816344031621206
a4,0.2078483245149912,0.5429774444225037,0.6266267033810894,0.15071306124114525,0.11951222897925981,0.36894043413521715,0.4058844862882651,0.24128399578327756,0.6666666666666666,0.7343084371187691,0.75,0.10483119740413069,0.553920113148079,0.5,0.6542857142857145,0.634996620275559,0.38139593805908506,0.44965831562963254
