"Similarity Measures","noun_path","noun_lch","noun_wup","noun_res","noun_jcn","noun_lin","noun_lesk","noun_vector","verb_path","verb_lch","verb_wup","verb_res","verb_jcn","verb_lin","verb_lesk","verb_vector","word2vec"
"a1","0.11242424242424243","0.3842791663449162","0.4785192241538991","0.1128079126947162","0.06978263777825222","0.23055644790422175","0.30506898620211914","0.1548960846649017","0.3125","0.5659041262274465","0.475","0.07941198352885331","0.09562726286421895","0.2141361299392649","0.3558317897866218","0.25991782316176026","0.331541073560085"
"a3","0.1875534188034188","0.4063392701251368","0.4466659295297066","0.13037822172093005","0.14803690360349464","0.22667559124014308","0.3040038335933357","0.22240827112825504","0.41666666666666663","0.6403580480380207","0.6249999999999999","0.11585964796037161","0.20845358649970694","0.4321473541951857","0.8142307692307693","0.6133307637963841","0.29285492640133015"
"Antecedent","0.3676190476190477","0.628061725963681","0.7637940811625021","0.30536111229887","0.27616460526444486","0.5035662337769463","0.7309535481768543","0.5582385902464486","0.3333333333333333","0.5854005934976205","0.5138888888888888","0.18880835711479488","0.14127713708489847","0.4786834020857493","0.8313187482595378","0.5646491811869893","0.39387430390199896"
"a4","0.21829365079365082","0.48311045239385064","0.5372742943331178","0.18027648611775926","0.16606213265486103","0.33515340331811017","0.3686492146695161","0.2352860614061593","0.5833333333333333","0.714811969848595","0.7069597069597069","0.36508098012664253","0.4141016367084559","0.6679656191998129","0.8284143518518517","0.7241747538592842","0.34364968857070655"
