Similarity Measures,noun_path,noun_lch,noun_wup,noun_res,noun_jcn,noun_lin,noun_lesk,noun_vector,verb_path,verb_lch,verb_wup,verb_res,verb_jcn,verb_lin,verb_lesk,verb_vector,word2vec,Average
a1,0.0,0.0,0.0,0.0,0.0,0.0,0.0,0.0,0.6166666666666667,0.7109126763945601,0.8094017094017094,0.2061675503560557,0.5630290616302628,0.7011992448139777,0.7481384015594542,0.6355102790863166,0.3455692069847164,0.31391734099374824
a3,0.19631519274376416,0.4973839353890702,0.6137229628693583,0.17012656940327503,0.10631693836859736,0.3669503546166479,0.42707749766573305,0.33756395996960237,0.4833333333333333,0.6513495389461007,0.6355555555555555,0.1549528369389137,0.4025381427779563,0.5090849057471792,0.527635059871902,0.49190707582406645,0.39612649714636977,0.40987884453926032
a2,0.17176870748299322,0.48843385267128797,0.6496088497968197,0.2088281535116035,0.1190120260245943,0.45274921884040886,0.3466618665862366,0.27906128476095315,0.45,0.6293665571299406,0.6355555555555555,0.10891133697651212,0.37457820440768247,0.4712567621838272,0.4327698412698414,0.5173164239710756,0.3581168563075788,0.39376444102805364
Antecedent,0.5418367346938776,0.7323911031566243,0.8466711859569003,0.3328325224370762,0.5037460323867707,0.7115759016701217,0.6731821862944312,0.6028952461318546,0.6166666666666667,0.7109126763945601,0.7355555555555555,0.17070154588620606,0.5559856097801826,0.6539251347034172,0.6998138873138874,0.6316398703618684,0.6117390755338898,0.60776887852493466
