Similarity Measures,noun_path,noun_lch,noun_wup,noun_res,noun_jcn,noun_lin,noun_lesk,noun_vector,verb_path,verb_lch,verb_wup,verb_res,verb_jcn,verb_lin,verb_lesk,verb_vector,word2vec,Average
a1,0.15551146384479717,0.4744711984766376,0.5632798573975045,0.11928051829286446,0.08940460950270478,0.26056809490814525,0.2821140862484668,0.1886547160632569,0.5714285714285714,0.6684725342696357,0.7654761904761905,0.24151672940786312,0.5091841771835298,0.7198344890560245,0.772522436463763,0.6509760401994863,0.39039440886475296,0.43665236012259967
a3,0.3,0.6468924189506403,0.8008514180082806,0.2548013750056907,0.27680113457399497,0.6556643695122761,0.680717182274529,0.4299858226789456,0.38095238095238093,0.6102253062234789,0.5619047619047619,0.18170505666410852,0.25909926640433756,0.5992164376551222,0.808966033966034,0.532808641325912,0.37775097559710596,0.49166721068809405
a2,0.37420634920634926,0.635902340271874,0.750842919263972,0.2722375547670734,0.3386262221397729,0.6194708457740672,0.6543220441314701,0.5294914300304956,0.4404761904761905,0.6259274360921647,0.5952380952380951,0.2598667151083291,0.38275447366295545,0.6808729234591774,0.6792992608298729,0.4555040926481601,0.4458412234464418,0.51416941862038001
Antecedent,1.0,0.9860896635111784,1.0,0.4447260952286681,1.0,1.0,1.0,1.0,1.0,0.8832162807399176,1.0,0.4386629853582892,1.0,1.0,1.0,1.0,1.0,0.92662911910812085
a4,0.5203703703703704,0.7449347402534097,0.8340080971659918,0.30689794670086573,0.5829360489297439,0.7297954743942485,0.7281295219665882,0.609374355064981,0.36904761904761907,0.5990844677833794,0.5476190476190476,0.22948732336048056,0.298190719434335,0.6581206866333359,0.6132728604157176,0.3899773700173438,0.47579579502159763,0.54335543789288554
