"Similarity Measures","noun_path","noun_lch","noun_wup","noun_res","noun_jcn","noun_lin","noun_lesk","noun_vector","verb_path","verb_lch","verb_wup","verb_res","verb_jcn","verb_lin","verb_lesk","verb_vector","word2vec"
"Antecedent","0.27499999999999997","0.5901245940077238","0.7308080808080808","0.20139359115235303","0.16930935029436697","0.5112810929415333","0.6224329338597017","0.2741920729114057","0.4066666666666666","0.5860741015893854","0.5466666666666666","0.14467356715216545","0.3619337756439297","0.563419141459277","0.45490243276797904","0.44522794727646364","0.44832623182226544"
"a3","0.15555555555555556","0.4706891850798302","0.5457875457875457","0.12972093768696394","0.10336563024883032","0.3245398892085152","0.412196779799721","0.1830672216878073","0.2733333333333333","0.526510964140926","0.4688888888888888","0.14089546784115994","0.28271838227637297","0.4259236474511926","0.42971158757778466","0.3086046134227248","0.48416863592580484"
"a2","0.1976190476190476","0.5395570546386776","0.6468864468864468","0.16435918737011743","0.11199323303095109","0.39984207206461325","0.31099303548900337","0.275145730807328","0.4066666666666666","0.5860741015893854","0.5466666666666666","0.15516416329853328","0.3619337756439297","0.563419141459277","0.5658839142494603","0.47587467368365555","0.3806023894723555"
"a4","0.24444444444444446","0.5959563705208281","0.7269841269841271","0.20804657339976063","0.13406416811318586","0.5261615531080773","0.7656510124392066","0.250147977467523","0.5","0.6577353469461216","0.6355555555555554","0.22099371665963852","0.32388284508288756","0.6180065978133602","0.5578962732919255","0.5467868081525881","0.5254158226486543"
