"Similarity Measures","noun_path","noun_lch","noun_wup","noun_res","noun_jcn","noun_lin","noun_lesk","noun_vector","verb_path","verb_lch","verb_wup","verb_res","verb_jcn","verb_lin","verb_lesk","verb_vector","word2vec"
"Antecedent","0.24081632653061222","0.5765044590259639","0.6277056277056278","0.19523582934809935","0.25465303685451074","0.49556444293542373","0.4826066396729177","0.3211650601289943","0.6666666666666666","0.7579490952989199","0.7777777777777777","0.20105048746592769","0.4841526076970258","0.7563086063903434","1.0","0.7055243731263433","0.4222224289534265"
"a3","0.1715986394557823","0.48466221552011834","0.5701953508676197","0.15979059563279674","0.09954414696731273","0.35326726941382486","0.3872201334702349","0.24852324036945023","0.6666666666666666","0.7579490952989199","0.7777777777777777","0.20105048746592769","0.4841526076970258","0.7563086063903434","1.0","0.7754207415264084","0.2687484731901843"
"a2","0.3059523809523809","0.5955044286819772","0.634920634920635","0.1960257459393072","0.23739004306696884","0.45232326792555144","0.43776160613537085","0.4176349335618233","0.4166666666666667","0.632681909857922","0.6746031746031745","0.2669858003598185","0.4979645860703073","0.731426840178631","0.7781986531986534","0.5562773951503993","0.4751446110310789"
"a4","0.2779478458049887","0.5510698720066407","0.6081632653061224","0.18655248959140464","0.22044868546805457","0.4277526762399902","0.42990736285804326","0.33640890856065947","0.38888888888888884","0.6220388965245539","0.5793650793650794","0.21968451878073147","0.3565542329074863","0.7169114399064144","0.7654822240787152","0.6519574441743043","0.5097201982377547"
