"Similarity Measures","noun_path","noun_lch","noun_wup","noun_res","noun_jcn","noun_lin","noun_lesk","noun_vector","verb_path","verb_lch","verb_wup","verb_res","verb_jcn","verb_lin","verb_lesk","verb_vector","word2vec"
"Antecedent","0.22708333333333333","0.567686745032639","0.7012254901960784","0.1764887333996255","0.11158314626487785","0.41273728325085796","0.30977191624605327","0.27452936964951175","0.3333333333333333","0.5854005934976205","0.5576923076923077","0.2169832405603776","0.16099667392481762","0.5647268504844828","0.2228165365336415","0.366815918284655","0.3731942066964684"
"a3","0.15397727272727274","0.46451055867325874","0.5208174178762415","0.11238726955363934","0.09987681063969948","0.2892298755326871","0.24753671042165099","0.298490835550752","0.3333333333333333","0.5854005934976205","0.5","0.1705406542153321","0.14011913785213403","0.4448177281364092","0.2694165813699225","0.366815918284655","0.22635244873464638"
"a2","0.0","0.0","0.0","0.0","0.0","0.0","0.0","0.0","0.3333333333333333","0.5854005934976205","0.5357142857142857","0.20429869952460447","0.14236448140305186","0.536750451788172","0.251258856275304","0.297803430304735","0.21187763637819382"
"a4","0.16249999999999998","0.47096981345139893","0.6046122994652406","0.15606603639401145","0.11655525994858451","0.40095128731949387","0.2558198625540665","0.270174678175729","0.3333333333333333","0.5854005934976205","0.65","0.2379288171784122","0.14011913785213403","0.5193929224901189","0.629067560728745","0.5007477857426634","0.39367606869818866"
