Similarity Measures,noun_path,noun_lch,noun_wup,noun_res,noun_jcn,noun_lin,noun_lesk,noun_vector,verb_path,verb_lch,verb_wup,verb_res,verb_jcn,verb_lin,verb_lesk,verb_vector,word2vec,Average
a1,0.1488888888888889,0.4605798084746919,0.5952991452991453,0.17717086210295624,0.11393456822167843,0.42667186768888754,0.29371382233972,0.20342030870294686,0.31666666666666665,0.5698034196814813,0.48,0.11948937482595498,0.12986176629785592,0.31406931243115066,0.35520172872353417,0.2585438884418513,0.27685733273317564,0.30824545656003449
a3,0.3111111111111111,0.537953353739684,0.5611764705882354,0.20184312044616873,0.2689724933429594,0.4237350724125954,0.401145197187629,0.4226551516785114,0.5333333333333333,0.6889296945784,0.6333333333333333,0.17574994581801254,0.41737636421229374,0.57519854904508,0.7597445887445888,0.598770644683671,0.4205978648062416,0.46656625229775583
Antecedent,0.5119047619047619,0.7082852242797946,0.771965811965812,0.2829405829111472,0.4677799809712545,0.649843003925487,0.723333399886859,0.5623764829820672,0.6666666666666667,0.7484928320268596,0.7888888888888889,0.1878504892360939,0.588863250718618,0.6887999755408452,0.8617142857142858,0.7248421656566199,0.6318107892234929,0.62155050544115031
a4,0.3174603174603175,0.5515787937505763,0.5861764705882353,0.20062070923916334,0.26620576268234153,0.4161558974562266,0.401145197187629,0.3670105651976402,0.6666666666666667,0.7484928320268596,0.7888888888888889,0.18009316646850712,0.588863250718618,0.6887999755408452,0.8617142857142858,0.7027452498073503,0.46687965311682433,0.51761751073593976
