"Similarity Measures","noun_path","noun_lch","noun_wup","noun_res","noun_jcn","noun_lin","noun_lesk","noun_vector","verb_path","verb_lch","verb_wup","verb_res","verb_jcn","verb_lin","verb_lesk","verb_vector","word2vec"
"Antecedent","0.1976190476190476","0.5395570546386776","0.6571428571428571","0.18429433929873196","0.10278190696663393","0.3964524393622069","0.261102112054189","0.22783249636496797","0.625","0.6953155025784209","0.7","0.10483119740413069","0.544606554141404","0.5","0.5806831395348835","0.6625878761504005","0.383088754161184"
"a3","0.14484126984126983","0.4604486720717064","0.5679292929292928","0.1712190353005177","0.11995655987953298","0.4217455807826018","0.26203205222060366","0.28914704200362734","0.29166666666666663","0.5464076589572724","0.45","0.0984594856926241","0.2466370079987849","0.3833139952223747","0.265234575554343","0.350630093514164","0.2304449112960715"
"a2","0.5","0.7355552926291828","0.8666666666666667","0.31651716408317404","0.519664311316543","0.8208796722804559","0.617205314053597","0.574904965343674","0.375","0.6013651134976725","0.5333333333333333","0.0984594856926241","0.22614221521689695","0.3677036510501335","0.6021384381122755","0.515135992456773","0.3033614665899518"
"a4","0.16984126984126982","0.5029187516117442","0.6444444444444444","0.1456921449212674","0.09366905468525055","0.3377292499952596","0.32790927857113633","0.26271281216863934","0.625","0.6953155025784209","0.7","0.10483119740413069","0.544606554141404","0.5","0.590079941860465","0.6625878761504005","0.3360596972179846"
