"Similarity Measures","noun_path","noun_lch","noun_wup","noun_res","noun_jcn","noun_lin","noun_lesk","noun_vector","verb_path","verb_lch","verb_wup","verb_res","verb_jcn","verb_lin","verb_lesk","verb_vector","word2vec"
"a1","0.21581632653061225","0.5268987366285762","0.66590713401348","0.2162286837434635","0.24322379274315908","0.5333626226880422","0.420035827908173","0.27416868346316203","0.3666666666666666","0.6073835753137807","0.5","0.16931252802578486","0.3479199838418362","0.646736381763335","0.6791666666666668","0.4789270710887572","0.34489137902020445"
"a3","0.0","0.0","0.0","0.0","0.0","0.0","0.0","0.0","0.5666666666666667","0.7109126763945601","0.7","0.20162226034142422","0.38857315150622834","0.6195157442534739","0.8707954545454546","0.7082746000120652","0.24515696822439975"
"a2","0.13411826268969126","0.4240976106192268","0.5478097417456685","0.1374253341918413","0.09607696843564968","0.31935766467557153","0.26251900994311794","0.20946367871341146","0.8666666666666668","0.8236531432914582","0.9555555555555555","0.23208335309257863","0.8740434861793608","0.9547875225316032","1.0","0.9176255860645013","0.3117412801220631"
"Antecedent","0.17489177489177488","0.4955823911565699","0.6656538507931697","0.1844063887018044","0.12689944272816148","0.45751505280033966","0.444875951259832","0.32987467740949866","0.9","0.8456361251076183","0.9555555555555555","0.2357608509383476","0.9066880991691442","0.9672936460169964","1.0","0.9089805345851294","0.5274134541619914"
