"Similarity Measures","noun_path","noun_lch","noun_wup","noun_res","noun_jcn","noun_lin","noun_lesk","noun_vector","verb_path","verb_lch","verb_wup","verb_res","verb_jcn","verb_lin","verb_lesk","verb_vector","word2vec"
"Antecedent","0.45694444444444443","0.675837588165236","0.7890166592952971","0.31869824225842075","0.39410447609771104","0.6482640799048792","0.5713854388675177","0.46841773154186334","0.611111111111111","0.7213107922719865","0.746031746031746","0.19978697222960906","0.6706607974930824","0.8280521861068527","1.0","0.740093240763451","0.39261333903045337"
"a3","0.0","0.0","0.0","0.0","0.0","0.0","0.0","0.0","0.0","0.0","0.0","0.0","0.0","0.0","0.0","0.0","0.2555793853652024"
"a2","0.3277777777777778","0.6142755220342947","0.7488095238095238","0.3329552847974497","0.25620144997516237","0.5882901029985819","0.45554928734812233","0.35516240311796893","0.0","0.0","0.0","0.0","0.0","0.0","0.0","0.0","0.2346605600708298"
