"Similarity Measures","noun_path","noun_lch","noun_wup","noun_res","noun_jcn","noun_lin","noun_lesk","noun_vector","verb_path","verb_lch","verb_wup","verb_res","verb_jcn","verb_lin","verb_lesk","verb_vector","word2vec"
"Antecedent","0.4444444444444445","0.6622786865753159","0.7894736842105262","0.2934764987867836","0.4217109036041684","0.6486179666102018","0.5537653674127236","0.44348223107919305","0.0","0.0","0.0","0.0","0.0","0.0","0.0","0.0","0.553955667260719"
"a3","0.41203703703703703","0.5996450938548169","0.6222222222222222","0.18835263125057666","0.3932279081157148","0.5132796557470859","0.5116604440386257","0.515955453550043","0.3611111111111111","0.5960436068309884","0.5222222222222221","0.16257307911154414","0.27006601065911173","0.5170970537746337","0.6894993894993894","0.44469403432002963","0.38805994983034214"
"a2","0.15595238095238095","0.47692346191817875","0.6063492063492064","0.20231110948107137","0.09176279544252751","0.39855578431331606","0.20359027995984266","0.24857368028502766","0.0","0.0","0.0","0.0","0.0","0.0","0.0","0.0","0.09209734795900561"
"a4","0.46428571428571425","0.6849877532601366","0.7897435897435897","0.2867769091293983","0.4581157327891506","0.6953084162965298","0.6110907385297626","0.594717545837182","0.5833333333333334","0.6953155025784209","0.7094017094017094","0.16243711635453123","0.4632761633767868","0.6496262369306558","0.763425925925926","0.6723889814064142","0.5162844981362958"
