Similarity Measures,noun_path,noun_lch,noun_wup,noun_res,noun_jcn,noun_lin,noun_lesk,noun_vector,verb_path,verb_lch,verb_wup,verb_res,verb_jcn,verb_lin,verb_lesk,verb_vector,word2vec,Average
a1,0.29166666666666663,0.6492810417285331,0.8166666666666667,0.27952879720088936,0.1601730192827061,0.6179635923708631,0.8083333333333336,0.408365638848181,0.26666666666666666,0.5161623891865805,0.5833333333333333,0.18682730665069153,0.5468920604016134,0.6522681328903577,0.6296485260770975,0.26900159906389653,0.4004223248595704,0.47548241736633218
a3,0.26666666666666666,0.6190357719578414,0.7857142857142857,0.2769823649133958,0.5091117639869622,0.7360601890937544,0.7964183673469389,0.408365638848181,0.19642857142857142,0.43156341536335496,0.4857142857142857,0.1758581801038357,0.13748335806718792,0.4511329675163313,0.325278293135436,0.3155182808644995,0.5089321362144922,0.43683909040800117
Antecedent,0.6,0.7679436155789899,0.9,0.33103516025252333,0.5725693595060697,0.8198215910971869,0.7767559523809525,0.7378930078100645,0.19642857142857142,0.43156341536335496,0.4,0.14963634376434948,0.13748335806718792,0.4462009195361014,0.32283549783549803,0.3155182808644995,0.4525791898362767,0.49166260372480153
