Similarity Measures,noun_path,noun_lch,noun_wup,noun_res,noun_jcn,noun_lin,noun_lesk,noun_vector,verb_path,verb_lch,verb_wup,verb_res,verb_jcn,verb_lin,verb_lesk,verb_vector,word2vec,Average
a1,0.09706959706959706,0.3400147869777846,0.3361111111111111,0.0649641998666516,0.0873804696594057,0.1816558340057235,0.25386696206438164,0.12394666930433323,0.5555555555555555,0.684672489245053,0.6904761904761904,0.22666121515451265,0.4680724305585215,0.7187481282248482,0.5429819023569024,0.5816099123712534,0.5129418146079892,0.3803958393299891
a3,0.1691919191919192,0.4456020555291711,0.4242979242979243,0.0649641998666516,0.11651719429349504,0.21727499279203008,0.45994428992254194,0.2217413977258317,0.3333333333333333,0.5854005934976205,0.5,0.14653308576405916,0.23073902982339137,0.5457027760456966,0.31636604136604135,0.42580030791292667,0.3346483502498763,0.32576808774191246
Antecedent,0.13055555555555556,0.42821910553979253,0.5329311211664153,0.1595978303654119,0.07238853342139849,0.3063889776963519,0.2673641426959503,0.1937634319192767,0.3333333333333333,0.5854005934976205,0.5,0.14653308576405916,0.23073902982339137,0.5457027760456966,0.31636604136604135,0.42580030791292667,0.27900256004066876,0.32082861330258189
a4,0.4666666666666666,0.6952282662682604,0.7555555555555555,0.2574951971469969,0.3912189010808514,0.5973446101353491,0.48496214184288,0.4755273019362323,0.5555555555555555,0.684672489245053,0.7833333333333333,0.22467546069114416,0.444298924365844,0.7044840765384922,0.7916666666666666,0.6963554774908953,0.4356928589323303,0.55557255785012405
