"Similarity Measures","noun_path","noun_lch","noun_wup","noun_res","noun_jcn","noun_lin","noun_lesk","noun_vector","verb_path","verb_lch","verb_wup","verb_res","verb_jcn","verb_lin","verb_lesk","verb_vector","word2vec"
"a1","0.19529993815708102","0.5164556867473068","0.6264005602240896","0.1793842935871933","0.21506641664929121","0.3925475320230361","0.2333700439139903","0.1320746240404695","0.3333333333333333","0.5854005934976205","0.6342592592592592","0.1733294203587166","0.32210462548752455","0.6801413310787895","0.4216362341362343","0.43904696685276096","0.3167682687534317"
"a3","0.20374149659863944","0.5485705392153103","0.6922161172161172","0.21091391268778734","0.13635455087550755","0.4825773438541837","0.312369631463404","0.31679228376577984","0.611111111111111","0.7213107922719862","0.8137254901960785","0.2968144451309937","0.4556369075607621","0.7264173304499776","0.795571658615137","0.6445579595285507","0.3757403951041005"
"Antecedent","0.17534013605442178","0.5071163925397076","0.636079533027786","0.19968224833741516","0.11564314386993362","0.45143485919017834","0.4688844853035734","0.2935971733360637","0.8333333333333334","0.8205826880194187","0.9696969696969697","0.3343645798163893","0.9027609190585489","0.9726408984968394","1.0","0.9771912832574383","0.45043514440980664"
"a4","0.14768089053803338","0.4516289116896369","0.5570556427699285","0.15580331243892295","0.09282759876047932","0.3514821176811015","0.2568194965670872","0.2101917592929041","0.1865079365079365","0.4202088820209446","0.611965811965812","0.17017150392239322","0.1083631549601643","0.422323565784613","0.2682229036395703","0.20246495904333098","0.18917099207704066"
