"Similarity Measures","noun_path","noun_lch","noun_wup","noun_res","noun_jcn","noun_lin","noun_lesk","noun_vector","verb_path","verb_lch","verb_wup","verb_res","verb_jcn","verb_lin","verb_lesk","verb_vector","word2vec"
"Antecedent","0.4125","0.6739932264982416","0.777056277056277","0.24161104020530796","0.34239805618161506","0.5846611678958115","0.5932212724270995","0.4430828442390733","0.6666666666666666","0.7343084371187691","0.8888888888888888","0.23287532523501495","0.6568709467202505","0.8616346419199483","0.625","0.745077085757622","0.5118560720731324"
"a3","0.39166666666666666","0.6465144992280415","0.7583333333333333","0.27538096208880203","0.33430493424396773","0.6113146324064751","0.6611198976383613","0.5009061076745698","1.0","0.8832162807399176","1.0","0.2747823056521539","1.0","1.0","1.0","1.0","0.5794353307827272"
"a2","0.425","0.6891158613835875","0.7868601986249045","0.24161104020530796","0.3424685206853991","0.5848018279962406","0.5932212724270995","0.502507251994052","0.25","0.5074147244169241","0.4","0.1554336119894053","0.12644578304084977","0.4363771277625331","0.198728354978355","0.276062808454142","0.49627384367135174"
"a4","0.14415584415584415","0.4507570790454096","0.5120614035087718","0.13332529066741505","0.11095094256104794","0.3353510178392035","0.59093178284516","0.2995371627420057","0.5","0.6953155025784209","0.5833333333333333","0.21860660963647482","0.5930512859761625","0.8366486380686592","1.0","0.5582146147441105","0.3942690807445518"
