Similarity Measures,noun_path,noun_lch,noun_wup,noun_res,noun_jcn,noun_lin,noun_lesk,noun_vector,verb_path,verb_lch,verb_wup,verb_res,verb_jcn,verb_lin,verb_lesk,verb_vector,word2vec,Average
Antecedent,0.43333333333333335,0.6325946735477616,0.7166666666666667,0.3230836937585562,0.4224222762398486,0.6481247206509478,0.558179332338996,0.5903525337809447,0.3333333333333333,0.5854005934976205,0.5,0.2675340595760242,0.22096894879173096,0.659587328855026,0.335284567536194,0.33034160889601,0.3912457814882674,0.46755608542889771
a3,0.43030303030303024,0.6239823338435746,0.7083333333333334,0.3230836937585562,0.4261611911388093,0.6578155173331229,0.5576089695137313,0.5903525337809447,0.3333333333333333,0.5854005934976205,0.5,0.144981456763914,0.16951477119791625,0.48885184702205364,0.2691829004329,0.281572248950687,0.38810969362376413,0.43991690869572303
a2,0.20158730158730162,0.5029187516117442,0.5629629629629629,0.20012733107289507,0.1498696892076721,0.3977671241000163,0.6000720164609054,0.3997092826926883,0.41666666666666663,0.6403580480380207,0.6857142857142857,0.23005907067093717,0.5571216837011875,0.6666563877853241,0.7416666666666665,0.477009450709017,0.40284187433557983,0.46077109376375719
