"Similarity Measures","noun_path","noun_lch","noun_wup","noun_res","noun_jcn","noun_lin","noun_lesk","noun_vector","verb_path","verb_lch","verb_wup","verb_res","verb_jcn","verb_lin","verb_lesk","verb_vector","word2vec"
"a1","0.4083333333333333","0.6465144992280414","0.6956140350877194","0.25888179790026083","0.32652189733842546","0.5500195657923762","0.48494572658498103","0.5519516755376067","0.5555555555555555","0.6846724892450529","0.8222222222222223","0.290700574102218","0.7095977681713327","0.8911411417168981","1.0","0.8627093101074973","0.4378763309467185"
"a3","0.16666666666666669","0.490466280721573","0.6207798909037299","0.19374145663010617","0.09034449491092492","0.39669125415803597","0.24871932443692726","0.23584542163859012","0.611111111111111","0.7213107922719862","0.8632478632478633","0.31639392669599886","0.7486036456646404","0.8997906706722582","0.7590488215488217","0.5882613006907821","0.5020891220159205"
"Antecedent","0.47916666666666663","0.7432314308092816","0.8452205882352941","0.37855949734514904","0.40262638153115815","0.7639476105979783","0.45998119154746153","0.5768062102673529","0.38888888888888884","0.6220388965245539","0.7130647130647131","0.2420817298259473","0.36316142025556836","0.7636580194814009","0.7020456466610314","0.49922317694174434","0.5482872624534109"
