Similarity Measures,noun_path,noun_lch,noun_wup,noun_res,noun_jcn,noun_lin,noun_lesk,noun_vector,verb_path,verb_lch,verb_wup,verb_res,verb_jcn,verb_lin,verb_lesk,verb_vector,word2vec,Average
a1,0.23852513227513228,0.5757441366656175,0.7344058256558256,0.23196869529903444,0.14559758381597582,0.49544394593694335,0.4421112259823281,0.34508476656696924,0.65,0.7328956582107203,0.8400000000000001,0.297649252970974,0.7889065794508745,0.9052073105357282,0.8492481203007518,0.7560145399948814,0.4505190672397498,0.55760716711185332
a3,0.28988095238095235,0.5882759857647352,0.6883458646616541,0.21179116270913192,0.26324043176430184,0.4961396076342945,0.4502275061911722,0.35960550021379195,0.5,0.6513495389461007,0.6238095238095238,0.24963144712454274,0.5546591785050881,0.7456736157840833,0.8382183908045977,0.49007892626418065,0.36282412758555616,0.49198539765551219
Antecedent,0.2923611111111111,0.609621061277898,0.7366301783871444,0.23376154694108175,0.2413728173939563,0.5200743267400496,0.4449294745816814,0.405982217503197,0.36666666666666664,0.5917864014976413,0.6593939393939394,0.2816879909248369,0.23443788874511906,0.6933107496481598,0.5583737373737376,0.5138066380826409,0.3774666656008808,0.45656843599233776
