Similarity Measures,noun_path,noun_lch,noun_wup,noun_res,noun_jcn,noun_lin,noun_lesk,noun_vector,verb_path,verb_lch,verb_wup,verb_res,verb_jcn,verb_lin,verb_lesk,verb_vector,word2vec,Average
a1,0.48333333333333334,0.7153917794487216,0.7908496732026143,0.2305520440749336,0.3964364380237713,0.5354570203281392,0.49198300889645497,0.48548513705839236,0.5,0.6953155025784209,0.6666666666666666,0.15779440648187654,0.22458158951524979,0.5764107213661878,1.0,0.6430063743002565,0.40795856564593136,0.52948366240711464
a3,0.21666666666666667,0.5699610808272626,0.6956115779645192,0.1329748752405681,0.09655940065020542,0.33494547515495876,0.23500827879174943,0.3920788359230207,0.29166666666666663,0.5464076589572724,0.45,0.07355363995004056,0.1122350589445521,0.21362636946326943,0.6105867346938775,0.2476518621130995,0.3320661688021091,0.32656472651822588
Antecedent,0.5277777777777778,0.7615505823227483,0.8686274509803922,0.27875244141521777,0.39961485305954253,0.6051015019223186,0.7627944763405757,0.5232549619066603,0.5,0.6953155025784209,0.6666666666666666,0.2154660959361166,0.28933493353458706,0.7079064270634262,1.0,0.6515354462825316,0.5446611145432597,0.58813883719589655
a4,0.4226190476190476,0.6223541605396378,0.6777777777777777,0.1798926894729631,0.3885006471154202,0.4574687276306187,0.49198300889645497,0.5081643015148792,0.29166666666666663,0.5464076589572724,0.45,0.1371091252670545,0.12312364332855269,0.3856657348948255,0.3396738147678,0.432550761683556,0.38274811212245957,0.4022179928385286
