Similarity Measures,noun_path,noun_lch,noun_wup,noun_res,noun_jcn,noun_lin,noun_lesk,noun_vector,verb_path,verb_lch,verb_wup,verb_res,verb_jcn,verb_lin,verb_lesk,verb_vector,word2vec,Average
Antecedent,0.15555555555555556,0.4701279283366928,0.5238095238095238,0.0974462997999774,0.09330728918290337,0.24483492979206603,0.358377138734282,0.267486841490988,0.41666666666666663,0.6403580480380207,0.6388888888888888,0.18045226366939365,0.21190706222663638,0.5431909283047253,0.7173929773929775,0.5580176917590625,0.36307623498482017,0.38122919227254004
a3,0.75,0.8921392744304301,0.9705882352941176,0.4264680768657059,1.0,0.9728950520668251,1.0,0.8017478605139775,0.41666666666666663,0.6403580480380207,0.7735042735042735,0.21922853092529715,0.5409211610330336,0.7712847186491896,0.717135642135642,0.589611660394155,0.42684551071862886,0.70055263007270374
a2,0.25,0.6102881071881849,0.8131868131868132,0.27690359229558864,0.21810782987218374,0.6697376941218482,0.574161887219923,0.378931385389935,0.3333333333333333,0.5854005934976205,0.7708333333333333,0.28085993941132825,0.3037966857615774,0.74237445805493,1.0,0.5241528935152555,0.4506437187066523,0.51663013322873574
a4,0.35,0.6739932264982416,0.8277310924369747,0.3109655887120732,0.5696125108932802,0.7516235347707505,0.8623015873015876,0.4761937773715115,0.41666666666666663,0.6403580480380207,0.6388888888888888,0.0984594856926241,0.21190706222663638,0.334431093775949,0.5932456140350875,0.5511085439396599,0.3526005639989462,0.50941689913217048
