Similarity Measures,noun_path,noun_lch,noun_wup,noun_res,noun_jcn,noun_lin,noun_lesk,noun_vector,verb_path,verb_lch,verb_wup,verb_res,verb_jcn,verb_lin,verb_lesk,verb_vector,word2vec,Average
a1,0.1736111111111111,0.5003731981073847,0.6340277777777779,0.16667631117182302,0.11300176726982719,0.38150137873717815,0.2876564741240029,0.30764528311733175,0.3333333333333333,0.5854005934976205,0.5555555555555555,0.10534267656457404,0.15507025699067767,0.25443788667671174,0.7885198135198133,0.338065708912959,0.2125023479143172,0.34663067496364708
a3,0.3560606060606061,0.5612274902544988,0.6325740822644847,0.23840806272511864,0.35344042364034345,0.5085044420046005,0.40498838149121036,0.438302441422751,0.6666666666666666,0.7579490952989199,0.7777777777777777,0.24355764943998995,0.5728802109150949,0.7726532583981142,1.0,0.8973453821493095,0.241977722702562,0.55437139371835575
Antecedent,0.15694444444444444,0.4657540959518646,0.4499389499389499,0.07879530768258194,0.09754447061955293,0.21068316616732644,0.48426204819277097,0.33305177004178477,0.8333333333333334,0.8205826880194187,0.9333333333333332,0.20902233754378094,1.0,0.9984665783818624,1.0,0.9418462907650523,0.31885757696702277,0.54896567008135766
a4,0.36022727272727273,0.5735835826393529,0.6380685877589902,0.20783042445082953,0.35869024151934237,0.5115252585845378,0.5888416477702192,0.4739202804136108,0.5555555555555555,0.6846724892450529,0.6666666666666666,0.1808504751256869,0.5728802109150949,0.7648850081788144,0.6435185185185187,0.6308154155182247,0.31340756015997395,0.51329054092633797
