Similarity Measures,noun_path,noun_lch,noun_wup,noun_res,noun_jcn,noun_lin,noun_lesk,noun_vector,verb_path,verb_lch,verb_wup,verb_res,verb_jcn,verb_lin,verb_lesk,verb_vector,word2vec,Average
a1,0.21414399092970518,0.5098606902945301,0.6377973996616191,0.19736538139344922,0.16503803176319823,0.4368531397446396,0.3636111481935262,0.4001662021983238,0.6805555555555557,0.7396299437854532,0.7611111111111111,0.1690502409926097,0.5935816190735338,0.632140421206011,0.7454475308641978,0.7737484025242679,0.3716698513702239,0.4936335682742326
a3,0.2163548752834467,0.5515553755743344,0.6464848459319932,0.19272690560454456,0.1721746920932685,0.4667895489129865,0.4277332013942887,0.27958453139095846,0.375,0.6090412516777713,0.7002645502645501,0.15712199700767138,0.5720918622898967,0.6071435024302189,0.6047812509591958,0.5734717517037521,0.3672509874679841,0.44232771352863892
a2,0.1939909297052154,0.5043765211441754,0.5335339973309898,0.1660193263257114,0.20268759656500995,0.39911173427047314,0.31824395472588857,0.20066612726041247,0.325,0.5599665605471924,0.4777777777777777,0.06707123658493219,0.1558709371155053,0.2662103534867481,0.46674553171563177,0.29345242105082436,0.32727859562773126,0.32105903536671881
Antecedent,1.0,0.9860896635111783,1.0,0.48818244658731097,1.0,1.0,1.0,1.0,1.0,0.8832162807399176,1.0,0.35658376597722735,1.0,1.0,1.0,1.0,1.0,0.92435718569503733
a4,0.2194160997732426,0.5240082166208182,0.6539765136823961,0.20323777694355435,0.2500733021817127,0.46438302431453715,0.44394919715408326,0.3116845131827282,0.5416666666666667,0.6716748443982703,0.6916666666666668,0.1318987219050617,0.5929650808669077,0.6011045471020028,0.658922558922559,0.6049269456774624,0.38514963846895434,0.46768848908986022
