"Similarity Measures","noun_path","noun_lch","noun_wup","noun_res","noun_jcn","noun_lin","noun_lesk","noun_vector","verb_path","verb_lch","verb_wup","verb_res","verb_jcn","verb_lin","verb_lesk","verb_vector","word2vec"
"Antecedent","0.225","0.5800428374174932","0.788888888888889","0.29237863120524754","0.15332011585915092","0.6376180895591197","0.425954263535235","0.2662426630676915","0.8333333333333334","0.8205826880194187","0.9803921568627452","0.29026235196659617","1.0","0.9974420290294356","1.0","0.8391970782329553","0.49202349603154105"
"a3","0.1875","0.5163377181074366","0.6666666666666667","0.26764429428134284","0.1750974800384688","0.6044406627768154","0.5591952372954145","0.31557775693699147","0.27777777777777773","0.5334100141104896","0.5333333333333333","0.16833926777992522","0.17711910601776337","0.42181228224525724","0.49328218466873935","0.514251304056995","0.28080387023752684"
"a2","0.1875","0.5163377181074366","0.630718954248366","0.13722280374535997","0.09736424981917613","0.33347199347306733","0.3609236555318645","0.2367229671279565","0.611111111111111","0.7213107922719865","0.7857142857142857","0.2780815966799434","0.7261890103224123","0.8526345308394343","1.0","0.831600627916544","0.4002882681908919"
