Similarity Measures,noun_path,noun_lch,noun_wup,noun_res,noun_jcn,noun_lin,noun_lesk,noun_vector,verb_path,verb_lch,verb_wup,verb_res,verb_jcn,verb_lin,verb_lesk,verb_vector,word2vec,Average
Antecedent,0.4074242424242424,0.6725161415871822,0.8061654135338345,0.29071134685963795,0.47238994438729165,0.7130817563425932,0.628415805270311,0.47929993864464737,0.7037037037037037,0.7457363276232754,0.8301587301587302,0.23469782175049053,0.7403979522636249,0.8716149578708751,0.7914446948060779,0.7727273344399322,0.625207914173376,0.63445258975528385
a3,0.20536186036186033,0.4496730099369873,0.48319057447540426,0.10216321118705177,0.17299468522908495,0.2472626978657982,0.23462329450009417,0.21826935571941597,0.3833333333333334,0.5944398612242341,0.6529100529100529,0.1795850388215044,0.2575854765675156,0.5154422209197194,0.41108402436131475,0.41527745069870975,0.2023189364607773,0.33679500497487402
a2,0.19412698412698412,0.5047566801641283,0.5258430458430458,0.1366096075413238,0.18184743598738956,0.3638425313774349,0.39945642045236024,0.35890320172737417,0.55,0.6728338927315,0.7320987654320986,0.197565477339876,0.6435721503561312,0.7742782905374032,0.7125228188918663,0.6744414309898397,0.39044263709140536,0.47136125709353882
a4,0.2394877344877345,0.5148238441553405,0.5912784583837214,0.16903746018765625,0.22265254901581338,0.4191386870276313,0.36904372350302583,0.39579293449805597,0.5499999999999999,0.6728338927315,0.6746031746031745,0.1986824303751702,0.5012714553652342,0.7086069485000004,0.715870276950396,0.6406264916665381,0.4074506442304281,0.47007062974596586
