Similarity Measures,noun_path,noun_lch,noun_wup,noun_res,noun_jcn,noun_lin,noun_lesk,noun_vector,verb_path,verb_lch,verb_wup,verb_res,verb_jcn,verb_lin,verb_lesk,verb_vector,word2vec,Average
a1,0.25357142857142856,0.5891589493828757,0.751996336996337,0.28713506690561325,0.3763166808265967,0.6551103133423658,0.5273533016488197,0.31741972850807504,0.3333333333333333,0.5854005934976205,0.5,0.1370961614442974,0.16390478985470364,0.3563230359340963,0.33150000764131204,0.37368687000121803,0.32800564806096805,0.40395954387939181
a3,0.3685714285714286,0.6430097869230792,0.7651243493348756,0.2430879361241532,0.3170148788140333,0.6159784972959932,0.6790568510580826,0.492450424099134,0.5,0.6953155025784209,0.6666666666666666,0.22278970573059514,0.5407967194227604,0.7192798430693037,1.0,0.821152279685968,0.3976931744396451,0.56988164963612586
a2,0.24666666666666665,0.6016890651877708,0.7662271062271062,0.24070018157884882,0.13707098617632035,0.5389624434423583,0.6188694249803768,0.4000293523765504,0.125,0.31951394625542745,0.2222222222222222,0.0,0.06386619861194334,0.0,0.0923185941043084,0.08953552290981134,0.3447660291299495,0.28279045528645069
Antecedent,0.4066666666666666,0.6889474843606461,0.8295238095238096,0.29482386233036256,0.3214157050075618,0.6655352718882601,0.611607601715195,0.5459984824996322,0.41666666666666663,0.6403580480380207,0.5833333333333333,0.177897760225357,0.17114494049966072,0.4912796652672655,1.0,0.5952121086731685,0.4873375645739251,0.52516170419232544
