"Similarity Measures","noun_path","noun_lch","noun_wup","noun_res","noun_jcn","noun_lin","noun_lesk","noun_vector","verb_path","verb_lch","verb_wup","verb_res","verb_jcn","verb_lin","verb_lesk","verb_vector","word2vec"
"Antecedent","0.24505772005772009","0.5390244669103251","0.6460487139279709","0.19058067238964174","0.21956230223217313","0.4891564620751359","0.36305400446684766","0.32366140104795904","0.31666666666666665","0.5605920538653627","0.4733333333333333","0.06307845089585035","0.11855921787787331","0.19817579916147982","0.42585666240941367","0.2810325545644132","0.41673594635839883"
"a3","0.40995670995670996","0.6847812336718346","0.7917665667665669","0.2901507413669231","0.40169405448211665","0.6676826857317252","0.5071751465778961","0.5198758680190455","0.39999999999999997","0.6293665571299407","0.638095238095238","0.18332763837406502","0.5123731081371619","0.5991208598196305","0.85","0.613313069703014","0.4938704901229325"
"a2","0.31893939393939397","0.5764026583477784","0.6671648526911684","0.2112334896308895","0.27674692346311347","0.5062321492201346","0.4534458697440313","0.41312873561266594","0.55","0.6953155025784209","0.741111111111111","0.22849737519055963","0.6135258533652304","0.8143850336569939","0.7428415144596652","0.6168663072786968","0.5156410004033027"
"a4","0.2828282828282828","0.5850827673132338","0.7186217291480449","0.21763113592786798","0.2195483919325566","0.5203699504012649","0.424049641218378","0.32283182158361534","0.39999999999999997","0.6293665571299407","0.6611111111111111","0.25133837646703955","0.25013756456333736","0.646387593285805","0.613452822431914","0.5109395043205034","0.41176599116890555"
