"Similarity Measures","noun_path","noun_lch","noun_wup","noun_res","noun_jcn","noun_lin","noun_lesk","noun_vector","verb_path","verb_lch","verb_wup","verb_res","verb_jcn","verb_lin","verb_lesk","verb_vector","word2vec"
"Antecedent","0.37723214285714285","0.6148128771949798","0.7697649572649572","0.25648801051960796","0.3348973175931509","0.5978785076703992","0.6091387142949644","0.4771493960069972","0.6309523809523808","0.7175971794586198","0.7555555555555556","0.23872896596805984","0.6231000554953713","0.7445041033547507","0.7315079365079367","0.6967683008858582","0.5566308996412"
"a3","0.17356150793650793","0.4863560834081402","0.6608752057121622","0.2041807266812863","0.10432139867276785","0.38445210430398546","0.34783938350165555","0.2175440112145986","0.5357142857142857","0.6750520812811488","0.736734693877551","0.2005895421400558","0.5715236556337687","0.7065906712570625","0.6513629971219258","0.6347692268901441","0.4373964182235314"
"a2","0.19400252525252526","0.5218557554880229","0.6929309116809117","0.25616001622837614","0.10315723894746628","0.380189526184894","0.3606536739416435","0.32610904473055125","0.75","0.7758444075047766","0.8462585034013604","0.20903260450242175","0.7559504109498738","0.8073542391804278","0.9040187590187589","0.8529970380032592","0.5415051664385201"
"a4","0.33645833333333336","0.6381495368432003","0.819838726088726","0.35843825295025694","0.2720091618254093","0.6329903038331213","0.5569587566452984","0.43789924053752965","0.75","0.7758444075047766","0.8507936507936508","0.22857285966110327","0.7559504109498738","0.8153530928785863","0.9090249433106575","0.7943256268200499","0.6109104601302395"
