Similarity Measures,noun_path,noun_lch,noun_wup,noun_res,noun_jcn,noun_lin,noun_lesk,noun_vector,verb_path,verb_lch,verb_wup,verb_res,verb_jcn,verb_lin,verb_lesk,verb_vector,word2vec,Average
a1,0.20833333333333331,0.5553306526477848,0.6573426573426573,0.21465909181383386,0.12968795360366497,0.49677458978466826,0.366081471524366,0.18444633370276547,0.5,0.6953155025784209,0.6666666666666666,0.1969189713852482,0.37132516888320616,0.735407302100267,1.0,0.739414990145203,0.38956589549175125,0.47689826947081393
Antecedent,0.625,0.7981888853496817,0.9,0.3984148589852168,0.5690399774665059,0.8140364908470247,0.7710400379057095,0.654894396928583,1.0,0.8832162807399176,1.0,0.3588514222342366,1.0,1.0,1.0,1.0,0.4707574568085506,0.77902587101561338
