"Similarity Measures","noun_path","noun_lch","noun_wup","noun_res","noun_jcn","noun_lin","noun_lesk","noun_vector","verb_path","verb_lch","verb_wup","verb_res","verb_jcn","verb_lin","verb_lesk","verb_vector","word2vec"
"Antecedent","0.25","0.6102881071881849","0.7692307692307693","0.22402950013504475","0.13826833930747426","0.5527884297892418","0.404551467051467","0.483494338540433","0.7333333333333334","0.7640900058429988","0.8290909090909091","0.23964306089413565","0.6794084961123821","0.8489764006341465","0.8985645933014353","0.7676967855981675","0.4840149620029408"
"a3","0.2","0.5497975676468014","0.75","0.25940250299772977","0.28179189461415854","0.7446956559998198","0.495683266091429","0.483494338540433","0.7666666666666667","0.7860729876591589","0.8787878787878789","0.25764558657626474","0.8150189297704211","0.912969354370933","1.0","0.9132229525962915","0.503859809414808"
"a2","1.0","0.9860896635111784","1.0","0.4577410310076774","1.0","1.0","1.0","1.0","0.6","0.7045268683945395","0.7666666666666666","0.2128177194525353","0.5424052705394241","0.7621157699611096","0.7691123642439432","0.7385262466058442","0.5953688158298961"
"a4","0.25","0.6102881071881849","0.8181818181818182","0.3345884078234525","0.2532177102557338","0.7717325879068109","0.439376110804682","0.502542770201062","0.4333333333333333","0.6513495389461008","0.6444444444444444","0.24947125241927187","0.34047462402435513","0.715348146262784","0.8819444444444444","0.53467178902207","0.4466031589387938"
