"Similarity Measures","noun_path","noun_lch","noun_wup","noun_res","noun_jcn","noun_lin","noun_lesk","noun_vector","verb_path","verb_lch","verb_wup","verb_res","verb_jcn","verb_lin","verb_lesk","verb_vector","word2vec"
"Antecedent","0.2","0.5497975676468014","0.75","0.20316133354667876","0.12243193391750413","0.4723576892110413","0.467310383923684","0.310013367939921","0.7083333333333333","0.7617871643889692","0.8666666666666667","0.2900563467412614","0.8184709556907184","0.9154318409149662","1.0","0.7561316178271843","0.4754075593235466"
"a3","1.0","0.9860896635111784","1.0","0.33202069398651723","1.0","1.0","1.0","0.999999999999937","0.41666666666666663","0.6403580480380208","0.6571969696969696","0.23706518461498316","0.48889428054579775","0.7089575683983691","0.8529872904872905","0.6007317513488267","0.38355475389090404"
"a2","0.25","0.6102881071881849","0.8","0.25940250299772977","0.1833309258525981","0.6548988653560918","0.463134920634921","0.318474377843602","0.8125","0.7892658916591693","0.875","0.29074290087101434","0.7871704464399345","0.9007690965950037","0.8244791666666668","0.83820251061862","0.5493415460744068"
