"Similarity Measures","noun_path","noun_lch","noun_wup","noun_res","noun_jcn","noun_lin","noun_lesk","noun_vector","verb_path","verb_lch","verb_wup","verb_res","verb_jcn","verb_lin","verb_lesk","verb_vector","word2vec"
"Antecedent","0.4","0.6588705916128956","0.7764705882352941","0.26031016697217685","0.3661261482423778","0.6230043144693268","0.8259598214285715","0.42762903968170674","0.19642857142857142","0.43156341536335496","0.3666666666666667","0.13872619788541546","0.15731030894104397","0.4628464997457793","0.271521409049499","0.30671914613818496","0.37442255019687737"
"a3","0.0","0.0","0.0","0.0","0.0","0.0","0.0","0.0","0.0","0.0","0.0","0.0","0.0","0.0","0.0","0.0","0.2102145927576606"
"a2","0.2232142857142857","0.5253872581210262","0.6281114718614719","0.19944285994018168","0.10402743606037972","0.3879617510564982","0.4521969887348937","0.2506963871145079","0.0","0.0","0.0","0.0","0.0","0.0","0.0","0.0","0.23011539072829268"
