"Similarity Measures","noun_path","noun_lch","noun_wup","noun_res","noun_jcn","noun_lin","noun_lesk","noun_vector","verb_path","verb_lch","verb_wup","verb_res","verb_jcn","verb_lin","verb_lesk","verb_vector","word2vec"
"Antecedent","0.75","0.8608224780701805","0.923076923076923","0.4239258355318656","0.717998973201722","0.8791743713542788","0.8917721518987344","0.789055824627288","0.4166666666666667","0.632681909857922","0.6222222222222222","0.18989251099066298","0.3397834354359923","0.6253784127024872","0.7721340388007053","0.480579490106741","0.5340074405684295"
"a3","0.2222222222222222","0.5736498041612514","0.7336032388663968","0.19710681080973483","0.1172209798079464","0.4397050663785645","0.32623813942732166","0.3303995188669337","0.611111111111111","0.7213107922719865","0.7411764705882353","0.21562520469373703","0.5732333660821253","0.8101863904956556","1.0","0.7305662675012686","0.4810567536970862"
"a2","0.18703703703703703","0.5168479879538569","0.6611721611721612","0.1635551917825756","0.12815841061652625","0.39362150016477887","0.4007303224200904","0.2601176597217623","0.3055555555555555","0.5594053038040551","0.4666666666666666","0.1653087839668881","0.13293875709108008","0.4470357756612951","0.37156904543268165","0.2641754563553103","0.3403466367758189"
"a4","0.17037037037037037","0.49668447477339567","0.615079365079365","0.186987631116636","0.12780400416950013","0.4452439919601403","0.2900943963443963","0.29704034728664275","0.5833333333333334","0.6953155025784209","0.7743589743589743","0.238681076425601","0.7287532008002184","0.8490712555619858","0.7999999999999999","0.6395979736926672","0.4099292411414835"
