"Similarity Measures","noun_path","noun_lch","noun_wup","noun_res","noun_jcn","noun_lin","noun_lesk","noun_vector","verb_path","verb_lch","verb_wup","verb_res","verb_jcn","verb_lin","verb_lesk","verb_vector","word2vec"
"a1","0.21856661856661855","0.5337596646230459","0.6550108197425019","0.16365216166969246","0.15361725803102694","0.4058048255479222","0.4013065768010965","0.32961007524856406","0.5111111111111111","0.6385136863710262","0.611111111111111","0.0891661655098056","0.4037208086394784","0.3333333333333333","0.5498962842712843","0.602978349282409","0.32086633235075257"
"a3","0.16527777777777777","0.46803090851575696","0.530684674802322","0.14833666236861262","0.10989853820425138","0.3444769558889804","0.3340925571881434","0.30210533788897637","0.5111111111111111","0.6385136863710262","0.611111111111111","0.20285993498669366","0.41849161106112814","0.643322104046489","0.5267387517387516","0.602978349282409","0.33343823461504496"
"a2","0.33858425525092195","0.5761239065511549","0.6869491619491619","0.24311108934066145","0.2922324838869994","0.47853553430079654","0.44613854362498184","0.4232213224434269","0.3444444444444444","0.5758800936505273","0.4444444444444444","0.19379185210612185","0.262971776343035","0.5888115140748161","0.5889660493827159","0.45606393606268564","0.4303121681506117"
"Antecedent","0.33240740740740743","0.6331098969327195","0.7868838133544016","0.2730947264585215","0.2671615928022894","0.6178602019041218","0.5777894547105135","0.3827866971400408","0.2888888888888889","0.5392417906235939","0.5238095238095238","0.19358407295222935","0.19418064105612534","0.5675767859517991","0.49908667170571935","0.46765435922227105","0.371891651307353"
