Similarity Measures,noun_path,noun_lch,noun_wup,noun_res,noun_jcn,noun_lin,noun_lesk,noun_vector,verb_path,verb_lch,verb_wup,verb_res,verb_jcn,verb_lin,verb_lesk,verb_vector,word2vec,Average
Antecedent,0.3916666666666667,0.6594793577883764,0.7529524425809255,0.2336260545860639,0.3339093561097136,0.5825558500830614,0.6425456922341276,0.5091868647765756,0.45666666666666667,0.6236542572216848,0.6577777777777778,0.21470878849612535,0.5368160568412834,0.7391246947364387,0.7371748357462644,0.5225303910596536,0.46206870878482964,0.53273202718566093
a3,0.19343434343434343,0.5261899757281057,0.59990296845302,0.17305620701471322,0.12779852264183406,0.4061902319623358,0.5287517796817759,0.2574252492941967,0.45666666666666667,0.6236542572216848,0.6577777777777778,0.19662529371227092,0.5368160568412834,0.7190442129293769,0.7371748357462644,0.5225303910596536,0.27275739336507415,0.4432821272664928
a2,0.3277777777777777,0.6295622258215967,0.7200070884281412,0.22837304498596378,0.2455151225938306,0.5557980341130135,0.7053826733108981,0.4016477862972077,0.5066666666666666,0.6612344128539841,0.7755555555555556,0.29769135757225457,0.6790029637127445,0.8235170793336029,0.853941798941799,0.6268586764512694,0.4332996139317746,0.55716658107929884
a4,0.18973063973063975,0.5242460502237376,0.6385000438922007,0.18808240342456226,0.11035372327600321,0.4066063542703595,0.43172167155060076,0.24918015738029928,0.2899999999999999,0.5421081379570654,0.4609523809523809,0.04118257302335029,0.12068956462299044,0.13583620615234976,0.4185419973544972,0.3765069214140552,0.30056111646068356,0.31910587892269276
