Similarity Measures,noun_path,noun_lch,noun_wup,noun_res,noun_jcn,noun_lin,noun_lesk,noun_vector,verb_path,verb_lch,verb_wup,verb_res,verb_jcn,verb_lin,verb_lesk,verb_vector,word2vec,Average
Antecedent,0.22558275058275054,0.5171595988386154,0.6300812217339963,0.16709209449436566,0.1652840968866256,0.3723193960989262,0.3490281806818052,0.2919429062093004,0.3333333333333333,0.5854005934976205,0.611111111111111,0.2771154699568496,0.30953639587225007,0.7075582277868069,0.6313423947484708,0.38926869142340964,0.39036228010316065,0.40903051431525866
a3,0.16285381285381287,0.4776691076578737,0.49649325033940417,0.11743839554363068,0.1472988095930911,0.32765970993802157,0.20326544439233615,0.20860322866840192,0.0,0.0,0.0,0.0,0.0,0.0,0.0,0.0,0.09385716364406019,0.13147876015474308
a2,0.2367854367854368,0.5319418987013655,0.642645248694308,0.17382574031556383,0.16672466243063142,0.3972110468626395,0.4032155125314038,0.28560031167945776,0.0,0.0,0.0,0.0,0.0,0.0,0.0,0.0,0.1964706155723234,0.17849532197489001
a4,0.17155622155622158,0.47213881164301574,0.5743586254184015,0.15528726770649445,0.15910426574612388,0.36723366022757087,0.32369279358882697,0.23319756568916356,0.5555555555555555,0.684672489245053,0.6666666666666666,0.17566996606568297,0.4614432723145785,0.6984788334392005,0.5162878787878787,0.5585733867992313,0.2319363888175201,0.4121090381921873
