Similarity Measures,noun_path,noun_lch,noun_wup,noun_res,noun_jcn,noun_lin,noun_lesk,noun_vector,verb_path,verb_lch,verb_wup,verb_res,verb_jcn,verb_lin,verb_lesk,verb_vector,word2vec,Average
Antecedent,0.37760141093474425,0.6300365724942917,0.7016647009681065,0.27021863312580324,0.33181744854156814,0.6245089334627136,0.5521021030645877,0.4050699795402235,0.2888888888888889,0.5392417906235939,0.4444444444444444,0.09951775490210497,0.10224640532119338,0.2495411044307726,0.35317498516226165,0.27577243344489283,0.4735942265314043,0.39526128328715265
a3,0.3461279461279461,0.5882708852136687,0.6666487107663578,0.286827631734662,0.2990153959744084,0.5710058847135886,0.4572135646236561,0.5330759649185777,0.4444444444444444,0.6586771995514874,0.7484593837535014,0.2799486438656756,0.5014394404016791,0.808721271141487,0.7508022030651341,0.5188961883318887,0.5345529720467016,0.52906633709852147
a2,0.24015799015799016,0.49731677620265713,0.5643144437262085,0.17080090216565746,0.2054345624044419,0.3951709401564946,0.3536608861591515,0.27982412129972756,0.3444444444444444,0.5758800936505273,0.49999999999999994,0.06563965712841606,0.2969116983523018,0.2789430153507789,0.5442362826665154,0.45206591591090334,0.30642510599394396,0.35713099033942131
