"Similarity Measures","noun_path","noun_lch","noun_wup","noun_res","noun_jcn","noun_lin","noun_lesk","noun_vector","verb_path","verb_lch","verb_wup","verb_res","verb_jcn","verb_lin","verb_lesk","verb_vector","word2vec"
"Antecedent","0.2143939393939394","0.545141520500243","0.6847980240043285","0.1845140308946404","0.19520209453045814","0.46265661026288285","0.3738734838128128","0.3656615661125135","0.3333333333333333","0.5854005934976205","0.5729166666666666","0.15810919065281465","0.1614964936422177","0.4296273500651809","0.31367892524142527","0.21059561943882218","0.4516626845593367"
"a3","0.34805194805194806","0.6233413016647031","0.7516113143822122","0.2205216049401086","0.2820111384983682","0.5162550395940795","0.5550715087420623","0.4597806572711688","0.5416666666666666","0.6873332425783949","0.7749999999999999","0.21600698358480985","0.5820649047962707","0.6757207995756846","1.0","0.699516880412504","0.484184761914138"
"a2","0.22445887445887447","0.4988590418370258","0.6029868058576192","0.15686825692609566","0.17315272867962198","0.3663680135368352","0.2590182180440301","0.352864773190079","0.5416666666666666","0.6873332425783949","0.6875","0.21504935258087726","0.4329671956033335","0.7232390231895736","0.6554928606574137","0.5540149149985798","0.3425165345985786"
