Similarity Measures,noun_path,noun_lch,noun_wup,noun_res,noun_jcn,noun_lin,noun_lesk,noun_vector,verb_path,verb_lch,verb_wup,verb_res,verb_jcn,verb_lin,verb_lesk,verb_vector,word2vec,Average
a1,0.11486568986568986,0.3754286821314232,0.4070378151260504,0.07999508668030261,0.0766351299333377,0.18569907169204708,0.12826338178203056,0.11475564763950225,0.4444444444444444,0.627360403191238,0.6610021786492375,0.18561500076209894,0.37298163396912404,0.5921596301592376,0.6140326543568002,0.5431074511307807,0.3183512575195995,0.34363147994311438
Antecedent,0.4166666666666667,0.6767597689987332,0.7784304511278195,0.32040335667691106,0.46211611892388293,0.764356920330359,0.5806931077237647,0.4136315510666498,0.4444444444444445,0.627360403191238,0.6448717948717949,0.21830382211869012,0.42937652754808403,0.6563001326112026,0.8165464165464164,0.5270652411969817,0.4639959742804837,0.54360721754847785
a2,0.39375,0.6421406668432132,0.746218487394958,0.2571167043593289,0.3630117369430074,0.6225376555745472,0.5066171071330613,0.42148245351563457,0.4861111111111111,0.6586771995514874,0.7222222222222222,0.2071994665539341,0.4472078968695811,0.6371282129276868,0.7664257369614513,0.579977270672595,0.40843884198652936,0.52154486886002049
