"Similarity Measures","noun_path","noun_lch","noun_wup","noun_res","noun_jcn","noun_lin","noun_lesk","noun_vector","verb_path","verb_lch","verb_wup","verb_res","verb_jcn","verb_lin","verb_lesk","verb_vector","word2vec"
"Antecedent","0.22000000000000003","0.573993783463355","0.7346079846079846","0.21925646224005613","0.14208701101858734","0.5074831454603794","0.47706790384234765","0.3531631029036282","0.47916666666666663","0.6403580480380208","0.6416666666666666","0.13765807841167738","0.3579438777613098","0.46642950452039356","0.6058946078431372","0.6908488324090555","0.5260243330351958"
"a3","0.0","0.0","0.0","0.0","0.0","0.0","0.0","0.0","0.0","0.0","0.0","0.0","0.0","0.0","0.0","0.0","0.3556397322514716"
"a2","0.4666666666666666","0.7386257479012223","0.8552890247007895","0.37329846239250336","0.38248497710471546","0.7615088255911652","0.8510777031610364","0.49118277859566284","0.5416666666666666","0.6873332425783949","0.7113636363636363","0.20493353688581475","0.4701641987768097","0.6456771189471695","0.6069845309918838","0.6407491793913395","0.4453811482520271"
