"Similarity Measures","noun_path","noun_lch","noun_wup","noun_res","noun_jcn","noun_lin","noun_lesk","noun_vector","verb_path","verb_lch","verb_wup","verb_res","verb_jcn","verb_lin","verb_lesk","verb_vector","word2vec"
"a1","0.125","0.4117443156933202","0.4323232323232323","0.08764249457914221","0.0737917286270323","0.19905017702249692","0.21702879126714267","0.1838035424137736","0.3333333333333333","0.5854005934976205","0.5","0.2277829099597312","0.2072031208883467","0.553019197796005","0.492822966507177","0.354563657301255","0.23786153321276118"
"a3","0.0","0.0","0.0","0.0","0.0","0.0","0.0","0.0","0.3333333333333333","0.5854005934976205","0.5714285714285714","0.19277955049531767","0.15710446869728534","0.5134517619369646","0.215913940256046","0.321770979296899","0.27274043406051446"
"Antecedent","0.1691919191919192","0.48224035855610453","0.5738705738705739","0.14890042977782628","0.09964854684551712","0.3558854516995968","0.32821481824306703","0.22560918526925078","0.3333333333333333","0.5854005934976205","0.5","0.14963634376434948","0.2072031208883467","0.553019197796005","0.264880952380952","0.314446883099089","0.3674390754765405"
"a4","0.21428571428571427","0.5490775544857708","0.7222222222222222","0.2513871519510427","0.13709703393794764","0.5563950360481787","0.3806099353321577","0.1981401565182601","0.3333333333333333","0.5854005934976205","0.6666666666666666","0.1852886829507872","0.11210432918193255","0.4493031469335666","0.358108813700919","0.328616886293356","0.2345052628515515"
