"Similarity Measures","noun_path","noun_lch","noun_wup","noun_res","noun_jcn","noun_lin","noun_lesk","noun_vector","verb_path","verb_lch","verb_wup","verb_res","verb_jcn","verb_lin","verb_lesk","verb_vector","word2vec"
"a1","0.1804112554112554","0.5052307820390113","0.6613783511809828","0.25133296735138705","0.18831761917903814","0.5417644947056385","0.3288979829500017","0.34810055948613444","0.41666666666666663","0.6403580480380207","0.6861111111111111","0.13258063845415588","0.3949765858211901","0.5371533614644126","0.6856027379053695","0.591295186037782","0.39403886381000236"
"a3","0.10941697191697192","0.38117751194394267","0.40219474153297685","0.09449362713559092","0.08017025945017534","0.22266385260974952","0.2703501353786724","0.2009912925937642","0.0","0.0","0.0","0.0","0.0","0.0","0.0","0.0","0.24019618117127156"
"a2","0.3375","0.6417197242858602","0.7823551448551449","0.31499139944875737","0.3106559495332056","0.6679831081445886","0.5061660880539472","0.4518817463774126","0.8333333333333333","0.8087623589293433","0.875","0.314839495138159","0.7808443832180517","0.8692623850907266","1.0","0.9694214202009622","0.5166336329404173"
"Antecedent","1.0","0.9860896635111783","1.0","0.5079043812999673","1.0","1.0","1.0","1.0","1.0","0.8832162807399176","1.0","0.41543727879079306","1.0","1.0","1.0","1.0","1.0"
