"Similarity Measures","noun_path","noun_lch","noun_wup","noun_res","noun_jcn","noun_lin","noun_lesk","noun_vector","verb_path","verb_lch","verb_wup","verb_res","verb_jcn","verb_lin","verb_lesk","verb_vector","word2vec"
"Antecedent","0.22333333333333333","0.5698212094637274","0.6985930735930735","0.23543682201434607","0.1456936123504742","0.5311452190379653","0.415205956381159","0.35167891989371763","1.0","0.8832162807399176","1.0","0.29262621734599914","1.0","1.0","1.0","1.0","0.45095487155386266"
"a3","0.44666666666666666","0.714429532084669","0.8370927318295738","0.3433507574096742","0.5080974161438047","0.765738885783653","0.846133935124586","0.588012556542074","0.225","0.4771694546462324","0.3666666666666667","0.07320109926381377","0.09291287066584092","0.16096560212839303","0.217382606950276","0.28857011439803104","0.4450984012051732"
"a2","0.29999999999999993","0.6414824548204635","0.7785179732548154","0.28504097918459614","0.39275595157435605","0.7100942581987807","0.5933995087934163","0.36072060795933364","0.625","0.6953155025784209","0.7","0.17803229666794446","0.5703632976076187","0.7255962219428382","0.7815656565656566","0.7452708118938995","0.4404768358729508"
"a4","0.20388888888888887","0.532241053831428","0.6479638009049774","0.2023003398150082","0.24310225882168363","0.4632371940382457","0.35877729784508483","0.29953981359825066","0.225","0.4771694546462324","0.3666666666666667","0.0","0.08448490681929353","0.0","0.278730626099047","0.300463490581046","0.1839740495026381"
