"Similarity Measures","noun_path","noun_lch","noun_wup","noun_res","noun_jcn","noun_lin","noun_lesk","noun_vector","verb_path","verb_lch","verb_wup","verb_res","verb_jcn","verb_lin","verb_lesk","verb_vector","word2vec"
"Antecedent","0.5857142857142857","0.7722643684033744","0.8509585652442795","0.3481683128345046","0.5183195274579833","0.6566983781926548","0.6786600731562464","0.6568282278360336","0.38888888888888884","0.6220388965245539","0.6","0.24623035865737442","0.5581974016384185","0.7648606442996578","0.6470205483025997","0.5293693416868009","0.46474872990176425"
"a3","0.34682539682539687","0.6264276112109453","0.7541125541125542","0.2663410109467509","0.2486557866437896","0.5143398205081205","0.5447641449177325","0.37281515866656917","0.611111111111111","0.7213107922719862","0.7666666666666666","0.22043323625338732","0.729243833926598","0.8413054399611536","0.7723681257014591","0.7423646322907019","0.41340611082951073"
"a2","0.4040816326530612","0.6353615613655856","0.7369047619047618","0.2786928567286905","0.34668284097081203","0.5114646679989416","0.48876020954644567","0.555027706621593","0.611111111111111","0.7213107922719862","0.7666666666666666","0.189013653862477","0.729243833926598","0.8413054399611536","0.7539354415323407","0.733046656837026","0.37930542956372626"
"a4","0.12301745873174444","0.3917620953475754","0.49679487179487175","0.12414064566661434","0.06729085790483162","0.24119569653118056","0.29299621310109575","0.1319848102756072","0.4444444444444444","0.6586771995514874","0.6897546897546897","0.19849800435611775","0.3132732726553802","0.5895733476504484","1.0","0.6243330773071417","0.26050882626123006"
