"Similarity Measures","noun_path","noun_lch","noun_wup","noun_res","noun_jcn","noun_lin","noun_lesk","noun_vector","verb_path","verb_lch","verb_wup","verb_res","verb_jcn","verb_lin","verb_lesk","verb_vector","word2vec"
"a1","0.2753968253968254","0.5745476424693597","0.711421568627451","0.23885669429311246","0.21272293715761542","0.47260651656273317","0.4475509942138248","0.29237580779696204","0.2333333333333333","0.4872512112364629","0.4777777777777777","0.1626923995795098","0.12545272212315772","0.42509287534374124","0.27244667121899263","0.35473521887517895","0.34718302743067603"
"a3","0.3176190476190476","0.6124645521475417","0.7447725150666328","0.2692728825361827","0.29273017375381133","0.5613258151183723","0.6356874946143053","0.3891702782614761","0.5277777777777778","0.6586771995514874","0.6333333333333333","0.16772395774532334","0.4166251078790398","0.6002884894987993","0.5506235827664397","0.510380777420539","0.34401638281856234"
"Antecedent","0.46944444444444444","0.6946597842689021","0.8113901000959824","0.29210574638748105","0.45474553599341866","0.6430671087979339","0.5963619915858405","0.5133820741456903","0.3611111111111111","0.5960436068309886","0.5222222222222223","0.09254965141844411","0.1155657009935439","0.2668698897646075","0.49119106987385","0.43729678333568","0.43310369015443057"
"a4","0.15564213564213564","0.4609025037091201","0.4925974025974026","0.11114475641042436","0.06929834598843351","0.160098444754101","0.25864142608918883","0.22553314583534845","0.3333333333333333","0.5854005934976205","0.611111111111111","0.2430866452678223","0.30107779992449263","0.7306869767925989","0.600417881050292","0.401197909604822","0.33626724203217534"
