"Similarity Measures","noun_path","noun_lch","noun_wup","noun_res","noun_jcn","noun_lin","noun_lesk","noun_vector","verb_path","verb_lch","verb_wup","verb_res","verb_jcn","verb_lin","verb_lesk","verb_vector","word2vec"
"a1","0.1875","0.4850209217471871","0.5483065953654189","0.15679431643740824","0.14070418403850685","0.4260916924011751","0.44063228299054935","0.23525611324852155","0.6666666666666666","0.7343084371187691","0.75","0.29785457919968794","0.6796601581863211","0.8236637561341108","0.7326388888888891","0.7141913840230155","0.43082425918381795"
"a3","0.2222222222222222","0.5370115011343181","0.6222222222222222","0.1588781892715164","0.14816321245453914","0.40578195546748025","0.5055997086887484","0.29791360810663403","0.3333333333333333","0.5854005934976205","0.5833333333333333","0.20632886967110686","0.2251603139460579","0.6291400974551877","0.6575075075075075","0.3920764222840315","0.3489074453640154"
"Antecedent","0.17777777777777778","0.4908526982602914","0.5981665393430099","0.15550646627102263","0.09056878916401699","0.3266210515657297","0.3504866936342077","0.3458134273265576","1.0","0.8832162807399176","1.0","0.351656979285735","1.0","1.0","1.0","0.9999999999999976","0.4695533200654019"
"a4","0.1638888888888889","0.4908526982602914","0.654040404040404","0.1873073486508244","0.08155597748636173","0.28336177908755666","0.6293216478510596","0.421946544712741","0.625","0.6953155025784209","0.7","0.20695034752852218","0.5764159016852249","0.7267361282201028","0.6188438438438439","0.674190933747061","0.38405605839256535"
