Similarity Measures,noun_path,noun_lch,noun_wup,noun_res,noun_jcn,noun_lin,noun_lesk,noun_vector,verb_path,verb_lch,verb_wup,verb_res,verb_jcn,verb_lin,verb_lesk,verb_vector,word2vec,Average
Antecedent,0.1625,0.4860924483367448,0.6416666666666666,0.19205429999948972,0.10710153070132714,0.4271304123892055,0.3778864929810305,0.2805039872489655,0.29166666666666663,0.5464076589572724,0.45,0.07016328488173927,0.22269642700267428,0.3236637561341108,0.3125545424543905,0.3373118705456615,0.2332944265131102,0.3213349689105327
a3,0.15000000000000002,0.45584717856605306,0.5288461538461539,0.09371833172805223,0.07052867680950285,0.20395604622377692,0.407354797979798,0.2853830011866805,0.6666666666666666,0.7343084371187691,0.75,0.226393589740102,0.5617655367149998,0.7253762178944555,1.0,0.7822711118471946,0.364751504745185,0.47100983829808174
a2,0.20833333333333331,0.5553306526477848,0.7076923076923077,0.15746306682964903,0.09105095146371453,0.33401997551386886,0.5518019480519479,0.1747036142590285,0.29166666666666663,0.5464076589572724,0.5,0.16280762635713286,0.12721122054873335,0.43848820788981546,0.630940170940171,0.4081424432327655,0.30296774578694113,0.36406044648065489
a4,0.2,0.5497975676468014,0.6666666666666666,0.21271894372492345,0.10562386965366469,0.44998965863633866,0.346358112499417,0.1732771258588193,0.41666666666666663,0.6403580480380207,0.5833333333333333,0.18583825590185238,0.19092338510424428,0.5757087807891494,1.0,0.520383165208656,0.330189083665321,0.42046074490552199
