Similarity Measures,noun_path,noun_lch,noun_wup,noun_res,noun_jcn,noun_lin,noun_lesk,noun_vector,verb_path,verb_lch,verb_wup,verb_res,verb_jcn,verb_lin,verb_lesk,verb_vector,word2vec,Average
Antecedent,0.38641975308641974,0.6468924189506403,0.7316581566581567,0.23808470459711156,0.30252371164419617,0.5386455664200727,0.5614939574119187,0.4468438514173344,0.3055555555555555,0.5594053038040551,0.5793650793650794,0.21742647623159783,0.20586517137676807,0.5989014955063648,0.22674550578758565,0.36335324367531635,0.4677084009196772,0.43393460896516756
a3,0.19506172839506175,0.5302903300741644,0.5928552279429473,0.13017733735270137,0.09916667242471808,0.31354421300649993,0.36571513232994346,0.28341872878653335,0.3055555555555555,0.5594053038040551,0.4666666666666666,0.15091587796090414,0.1695406210515523,0.49569148618899755,0.60981240981241,0.4482751376218406,0.2684971437274926,0.35203468074717914
a2,0.2150793650793651,0.5406524623082591,0.6430005724123371,0.1864050103640831,0.13285799000409343,0.4309809597176951,0.5935981634003115,0.33096424865831686,0.5833333333333334,0.6953155025784209,0.8201058201058201,0.29450658783690314,0.5181040416480541,0.797780787824382,0.9032828282828284,0.6322838895938757,0.3804833575356577,0.51169028945198458
a4,0.22716049382716047,0.5672688129987113,0.6770908753364894,0.19479758256043447,0.16625914256491317,0.4884661091537253,0.5270600656367282,0.39497116881106775,0.3055555555555555,0.5594053038040551,0.4666666666666666,0.21602454314952893,0.19739202924812874,0.5980556476985938,0.623585569262261,0.4482751376218406,0.4307915889289442,0.41698978193087083
