Similarity Measures,noun_path,noun_lch,noun_wup,noun_res,noun_jcn,noun_lin,noun_lesk,noun_vector,verb_path,verb_lch,verb_wup,verb_res,verb_jcn,verb_lin,verb_lesk,verb_vector,word2vec,Average
Antecedent,0.3574074074074074,0.6338777784716186,0.766885891885892,0.2703533888224452,0.3199012749028695,0.6429184001035743,0.7091080126936135,0.5296977211270374,1.0,0.8832162807399176,1.0,0.23264385703151522,1.0,1.0,1.0,1.0,0.4704343518115791,0.69508496264691011
a3,0.3655982905982906,0.6355829086361142,0.7416971916971917,0.22826186973628848,0.3048141281817351,0.5825315175920349,0.5437815616530087,0.43003044125473133,0.3333333333333333,0.5854005934976205,0.6388888888888888,0.18255418726307637,0.27928299325057115,0.6422470330547938,0.34145066889632103,0.584099256719711,0.4345337579299065,0.46200521306962461
a2,0.24848484848484845,0.44990822538126446,0.3718229869545659,0.11378177206503827,0.22498340781494097,0.21824330874903777,0.3764603777132581,0.39613593032256045,0.3333333333333333,0.5854005934976205,0.6746031746031746,0.20060883545492633,0.32725744008929825,0.7125332656446115,0.363511473429952,0.4309612264273855,0.42064960549686947,0.3793341062036874
a4,0.31666666666666665,0.5901245940077238,0.70995670995671,0.24583851084649808,0.25145346946049524,0.5469963511327179,0.47394883261946763,0.3337290483775078,0.75,0.7892658916591693,0.9444444444444444,0.24061066482024063,0.8157934378618352,0.9362576711545754,1.0,0.9871832688413865,0.41072336955015454,0.60841134890585835
