Similarity Measures,noun_path,noun_lch,noun_wup,noun_res,noun_jcn,noun_lin,noun_lesk,noun_vector,verb_path,verb_lch,verb_wup,verb_res,verb_jcn,verb_lin,verb_lesk,verb_vector,word2vec,Average
a1,0.18055555555555555,0.5003731981073846,0.5989010989010989,0.20579806559513003,0.16216897497639726,0.550829048166843,0.3989427437641725,0.40004996674446003,0.75,0.7892658916591693,0.9,0.2917671690054858,0.6701895121470632,0.9069504607734782,1.0,0.916084251911611,0.41426968966981315,0.56683209570456849
a3,0.13571428571428573,0.4102411392831756,0.39999999999999997,0.05847877530428087,0.09301593784377567,0.17407914713698697,0.255317450233593,0.214957139003531,0.75,0.7892658916591693,0.9,0.29339897842854484,0.7321210976405264,0.9300890212016131,1.0,0.9212276860776675,0.10357166177037755,0.48008695360573694
a2,0.5555555555555556,0.6882739762688813,0.7142857142857143,0.30496732960010386,0.5573978745135589,0.7053923470116517,0.626095993953137,0.5696015195814434,0.3333333333333333,0.5854005934976205,0.7333333333333334,0.26532372237011714,0.4540351898908609,0.8104343414726722,0.7326388888888891,0.5702687892753749,0.41273235226034777,0.56582769735838778
Antecedent,0.175,0.4860924483367448,0.5846153846153846,0.20579806559513003,0.1284143834228686,0.49729763109528513,0.39281193589470503,0.266045610061012,0.75,0.7892658916591693,0.9444444444444444,0.3588310492641599,1.0,0.9917683191727674,1.0,0.7415171801427335,0.36407431617061925,0.56917509763970719
