"Similarity Measures","noun_path","noun_lch","noun_wup","noun_res","noun_jcn","noun_lin","noun_lesk","noun_vector","verb_path","verb_lch","verb_wup","verb_res","verb_jcn","verb_lin","verb_lesk","verb_vector","word2vec"
"a1","0.3028571428571428","0.5254108441287761","0.5308874458874459","0.1634250659817182","0.28398214228505725","0.4088975315681599","0.4241992998291992","0.4290714667367904","0.0","0.0","0.0","0.0","0.0","0.0","0.0","0.0","0.39683674183653056"
"Antecedent","0.22523809523809524","0.5713485415663431","0.6940336134453782","0.1788926796895778","0.11114244503513884","0.41652276628424867","0.5728295408904792","0.29834055737533716","0.38888888888888884","0.6220388965245539","0.5","0.2166420661440883","0.45651488653514677","0.7899080703248268","0.6435185185185187","0.4783865018316897","0.3499186369355548"
"a2","0.13316239316239314","0.42437230094802236","0.463015873015873","0.11394837786122818","0.09927240483066083","0.2740459029083726","0.24025122453480022","0.19891570098464362","0.7777777777777777","0.7839443849924853","0.9259259259259259","0.20463083664244777","0.7712472978135003","0.9029854328836381","0.75","0.8300513905050814","0.4509159427179399"
"a4","0.1026068376068376","0.36548267159132786","0.4625313283208019","0.10247354205045886","0.07066485164798018","0.20570890598416228","0.15380569805420236","0.23261559876652482","0.7777777777777777","0.7839443849924853","0.9259259259259259","0.20463083664244777","0.7712472978135003","0.9029854328836381","0.75","0.8300513905050814","0.502723945502379"
