"Similarity Measures","noun_path","noun_lch","noun_wup","noun_res","noun_jcn","noun_lin","noun_lesk","noun_vector","verb_path","verb_lch","verb_wup","verb_res","verb_jcn","verb_lin","verb_lesk","verb_vector","word2vec"
"Antecedent","0.23047138047138047","0.5628282787550392","0.713505630172297","0.21703836742130614","0.21278305515051033","0.5531412812047356","0.4617822189648984","0.35626087335306555","0.375","0.6013651134976725","0.5333333333333333","0.09378810123638513","0.17905301778444596","0.32948994379858565","0.7502822341057636","0.4570153174251455","0.3683307294280523"
"a3","0.287037037037037","0.6362833968817504","0.8189975086259915","0.25680299144258356","0.36765961500476785","0.6680482466807197","0.6545300223041629","0.40007812684750893","0.375","0.6013651134976725","0.5333333333333333","0.09378810123638513","0.17905301778444596","0.32948994379858565","0.7502822341057636","0.4570153174251455","0.319004344648449"
"a2","0.4055555555555556","0.6645967832417755","0.7481900815234149","0.2581392368679445","0.350985650715118","0.61276126697654","0.5807974305256906","0.42401628759359467","0.375","0.6013651134976725","0.5333333333333333","0.09378810123638513","0.17905301778444596","0.32948994379858565","0.7502822341057636","0.4570153174251455","0.5394434373933559"
