"Similarity Measures","noun_path","noun_lch","noun_wup","noun_res","noun_jcn","noun_lin","noun_lesk","noun_vector","verb_path","verb_lch","verb_wup","verb_res","verb_jcn","verb_lin","verb_lesk","verb_vector","word2vec"
"a1","0.2","0.5497975676468014","0.7142857142857143","0.15219362819253032","0.1147957490271179","0.41078469402330325","0.327138787138787","0.146344216576163","1.0","0.8832162807399176","1.0","0.20966239480826138","1.0","1.0","1.0","1.0","0.537342721770503"
"a3","0.25","0.6102881071881849","0.7058823529411765","0.2377484778646923","0.2437584430945013","0.6981198207289262","0.419407727724158","0.483494338540433","0.3333333333333333","0.5854005934976205","0.5","0.0","0.13608248546193547","0.0","0.223484848484848","0.370675645242811","0.3528964350209948"
"Antecedent","0.25","0.6102881071881849","0.7058823529411765","0.15219362819253032","0.1147957490271179","0.41078469402330325","0.393585858585859","0.284075668854138","0.3333333333333333","0.5854005934976205","0.5","0.1969189713852482","0.41805208187985987","0.7666279904447494","0.362942612942613","0.34268086027143","0.37851308123852684"
"a4","0.25","0.6102881071881849","0.7142857142857143","0.20316133354667876","0.12231969933273129","0.49790202142371387","0.507243867243867","0.454935145976567","1.0","0.8832162807399176","1.0","0.20966239480826138","1.0","1.0","1.0","1.0","0.4709128233815157"
