Similarity Measures,noun_path,noun_lch,noun_wup,noun_res,noun_jcn,noun_lin,noun_lesk,noun_vector,verb_path,verb_lch,verb_wup,verb_res,verb_jcn,verb_lin,verb_lesk,verb_vector,word2vec,Average
Antecedent,0.19642857142857142,0.5389485411909013,0.6752302850128937,0.20651640420559433,0.1330280580100557,0.4601815239594301,0.454920678474106,0.30774552441290315,0.5888888888888889,0.698231390834973,0.7690058479532164,0.2505837241419534,0.632985652120002,0.8061057607614064,0.8669292278314834,0.6803628665431507,0.474594015296444,0.51415805653329261
a3,0.22777777777777775,0.5798557518364474,0.6894222335398806,0.1728707129257003,0.10881669246285743,0.41647902120003943,0.2805041315510805,0.16695415295553717,0.32499999999999996,0.5676426987272912,0.5174603174603175,0.12269773883560099,0.2663102626946989,0.3560568511051978,0.45953673683045987,0.29356887702504164,0.40382504170939365,0.35028111756690128
a2,0.29444444444444445,0.5968457650678776,0.7245151362798422,0.21163091117740296,0.22118343848435756,0.46928195943670176,0.3742122346611412,0.3585552696920363,0.2833333333333333,0.5363259023670418,0.4388888888888889,0.08521070133765431,0.09884387289210829,0.234028712386805,0.2548374905517763,0.20009898985466934,0.37507039957656524,0.33866514414309684
a4,0.17433862433862432,0.5043883304434172,0.6483396777514424,0.14256449724875336,0.08466799537745338,0.3001397575619103,0.23733811632678897,0.14928840113872985,0.2833333333333333,0.5363259023670418,0.5025641025641026,0.13613836624050313,0.10425228496877303,0.3420252573552685,0.2473979866635865,0.26827724044264967,0.3985922429851127,0.29764541865338184
