"Similarity Measures","noun_path","noun_lch","noun_wup","noun_res","noun_jcn","noun_lin","noun_lesk","noun_vector","verb_path","verb_lch","verb_wup","verb_res","verb_jcn","verb_lin","verb_lesk","verb_vector","word2vec"
"a1","0.09856053532524121","0.34232293706979133","0.3626375988992088","0.07490202597291083","0.05175126779919118","0.14801179438393722","0.13892807957254402","0.10483640003162185","0.47278911564625853","0.6108351805169437","0.6978458049886621","0.21137635934563845","0.48878558562712826","0.7370042928917897","0.6511370353884247","0.6529718941202756","0.3394429415122837"
"Antecedent","0.38181818181818183","0.656128155056228","0.7786490683229813","0.37704249853575034","0.30427788476284007","0.6474646003247176","0.6608553557884888","0.48594050709752373","0.4690476190476191","0.6127246390148092","0.6517054374197231","0.190425711505621","0.438130945052654","0.6850776847504736","0.6363232129432158","0.5766546128809624","0.5379265378676689"
"a2","0.6126984126984126","0.7758210039217106","0.8507936507936508","0.4006490008518513","0.5658251620787279","0.7447386037733582","0.7557655924909025","0.6943320120744559","0.4880952380952381","0.6213661446635783","0.6755149612292468","0.2124457879537034","0.5379758572923625","0.7224331025870036","0.6086941244650826","0.6331230416865855","0.5325360502171033"
