Similarity Measures,noun_path,noun_lch,noun_wup,noun_res,noun_jcn,noun_lin,noun_lesk,noun_vector,verb_path,verb_lch,verb_wup,verb_res,verb_jcn,verb_lin,verb_lesk,verb_vector,word2vec,Average
a1,0.195679012345679,0.5149040624494887,0.5909738409738411,0.13718020677981013,0.13163103300218937,0.3449496876559355,0.37324437618481027,0.25000549024148616,0.611111111111111,0.7213107922719862,0.7222222222222222,0.2177756176476001,0.550767153872332,0.8256985261243756,0.7388888888888889,0.700926677478796,0.4341618412371092,0.47420179649927419
a3,0.28439153439153436,0.5893693662357556,0.6931216931216932,0.19370493382387285,0.19770475255211922,0.4463415284325482,0.3570648878750395,0.3831600716108944,0.3333333333333333,0.5854005934976205,0.6,0.16857837476677354,0.2940376972852327,0.5289825704082607,0.664527365857153,0.5536336426742343,0.47306679861512746,0.43214230261654074
a2,0.3944444444444445,0.6633672087971125,0.782010582010582,0.25039383379534497,0.32698167581007936,0.6030764190137634,0.4410022506759044,0.49812226185167546,0.3333333333333333,0.5854005934976205,0.6759259259259259,0.23133732179068403,0.35772116819580485,0.7634113176970149,0.8217592592592594,0.4928385203401044,0.508190106083204,0.51348918956010925
Antecedent,1.0,0.9860896635111784,1.0,0.45915420728561496,1.0,1.0,1.0,0.9999999999999939,1.0,0.8832162807399176,1.0,0.36923992649028364,1.0,1.0,1.0,1.0,1.0,0.92339412223688166
a4,0.28148148148148144,0.6346796512749958,0.7841149591149591,0.23439637105173222,0.17066943440749455,0.5693132684053037,0.5485980889282265,0.3149619669009509,0.611111111111111,0.7213107922719862,0.75,0.23421542662104375,0.5680370097932331,0.7827353173421381,1.0,0.770211424165149,0.5261824117885027,0.55894227733284174
