"Similarity Measures","noun_path","noun_lch","noun_wup","noun_res","noun_jcn","noun_lin","noun_lesk","noun_vector","verb_path","verb_lch","verb_wup","verb_res","verb_jcn","verb_lin","verb_lesk","verb_vector","word2vec"
"Antecedent","0.13504689754689753","0.4217888190711987","0.5622044622044623","0.1725982129059656","0.11439394459257506","0.3882648212327243","0.45166262053597694","0.21443820915167827","0.22812499999999997","0.4723746797040511","0.3676587301587302","0.05602418491944359","0.10705149385510579","0.12247982698308715","0.39541098347535564","0.3915836449012291","0.432301199863451"
"a3","0.17004329004329005","0.4928408623391804","0.6227211385106122","0.14590984020479916","0.09084829447706183","0.3359868000674032","0.24242240110169244","0.2105402386342463","0.6157738095238096","0.6785395915074427","0.7497373949579832","0.20347721481278602","0.5849200014933591","0.768945781380687","0.6773522214167507","0.6636867879135097","0.3309120927972175"
"a2","0.11564574314574314","0.3912938314872174","0.4114738202973497","0.09909173843731263","0.07891339172847872","0.23205939386262225","0.17761935278924385","0.121672719962351","0.5324404761904763","0.6413126306021556","0.6783088235294117","0.17439172502561587","0.4967554684846482","0.6952201603031506","0.6099944923402715","0.5600663838696587","0.29811624269904885"
"a4","0.2517857142857143","0.59653062428552","0.7184313725490197","0.2023684268818166","0.12523900271237626","0.48200928343656624","0.5674925504078108","0.272963406645987","0.5116071428571429","0.6453037606021685","0.6937500000000001","0.2306233073958711","0.669121803744575","0.7982498058715631","0.7752724631519273","0.7114187043386424","0.32482495756053986"
