Similarity Measures,noun_path,noun_lch,noun_wup,noun_res,noun_jcn,noun_lin,noun_lesk,noun_vector,verb_path,verb_lch,verb_wup,verb_res,verb_jcn,verb_lin,verb_lesk,verb_vector,word2vec,Average
Antecedent,0.11666666666666665,0.38415979925597044,0.35549450549450545,0.04505640770209956,0.08653008590126601,0.1375271214216661,0.290137802646043,0.16782286139832572,0.5,0.6953155025784209,0.6666666666666666,0.25183683612755486,0.24779965458979888,0.7134851998405206,1.0,0.860420037618835,0.2925572272071428,0.400675080889146
a3,0.175,0.5127292904922387,0.6571969696969696,0.1979730551808742,0.11145752800327444,0.4593469590971599,0.3492229469701157,0.1547780609579556,0.0,0.0,0.0,0.0,0.0,0.0,0.0,0.0,0.2975601921920423,0.17148617662297827
a2,0.0,0.0,0.0,0.0,0.0,0.0,0.0,0.0,0.0,0.0,0.0,0.0,0.0,0.0,0.0,0.0,0.2975601921920423,0.01750354071717896
