Similarity Measures,noun_path,noun_lch,noun_wup,noun_res,noun_jcn,noun_lin,noun_lesk,noun_vector,verb_path,verb_lch,verb_wup,verb_res,verb_jcn,verb_lin,verb_lesk,verb_vector,word2vec,Average
Antecedent,0.20857142857142855,0.5493655597501831,0.7261692555810203,0.2328778115115117,0.13072259801263064,0.44878875341770286,0.45535087628887716,0.33808144384453065,0.369047619047619,0.6056640147948925,0.673093479816169,0.2409146730525525,0.2946248812140387,0.6374179200441924,0.5032405236486869,0.503001004097791,0.3597175071091155,0.42803819704723189
a3,0.4119047619047619,0.6707050686474952,0.7536507936507937,0.4185526653706459,0.3039589012381172,0.5480767012248308,0.681571719096857,0.509862222643928,0.75,0.7758444075047767,0.8481203007518797,0.24188059029402736,0.7035079550862411,0.8729207540253563,0.9357404121068716,0.7792059073694916,0.44383477703999463,0.62643164340918045
a2,0.45666666666666667,0.7265276399929456,0.8316526610644258,0.46312284345401905,0.2907976802132695,0.5659077517198604,0.730274303269695,0.48783704964351327,0.35714285714285715,0.6011027233663063,0.5238095238095238,0.17964801298133692,0.419348047618755,0.6827723010844332,0.6555801532106477,0.455693470463914,0.45344844973518145,0.52243130208455002
a4,0.20818181818181816,0.5369585239167993,0.6879084967320261,0.1608646131421975,0.08000006757283287,0.3075541827278688,0.5086126401405948,0.2599326309049589,0.32142857142857145,0.5742597550575211,0.720185766614338,0.21451498851228917,0.21197722220054077,0.6135458120301548,0.463867931010788,0.4210346945471016,0.4983231057102486,0.3993618129665088
