Similarity Measures,noun_path,noun_lch,noun_wup,noun_res,noun_jcn,noun_lin,noun_lesk,noun_vector,verb_path,verb_lch,verb_wup,verb_res,verb_jcn,verb_lin,verb_lesk,verb_vector,word2vec,Average
Antecedent,0.20396825396825397,0.5458987062845895,0.7246456158220863,0.22294262345699895,0.13972771748143994,0.4897040393914948,0.3936220402173288,0.29989381802053117,0.3055555555555555,0.5594053038040551,0.5849673202614379,0.16061253155542707,0.21860546560596758,0.5140703311894393,0.44422891138992865,0.4127618913783704,0.3600014993633724,0.38709480145566338
a3,0.18112244897959182,0.5035261082465089,0.6347148649669657,0.19722523399089378,0.11811982711002919,0.44800531369739705,0.2619096443304371,0.26576475140279127,0.3055555555555555,0.5594053038040551,0.6259259259259259,0.11473468802505671,0.12307416989932325,0.31686084297986855,0.336275827287821,0.36073065294492035,0.3428377278817238,0.33504640511934497
a2,0.3678571428571429,0.6553325381569863,0.799345892203035,0.3400097245187568,0.3969597881961197,0.6668370030105051,0.711462775903807,0.5417383445311202,0.611111111111111,0.7213107922719865,0.7222222222222222,0.17508373592400484,0.4734668519565856,0.7040517416236356,1.0,0.7296207935911383,0.48110347867702014,0.59397140804442217
a4,0.2848639455782313,0.5623832105861305,0.6547406841524489,0.2491444361311002,0.24186932599765257,0.5220439379302811,0.38398142165869187,0.3948414146194459,0.3055555555555555,0.5594053038040551,0.5,0.14258680647567942,0.21860546560596758,0.5140703311894393,0.3465857753357753,0.3847723734396047,0.4528685645278993,0.39519520897576227
