"Similarity Measures","noun_path","noun_lch","noun_wup","noun_res","noun_jcn","noun_lin","noun_lesk","noun_vector","verb_path","verb_lch","verb_wup","verb_res","verb_jcn","verb_lin","verb_lesk","verb_vector","word2vec"
"a1","0.20555555555555557","0.5534862909807904","0.7167277167277167","0.2038572732837622","0.13659786350147396","0.49467761516808323","0.410648656898657","0.44980551011357095","0.35","0.5917864014976415","0.5419047619047619","0.12110327408689144","0.18234889148165262","0.3628818160143452","0.47171443218435705","0.4339142653437197","0.3868940608120201"
"a3","0.5","0.7249122792958147","0.8555555555555555","0.375062008368448","0.5714879420145017","0.7894905920485081","0.8003086419753087","0.6850709549866707","0.5333333333333333","0.6889296945784","0.6666666666666666","0.15198043511807785","0.37049813610751225","0.5830455764727566","1.0","0.8168841994103879","0.539777552185194"
"Antecedent","0.21666666666666667","0.5699610808272626","0.7727272727272728","0.30208396983933417","0.15085561030913566","0.6430004175188744","0.48375976316452535","0.35656555044694604","0.5333333333333333","0.6889296945784","0.6666666666666666","0.0931375231580454","0.37049813610751225","0.42588754332098244","0.7120000000000001","0.6644031548345374","0.4746975220777155"
"a4","0.15873015873015872","0.4864439617652719","0.6145667198298777","0.1729007463344657","0.09837724960156842","0.3942815041259509","0.3400711479878147","0.4431663081832697","0.24","0.4953166165086474","0.3866666666666666","0.0","0.05864825540165099","0.0","0.08730323420540823","0.1459391742787652","0.1882212282697164"
