"Similarity Measures","noun_path","noun_lch","noun_wup","noun_res","noun_jcn","noun_lin","noun_lesk","noun_vector","verb_path","verb_lch","verb_wup","verb_res","verb_jcn","verb_lin","verb_lesk","verb_vector","word2vec"
"Antecedent","0.5153846153846154","0.7452618888861369","0.8595621150038869","0.35223031024852014","0.48760164780653875","0.7346258682736149","0.7711918843852223","0.5617352548656676","0.5357142857142857","0.6750520812811488","0.6523809523809524","0.1776505515895635","0.49731494703932994","0.7151405084410285","0.8221846408774499","0.613673023404702","0.5472649723770685"
"a2","0.2033882783882784","0.5462791139866356","0.7102908958946111","0.17984414931682405","0.10601512200644572","0.41366610576211404","0.4120460337447284","0.21812231549602742","0.22993197278911562","0.4734585761153128","0.39285714285714285","0.15810812401461763","0.18963962879532878","0.4622119664536642","0.4589006300807546","0.35344690061656936","0.3779747461534489"
