Similarity Measures,noun_path,noun_lch,noun_wup,noun_res,noun_jcn,noun_lin,noun_lesk,noun_vector,verb_path,verb_lch,verb_wup,verb_res,verb_jcn,verb_lin,verb_lesk,verb_vector,word2vec,Average
a1,0.35833333333333334,0.6527581867282226,0.7856125356125356,0.30092869249672166,0.302174517681091,0.6577180239564294,0.5569761708346518,0.41142273935513113,0.2833333333333333,0.5322232640491819,0.4371428571428571,0.10095619873408254,0.11252001090435411,0.2798331060386771,0.2082195734373154,0.35600611592665266,0.4652589973813329,0.40008339158505313
a3,0.0,0.0,0.0,0.0,0.0,0.0,0.0,0.0,0.0,0.0,0.0,0.0,0.0,0.0,0.0,0.0,0.27332772504182123,0.016078101473048306
Antecedent,0.49722222222222223,0.7283894242955044,0.8550569800569802,0.3310195117314167,0.4490573073822366,0.7310125905491137,0.6329469637032429,0.5659159287081558,0.30666666666666664,0.5577053117732046,0.5166666666666666,0.23479332499467137,0.1854905842323133,0.44279853052332074,0.4849449366309832,0.557593575773158,0.5430035254659283,0.50707553243386982
