"Similarity Measures","noun_path","noun_lch","noun_wup","noun_res","noun_jcn","noun_lin","noun_lesk","noun_vector","verb_path","verb_lch","verb_wup","verb_res","verb_jcn","verb_lin","verb_lesk","verb_vector","word2vec"
"a1","0.23484848484848486","0.5490566318250759","0.6664673046251993","0.21082992603616293","0.12820034395291482","0.4669285808222363","0.43057458250789776","0.3792364301518676","1.0","0.8832162807399176","1.0","0.20966239480826138","1.0","1.0","1.0","1.0","0.4486959478635337"
"a3","0.2638095238095238","0.5906862814854915","0.7544372294372295","0.26748271905300036","0.24492016222997243","0.6361012636606784","0.6748798732132064","0.43714960558835136","1.0","0.8832162807399176","1.0","0.20966239480826138","1.0","1.0","1.0","1.0","0.42046857164745116"
"a2","0.0","0.0","0.0","0.0","0.0","0.0","0.0","0.0","0.0","0.0","0.0","0.0","0.0","0.0","0.0","0.0","0"
"Antecedent","0.5166666666666666","0.716642766085062","0.8183333333333334","0.3311692550151052","0.49792015607061285","0.7384611845917004","0.6193247045519994","0.6204392997090762","1.0","0.8832162807399176","1.0","0.20966239480826138","1.0","1.0","1.0","1.0","0.5048294891752804"
