"Similarity Measures","noun_path","noun_lch","noun_wup","noun_res","noun_jcn","noun_lin","noun_lesk","noun_vector","verb_path","verb_lch","verb_wup","verb_res","verb_jcn","verb_lin","verb_lesk","verb_vector","word2vec"
"Antecedent","0.2976190476190476","0.6223541605396378","0.8027605779153767","0.258957962331719","0.3525612886235881","0.6720884532270994","0.4099287217105323","0.347834224040874","0.5","0.622038896524554","0.670995670995671","0.16944391173397078","0.4305991180717679","0.5489771386829817","0.5542386057736933","0.5037749852538199","0.35818132955622134"
"a3","0.21944444444444444","0.5534862909807904","0.7198879551820728","0.22097779864667721","0.14741775798841525","0.5281266939007264","0.7033509700176367","0.3627702044794014","0.27777777777777773","0.5227670007771216","0.5535714285714285","0.1701823627081234","0.28587100698437445","0.5293644844409233","0.41188204320795435","0.44718048350222833","0.3868634888895675"
"a2","0.20555555555555557","0.5534862909807904","0.7378917378917379","0.2041991882532598","0.1220857677177533","0.48186401593548417","0.36240231947994467","0.2957665075394383","0.5","0.622038896524554","0.5952380952380952","0.11976624619087028","0.4305991180717679","0.5176730659320016","0.4964826839826841","0.479002629541621","0.37623952953494605"
"a4","0.4583333333333333","0.6729216999086839","0.8039215686274509","0.28972704725816756","0.4077646292928206","0.624885422448986","0.5602134439634436","0.48617199650394033","0.5","0.622038896524554","0.6190476190476191","0.13165035925301619","0.4305991180717679","0.5176730659320016","0.5856792655038267","0.5030665024265644","0.48932029639227376"
