"Similarity Measures","noun_path","noun_lch","noun_wup","noun_res","noun_jcn","noun_lin","noun_lesk","noun_vector","verb_path","verb_lch","verb_wup","verb_res","verb_jcn","verb_lin","verb_lesk","verb_vector","word2vec"
"Antecedent","0.3833333333333333","0.6604343249083214","0.7875661375661376","0.22885644765074686","0.2945050859214197","0.5590943022101461","0.7806504734159404","0.4511425418194253","0.8333333333333334","0.8205826880194187","0.9333333333333332","0.2150316589866018","1.0","0.9984665783818624","1.0","0.9418462907650523","0.5360465207290136"
"a2","0.0","0.0","0.0","0.0","0.0","0.0","0.0","0.0","0.0","0.0","0.0","0.0","0.0","0.0","0.0","0.0","0.3566411979089312"
