"Similarity Measures","noun_path","noun_lch","noun_wup","noun_res","noun_jcn","noun_lin","noun_lesk","noun_vector","verb_path","verb_lch","verb_wup","verb_res","verb_jcn","verb_lin","verb_lesk","verb_vector","word2vec"
"Antecedent","0.6041666666666667","0.7707101580794815","0.8666666666666667","0.3146829193566568","0.5708933704816188","0.7722267085124074","0.793851563061122","0.6858633226095008","0.3055555555555555","0.5594053038040551","0.5857142857142857","0.17048453926455634","0.15541385032480795","0.38668734647062863","0.534479717813051","0.32809444991978265","0.514468384268403"
"a3","0.625","0.7981888853496817","0.8452380952380952","0.31145004828169015","0.5517471315866264","0.6977026279146158","0.9467261904761906","0.6693044873945564","0.5555555555555555","0.6846724892450529","0.6666666666666666","0.30393963704552585","0.4438939381878027","0.7287867011167869","0.585023515579071","0.5989554763208647","0.5602470043487593"
"a2","0.3773809523809524","0.6237114795866027","0.7595238095238095","0.2877262639596001","0.34920995120701964","0.6229323109413122","0.5985862953878235","0.4400681804577575","0.5277777777777778","0.6586771995514874","0.6571428571428571","0.2516693990781893","0.5317262593117495","0.7727726191204162","0.6112586487586487","0.5820080259148342","0.3345296779001523"
"a4","0.625","0.7981888853496817","0.8666666666666666","0.35532189872980174","0.5710188122499901","0.7786542477325581","0.8868799603174602","0.7336040565362882","0.5277777777777778","0.6586771995514874","0.7555555555555555","0.25121376766230596","0.49579574488714445","0.7734138889506443","0.6718548798368077","0.6353492105542017","0.4005846737225049"
