Similarity Measures,noun_path,noun_lch,noun_wup,noun_res,noun_jcn,noun_lin,noun_lesk,noun_vector,verb_path,verb_lch,verb_wup,verb_res,verb_jcn,verb_lin,verb_lesk,verb_vector,word2vec,Average
Antecedent,0.21666666666666667,0.567686745032639,0.747349709114415,0.22945419904324893,0.13027894182040073,0.5317912342863587,0.40094319456079175,0.2782964199557225,1.0,0.8832162807399176,1.0,0.20966239480826138,1.0,1.0,1.0,1.0,0.571269853754269,0.63333033175192299
a3,0.1313582251082251,0.4293514466469658,0.5503326330532212,0.1821321306965057,0.07855552304553566,0.35975651395759445,0.205688880375839,0.14719435421214827,1.0,0.8832162807399176,1.0,0.20966239480826138,1.0,1.0,1.0,1.0,0.47528862816681106,0.56779629475358984
a2,0.24999999999999997,0.6023058471881588,0.7830639948287007,0.24691042643933053,0.15171665371356008,0.5614868089963736,0.6450158503503348,0.29425316107734395,0.25,0.5074147244169241,0.4,0.0,0.13870598877269308,0.0,0.57125,0.368809364682772,0.3937292099131813,0.36262717825761021
a4,0.2895833333333333,0.6146619395730132,0.7476190476190476,0.25238706322003074,0.3606533730882271,0.606391203685443,0.4881866093805788,0.3174039025553627,0.5,0.6953155025784209,0.8,0.20774222301482007,1.0,0.9953997351455868,1.0,0.825538872295157,0.3683275481165781,0.59230649138856473
