Similarity Measures,noun_path,noun_lch,noun_wup,noun_res,noun_jcn,noun_lin,noun_lesk,noun_vector,verb_path,verb_lch,verb_wup,verb_res,verb_jcn,verb_lin,verb_lesk,verb_vector,word2vec,Average
a1,0.5523809523809524,0.7424409900948553,0.8205960705960705,0.3478399013715664,0.5118051373064744,0.6976925794790113,0.57685344428994,0.5921776184823239,0.6,0.7045268683945395,0.7142857142857142,0.1962568458360277,0.5361636047653249,0.7234459635148547,0.5959637722397564,0.6081477023899062,0.5461901377375996,0.59216278253911292
a3,0.5680272108843537,0.7608149528942618,0.8371271585557299,0.3605364704295549,0.5036246039887049,0.7035320555822459,0.6178251078772511,0.6037068834994014,0.7,0.7704758138430197,0.8815686274509803,0.2925057343243943,0.7760179886368417,0.9122381256240957,1.0,0.8360094048463577,0.5423021521176858,0.6862536641502871
a2,0.5442176870748299,0.7339719845854766,0.815803244374673,0.3526971052638834,0.49773538459476846,0.670344664411339,0.608955639633191,0.5493533887329362,0.8,0.8080559694753189,0.9047619047619048,0.2928896819895363,0.8606071062902423,0.9319863701818566,1.0,0.8381116195210216,0.5000839573489818,0.68879857107293896
Antecedent,1.0,0.9860896635111783,1.0,0.6043229402388991,1.0,1.0,1.0,0.9999999999999986,1.0,0.8832162807399178,1.0,0.36011369351255534,1.0,1.0,1.0,1.0,1.0,0.93139662223544395
a4,0.18112244897959187,0.5090058510375731,0.6375545089830804,0.16863581923787185,0.11482201531620292,0.4116582284961834,0.4200604551299541,0.24040076920362166,0.3666666666666666,0.6073835753137805,0.54,0.21740517466503256,0.2830594083439145,0.6837612535836872,0.587468314661297,0.44120519691312426,0.4110095071565532,0.40124818786400807
