"Similarity Measures","noun_path","noun_lch","noun_wup","noun_res","noun_jcn","noun_lin","noun_lesk","noun_vector","verb_path","verb_lch","verb_wup","verb_res","verb_jcn","verb_lin","verb_lesk","verb_vector","word2vec"
"a1","0.413452380952381","0.68443195941213","0.8069604157452455","0.29550398215132095","0.3418840385335555","0.6883296904407656","0.6367414045823001","0.49060670283598284","0.3444444444444444","0.5758800936505274","0.5","0.11396460094709487","0.27052866710103285","0.46695694195668763","0.5662037037037037","0.44984807191212434","0.46591265041613683"
"a3","0.22119047619047616","0.5601410467099539","0.6149081259297977","0.1961709843182487","0.1447560323567898","0.4249901195725279","0.4206512128550048","0.33171090505429757","0.7333333333333334","0.7377855821184586","0.7777777777777777","0.1740701922005307","0.6907126013916405","0.6666666666666666","0.7444444444444444","0.7224698120568703","0.39991784324863516"
"Antecedent","0.2310714285714286","0.5646565716584702","0.6883547008547009","0.22572595015553581","0.2285072283399431","0.5512532227691063","0.3558066379352147","0.27735665226929757","0.75","0.7579490952989199","0.7999999999999999","0.2745660415514835","0.7044984866186215","0.8385961406544137","0.7444444444444444","0.7504856421818263","0.4241955268974814"
