"Similarity Measures","noun_path","noun_lch","noun_wup","noun_res","noun_jcn","noun_lin","noun_lesk","noun_vector","verb_path","verb_lch","verb_wup","verb_res","verb_jcn","verb_lin","verb_lesk","verb_vector","word2vec"
"Antecedent","0.3333333333333333","0.6492810417285331","0.7861842105263157","0.2255439061151639","0.5435103676174895","0.636565937554128","0.660021025250517","0.407722394377656","0.5","0.6953155025784209","0.8","0.3320858767849144","0.48324559856032967","0.860178042403226","1.0","0.842455372155335","0.40697630228726883"
