Similarity Measures,noun_path,noun_lch,noun_wup,noun_res,noun_jcn,noun_lin,noun_lesk,noun_vector,verb_path,verb_lch,verb_wup,verb_res,verb_jcn,verb_lin,verb_lesk,verb_vector,word2vec,Average
Antecedent,0.3596825396825397,0.6375862262871111,0.7947844782459133,0.26012658362467683,0.3364487698983254,0.6130960015992859,0.5524678929407766,0.3872385181618927,0.4375,0.6090412516777713,0.6365740740740741,0.20462426382417434,0.3720416246695248,0.619212455207143,0.5475187995589884,0.5190619508197979,0.3769088234732608,0.48611260316148563
a3,0.13898741781094723,0.3285236670411873,0.2979706991781295,0.07452486921218447,0.1299798559853172,0.16912626912452153,0.23727008929004775,0.19028781919507567,0.0,0.0,0.0,0.0,0.0,0.0,0.0,0.0,0.1373816100197194,0.10023837040336059
a2,0.1589112739112739,0.47057412118034425,0.6591978739118327,0.1941007307952009,0.11885543270935363,0.4257453115746739,0.23818005356233413,0.18065842528843318,0.4166666666666667,0.6037197450110874,0.6325757575757576,0.20302811898545317,0.3079344356855936,0.5779074728928785,0.6370024287493465,0.4953489611089788,0.31063030339154807,0.3900610066471033
