"Similarity Measures","noun_path","noun_lch","noun_wup","noun_res","noun_jcn","noun_lin","noun_lesk","noun_vector","verb_path","verb_lch","verb_wup","verb_res","verb_jcn","verb_lin","verb_lesk","verb_vector","word2vec"
"a1","0.4282407407407407","0.6309618902150663","0.665176011925238","0.27469087923591545","0.40476662973706","0.5766011411422313","0.5036157320566644","0.48602863540495295","0.18333333333333335","0.42221200010583215","0.5576923076923077","0.19972606583740338","0.13684366536982603","0.4942191784630617","0.235763888888889","0.13472564400981052","0.31031877784613177"
"a3","0.4506613756613757","0.6635514633274956","0.7222222222222222","0.27704846080375783","0.41820444121596073","0.603322242722189","0.5875490398658504","0.5016239303048546","0.3333333333333333","0.5854005934976205","0.625","0.22856852237482284","0.2676616587467009","0.6864260106635847","0.8038900913900915","0.38312289117584","0.42516833966353557"
"Antecedent","0.509920634920635","0.7362668126382252","0.8529100529100528","0.34104269380044067","0.47599374499530667","0.7063440720302471","0.7999075228177396","0.5330325605165761","0.3333333333333333","0.5854005934976205","0.875","0.28210975248734094","0.3402177556439292","0.7674438721473946","1.0","0.6009508138482875","0.4956143552540539"
"a4","0.6527777777777778","0.8241841750432471","0.9180555555555556","0.40538578246830426","0.6045157931896828","0.8350613431183341","0.8977563618039808","0.7333130779873386","0.41666666666666663","0.6403580480380207","0.8035714285714286","0.41654038519315745","0.4083166559875997","0.8681759804289615","1.0","0.7660351606255935","0.6259754451367125"
