"Similarity Measures","noun_path","noun_lch","noun_wup","noun_res","noun_jcn","noun_lin","noun_lesk","noun_vector","verb_path","verb_lch","verb_wup","verb_res","verb_jcn","verb_lin","verb_lesk","verb_vector","word2vec"
"Antecedent","0.3679421768707483","0.623442774851921","0.7455255786525135","0.24815443768496911","0.35209710132915156","0.6022290031609602","0.5832493639188533","0.47238016678590283","0.38095238095238093","0.6168048532349921","0.5476190476190476","0.2025083510222973","0.3642781703417879","0.7062946274959774","0.900974025974026","0.458679551456756","0.409609869128385"
"a3","0.2843022057307771","0.5538940177452573","0.6600790316126451","0.21931943961300693","0.24410040591052876","0.5029931400994656","0.46307852823843454","0.4066820761290317","0.5238095238095238","0.6704907898525627","0.6666666666666667","0.22745425065081495","0.47848674118971074","0.7422691161595621","0.8907312925170069","0.7484142019066555","0.4110514769075343"
"a2","0.2183699237270666","0.5137398966839034","0.6159113645458183","0.14849292205974193","0.1729427762870697","0.3991942115903863","0.41135681081908554","0.389184608007557","0.3333333333333333","0.5854005934976206","0.5","0.15261843215256427","0.3555792671840566","0.6230238551879201","0.3841634555920272","0.4290115409286023","0.4280914569517809"
"a4","0.2248917748917749","0.5127528744979581","0.6497758194186766","0.2270172247948202","0.19168055816749913","0.5184277862639374","0.38148380134680676","0.3703695331570849","0.3333333333333333","0.5854005934976206","0.6428571428571429","0.22189856777629144","0.5408508696638215","0.7773569010021354","0.7809451659451659","0.482448959778739","0.5099667701161139"
