Similarity Measures,noun_path,noun_lch,noun_wup,noun_res,noun_jcn,noun_lin,noun_lesk,noun_vector,verb_path,verb_lch,verb_wup,verb_res,verb_jcn,verb_lin,verb_lesk,verb_vector,word2vec,Average
Antecedent,0.3183333333333333,0.6375196878661389,0.77712615815557,0.25237892953858665,0.26715596295735644,0.6223859302348003,0.4886758531881023,0.40536974720431784,0.5,0.6953155025784209,0.6666666666666666,0.2741923228885948,0.6526620761066046,0.8368290460523368,1.0,0.633394869202754,0.45623045100582377,0.55789626688114158
a3,0.3676190476190476,0.6344475339637017,0.7593659281894576,0.24914528469867975,0.3234241480239684,0.5776326672462923,0.49639282620713904,0.48179435439225726,0.5,0.6953155025784209,0.75,0.3175668009702075,0.8678915279637589,0.9166536171529391,1.0,0.817598317971048,0.4575752956745992,0.60073075603832449
a2,0.3983333333333334,0.6747630894525558,0.8016616295641062,0.27823151251608047,0.33318931428374265,0.6473866438328805,0.6796096250303724,0.48526724716194825,0.5,0.6953155025784209,0.6666666666666666,0.1969189713852482,0.6526620761066046,0.8368290460523368,1.0,0.633394869202754,0.5193810564500593,0.58821238727159475
a4,0.40928571428571436,0.68443195941213,0.8003801169590643,0.2629990155161673,0.4659746550915388,0.6928868796425807,0.6137754107810798,0.5172400864914758,0.3333333333333333,0.5854005934976205,0.5714285714285714,0.2737123297489443,1.0,0.9270198960861519,0.25,0.294298464385867,0.3419243580849327,0.53082890498501012
