"Similarity Measures","noun_path","noun_lch","noun_wup","noun_res","noun_jcn","noun_lin","noun_lesk","noun_vector","verb_path","verb_lch","verb_wup","verb_res","verb_jcn","verb_lin","verb_lesk","verb_vector","word2vec"
"Antecedent","0.2545558608058608","0.5606339858452359","0.7117671630055531","0.21722416992277138","0.18235586472908677","0.4767848062364942","0.5278300535747443","0.36587243206591574","0.3125","0.5659041262274465","0.586111111111111","0.09971660495885629","0.14611255336881043","0.28053373533035475","0.42513106609574003","0.31082762376119744","0.4025814581691091"
"a3","0.3350694444444444","0.5918589199315745","0.710496513720198","0.2223386543094213","0.2802706125419394","0.4927414970275268","0.5393538541497719","0.39605317665419776","0.47916666666666663","0.6403580480380207","0.6416666666666666","0.20457624670893465","0.3689869556926315","0.6064328974128894","0.7537904237770547","0.48064290831343376","0.4954680723131603"
"a2","0.17415136946386947","0.4155452634365211","0.37826583139083136","0.09842970744165308","0.13145262103735086","0.2211013903429171","0.31924275301362476","0.22510558214751833","0.3125","0.5659041262274465","0.475","0.0320031526227457","0.0849996740911339","0.10399541625008181","0.19209020146520125","0.17294283864460455","0.1465026154866017"
