Similarity Measures,noun_path,noun_lch,noun_wup,noun_res,noun_jcn,noun_lin,noun_lesk,noun_vector,verb_path,verb_lch,verb_wup,verb_res,verb_jcn,verb_lin,verb_lesk,verb_vector,word2vec,Average
a1,0.13863636363636364,0.43608155568207785,0.5111111111111111,0.12054184755943913,0.09143689733248035,0.2839447513464792,0.2866102931101546,0.19498685285283301,0.625,0.6953155025784209,0.7,0.17803229666794446,0.5594393884961748,0.699821379216831,0.676736111111111,0.6412499863402865,0.20633786307974653,0.41442836471302674
a3,0.396969696969697,0.5613487411230756,0.5619047619047618,0.21692918634812633,0.37094456963867223,0.37535371848966986,0.45778793970703596,0.4300938033528263,0.625,0.6953155025784209,0.7,0.17499448228586995,0.5630095884172033,0.7068580640976827,0.676736111111111,0.6412499863402865,0.4884093349758308,0.50840620513766299
a2,0.109006734006734,0.3829684628086721,0.3906629318394024,0.0807519372097721,0.06547421150069312,0.17644702832282447,0.21566988111210508,0.1779871430329413,0.625,0.6953155025784209,0.7,0.17803229666794446,0.5594393884961748,0.699821379216831,0.676736111111111,0.6412499863402865,0.34719732044733886,0.39539766557007366
Antecedent,1.0,0.9860896635111785,1.0,0.5139810788451902,1.0,1.0,1.0,0.999999999999993,1.0,0.8832162807399176,1.0,0.35829657724237496,1.0,1.0,1.0,1.0,1.0,0.92597550590227373
a4,0.20634920634920637,0.5351483181436582,0.6504385964912281,0.18348059618474874,0.11308376141471145,0.4360017000066554,0.4536437943516433,0.44402212253193335,0.6666666666666666,0.7343084371187691,0.75,0.17838483735417127,0.5694488226000389,0.7201484509388423,0.6864662589094405,0.6412499863402865,0.40036495704516933,0.49230626543806877
