"Similarity Measures","noun_path","noun_lch","noun_wup","noun_res","noun_jcn","noun_lin","noun_lesk","noun_vector","verb_path","verb_lch","verb_wup","verb_res","verb_jcn","verb_lin","verb_lesk","verb_vector","word2vec"
"Antecedent","0.296875","0.6452899117285201","0.8333333333333333","0.23783381044967306","0.16308529401546507","0.5958295457429709","0.7207861012005377","0.3695738888950325","0.75","0.7892658916591693","0.9","0.24749013561573416","1.0","0.9801037494676769","1.0","0.7657989793316375","0.3415008094662167"
"a3","0.14930555555555555","0.4613802635670364","0.635329131652661","0.19709391188864778","0.10168876171927209","0.4196403159826556","0.2621195550973756","0.22832213573810434","0.41666666666666663","0.6403580480380207","0.65","0.2920414433383027","0.7329471258573453","0.8733837825384447","0.7552083333333335","0.6187444557155239","0.21695310261536857"
"a2","0.1607142857142857","0.460681569945539","0.6030922895473978","0.18391268880724526","0.10504814282093067","0.3783294557280918","0.314883505135157","0.22473036115786127","0.625","0.6953155025784209","0.8333333333333333","0.24323226610116863","0.7149614388274791","0.9130243464879736","0.7750914423740509","0.7280072700770125","0.38317567540103314"
