Similarity Measures,noun_path,noun_lch,noun_wup,noun_res,noun_jcn,noun_lin,noun_lesk,noun_vector,verb_path,verb_lch,verb_wup,verb_res,verb_jcn,verb_lin,verb_lesk,verb_vector,word2vec,Average
a1,0.37777777777777777,0.6190357719578413,0.7341269841269842,0.2972057767627781,0.31716354018914417,0.49596852509441836,0.4800484831029185,0.4180089022453758,0.0,0.0,0.0,0.0,0.0,0.0,0.0,0.0,0.4108648184247963,0.2441294458636491
a3,0.3551587301587302,0.5838766599315485,0.7134502923976607,0.31224017703077794,0.31901432453308093,0.5324532973576637,0.5127194423544518,0.48898302908431923,0.5055555555555555,0.635597798114474,0.6055555555555555,0.16366392893900408,0.4123411081302739,0.5477321280513823,0.5344106256877997,0.539603572206802,0.4683188517571105,0.48415735746154065
Antecedent,0.18452380952380953,0.470429803580626,0.5678236881797254,0.1199297489898574,0.12027547423373802,0.2672938403214505,0.3422159633357492,0.2725913515472608,0.5555555555555556,0.6769963510649543,0.7038461538461539,0.20784590649556334,0.5654355130152445,0.6410737754959804,0.6531615194386935,0.5824683104016471,0.4300376347754204,0.43302967057655467
a4,0.4166666666666667,0.6767597689987332,0.8012820512820512,0.31579877534052053,0.35305054122745977,0.5851257308453399,0.609143716466585,0.43457883477647097,0.3944444444444444,0.5859618502407579,0.5341269841269841,0.11451318133085618,0.2817514235403507,0.40853690999712483,0.32980971213362853,0.3292926892275407,0.4345142106007033,0.44737397007330693
