"Similarity Measures","noun_path","noun_lch","noun_wup","noun_res","noun_jcn","noun_lin","noun_lesk","noun_vector","verb_path","verb_lch","verb_wup","verb_res","verb_jcn","verb_lin","verb_lesk","verb_vector","word2vec"
"Antecedent","0.4225108225108225","0.6541408682179509","0.7242975511883074","0.2827282141886735","0.4209163009816798","0.6425978978140087","0.6244368066187552","0.5585132072945214","0.0","0.0","0.0","0.0","0.0","0.0","0.0","0.0","0.4068999629165207"
"a3","0.3396825396825397","0.608226148550929","0.6709564944859064","0.2128851550868651","0.29107104113616694","0.5500214274063443","0.6116908657690334","0.3883190656631617","0.5416666666666667","0.6873332425783949","0.7521929824561403","0.23579676613144238","0.4502464743377713","0.6937568334748611","0.7665652799581372","0.6645646503622551","0.43521009731493315"
"a2","0.25958565244279524","0.5828633432338293","0.7123382686407896","0.23206401895647893","0.23316294953082797","0.5967213278999767","0.5929321624084926","0.2901353021351035","0.5","0.6775850089433078","0.7749999999999999","0.27578997617003176","0.5418457183457999","0.8020555507861353","0.772825801843659","0.6272497513110719","0.38741605820038183"
"a4","0.14240362811791382","0.4261064104049484","0.45875350140056026","0.08503261777221578","0.08190485309576277","0.196865343488237","0.37310089476311104","0.18894067329129163","0.41041666666666665","0.6093091333251607","0.6941493104418801","0.186583493984449","0.32710799906203114","0.5732605811998229","0.6368899713225371","0.5311483227776829","0.36687200501385164"
