"Similarity Measures","noun_path","noun_lch","noun_wup","noun_res","noun_jcn","noun_lin","noun_lesk","noun_vector","verb_path","verb_lch","verb_wup","verb_res","verb_jcn","verb_lin","verb_lesk","verb_vector","word2vec"
"Antecedent","0.6333333333333334","0.8293832329819603","0.9284848484848485","0.3880879691441451","0.5578431622831538","0.8152669493184099","1.0","0.7595633989001579","0.75","0.7892658916591693","0.9705882352941176","0.2572229327983683","0.7010744069570944","0.90792842953453","1.0","0.7833312121699361","0.6030314834523985"
"a2","0.38666666666666666","0.6513673287283469","0.772967032967033","0.316646343221488","0.3008585475379001","0.5899993007059596","0.6632618653702783","0.45400054399422923","0.3333333333333333","0.5854005934976205","0.6666666666666667","0.2343312937339294","0.3028241428058447","0.6898576371133747","0.641991341991342","0.428235338073909","0.49684725904641225"
