"Similarity Measures","noun_path","noun_lch","noun_wup","noun_res","noun_jcn","noun_lin","noun_lesk","noun_vector","verb_path","verb_lch","verb_wup","verb_res","verb_jcn","verb_lin","verb_lesk","verb_vector","word2vec"
"a1","0.32956349206349206","0.5809334504693806","0.6705528527200354","0.2692126038038422","0.2858064240282861","0.5235916819964592","0.4030403420934011","0.3790802964853472","0.18888888888888888","0.43044939502906826","0.31746031746031744","0.048800732842542514","0.11151524766378601","0.14187705702628234","0.37782452617723933","0.48779493512868694","0.4970809135149113"
"a3","0.22782106782106779","0.49109132938524924","0.4921595071595071","0.15972296879696996","0.176967806285003","0.313372949055581","0.28800146801849225","0.2485186132292266","0.47222222222222227","0.6533556928848036","0.5777777777777777","0.1571444349555716","0.39496070530243643","0.6438147142489398","0.5677570245966473","0.5565917358275291","0.43893309347346804"
"a2","0.3783333333333333","0.6871979514067151","0.8163762218173982","0.31660349528458775","0.33695336748772436","0.6959066111788557","0.49425486461608426","0.37986441592825887","0.6666666666666666","0.7343084371187691","0.8625730994152048","0.2777122323674852","0.9712364337721816","0.9669568692231142","0.7788050378553625","0.806889543665262","0.4832163174509552"
"Antecedent","1.0","0.9860896635111784","1.0","0.5275723553245528","1.0","1.0","1.0","0.9999999999999994","1.0","0.8832162807399176","1.0","0.3311024650811645","1.0","1.0","1.0","1.0","1.0"
"a4","0.35936868686868684","0.608010567184781","0.6304662004662004","0.23476700645466225","0.30994902612494146","0.5139347467138025","0.5559655266713379","0.3765448414290208","0.47222222222222227","0.6533556928848036","0.5777777777777777","0.1571444349555716","0.39496070530243643","0.6438147142489398","0.5677570245966473","0.5565917358275291","0.5035895862872624"
