"Similarity Measures","noun_path","noun_lch","noun_wup","noun_res","noun_jcn","noun_lin","noun_lesk","noun_vector","verb_path","verb_lch","verb_wup","verb_res","verb_jcn","verb_lin","verb_lesk","verb_vector","word2vec"
"a1","0.68","0.8115728251654277","0.8939999999999999","0.3452344915970952","0.6440678025084171","0.7749962372509305","0.7215348763387575","0.7523893694573157","0.5714285714285714","0.7018950495899342","0.773015873015873","0.2254502822360607","0.6012461102143477","0.8133031233046568","0.7073731257404727","0.7075049687265779","0.5411179400183487"
"Antecedent","0.5","0.7698200955335008","0.8528070175438597","0.30356887282541606","0.5353063872916295","0.7972813811806472","0.709307967631497","0.5628289767276912","0.5714285714285714","0.7018950495899342","0.7639055622248899","0.22112640604274514","0.5571437608451217","0.7692755086463718","0.6980119211145996","0.713324240859716","0.46424439675899837"
"a2","0.45","0.7166427660850622","0.8369659442724459","0.25977674788587024","0.4853628057210141","0.6488630619499356","0.539371684095787","0.5222718743384306","0.4166666666666667","0.6168048532349921","0.6532055246340961","0.2045483361456846","0.3662220002094836","0.6385758208304827","0.574585009169646","0.5025655488705647","0.37920661558959984"
