"Similarity Measures","noun_path","noun_lch","noun_wup","noun_res","noun_jcn","noun_lin","noun_lesk","noun_vector","verb_path","verb_lch","verb_wup","verb_res","verb_jcn","verb_lin","verb_lesk","verb_vector","word2vec"
"Antecedent","0.20039682539682538","0.5230822647922054","0.5871794871794872","0.15822879767413175","0.19764272422676554","0.48306230246486676","0.5966780518863853","0.2507880600518803","0.38888888888888884","0.622038896524554","0.6851851851851851","0.2363952259649096","0.5808801067878243","0.7692947868877321","1.0","0.7845010211052047","0.3514000099700063"
"a3","0.11363636363636365","0.3829684628086721","0.3173639226270805","0.03898585020285391","0.05710033424266092","0.08622423057605115","0.15765398381574833","0.08882179102343236","0.3055555555555555","0.5594053038040551","0.45384615384615384","0.09975756250956631","0.1451092412792436","0.3414937955639774","0.6144265990419836","0.387193524733587","0.28852121185739493"
"a2","0.14537037037037037","0.45421439523335794","0.4545454545454546","0.0882319304749526","0.07079724644871022","0.18636217423328927","0.2868510319607427","0.1451020974316898","0.0","0.0","0.0","0.0","0.0","0.0","0.0","0.0","0.0926295318995792"
"a4","0.5111111111111111","0.741387069142287","0.8111111111111112","0.26103149977288925","0.4133150993696735","0.6136063460581438","0.8890586537645361","0.5356065876845596","0.27777777777777773","0.5334100141104896","0.43333333333333335","0.17054065421533213","0.1451092412792436","0.4528201450790024","0.4450615196769043","0.418067208920107","0.38538483552829605"
