Similarity Measures,noun_path,noun_lch,noun_wup,noun_res,noun_jcn,noun_lin,noun_lesk,noun_vector,verb_path,verb_lch,verb_wup,verb_res,verb_jcn,verb_lin,verb_lesk,verb_vector,word2vec,Average
Antecedent,0.35324675324675325,0.6316333088070444,0.7538965490837147,0.25102361636233644,0.34971034122616307,0.6622630736422898,0.5425581127349489,0.4124143166981027,0.2791666666666667,0.5312850240719265,0.47619047619047616,0.11929997670859646,0.17508117649391108,0.4193316759206749,0.24054673721340397,0.2994876268001775,0.41062646755411797,0.40633893526007669
a3,0.294011544011544,0.5914678837337451,0.7015118719664174,0.24048521679115623,0.2633645092413183,0.5916384619388535,0.5513196127285933,0.40968626871364455,0.5208333333333334,0.6678367753082208,0.6833333333333332,0.1959625746361804,0.44553305923623643,0.7017813028469708,0.8244791666666668,0.7129937236749995,0.373182297955154,0.5158482903597863
a2,0.1904040404040404,0.5067629471562531,0.6145166838665291,0.19518000577439928,0.1466516458196359,0.47460892773135777,0.4281898762859877,0.2453496420976119,0.4875,0.6332176731527008,0.6666666666666666,0.21021492488851162,0.4133647164855597,0.6054291131090448,0.7578143072474467,0.6778442721811448,0.3369329102954863,0.44650872665661034
