"Similarity Measures","noun_path","noun_lch","noun_wup","noun_res","noun_jcn","noun_lin","noun_lesk","noun_vector","verb_path","verb_lch","verb_wup","verb_res","verb_jcn","verb_lin","verb_lesk","verb_vector","word2vec"
"a1","0.22333333333333333","0.5762070174637483","0.7443233237350885","0.20954297853895598","0.1286336019569197","0.49426356409673183","0.2746854010591846","0.3341145498920172","1.0","0.8832162807399176","1.0","0.3468550411404653","1.0","1.0","1.0","1.0","0.521597832601723"
"Antecedent","0.22999999999999998","0.5860918913716315","0.7189498221077167","0.2413858599135053","0.15148326033877285","0.5817469720894889","0.45572693049639057","0.33507396682135043","0.41666666666666663","0.6403580480380207","0.6785714285714286","0.2090375993631201","0.24799389342067518","0.6230077921642204","0.7279040404040404","0.4710665141928545","0.5195539112326089"
