Similarity Measures,noun_path,noun_lch,noun_wup,noun_res,noun_jcn,noun_lin,noun_lesk,noun_vector,verb_path,verb_lch,verb_wup,verb_res,verb_jcn,verb_lin,verb_lesk,verb_vector,word2vec,Average
Antecedent,0.5833333333333334,0.7432314308092816,0.8333333333333333,0.34223854285404465,0.5656488663476782,0.771474898472106,0.8416666666666666,0.6628939514187785,0.6666666666666666,0.7579490952989199,0.8011695906432749,0.2723939868459337,0.5928508010712729,0.8421954106217943,1.0,0.7727409503738106,0.5340634823037271,0.68140300041533075
a3,0.16666666666666666,0.5003731981073846,0.6666666666666666,0.11689201912998942,0.07674764302178802,0.2598821901325773,0.8958333333333335,0.1985799069199885,0.3333333333333333,0.5854005934976205,0.5925925925925926,0.1116314300247664,0.2607738857184951,0.45209460363971204,0.390361952861953,0.4185666728964583,0.26033623888018115,0.36980781926020628
a2,0.5714285714285714,0.7223375762961125,0.8157894736842105,0.34223854285404465,0.5656488663476782,0.771474898472106,0.8416666666666666,0.6151852295350765,0.0,0.0,0.0,0.0,0.0,0.0,0.0,0.0,0.08735322515025921,0.31371312061380741
a4,0.1625,0.4860924483367448,0.4818181818181818,0.12241928888670864,0.087270730474821,0.2911385013353374,0.37359131463513495,0.24990398633740452,0.3333333333333333,0.5854005934976205,0.5555555555555555,0.17703025330121705,0.1643460477158274,0.5220879230269263,0.419419535490964,0.30779225229225066,0.4357992664615249,0.33855877720585603
