Similarity Measures,noun_path,noun_lch,noun_wup,noun_res,noun_jcn,noun_lin,noun_lesk,noun_vector,verb_path,verb_lch,verb_wup,verb_res,verb_jcn,verb_lin,verb_lesk,verb_vector,word2vec,Average
a1,0.1625,0.4860924483367448,0.5714285714285714,0.14765063476820978,0.10621717206760733,0.3843802556262773,0.256560300888032,0.11107854747628565,0.3444444444444444,0.5758800936505273,0.5925925925925926,0.14495398939950735,0.4551555072945357,0.5563879325287561,0.448441836915521,0.3738247920514846,0.2968482817692377,0.35379043536696092
a3,0.3055555555555556,0.5943235871881329,0.6428571428571428,0.20421656189417262,0.17268598850472947,0.441653034250422,0.653301042639278,0.4697712428060885,0.4444444444444444,0.6586771995514874,0.5925925925925926,0.20750063407457894,0.3318570650800669,0.6578578323098943,0.6988888888888889,0.5174891823818166,0.3623032113419724,0.46799854155066262
a2,0.20833333333333331,0.5553306526477848,0.6477272727272727,0.19714043944593623,0.1251813559058622,0.4668640644448242,0.46384706289271904,0.3616206260274525,0.38888888888888884,0.6220388965245539,0.5555555555555555,0.1727534148472287,0.22150128472089592,0.5535396632707821,0.6988888888888889,0.5174891823818166,0.3902560086914721,0.42040921124678043
Antecedent,0.6,0.7679436155789899,0.8571428571428572,0.3241080617122626,0.5725325786174243,0.7459029034491742,0.7561303410252991,0.8234743584962285,0.7333333333333334,0.7377855821184586,0.7777777777777778,0.2208165247628218,0.6872212950302884,0.7710511921393679,0.7000000000000001,0.8461816277828277,0.5309936141134138,0.67367033312238378
