"Similarity Measures","noun_path","noun_lch","noun_wup","noun_res","noun_jcn","noun_lin","noun_lesk","noun_vector","verb_path","verb_lch","verb_wup","verb_res","verb_jcn","verb_lin","verb_lesk","verb_vector","word2vec"
"a1","0.2730079444365158","0.5176214439994634","0.5068931068931068","0.1681934639631854","0.2180891313151528","0.35593657219868896","0.40266837512343656","0.29290396753529446","0.0","0.0","0.0","0.0","0.0","0.0","0.0","0.0","0.2912326548353414"
"a3","0.24518140589569162","0.5471403063986837","0.635847485847486","0.16560984766117812","0.174241073381895","0.3830248619336489","0.3116364633773072","0.31902937827202926","0.6","0.7328956582107203","0.7560439560439561","0.2833855340751853","0.6814438939715612","0.883931308243034","1.0","0.6077361778407362","0.4915773749071976"
"a2","0.20714285714285713","0.5542089969001714","0.6941021544183862","0.20570322948331868","0.10293517925668161","0.38992958095231495","0.43342777109465264","0.2906867985910447","0.8","0.8080559694753189","0.9632352941176471","0.2769716365046971","0.7871178619519819","0.9304650178308084","1.0","0.7854672341473303","0.48797627313469005"
"Antecedent","1.0","0.9860896635111783","1.0","0.557855491092719","1.0","1.0","1.0","0.999999999999995","1.0","0.8832162807399178","1.0","0.3329897916693168","1.0","1.0","1.0","1.0","1.0"
"a4","0.2507163471449186","0.5464780971600247","0.6625425676343412","0.1836033664206044","0.1690226390399341","0.4237385219043744","0.463750813395161","0.3611505921311324","0.7333333333333333","0.7640900058429988","0.8","0.264804923437194","0.7002737072696696","0.8858632823148763","0.8122355382137989","0.7497007514454468","0.3254407726869532"
