Similarity Measures,noun_path,noun_lch,noun_wup,noun_res,noun_jcn,noun_lin,noun_lesk,noun_vector,verb_path,verb_lch,verb_wup,verb_res,verb_jcn,verb_lin,verb_lesk,verb_vector,word2vec,Average
a1,0.5473544973544974,0.7293084682417239,0.8125406107862249,0.325628664371717,0.5340562737802559,0.769518242661182,0.6378056004382454,0.6198856616811889,0.6111111111111112,0.7213107922719864,0.737037037037037,0.23010410653456514,0.5240659868436557,0.7588659215873668,0.8990560169073242,0.6512149202647334,0.5315296726934258,0.62590550497448472
Antecedent,0.4816137566137567,0.701709432941404,0.8141249092229484,0.2366397128728239,0.41282987504213636,0.5998972176775242,0.6273037751321814,0.5417694485887236,0.611111111111111,0.7213107922719864,0.7296296296296296,0.20805279198734794,0.5876915764601848,0.735239949495216,0.8985120743454075,0.6208080350478224,0.45377883054698637,0.58717781876395236
