Similarity Measures,noun_path,noun_lch,noun_wup,noun_res,noun_jcn,noun_lin,noun_lesk,noun_vector,verb_path,verb_lch,verb_wup,verb_res,verb_jcn,verb_lin,verb_lesk,verb_vector,word2vec,Average
Antecedent,0.3958333333333333,0.6492810417285331,0.7652591973244147,0.2947884740892863,0.3820007904081518,0.7147936403897504,0.6569791860277809,0.5373639756545323,0,0,0,0,0,0,0,0,0.41194065164440913,0.28283766415295247
a2,0.21666666666666667,0.567686745032639,0.6730462519936203,0.22485510210327897,0.15150943412954865,0.5466100672032925,0.46318361695487276,0.325815766724422,0,0,0,0,0,0,0,0,0.2831413783142863,0.20308911936015456
