Similarity Measures,noun_path,noun_lch,noun_wup,noun_res,noun_jcn,noun_lin,noun_lesk,noun_vector,verb_path,verb_lch,verb_wup,verb_res,verb_jcn,verb_lin,verb_lesk,verb_vector,word2vec,Average
Antecedent,0.1946969696969697,0.52803380168045,0.6847967188040718,0.22295847378875827,0.1349149358378076,0.49801416156200845,0.30787253665751213,0.34189991664391317,0.39166666666666666,0.5747408322659245,0.588157894736842,0.12298105522457403,0.32173994813290957,0.4896277129354418,0.48553331589045884,0.4925725768043208,0.479729631579545,0.40352571464165732
a3,0.209280303030303,0.5479512115079772,0.6809790903540903,0.1905938601932607,0.1256136803749,0.45708933147884145,0.3975698092480706,0.3463189818775875,0.39166666666666666,0.5747408322659245,0.588157894736842,0.1552189614083197,0.3289271599605689,0.5691960028056651,0.48228785103785116,0.5028524240056873,0.2811887651614899,0.40174310741847324
a2,0.16517857142857142,0.43965089380315237,0.38540757488125904,0.10006492774684858,0.1919126600515066,0.21919900250433264,0.30121825745565667,0.19264081885784298,0.40952380952380946,0.5970225091461234,0.6744133059922534,0.17678819526349002,0.3407362362875496,0.5995593645134963,0.5948303680446537,0.5480376866475238,0.3144568747389257,0.36768476805217615
a4,0.16369047619047616,0.4901962757861865,0.6467468397615457,0.1701833555832179,0.12031450380943397,0.43264113589770486,0.27380017393606226,0.3001174942503618,0.3301587301587302,0.5164936042197678,0.445578231292517,0.06958133491167236,0.23287269583967024,0.2187695848465109,0.47296668832561944,0.3936030738194853,0.36834867246626973,0.33212134535854299
