"Similarity Measures","noun_path","noun_lch","noun_wup","noun_res","noun_jcn","noun_lin","noun_lesk","noun_vector","verb_path","verb_lch","verb_wup","verb_res","verb_jcn","verb_lin","verb_lesk","verb_vector","word2vec"
"Antecedent","0.6347222222222223","0.8034848985680071","0.9035655929038282","0.3773402463421854","0.6126377593498357","0.8270759797168551","0.8040594021973502","0.6703374894084747","0.6666666666666666","0.7343084371187691","0.8518518518518517","0.22653999659298216","0.6211851072697324","0.8167261105158342","0.8856811223408764","0.7158079185477239","0.5464090529488903"
"a3","0.4341269841269841","0.6918517463498818","0.8178043147083395","0.27106054611851427","0.3480978267831305","0.6306507223996752","0.7155817454761036","0.49848137025751676","0.6444444444444445","0.7112290356817558","0.7222222222222223","0.226066095034167","0.5761281537445201","0.7590037267076516","0.7044836459836462","0.6782619567657484","0.507226507962738"
"a2","0.2744047619047619","0.5887417815124002","0.7354108309990662","0.2242358629113446","0.19183016148618878","0.5077854685586365","0.5274740975939979","0.3574861092212906","0.6444444444444445","0.7112290356817558","0.75","0.2356792880530103","0.6104956808114573","0.7950819202177083","0.7044836459836462","0.6589474878793172","0.48397924082915056"
"a4","0.3279761904761905","0.645232311814029","0.7943840579710145","0.2341580468930313","0.2923113131106577","0.6365716619753341","0.5495898096167852","0.4611208063324064","0.6666666666666666","0.7343084371187691","0.8055555555555555","0.23731877680392444","0.6160865792159625","0.804782257810246","0.9486291486291486","0.7633787550318155","0.4744195668722686"
