"Similarity Measures","noun_path","noun_lch","noun_wup","noun_res","noun_jcn","noun_lin","noun_lesk","noun_vector","verb_path","verb_lch","verb_wup","verb_res","verb_jcn","verb_lin","verb_lesk","verb_vector","word2vec"
"Antecedent","0.20681818181818182","0.5390983645384663","0.6490079365079365","0.20660744739558023","0.15562804672107974","0.5057177054180889","0.45656689325105376","0.2980235068958987","0.6666666666666666","0.7579490952989199","0.8222222222222223","0.20166027343195056","0.7566186863062795","0.8880873075658281","1.0","0.749990594991755","0.38216213251905967"
"a3","0.12378917378917377","0.4021059442788116","0.43584656084656076","0.09038962578909686","0.08332100689374726","0.22034631886125797","0.2118242884934415","0.21023706095863867","0.38888888888888884","0.6220388965245539","0.6164021164021164","0.18834309042647704","0.29760849260587596","0.6294557907805112","0.807516339869281","0.5927530405675707","0.36502124445831496"
"a2","0.35185185185185186","0.6309618902150663","0.7385225885225886","0.24796198661192062","0.25974389118977986","0.54690636855482","0.5844714186370267","0.4923199336628339","0.8333333333333334","0.8205826880194187","0.8888888888888888","0.2785203065746332","0.8001442629414526","0.9421254000624741","1.0","0.8081443042267026","0.42051362611644355"
"a4","0.20694444444444446","0.500934454850522","0.5777777777777778","0.17182046451045155","0.2379829183559147","0.39856505625475896","0.353652410708528","0.1890588930291712","0.3333333333333333","0.5854005934976205","0.6164021164021164","0.18834309042647704","0.26283842979275635","0.6102318935158996","0.628720238095238","0.5826667732621696","0.33577122675510196"
