"Similarity Measures","noun_path","noun_lch","noun_wup","noun_res","noun_jcn","noun_lin","noun_lesk","noun_vector","verb_path","verb_lch","verb_wup","verb_res","verb_jcn","verb_lin","verb_lesk","verb_vector","word2vec"
"a1","0.1416170634920635","0.45269930994551294","0.561806086070792","0.13644966786714383","0.09277500047064519","0.3200752520735933","0.22050960904757688","0.12717254747441079","0.25","0.5074147244169241","0.4","0.0","0.11122253326238041","0.0","0.146156330749354","0.324377052812016","0.3897133973570656"
"a3","0.18020833333333333","0.5069721868571647","0.6551187460630185","0.24061732230075916","0.22236495571084838","0.5497392070642922","0.31162330785811837","0.2842847831104667","1.0","0.8832162807399176","1.0","0.3226165132191576","1.0","1.0","1.0","1.0","0.3894530253221422"
"Antecedent","0.16979166666666667","0.4932328232220647","0.6569235588972431","0.19942656005449022","0.10842452882675974","0.3556194014045957","0.4251937042026417","0.1824910251875088","0.25","0.5074147244169241","0.4","0.0","0.0813608287863216","0.0","0.135912698412698","0.452211329358654","0.4953762132083613"
