"Similarity Measures","noun_path","noun_lch","noun_wup","noun_res","noun_jcn","noun_lin","noun_lesk","noun_vector","verb_path","verb_lch","verb_wup","verb_res","verb_jcn","verb_lin","verb_lesk","verb_vector","word2vec"
"Antecedent","0.33333333333333337","0.6318803224880564","0.7621489621489622","0.25549955460268076","0.2851451272532264","0.6304685250186948","0.8009550614957361","0.46527035028066865","0.4305555555555556","0.622038896524554","0.660894660894661","0.182583297757121","0.25396641286952","0.4137370943870547","0.544311386379321","0.5266197265927902","0.41068986571134475"
"a3","0.16865079365079363","0.494874716044109","0.5590706888952502","0.13729209668400302","0.1130555143381534","0.3482453104843146","0.4403074447619415","0.36869100890067297","0.4083333333333334","0.5989594950875406","0.5944444444444444","0.20449170125136706","0.3002551600235744","0.5881604853147145","0.5254192995618115","0.48395115484894685","0.31047306973139094"
"a2","0.0","0.0","0.0","0.0","0.0","0.0","0.0","0.0","0.4166666666666667","0.6037197450110873","0.5476190476190476","0.1782380627315603","0.3183171042610147","0.5227628999366977","0.7290730060139997","0.5930017427898179","0.3127530859459443"
"a4","0.25242504409171074","0.5277253435729096","0.6307262511596876","0.18550589758728173","0.20742351988718016","0.43969698466910706","0.47119104162298253","0.3406174500503323","0.0","0.0","0.0","0.0","0.0","0.0","0.0","0.0","0.20625027776823154"
