"Similarity Measures","noun_path","noun_lch","noun_wup","noun_res","noun_jcn","noun_lin","noun_lesk","noun_vector","verb_path","verb_lch","verb_wup","verb_res","verb_jcn","verb_lin","verb_lesk","verb_vector","word2vec"
"a1","0.3223214285714286","0.590480354012245","0.6764327777485671","0.16923040931388542","0.24875474073918","0.419347845833358","0.5109214728566542","0.3830447557831939","0.0","0.0","0.0","0.0","0.0","0.0","0.0","0.0","0.1518946925045998"
"a3","0.23898809523809528","0.583700903217285","0.7260787823287824","0.22773635127904898","0.18797682208806343","0.5309066426436463","0.6265241769052702","0.3953955519539969","0.21944444444444444","0.45061290820952954","0.4407407407407407","0.1805843205379439","0.24614191586813305","0.520025380895122","0.44480333046224535","0.375423429214026","0.4376473623344756"
"Antecedent","0.4086640211640212","0.651375374232899","0.705203823953824","0.23172914463658115","0.39845700969856185","0.5993412667745331","0.7054645852394993","0.540139311981301","0.3194444444444444","0.5334100141104896","0.562962962962963","0.21068837693350337","0.34330291496844073","0.569361225279552","0.5555555555555557","0.42027544073405504","0.46574424113543356"
"a4","0.28908522033522027","0.5262656130763784","0.5786636069244765","0.1683946332623638","0.24232922284391242","0.39595563874705947","0.5032621160019095","0.3563681738245545","0.43333333333333335","0.5297212907765007","0.547008547008547","0.26837418307399274","0.4035392387011703","0.6244604211459875","0.4527226631393297","0.520094888584225","0.4028102285996342"
