Similarity Measures,noun_path,noun_lch,noun_wup,noun_res,noun_jcn,noun_lin,noun_lesk,noun_vector,verb_path,verb_lch,verb_wup,verb_res,verb_jcn,verb_lin,verb_lesk,verb_vector,word2vec,Average
Antecedent,0.44666666666666666,0.714429532084669,0.7919838056680162,0.2663639109229169,0.41065135469263747,0.7107775356731818,0.7148674032260658,0.48459301202939675,0.3333333333333333,0.5854005934976205,0.6136363636363636,0.2142411740952886,0.2780385444358225,0.6234001484958658,0.670258620689655,0.5917071559085105,0.5567310246326521,0.52982824586403898
a3,0.2333333333333333,0.5755335093719833,0.6723626373626373,0.1573048362525083,0.11118914427099724,0.38638829553946175,0.5717159934149099,0.2958328111820502,0.3333333333333333,0.5854005934976205,0.5,0.18372981280029016,0.2780385444358225,0.6234001484958658,0.3566783737760745,0.43798270442286,0.32344441801625956,0.38974520526505918
a2,0.14151515151515154,0.43981523083604046,0.5382868937048503,0.1449009003789308,0.10350875709461056,0.33479971729378455,0.16436635259475713,0.3037319471674197,0.0,0.0,0.0,0.0,0.0,0.0,0.0,0.0,0.10481135503340307,0.13386684150699693
a4,0.4,0.6790626104527628,0.7950226244343892,0.22670403901522934,0.286040640054666,0.5156733205831342,0.5377259067782206,0.4407305016653722,0.41666666666666663,0.6403580480380207,0.5833333333333333,0.18372981280029016,0.3411851847193001,0.7046634161557452,0.699389097744361,0.6118069005326614,0.35979126350444135,0.49540490391050546
