"Similarity Measures","noun_path","noun_lch","noun_wup","noun_res","noun_jcn","noun_lin","noun_lesk","noun_vector","verb_path","verb_lch","verb_wup","verb_res","verb_jcn","verb_lin","verb_lesk","verb_vector","word2vec"
"Antecedent","0.2087301587301587","0.5483980390759199","0.6937869884796023","0.22912749278423145","0.15594240704666476","0.5194945462732664","0.507290328881228","0.24113527699277","0.8125","0.7892658916591693","0.8571428571428572","0.23612892226583915","0.7796537760597292","0.8536525791177784","0.8018936229462545","0.8391050851387137","0.4693607073108488"
"a3","0.2984126984126984","0.5768218888135576","0.6683006535947713","0.17155920800642924","0.22888955880552378","0.4088303393738922","0.46774671066019596","0.40614610872829476","0.35416666666666663","0.5933828534976465","0.6425438596491228","0.22410430711102222","0.19081347649939742","0.5802823860343028","0.47638770307943246","0.460973591144273","0.40382025278570044"
"a2","0.18333333333333335","0.5174748565469518","0.628379286937447","0.1848898320403665","0.10062153633377517","0.39740313981476894","0.4393902612270461","0.23632191068709557","0.675","0.7271680622334492","0.8376068376068376","0.23496470592132118","0.7796537760597292","0.8519281911463719","0.8105028195488723","0.7469233758565963","0.4328119560657751"
