"Similarity Measures","noun_path","noun_lch","noun_wup","noun_res","noun_jcn","noun_lin","noun_lesk","noun_vector","verb_path","verb_lch","verb_wup","verb_res","verb_jcn","verb_lin","verb_lesk","verb_vector","word2vec"
"a1","0.26875","0.595165472302839","0.7122103386809269","0.23271191653991274","0.3197590478666497","0.5260102935137281","0.494344842385799","0.24565123474503991","1.0","0.8832162807399176","1.0","0.20966239480826138","1.0","1.0","1.0","1.0","0.4730193156824118"
"a3","0.17916666666666664","0.5055889156069189","0.6290106951871658","0.18839015421434757","0.10046976219727236","0.40779285726665637","0.41531024531024524","0.2345816856839124","1.0","0.8832162807399176","1.0","0.20966239480826138","1.0","1.0","1.0","1.0","0.32630228422727087"
"Antecedent","0.2791666666666667","0.6146619395730132","0.7436034553681612","0.22825613187883506","0.33640508226121707","0.5539120967043885","0.5626446304654147","0.2971624471795532","1.0","0.8832162807399176","1.0","0.20966239480826138","1.0","1.0","1.0","1.0","0.330391468759046"
