Similarity Measures,noun_path,noun_lch,noun_wup,noun_res,noun_jcn,noun_lin,noun_lesk,noun_vector,verb_path,verb_lch,verb_wup,verb_res,verb_jcn,verb_lin,verb_lesk,verb_vector,word2vec,Average
a1,0.3616955266955267,0.6218055764308873,0.7717955900308843,0.33639822156572646,0.2979417315260585,0.6019762474698849,0.6068928303020795,0.4684803333149162,0.6199999999999999,0.7126622093484916,0.7607142857142857,0.22467634155978802,0.5990628855106754,0.7906773255217436,0.8849425204425205,0.7374759402856756,0.5023125998090132,0.58232412738400918
a3,0.4722222222222223,0.7007364582379483,0.8187861811391223,0.3724267317950911,0.4255091367477278,0.6723193233120965,0.5631492241827277,0.5086554209393364,0.545,0.6750820537161922,0.6966666666666667,0.18718555739945317,0.4261050739486869,0.6169428847173475,0.7205316079684285,0.6757303155343054,0.540315017168783,0.56572728680565498
a2,0.23740740740740737,0.5329787984982257,0.6713567180440246,0.23429021414814385,0.17967680736531516,0.4568838909094141,0.46623400084236144,0.3258355555269245,0.545,0.6750820537161922,0.6545454545454545,0.1934514507298276,0.46615488311240794,0.6747450273168439,0.7451407111343884,0.6525585694819234,0.4046364537772021,0.47741047038565038
Antecedent,1.0,0.9860896635111783,1.0,0.5458672642698705,1.0,1.0,1.0,0.9999999999999986,1.0,0.8832162807399178,1.0,0.38285518913342376,1.0,1.0,1.0,1.0,1.0,0.92929578809731694
