"Similarity Measures","noun_path","noun_lch","noun_wup","noun_res","noun_jcn","noun_lin","noun_lesk","noun_vector","verb_path","verb_lch","verb_wup","verb_res","verb_jcn","verb_lin","verb_lesk","verb_vector","word2vec"
"a1","0.3898809523809524","0.6388341144719486","0.7595238095238095","0.28612062263600035","0.34801203107785394","0.6199615836076293","0.515097159234064","0.5401794420929915","1.0","0.8832162807399176","1.0","0.2747823056521539","1.0","1.0","1.0","1.0","0.6041730919342363"
"Antecedent","0.2569444444444444","0.5943235871881329","0.737987012987013","0.2948046256935008","0.28698118913142334","0.6329789958869902","0.5193355713199159","0.4826236899048503","0.6666666666666666","0.7343084371187691","0.8888888888888888","0.2672349684034336","0.6796601581863211","0.8544781493254572","1.0","0.8000037491119625","0.5453333117019442"
