"Similarity Measures","noun_path","noun_lch","noun_wup","noun_res","noun_jcn","noun_lin","noun_lesk","noun_vector","verb_path","verb_lch","verb_wup","verb_res","verb_jcn","verb_lin","verb_lesk","verb_vector","word2vec"
"Antecedent","0.15376984126984128","0.46244754358060003","0.6131827731092436","0.1752536084455737","0.13797188681151218","0.40934669894172515","0.328938611342403","0.16851076874415005","0.38888888888888884","0.6220388965245539","0.7746031746031745","0.2828518649526214","0.37388314410973034","0.7944612147099818","0.7926065162907266","0.5543911219422714","0.3504852044328865"
"a3","0.14087301587301587","0.45200061632401545","0.6125350140056023","0.19273855290857167","0.1343628118967744","0.44318740333766704","0.5746742365603973","0.2225191850444385","0.3333333333333333","0.5854005934976205","0.5384615384615384","0.22870459748419156","0.21328829820888898","0.5958780551429221","0.41606098579782763","0.38276322687145137","0.4050980584106662"
"a2","0.36875","0.595165472302839","0.7002024291497976","0.2662711193201943","0.34149534066991644","0.6085796727597873","0.5734997215260376","0.4904772382038655","0.5555555555555555","0.684672489245053","0.6666666666666666","0.11976624619087028","0.4389587456028687","0.5176730659320016","0.5857639680008101","0.551756316161145","0.4298423189172563"
"a4","0.3902777777777778","0.6341584068431873","0.7617521367521367","0.24171799222893375","0.3438379708483877","0.6130180483747946","0.48327521455386574","0.45368026449252424","0.4444444444444444","0.6586771995514874","0.7301587301587301","0.21705596426420778","0.32842291244503746","0.6965633283964099","0.7860362712336397","0.510317306935277","0.49240350448878534"
