Similarity Measures,noun_path,noun_lch,noun_wup,noun_res,noun_jcn,noun_lin,noun_lesk,noun_vector,verb_path,verb_lch,verb_wup,verb_res,verb_jcn,verb_lin,verb_lesk,verb_vector,word2vec,Average
Antecedent,0.2698412698412698,0.6117111472062696,0.7105263157894738,0.19403340140046824,0.17118589913660967,0.41435679629497263,0.326472909767116,0.34626346646965733,0.6666666666666666,0.7343084371187691,0.8333333333333334,0.442549607929555,0.7759521593409759,0.8733726566073248,1.0,0.7951139981810293,0.3689990891219534,0.56086395024737923
a3,0.2888888888888889,0.6161198837012892,0.7474747474747474,0.20419987226084743,0.21271809940705363,0.5115767677087845,0.6765565041637144,0.30276040628544,0.375,0.6013651134976725,0.6444444444444444,0.1267072525045091,0.538974725415739,0.4917683191727674,0.5182873903758998,0.3305543275321995,0.37835118985710464,0.44504399604065303
a2,0.3611111111111111,0.6989169896022492,0.840311004784689,0.2746517648216836,0.25115761522390834,0.6394663773705312,0.5986867392672267,0.34250441587631597,0.6458333333333333,0.714811969848595,0.725,0.19254960792955503,0.5446689110562914,0.6225032492225175,0.803312640291807,0.6444858595371012,0.45939467750688084,0.55055095686963496
