"Similarity Measures","noun_path","noun_lch","noun_wup","noun_res","noun_jcn","noun_lin","noun_lesk","noun_vector","verb_path","verb_lch","verb_wup","verb_res","verb_jcn","verb_lin","verb_lesk","verb_vector","word2vec"
"Antecedent","0.18395604395604398","0.5039466864073952","0.623110223110223","0.1573829055645844","0.09058275819433619","0.3385255535125335","0.23443950071254221","0.1927455333876093","0.6333333333333333","0.7265098502106995","0.7914285714285715","0.24583355330897722","0.6884522113296592","0.8148841496132944","0.859089799089799","0.7295791657666478","0.31888543205062464"
"a3","0.13038461538461538","0.42154674313192475","0.3881818181818182","0.04694653970749858","0.04852472254659218","0.08192863943712617","0.0822105565365024","0.10528012929804317","0.45","0.6293665571299407","0.6142857142857142","0.19420657778521735","0.4210537615349631","0.7050144352060416","0.5646639990035108","0.507263616135633","0.32080334960133816"
"a2","0.21999999999999997","0.5542240356475882","0.7012971342383107","0.19496067840031434","0.12550110991345545","0.46953437971884887","0.4711970507243518","0.2964249141098554","0.6333333333333333","0.7265098502106995","0.8222222222222222","0.26379010031282657","0.6526008443705157","0.8767311286646254","0.7348107448107448","0.6947889130852543","0.38036581924884966"
"a4","0.1852380952380952","0.5019005302100004","0.6413533834586467","0.21733625979058124","0.15606377365787938","0.4828572617415472","0.4077065864565864","0.37270725789680964","0.8","0.8080559694753189","0.8933333333333333","0.2738769411838111","0.8623023288253997","0.9551918315877966","1.0","0.9559641245657691","0.30724280997516445"
