"Similarity Measures","noun_path","noun_lch","noun_wup","noun_res","noun_jcn","noun_lin","noun_lesk","noun_vector","verb_path","verb_lch","verb_wup","verb_res","verb_jcn","verb_lin","verb_lesk","verb_vector","word2vec"
"Antecedent","0.4492063492063492","0.6730529236085989","0.7815508021390375","0.27264318341050203","0.40039639185349973","0.6289210112674418","0.6681660403088973","0.5253836971657029","0.3","0.5507814913421005","0.5236652236652236","0.1957548564580516","0.15981244715999252","0.5259243740774981","0.539395673770674","0.37906929577355647","0.3802370792007474"
"a3","0.0","0.0","0.0","0.0","0.0","0.0","0.0","0.0","0.5416666666666666","0.6873332425783949","0.6666666666666666","0.1836210346074396","0.4617877923810818","0.7151686562044198","0.7261656746031748","0.6536616760935897","0.25909337464424287"
"a2","0.14585295656724226","0.4544109188547299","0.6009480715363068","0.10369436261037954","0.098878564583425","0.2635354483742112","0.12089696019322063","0.17274066357135534","0.5833333333333334","0.7148119698485951","0.6666666666666666","0.2086129541384953","0.5066065790598846","0.7624538356586099","0.8598462301587303","0.6673245741534475","0.33285801453036257"
"a4","0.19217687074829934","0.5250092781307106","0.7071228491396558","0.18563773523077304","0.16451063002340333","0.47807772422336703","0.3483639984104257","0.21724308335894857","0.5416666666666666","0.6873332425783949","0.6666666666666666","0.1836210346074396","0.4617877923810818","0.7151686562044198","0.7261656746031748","0.6536616760935897","0.3493010794380963"
