Similarity Measures,noun_path,noun_lch,noun_wup,noun_res,noun_jcn,noun_lin,noun_lesk,noun_vector,verb_path,verb_lch,verb_wup,verb_res,verb_jcn,verb_lin,verb_lesk,verb_vector,word2vec,Average
Antecedent,0.30000000000000004,0.566483935827573,0.6838235294117646,0.22807699345379054,0.263887845957426,0.5243359681638043,0.6113697947427829,0.48811771483588684,0.7333333333333334,0.7377855821184586,0.8627450980392157,0.20147292020612442,0.7147030591085004,0.838532009556174,0.7430555555555557,0.7825339900466983,0.4941507194124521,0.57496517939820835
a3,0.35000000000000003,0.6426764301379921,0.771062271062271,0.2688758008660225,0.2860595582940377,0.6127693172714946,0.5033086011798759,0.5198905865197871,0.7333333333333334,0.7377855821184586,0.8627450980392157,0.21782771731417086,0.7147030591085004,0.8438002612989712,0.7597152076318743,0.7870661372584223,0.605437055070269,0.60100329508851147
a2,0.27811447811447815,0.5207792130249995,0.6277927725296146,0.20811160264651005,0.2572183773773247,0.4647854004621026,0.40287084256190214,0.491562085630616,0.38888888888888884,0.622038896524554,0.6491228070175438,0.23714646478882448,0.327682227509173,0.6630005253067365,0.30886369965317334,0.41998617350454964,0.44636827990896455,0.43025486679117386
a4,0.3265873015873016,0.6091552655302329,0.7489962651727358,0.2660560603979935,0.38139017070945114,0.6759643029801504,0.6507385578278714,0.5287238835777054,0.3888888888888889,0.5960436068309886,0.5396825396825397,0.16765615231734066,0.22916267087412504,0.5437131703365653,0.7392682957021193,0.4958507311858467,0.42754727538646264,0.48914265523460709
