"Similarity Measures","noun_path","noun_lch","noun_wup","noun_res","noun_jcn","noun_lin","noun_lesk","noun_vector","verb_path","verb_lch","verb_wup","verb_res","verb_jcn","verb_lin","verb_lesk","verb_vector","word2vec"
"Antecedent","0.27653769841269843","0.5598554226545795","0.7005829791870981","0.25451697661679556","0.23453656258868305","0.5157957507911344","0.47654343399611465","0.4162488585243605","0.5625","0.6953155025784209","0.7550505050505051","0.3181506313103786","0.4731574378765522","0.7809753874310205","0.858340727595386","0.7579800341470437","0.4377563059702925"
