"Similarity Measures","noun_path","noun_lch","noun_wup","noun_res","noun_jcn","noun_lin","noun_lesk","noun_vector","verb_path","verb_lch","verb_wup","verb_res","verb_jcn","verb_lin","verb_lesk","verb_vector","word2vec"
"Antecedent","0.37142857142857144","0.6603312037396473","0.7943587323286572","0.2751180156698742","0.31085456454106214","0.620839256161372","0.6562339158418389","0.4398854744907412","0.5","0.6953155025784209","0.8571428571428571","0.28697509502118396","1.0","0.9592997703437957","1.0","0.647874060406097","0.44908726770496127"
"a3","0.2346938775510204","0.5626917876551437","0.6890498390498391","0.22333399872688928","0.23721225768372362","0.5029636025684757","0.4107769951433532","0.24007898818620932","0.5","0.6953155025784209","0.8571428571428571","0.3047834707884752","0.34033847816636525","0.7935972557612345","1.0","0.588304138722279","0.45404070620645665"
"a2","0.5219954648526077","0.7009868434192528","0.7896825396825397","0.3296325883805983","0.5156179928835178","0.7463352106116297","0.588015501632246","0.5629896598686371","0.3333333333333333","0.5854005934976205","0.75","0.261021614966035","1.0","0.9592997703437957","1.0","0.662422345394989","0.6765498677686083"
"a4","0.2214285714285714","0.5616008361532753","0.6872119108961215","0.2177925746194981","0.15175912366411137","0.4814266251291941","0.35768574808668047","0.2269901107888481","0.5","0.6953155025784209","0.8571428571428571","0.28697509502118396","0.34033847816636525","0.7935972557612345","1.0","0.442737493164951","0.5259154852703063"
