Similarity Measures,noun_path,noun_lch,noun_wup,noun_res,noun_jcn,noun_lin,noun_lesk,noun_vector,verb_path,verb_lch,verb_wup,verb_res,verb_jcn,verb_lin,verb_lesk,verb_vector,word2vec,Average
a1,0.4261904761904762,0.7115178075658875,0.7998763141620284,0.24800086924604692,0.2957867199652571,0.6287619427626076,0.7470547497498279,0.427639870598135,0.4166666666666667,0.6403580480380208,0.6637426900584795,0.2375150844875504,0.2836600048956989,0.6949069089152351,0.7876475376475377,0.5770527132088912,0.4757054351409472,0.53306375525289962
Antecedent,0.5,0.7399416573035248,0.8545169116597686,0.3172622520250289,0.41987308884766816,0.7324627420092542,0.7423718978433864,0.6089446962985869,0.4444444444444444,0.6586771995514874,0.7038429406850458,0.23899644783365726,0.5830496336414547,0.7931910550886391,0.7944444444444443,0.6328590875931941,0.43953148743145315,0.6002594109824142
a2,0.21190476190476187,0.557039544724689,0.6761904761904762,0.18099555061553124,0.12242607655489339,0.449982177708073,0.37689290935245207,0.319866273492443,0.3611111111111111,0.6037197450110873,0.630952380952381,0.2487535249814341,0.22710816286532087,0.6289003788215558,1.0,0.618134013220964,0.4344427552641622,0.4499070495747845
a4,0.3585034013605442,0.6559424124504513,0.7753663003663004,0.23263617221978652,0.2529164385508065,0.5399821305438157,0.5670540399820587,0.41268251357303,0.4444444444444444,0.6350365413713369,0.5833333333333334,0.17578528753507058,0.2481857374513583,0.46595448202133344,0.820547412660888,0.6673419721680722,0.4139157162481495,0.48527225507534005
