"Similarity Measures","noun_path","noun_lch","noun_wup","noun_res","noun_jcn","noun_lin","noun_lesk","noun_vector","verb_path","verb_lch","verb_wup","verb_res","verb_jcn","verb_lin","verb_lesk","verb_vector","word2vec"
"a1","0.28221828676374133","0.5113017509248876","0.6083599407128818","0.20457140179060349","0.23490524180036562","0.372513208767114","0.455433340233704","0.33584029984794017","0.4666666666666666","0.6252354131526748","0.5833333333333333","0.1826358623284302","0.34985014712488977","0.42719399309200157","0.45960396537842196","0.46511060269860605","0.36799468064450697"
"a3","0.1743067538522084","0.38758702323035776","0.3446991604886342","0.09687489970030373","0.12955332224559774","0.14196252173474724","0.39090988002494176","0.12456685967629384","0.3416666666666667","0.5782602186123006","0.5","0.1304626383153698","0.2528351491083721","0.4872248744166854","0.5974232885170385","0.542062920965959","0.289185518424364"
"a2","0.0","0.0","0.0","0.0","0.0","0.0","0.0","0.0","0.3416666666666667","0.5782602186123006","0.5","0.1304626383153698","0.2528351491083721","0.4872248744166854","0.5974232885170385","0.542062920965959","0.2665219132282523"
"Antecedent","1.0","0.9860896635111783","1.0","0.5817372071152097","1.0","1.0","1.0","0.9999999999999999","1.0","0.8832162807399176","1.0","0.40292286954475265","1.0","1.0","1.0","1.0","1.0"
"a4","0.30313852813852815","0.6067675535565652","0.7513718221922556","0.28350224601048607","0.27124764021999526","0.5296598519296306","0.6403404454695326","0.3368730982122409","0.37499999999999994","0.6128793207678206","0.7013888888888888","0.24089122774251","0.3872643160419167","0.7328485171304006","0.8669252044252045","0.5698180912499883","0.5026225565707888"
