Similarity Measures,noun_path,noun_lch,noun_wup,noun_res,noun_jcn,noun_lin,noun_lesk,noun_vector,verb_path,verb_lch,verb_wup,verb_res,verb_jcn,verb_lin,verb_lesk,verb_vector,word2vec,Average
Antecedent,0.31111111111111106,0.6180638092056573,0.7379768379768379,0.26834502460009735,0.26146031351637095,0.6109789157209696,0.6290608779987865,0.4498304974581844,0.4333333333333333,0.5906163109971548,0.5666666666666667,0.17137693505224222,0.36607247893996175,0.5442269440463949,0.40917923405861995,0.4877286600351478,0.3811498856468177,0.461010460962609
a3,0.20970017636684304,0.5385743700288097,0.6805826707787492,0.21897363885703122,0.12284889230387047,0.48036953332348165,0.4416863693454502,0.27545718577905765,0.4333333333333333,0.5906163109971548,0.5416666666666666,0.14871746186025062,0.40132854747359353,0.5447862051947202,0.40569159739449573,0.5841092451040091,0.31468232879055574,0.40783085491753374
a2,0.1575877825877826,0.4763776641310275,0.5919366037013096,0.12612618353909474,0.0948073780025877,0.31301351872445576,0.3474049492031367,0.20623221389802746,0.4375,0.5933828534976465,0.5974747474747475,0.2602310067128403,0.35091981710639253,0.6448824116665681,0.5923918533157665,0.5979739395253428,0.3202893799180805,0.39461954723557691
a4,0.1797619047619048,0.5157525802842753,0.6806281437860386,0.19792018184475213,0.10113487774198629,0.4325863171060416,0.4702591780618002,0.2631197061427291,0.3,0.5312850240719265,0.4797619047619047,0.15471150655912203,0.39147521646346084,0.5164381268889718,0.4785790955291108,0.5328315888542517,0.33343998458242924,0.38586384337886503
