Similarity Measures,noun_path,noun_lch,noun_wup,noun_res,noun_jcn,noun_lin,noun_lesk,noun_vector,verb_path,verb_lch,verb_wup,verb_res,verb_jcn,verb_lin,verb_lesk,verb_vector,word2vec,Average
Antecedent,0.3251700680272109,0.6113572071628889,0.7364222612121772,0.263331156901685,0.327009496795126,0.6181090448658039,0.5971148124032004,0.42386551167358644,0.44999999999999996,0.6302762914477903,0.6388888888888888,0.282336769955443,0.3446932136491756,0.7061478323407154,0.7334496307264163,0.5105173339084378,0.46678553730644257,0.50973382689794045
a3,0.17553854875283448,0.5056261875398407,0.6356244577330381,0.1989302865915585,0.11985811714707796,0.4383798922578065,0.3013269725092781,0.22535431041420967,0.4305555555555555,0.6090412516777712,0.6076719576719577,0.24545579745270515,0.46729887000219583,0.6764487829296127,0.598573569287855,0.468119908233184,0.3680697134175875,0.41599259877494521
a2,0.36496598639455785,0.6525663888749994,0.8018408746897967,0.30461981093178486,0.3255675319665716,0.6639550943717857,0.6435109999870712,0.4419753265725256,0.375,0.564726810470739,0.49761904761904757,0.08942561365645256,0.23768645647738695,0.2235549410430443,0.42547090916138547,0.4437441606979316,0.3313873381295035,0.43456572300262253
a4,0.3709183673469388,0.6163821506320045,0.7166633587073273,0.25799993359737433,0.3242676805784549,0.5512213602117092,0.5299820303537491,0.4533532864833756,0.23194444444444443,0.4588503031327657,0.447089947089947,0.11357005446577222,0.1933963123820888,0.3340517993304279,0.3546623204837491,0.284620988927306,0.3219825924781327,0.38593864297915109
