Similarity Measures,noun_path,noun_lch,noun_wup,noun_res,noun_jcn,noun_lin,noun_lesk,noun_vector,verb_path,verb_lch,verb_wup,verb_res,verb_jcn,verb_lin,verb_lesk,verb_vector,word2vec,Average
a1,0.20911680911680908,0.5262292562984513,0.6863304093567252,0.2525379633766741,0.105851767021449,0.34998615791210447,0.429217660417424,0.3112294858661883,0.47916666666666663,0.6403580480380208,0.7220588235294118,0.24715780713241312,0.41467242872215965,0.6895307664021972,0.6880507662835247,0.5127302431475922,0.30368830876910324,0.44517137459158312
a3,0.2536826599326599,0.46392120704263773,0.5230191491801399,0.22454743169266023,0.16666666666666666,0.16666666666666666,0.23620312871152718,0.24320037630975092,0.25,0.49943246441689815,0.494485294117647,0.1868260092967653,0.1168276237745264,0.4545394945138524,0.4225923382173382,0.29817529436407664,0.2572118148742324,0.30929397763400279
a2,0.33121693121693124,0.603833758863549,0.7158730158730159,0.3303689147317111,0.28422312756489526,0.5364987104603046,0.5408629839878689,0.4697633776314658,0.4583333333333333,0.6208615807678466,0.6744505494505495,0.206560309089371,0.38031295371588214,0.6415147815985387,0.5736121135314685,0.6108222134456993,0.3877705039170063,0.49216936230467273
Antecedent,1.0,0.9860896635111783,1.0,0.6340611964004752,1.0,1.0,1.0,0.9999999999999983,1.0,0.8832162807399176,1.0,0.4556846048084934,1.0,1.0,1.0,1.0,1.0,0.93876774973294486
a4,0.3351851851851852,0.6107983770346052,0.7295482295482296,0.3349724050600227,0.28422312756489526,0.5601300836279742,0.5363259674283982,0.3734695409249162,0.35416666666666663,0.5933828534976465,0.683974358974359,0.23927213091231903,0.4056922407043325,0.6877642323336524,0.6229166666666668,0.5176274291408709,0.3370791729429005,0.48273698048315528
