Similarity Measures,noun_path,noun_lch,noun_wup,noun_res,noun_jcn,noun_lin,noun_lesk,noun_vector,verb_path,verb_lch,verb_wup,verb_res,verb_jcn,verb_lin,verb_lesk,verb_vector,word2vec,Average
a1,0.25,0.6102881071881849,0.8,0.11689201912998942,0.22503529309050344,0.5002560453998485,0.228329809725159,0.450760776977805,0.25,0.5074147244169241,0.4,0.14963634376434948,0.1653629816079493,0.4968301536658391,0.416883116883117,0.456014540154025,0.3909955236304166,0.37733526091965364
a3,0.25,0.6102881071881849,0.7692307692307693,0.2377484778646923,0.20052592730025612,0.655459839317484,0.583711262282691,0.387150553548442,0.25,0.5074147244169241,0.4,0.12781605200648147,0.10221545547166522,0.30497914689921535,0.602721088435374,0.273495066538163,0.4454291096629789,0.39459915177431304
a2,0.2,0.5497975676468014,0.6666666666666666,0.16500952450458087,0.12344503530786981,0.4483767931632123,0.583711262282691,0.387150553548442,0.25,0.5074147244169241,0.4,0.18987611595919865,0.1653629816079493,0.4968301536658391,0.543559502983308,0.456014540154025,0.4422269456323146,0.38679072750234256
Antecedent,0.25,0.6102881071881849,0.7692307692307693,0.2377484778646923,0.20052592730025612,0.655459839317484,0.583711262282691,0.417205452107085,0.25,0.5074147244169241,0.4,0.14963634376434948,0.1653629816079493,0.4968301536658391,0.416883116883117,0.456014540154025,0.3715504106581802,0.40810953567303226
