"Similarity Measures","noun_path","noun_lch","noun_wup","noun_res","noun_jcn","noun_lin","noun_lesk","noun_vector","verb_path","verb_lch","verb_wup","verb_res","verb_jcn","verb_lin","verb_lesk","verb_vector","word2vec"
"a1","0.1450865800865801","0.4534406708469329","0.5548872180451128","0.1772995572740087","0.1389290451565825","0.4256202876717675","0.4306740970187012","0.3923891814826204","0.611111111111111","0.7213107922719862","0.8148148148148148","0.2019324493989627","0.5646232580653452","0.8208332040842518","0.779040404040404","0.656298179062218","0.3470657100791635"
"a3","0.3574603174603174","0.6146409971068983","0.7024175824175825","0.240974667606831","0.3127051007560147","0.5788919542450326","0.5390590986394556","0.46292005965741617","0.25","0.5074147244169241","0.6259259259259259","0.1750626769424307","0.12660312478665195","0.4534761608618118","0.22546127058322166","0.38420334277578433","0.34509674805739937"
"a2","0.2200865800865801","0.544198155927671","0.6371428571428572","0.21387695903992127","0.2327987565890069","0.5149845280576453","0.4304531241331474","0.267054722069281","0.38888888888888884","0.622038896524554","0.5151515151515151","0.17901262385071068","0.3540522476703328","0.6607961153078116","0.8217592592592594","0.4389969028751557","0.31413195120125886"
"Antecedent","1.0","0.9860896635111784","1.0","0.47005266766761855","1.0","1.0","1.0","1.0","1.0","0.8832162807399176","1.0","0.3219241745174201","1.0","1.0","1.0","1.0","1.0"
"a4","0.23205128205128206","0.5399995099370787","0.6118531623175585","0.17086428732024805","0.2960071262999704","0.45396333038600495","0.549343066684038","0.3787315454369082","0.5277777777777778","0.6586771995514874","0.6888888888888888","0.15969655677926897","0.6991880334838386","0.646460143680302","0.6412453768661196","0.5824238255559253","0.34891182839285356"
