Similarity Measures,noun_path,noun_lch,noun_wup,noun_res,noun_jcn,noun_lin,noun_lesk,noun_vector,verb_path,verb_lch,verb_wup,verb_res,verb_jcn,verb_lin,verb_lesk,verb_vector,word2vec,Average
Antecedent,0.18333333333333335,0.5250853828770929,0.625668449197861,0.2012550721708095,0.17232391985077106,0.5044151793919289,0.461750320283152,0.212746912347137,0.611111111111111,0.7213107922719862,0.7222222222222222,0.13241286576034386,0.4564486241545575,0.5529932958657238,0.7547619047619047,0.6410667869201113,0.46191025903890387,0.46710684891523235
a3,0.0,0.0,0.0,0.0,0.0,0.0,0.0,0.0,0.0,0.0,0.0,0.0,0.0,0.0,0.0,0.0,0.2719927545674204,0.015999573798083554
a2,0.18333333333333335,0.5250853828770929,0.5879120879120879,0.19042805960429077,0.1567303826132912,0.491416659371665,0.51,0.3214588285583475,0.611111111111111,0.7213107922719862,0.7222222222222222,0.18925975049878793,0.45688044681516776,0.6975158999371286,0.7560127169776294,0.6410667869201113,0.4756386560428334,0.48455194806276985
