"Similarity Measures","noun_path","noun_lch","noun_wup","noun_res","noun_jcn","noun_lin","noun_lesk","noun_vector","verb_path","verb_lch","verb_wup","verb_res","verb_jcn","verb_lin","verb_lesk","verb_vector","word2vec"
"Antecedent","0.6583333333333333","0.8194239251197005","0.9033374033374032","0.42598079108720605","0.6405140679951663","0.8508776855158885","0.6457652334438049","0.5612069453301863","0.6666666666666666","0.7579490952989199","0.8222222222222223","0.30637223513365713","0.831543593963212","0.9204464001830704","1.0","0.7448099556318953","0.536084321434696"
"a3","0.12633477633477633","0.41555803592110135","0.47760025062656636","0.15032106814486584","0.09056487918671584","0.27293039700503635","0.214315355988883","0.16349595004003561","0.3333333333333333","0.5854005934976205","0.6296296296296297","0.20408975272681573","0.5292158949835094","0.7637361072736608","0.4182845773754867","0.5252364512764286","0.3956111283541985"
"a2","0.48214285714285715","0.7049500162779757","0.7598937010701716","0.28910606220179325","0.4201360737122502","0.6151647592651702","0.4892952371235198","0.48632496068600334","0.6666666666666666","0.7579490952989199","0.8055555555555555","0.271666392648626","0.6327475296460633","0.8456043837198584","1.0","0.671591094201871","0.56380351861764"
