"Similarity Measures","noun_path","noun_lch","noun_wup","noun_res","noun_jcn","noun_lin","noun_lesk","noun_vector","verb_path","verb_lch","verb_wup","verb_res","verb_jcn","verb_lin","verb_lesk","verb_vector","word2vec"
"Antecedent","0.5666666666666667","0.7780253721692206","0.8914285714285715","0.31840426433047364","0.3715985830090393","0.5070932271802779","0.9305555555555557","0.5916199588778683","0.3333333333333333","0.5854005934976205","0.5357142857142857","0.1699434151976994","0.2040019103577454","0.5545281325121756","0.346538800705467","0.35148982274426","0.4303203316523535"
"a3","0.09409340659340659","0.3279487336263318","0.33088235294117646","0.062478887818701485","0.05037591259567509","0.13790552288940264","0.19946482561278467","0.22366992463989832","0.0","0.0","0.0","0.0","0.0","0.0","0.0","0.0","0.07579177623472008"
"a2","0.2916666666666667","0.6102881071881849","0.7644444444444444","0.2579204654223533","0.1326618152387606","0.3939209417691479","0.5456588831622641","0.4403079498329894","0.3333333333333333","0.5854005934976205","0.5357142857142857","0.19484926094028293","0.3126276013841033","0.6598235941203772","0.321483686067019","0.374219757764711","0.42661131645411066"
"a4","0.12077922077922078","0.3855140163130317","0.38968253968253963","0.062478887818701485","0.05531848767814295","0.14913857076360182","0.23574074074074067","0.13353143241897172","0.3333333333333333","0.5854005934976205","0.5227272727272727","0.17676239959971551","0.3126276013841033","0.6598235941203772","0.3139117826617825","0.374219757764711","0.34588630947769555"
