"Similarity Measures","noun_path","noun_lch","noun_wup","noun_res","noun_jcn","noun_lin","noun_lesk","noun_vector","verb_path","verb_lch","verb_wup","verb_res","verb_jcn","verb_lin","verb_lesk","verb_vector","word2vec"
"Antecedent","0.6","0.7679436155789899","0.8333333333333333","0.3156175916126813","0.5656488663476782","0.7741014006155199","0.7932539682539685","0.690408164406149","0.6666666666666666","0.7343084371187691","0.8888888888888888","0.22320227821918776","0.6568709467202505","0.8544781493254572","0.625","0.745077085757622","0.5588076094012698"
"a3","0.5833333333333334","0.7432314308092816","0.8157894736842105","0.32644460417920007","0.5656488663476782","0.771474898472106","0.7098214285714285","0.6272835483093765","0.75","0.7892658916591693","0.8333333333333333","0.3489064395342276","0.7743971925818878","0.9434257671978249","0.8310185185185185","0.7037555248349789","0.5074088707707667"
"a2","0.6","0.7679436155789899","0.8333333333333333","0.3156175916126813","0.5656488663476782","0.7741014006155199","0.7696130952380951","0.7417471692702124","1.0","0.8832162807399176","1.0","0.27456878803522367","1.0","1.0","1.0","1.0","0.5368779517680188"
"a4","0.18333333333333335","0.5250853828770929","0.7083333333333333","0.22673605470041192","0.13238111232076433","0.5444438087519637","0.47177224211956303","0.400008893544981","0.6666666666666666","0.7343084371187691","0.8888888888888888","0.20190153994261079","0.6568709467202505","0.8544781493254572","0.6604166666666665","0.8002522148965265","0.42816185136916324"
