"Similarity Measures","noun_path","noun_lch","noun_wup","noun_res","noun_jcn","noun_lin","noun_lesk","noun_vector","verb_path","verb_lch","verb_wup","verb_res","verb_jcn","verb_lin","verb_lesk","verb_vector","word2vec"
"Antecedent","0.6458333333333334","0.8176853526198558","0.9065934065934066","0.2927851890879382","0.606265059414723","0.7820677984172424","0.7886564297831683","0.7167312958424477","0.3333333333333333","0.5854005934976205","0.5","0.16771115962443803","0.2738470647925683","0.6469781403932896","0.291071428571429","0.30514756441701","0.5420747374390731"
"a3","0.3958333333333333","0.6492810417285331","0.7696078431372549","0.26594518225510877","0.3394623706391743","0.6082390326550189","0.6506462257015355","0.4343114207113218","0.5","0.6953155025784209","0.6666666666666666","0.14963634376434948","0.3593203163726423","0.6473275122682216","1.0","0.651023248856765","0.4615048531681152"
"a2","0.21904761904761905","0.5616136501608826","0.7274159663865547","0.22666267675688778","0.1106119980864878","0.47213216165839367","0.551855520243565","0.29009396581408375","0.5","0.6953155025784209","0.6666666666666666","0.18757620247277026","1.0","0.9393804310409062","1.0","0.490154171515244","0.43847325225048295"
"a4","0.2583333333333333","0.6146619395730131","0.7359848484848486","0.23446284558353991","0.13457915148822636","0.546090233124991","0.6891261210315416","0.5708443998481691","0.5","0.6953155025784209","0.8421052631578947","0.20553010570743016","0.2996938677094065","0.7108104738789793","1.0","0.651023248856765","0.42802516404114016"
