"Similarity Measures","noun_path","noun_lch","noun_wup","noun_res","noun_jcn","noun_lin","noun_lesk","noun_vector","verb_path","verb_lch","verb_wup","verb_res","verb_jcn","verb_lin","verb_lesk","verb_vector","word2vec"
"Antecedent","0.18833333333333332","0.5265287539231721","0.6894670688788336","0.2069546271989003","0.11942598674276195","0.4752039888561927","0.3901223154516932","0.2507163764321282","0.0","0.0","0.0","0.0","0.0","0.0","0.0","0.0","0.48306055996595454"
"a3","0.21333333333333332","0.5641089095554714","0.7533333333333333","0.2343174582915916","0.1429785986954961","0.5309708563328571","0.5632377743749591","0.3192086063950308","0.625","0.6953155025784209","0.7","0.19976925538373003","0.5699109667486096","0.7572118823012348","0.737935155122655","0.6635341039614265","0.46917885499801537"
"a2","0.34523809523809523","0.6111419311990358","0.7533559577677225","0.24587419193606092","0.29118122144187","0.5610435437503003","0.6193166334662195","0.3807615141348184","0.625","0.6953155025784209","0.7","0.10483119740413069","0.5606295861152552","0.5","0.629728835978836","0.6635341039614265","0.4550177401386725"
"a4","0.10650793650793651","0.37356288949696304","0.43436041083099913","0.1381682539077997","0.07344288248423994","0.2779103019111206","0.2221168961997356","0.15436942268215503","0.375","0.6013651134976725","0.5333333333333333","0.10288169515272996","0.19482002401607323","0.34959645354456154","0.6237511166082595","0.5035878474285544","0.4555477756472032"
