Similarity Measures,noun_path,noun_lch,noun_wup,noun_res,noun_jcn,noun_lin,noun_lesk,noun_vector,verb_path,verb_lch,verb_wup,verb_res,verb_jcn,verb_lin,verb_lesk,verb_vector,word2vec,Average
Antecedent,0.4041666666666667,0.6616371341133873,0.7633365086925459,0.2486445403514309,0.3348331049178976,0.5692459795664304,0.5570565152601131,0.4986013026216006,0.6722222222222222,0.7295481871952224,0.8546296296296297,0.28339095700897293,0.7540852421293008,0.8801951779286331,0.8641666666666667,0.7440828580474174,0.5810507277582986,0.61181726004567283
a2,0.2833333333333333,0.6305882194005272,0.781472816399287,0.22565600299092853,0.14005473177948077,0.5298859635004585,0.6105922531592824,0.4133358247797098,0.5515873015873016,0.6647102262272139,0.7962962962962963,0.2249101661354844,0.5002568816347152,0.755868360868666,0.8717732155232154,0.7087030062712479,0.49108428939704346,0.54000640525201127
