Similarity Measures,noun_path,noun_lch,noun_wup,noun_res,noun_jcn,noun_lin,noun_lesk,noun_vector,verb_path,verb_lch,verb_wup,verb_res,verb_jcn,verb_lin,verb_lesk,verb_vector,word2vec,Average
a1,0.25,0.6102881071881849,0.8,0.20492964123410995,0.13417463642322913,0.5231779858561599,0.415486871076933,0.341626486798935,0.20833333333333331,0.45245726987652396,0.5076923076923077,0.15868520490989374,0.511221677884269,0.4610453894585459,0.2530358034887825,0.310431029098317,0.30326800171455515,0.37916786741376945
Antecedent,0.25,0.6102881071881849,0.8,0.2377484778646923,0.22503529309050344,0.5625431935817924,0.61031746031746,0.450760776977805,0.25,0.5074147244169241,0.611764705882353,0.13654208591213718,0.30933155448742894,0.4253916150952547,0.4408658536116405,0.2553858505499395,0.3238532185990347,0.41219075985736175
a2,0.25,0.6102881071881849,0.7058823529411765,0.20492964123410995,0.14411819081124447,0.5409753898315037,0.494216383871556,0.290711238844175,0.23809523809523808,0.47055634990370315,0.375,0.0640063052454914,0.06946894236660825,0.1398679602328567,0.55766317016317,0.5561242043383104,0.383783246402704,0.35856980714529607
a4,0.2,0.5497975676468014,0.7142857142857143,0.20492964123410995,0.12567974068828253,0.506842862817058,0.358725623582766,0.357200137751417,0.5714285714285714,0.6194641935248517,0.6578947368421053,0.2782724856917539,0.5892735344185492,0.758000986142447,0.6232769779118095,0.659386479930627,0.35256555711821286,0.47806028300088682
