Similarity Measures,noun_path,noun_lch,noun_wup,noun_res,noun_jcn,noun_lin,noun_lesk,noun_vector,verb_path,verb_lch,verb_wup,verb_res,verb_jcn,verb_lin,verb_lesk,verb_vector,word2vec,Average
a1,0.0,0.0,0.0,0.0,0.0,0.0,0.0,0.0,0.0,0.0,0.0,0.0,0.0,0.0,0.0,0.0,0.20404035259793507,0.012002373682231475
a3,0.0,0.0,0.0,0.0,0.0,0.0,0.0,0.0,0.4444444444444444,0.6586771995514874,0.6349206349206349,0.2098206214561835,0.3456233357208547,0.728985530393475,1.0,0.7465381266413532,0.2964165079057152,0.29796625888436168
a2,0.3349206349206349,0.6139155154537795,0.7321159232923938,0.2223454181216249,0.2550692985684348,0.5251224599725206,0.5021540328156394,0.3600167203951175,0.4444444444444444,0.6586771995514874,0.681704260651629,0.20850078657289342,0.32947680231349064,0.6937933920605909,1.0,0.8324928296257984,0.42448635536188456,0.51877859259543313
Antecedent,0.1457070707070707,0.4552297320479484,0.48973248973248973,0.11122002417044408,0.08994833766645133,0.26275766014007096,0.249144289246056,0.1359817743352941,0.38888888888888884,0.622038896524554,0.6190476190476191,0.2122072586191993,0.31737219194395266,0.6678735540570546,0.6435185185185187,0.5171047937282037,0.37612242230649146,0.37081738362825345
