Similarity Measures,noun_path,noun_lch,noun_wup,noun_res,noun_jcn,noun_lin,noun_lesk,noun_vector,verb_path,verb_lch,verb_wup,verb_res,verb_jcn,verb_lin,verb_lesk,verb_vector,word2vec,Average
Antecedent,0.31681547619047623,0.6116253921371351,0.7229700854700856,0.23970597248077655,0.3673738272096828,0.5947046736889531,0.4512379951320802,0.4679526605438392,0.65,0.7328956582107202,0.7688888888888888,0.24005363814672895,0.535146486988825,0.8107352639087549,0.8388227366091658,0.8110853067138646,0.4410801122202576,0.56477024556119038
a3,0.13035714285714284,0.4197334839756252,0.47051196352666946,0.0995037217672285,0.08697007031515679,0.24561007859518325,0.37921357741762246,0.2262762416433489,0.0,0.0,0.0,0.0,0.0,0.0,0.0,0.0,0.12229458786270041,0.12826299223298107
a2,0.14380411255411255,0.4364212664140823,0.48183899433899435,0.11901776324773915,0.09163012397652229,0.2751769913654609,0.2778237628025476,0.1938630959382205,0.65,0.7328956582107202,0.8173737373737374,0.19537889822755555,0.5910608351303493,0.7123796108856909,0.8333092833092834,0.7916424211868062,0.30112141767488926,0.44969046897863008
a4,0.3125,0.606296977188172,0.7198062558356675,0.224304028989125,0.24469379645195438,0.5251524679471181,0.5515736775641921,0.3718208611138936,0.7666666666666666,0.7860729876591588,0.8333333333333333,0.25561645752375617,0.6717559848949863,0.8530707967658714,1.0,0.9512601912160232,0.4656977349299238,0.59644836576940252
