Similarity Measures,noun_path,noun_lch,noun_wup,noun_res,noun_jcn,noun_lin,noun_lesk,noun_vector,verb_path,verb_lch,verb_wup,verb_res,verb_jcn,verb_lin,verb_lesk,verb_vector,word2vec,Average
a1,0.22407407407407406,0.5664839358275731,0.7250000000000001,0.22313063482193018,0.1342884960076651,0.5175698323819767,0.5308264959226521,0.2847186866868823,0.5555555555555555,0.684672489245053,0.7666666666666666,0.2307184012164337,0.5047735838871528,0.761609452993646,0.8217592592592594,0.6792059443322906,0.3825290908993565,0.50550485881048057
a3,0.19570707070707072,0.5226235746919939,0.6295710868079288,0.1855711887332375,0.13225443192262312,0.4478583053914482,0.5686436361110369,0.3401166008072421,0.8333333333333334,0.8205826880194187,0.9629629629629629,0.24756356685084624,0.7395618455949137,0.9010806265333349,1.0,0.8387064004864465,0.3251215196774452,0.57007404933125194
Antecedent,0.6000000000000001,0.7679436155789899,0.8406593406593407,0.31967128231073466,0.5620377203600728,0.7388434715887776,0.7140235008337515,0.6830985078342363,0.611111111111111,0.7213107922719862,0.8857142857142858,0.24756356685084624,0.708044163502001,0.8571742571815791,1.0,0.7076018229730563,0.5127845960931513,0.67515188440376006
a4,0.1443903318903319,0.425639792511332,0.41695526695526697,0.07874686273369755,0.09007610518458929,0.19835051368718426,0.31417189520833655,0.19751607993682374,0.2222222222222222,0.4707764213899907,0.36190476190476195,0.0,0.07730582576441199,0.0,0.38880467696337795,0.23191048764491903,0.15968786942057053,0.22226230078928333
