Similarity Measures,noun_path,noun_lch,noun_wup,noun_res,noun_jcn,noun_lin,noun_lesk,noun_vector,verb_path,verb_lch,verb_wup,verb_res,verb_jcn,verb_lin,verb_lesk,verb_vector,word2vec,Average
Antecedent,0.5532738095238096,0.7579253770085164,0.8270833333333334,0.33617583362605274,0.45808339042881563,0.7035730645039308,0.7153630477297757,0.6433440300318751,0.8125,0.7892658916591693,0.8928571428571428,0.27158798945293267,0.7805893686613632,0.8837452759608191,0.8517857142857143,0.8053124857599063,0.5299768857196202,0.68308486120839873
a3,0.18269300144300143,0.4945279658397894,0.5805672268907563,0.0934068965560143,0.06721829007193614,0.19268415461789348,0.16012806249150774,0.109261633464941,0.0,0.0,0.0,0.0,0.0,0.0,0.0,0.0,0.27342485483163176,0.12670071095338067
a2,0.5284722222222222,0.7356701133666085,0.8105178812415654,0.32751037976569475,0.44523961852370086,0.6692605096449156,0.7948393938237688,0.5930557121210915,0.3333333333333333,0.5659041262274465,0.4880952380952381,0.0640063052454914,0.12041074167289265,0.21863851266117212,0.40414091562550947,0.344815585575956,0.48244387438028563,0.4662561449133466
