Similarity Measures,noun_path,noun_lch,noun_wup,noun_res,noun_jcn,noun_lin,noun_lesk,noun_vector,verb_path,verb_lch,verb_wup,verb_res,verb_jcn,verb_lin,verb_lesk,verb_vector,word2vec,Average
Antecedent,0.3679012345679012,0.620897129257075,0.7580487413820747,0.2491548412489365,0.29704710640464554,0.5295024838752642,0.5871696199260958,0.4478644906573687,0.3416666666666666,0.5782602186123006,0.6425438596491228,0.23594607263480388,0.3658607056614797,0.6696979838621523,0.6341164231681472,0.49441009709418826,0.37614273717076413,0.48213120069641091
a3,0.08117808117808117,0.30399471607793493,0.24276377217553685,0.036832453196086,0.060706122587628565,0.082735376572987,0.13673300835462737,0.12387395312486321,0.5083333333333333,0.6527141404228749,0.7857905982905983,0.23791245434439803,0.4400058597405961,0.744138354309601,0.6403399510542368,0.502274326230773,0.23582044804383595,0.34212629111988196
a2,0.38179012345679014,0.6417749934972412,0.7831674498341165,0.2766935962895146,0.33751998602010364,0.611810678476292,0.6020118133393553,0.4773644659801739,0.8,0.7741432567738233,0.8611111111111112,0.26453096785839086,0.7932385383894782,0.8770125791663339,0.816477702191988,0.8507246164149302,0.513994720668224,0.62725685879222737
a4,0.23624338624338626,0.5728945763892833,0.7688457183025765,0.30136359146115027,0.23010849253779858,0.6214031769141789,0.535261259935326,0.345719435854189,0.2375,0.4922920895315782,0.3833333333333333,0.13717095619833208,0.12378940900996582,0.3691584352258275,0.381009632014329,0.3341811938532767,0.38285897565521554,0.37959609779174985
