Similarity Measures,noun_path,noun_lch,noun_wup,noun_res,noun_jcn,noun_lin,noun_lesk,noun_vector,verb_path,verb_lch,verb_wup,verb_res,verb_jcn,verb_lin,verb_lesk,verb_vector,word2vec,Average
a1,0.1919642857142857,0.5253872581210262,0.668768074031232,0.2093327153127158,0.18631837150765682,0.508148550067649,0.3064333032521418,0.19352538676210598,0.7166666666666667,0.7484928320268596,0.8142857142857143,0.2337345554097562,0.7828306938793084,0.8801756431306356,0.9106398589065255,0.8226373908844062,0.36763290687976935,0.5333514239316739
a3,0.15863095238095237,0.48278589596548016,0.6272893772893773,0.1951269738355355,0.11835346437562255,0.47006349881338894,0.2878834878785478,0.29055691186739463,0.35,0.5917864014976414,0.5333333333333333,0.15247688090807884,0.26698835076261496,0.4910808935990191,0.6650092305037957,0.436977334322059,0.3003526168183246,0.37757032965595094
a2,0.15863095238095237,0.48278589596548016,0.6233974358974359,0.1902781841121663,0.11568817237020804,0.4602764596912233,0.31367684906402626,0.3009164425629638,0.45,0.6293665571299407,0.58,0.14116366034757183,0.4566167716926774,0.5806326186190652,0.4736113071710898,0.577038884329602,0.386924598402191,0.40711792880803493
Antecedent,1.0,0.9860896635111784,1.0,0.4133843031822112,1.0,1.0,1.0,0.9999999999999836,1.0,0.8832162807399178,1.0,0.32571399543433754,1.0,1.0,1.0,1.0,1.0,0.91814142605103699
a4,0.3541666666666667,0.5828093799179849,0.6653846153846154,0.2718615668035482,0.33288446733803717,0.5745241537531806,0.41681360195655404,0.4865259013060348,0.45,0.6293665571299407,0.58,0.12548827206851418,0.4566167716926774,0.5806326186190652,0.4736113071710898,0.5762377732861346,0.35875596055293807,0.4656282125674695
