"Similarity Measures","noun_path","noun_lch","noun_wup","noun_res","noun_jcn","noun_lin","noun_lesk","noun_vector","verb_path","verb_lch","verb_wup","verb_res","verb_jcn","verb_lin","verb_lesk","verb_vector","word2vec"
"Antecedent","0.29417989417989415","0.5541978109898327","0.6547619047619048","0.23292505565070498","0.254898341803146","0.5122198014505587","0.5128840900363928","0.38046831635464423","0.27777777777777773","0.5334100141104896","0.5064935064935064","0.16168622100440852","0.173725268846924","0.5279465152784296","0.3292176958843624","0.4136538230287153","0.5217687368346081"
"a3","0.47380952380952385","0.6948682596877451","0.7713675213675214","0.3299609416502079","0.4019848849602569","0.5985634194647836","0.6809424603174602","0.5911780421934699","0.38888888888888884","0.622038896524554","0.7868686868686868","0.30813282683194554","0.2646164453234091","0.751646350497547","1.0","0.6663063252059547","0.5123517944883021"
"a2","0.12248677248677249","0.3966822376932555","0.4500343997248022","0.1011216507332905","0.08168563732898627","0.23360917424078295","0.25152403252511485","0.2050370349210127","0.3055555555555555","0.5594053038040551","0.5015873015873016","0.2165087508508027","0.19256785045158384","0.5991169417251455","0.5579499274310593","0.395870963600737","0.37675908265167307"
"a4","0.0","0.0","0.0","0.0","0.0","0.0","0.0","0.0","0.0","0.0","0.0","0.0","0.0","0.0","0.0","0.0","0.34680555552144715"
