Similarity Measures,noun_path,noun_lch,noun_wup,noun_res,noun_jcn,noun_lin,noun_lesk,noun_vector,verb_path,verb_lch,verb_wup,verb_res,verb_jcn,verb_lin,verb_lesk,verb_vector,word2vec,Average
Antecedent,0.40370370370370373,0.5794815806743557,0.5342902711323764,0.19258699871235718,0.39699381667862127,0.5072339812489819,0.549673252103224,0.5538730182220206,0.7777777777777777,0.7839443849924853,0.8333333333333334,0.2581603777520437,0.852710813491707,0.8994279553146077,0.9278472222222222,0.8078184950393671,0.6328068179304638,0.61715669413703811
a3,0.25132275132275134,0.5490775544857708,0.5935672514619883,0.14291170023755548,0.3859710134743517,0.41561033551048315,0.532783679660141,0.31129397987882235,0.3333333333333333,0.5854005934976206,0.5,0.16272187582593145,0.28219190778349096,0.5613414239875939,0.4598015048558528,0.413745594277116,0.4639539379656576,0.40853108456226239
a2,0.2333333333333333,0.5901245940077238,0.7350427350427351,0.21095720157299377,0.20087049021511963,0.6122923898553315,0.7994795832498204,0.562695157570961,0.3333333333333333,0.5854005934976206,0.5925925925925926,0.13588469980832274,0.2091845038842767,0.44853256196567676,0.3719625221315414,0.3640043886182003,0.5481658042146099,0.44316802852318782
a4,0.12962962962962962,0.4270965920535177,0.4644945697577276,0.08651627737230298,0.0855842243204986,0.20622341072529793,0.25915112823726266,0.15690425677365727,0.47222222222222227,0.6533556928848036,0.611111111111111,0.20591693978863376,0.4062053961005117,0.6877357922223899,0.7173059964726631,0.5229695856394513,0.5481874684568158,0.39062413492755865
