Similarity Measures,noun_path,noun_lch,noun_wup,noun_res,noun_jcn,noun_lin,noun_lesk,noun_vector,verb_path,verb_lch,verb_wup,verb_res,verb_jcn,verb_lin,verb_lesk,verb_vector,word2vec,Average
Antecedent,0.33492063492063495,0.5909431372533909,0.6367346938775509,0.19344141737010695,0.3416197589065228,0.4660248915436546,0.5236551946850462,0.41020225019818357,0.25,0.5074147244169241,0.4,0.0,0.08471726797678945,0.0,0.279442023723069,0.365289440592835,0.5344711825075849,0.34816921282189961
a3,0.1284972963544392,0.4147357421077172,0.4467120181405896,0.06894572959951932,0.06576617800597814,0.1696656857035406,0.17205065320869803,0.14117084650966427,0.25,0.5074147244169241,0.4,0.14710727990008113,0.08471726797678945,0.32093691093276316,0.307936507936508,0.365289440592835,0.27248028710670263,0.25078979814663233
a2,0.43809523809523804,0.6801135478285156,0.7857142857142858,0.29346603895170204,0.3537271860739355,0.5810747129714205,0.6816620143565224,0.44619164282488705,0.25,0.5074147244169241,0.4,0.0,0.0629005234418289,0.0,0.216666666666667,0.250390329614626,0.5300954605001265,0.38103013949745174
a4,0.2312925170068027,0.5689627575976438,0.743796992481203,0.24191186466376277,0.11559726792825253,0.43961198793977385,0.5486541728947744,0.3041345218462897,0.25,0.5074147244169241,0.4,0.0,0.0629005234418289,0.0,0.216666666666667,0.250390329614626,0.42244124328671306,0.3119867982226624
