"Similarity Measures","noun_path","noun_lch","noun_wup","noun_res","noun_jcn","noun_lin","noun_lesk","noun_vector","verb_path","verb_lch","verb_wup","verb_res","verb_jcn","verb_lin","verb_lesk","verb_vector","word2vec"
"Antecedent","0.1816572316572317","0.5103787942626744","0.6343229869545659","0.14850794961695402","0.08895179931370073","0.3023365364495414","0.33611244647737226","0.24965250378505693","0.5458333333333334","0.6837630551357349","0.7319444444444445","0.22506327214298286","0.5971318771797625","0.7433097801441005","0.8153995155461116","0.6642553534071559","0.346739249734633"
"a3","0.2417582417582418","0.5788959159009954","0.7209482983476792","0.2163110406633926","0.15672403612583397","0.5139685227704291","0.5442430724492197","0.4001737613526703","0.5458333333333334","0.683763055135735","0.6944444444444444","0.1726144140885165","0.48723093706633597","0.6432307540582776","0.7825279616882447","0.600159878693291","0.3688036590387248"
"a2","0.2563797313797314","0.5604739784253028","0.6202894113110832","0.166683860780689","0.18790551771685807","0.3882733224826754","0.3854433884762205","0.32382363851146473","0.41041666666666665","0.6093091333251607","0.6228174603174603","0.1861228756799671","0.284399270267176","0.5204150810804853","0.5560417812501146","0.4478103497762846","0.3468247759194693"
"a4","0.0","0.0","0.0","0.0","0.0","0.0","0.0","0.0","0.43125","0.6230484969602608","0.5946428571428571","0.16908736529169538","0.39655314172168965","0.5884088650865953","0.6421155467222583","0.5097795937182269","0.25549960656325665"
