"Similarity Measures","noun_path","noun_lch","noun_wup","noun_res","noun_jcn","noun_lin","noun_lesk","noun_vector","verb_path","verb_lch","verb_wup","verb_res","verb_jcn","verb_lin","verb_lesk","verb_vector","word2vec"
"Antecedent","0.23214285714285712","0.5796828308369779","0.7335200746965453","0.214832985181077","0.16024742503915645","0.5243295812033358","0.5185429253486923","0.3007153651517517","0.49999999999999994","0.6598545153081949","0.6923076923076923","0.1990049229450359","0.4729354222555567","0.7229383922617023","0.6810185185185185","0.6773276108420837","0.5170037651664028"
"a3","0.3207070707070707","0.5905786740791769","0.6475348181230535","0.18668197600382744","0.28919558392223216","0.4879413721118219","0.40052780454199466","0.4625111513801998","0.5416666666666666","0.6873332425783949","0.7143665158371041","0.22887355895220182","0.4640891524484765","0.7586115479517905","0.747042181069959","0.6103356158118647","0.3473066694226689"
"a2","0.321031746031746","0.5778384691699835","0.6675070028011204","0.19965929403012472","0.2755883435485064","0.48656508386120095","0.5177266389700678","0.40981284119179934","0.5416666666666666","0.6873332425783949","0.7272727272727273","0.26699259159812744","0.6441189361538042","0.8161995711650942","0.8663194444444445","0.7139773365519381","0.538512845547184"
"a4","0.22083333333333333","0.563568047571021","0.7322278484043191","0.21579672743929523","0.19232145666206613","0.5701514888088584","0.5292442731009094","0.3470617906484334","0.7083333333333333","0.7617871643889692","0.7916666666666666","0.2993852193565828","0.7658483833638766","0.9343907781331373","1.0","0.8532972165819586","0.6034387801140382"
