Similarity Measures,noun_path,noun_lch,noun_wup,noun_res,noun_jcn,noun_lin,noun_lesk,noun_vector,verb_path,verb_lch,verb_wup,verb_res,verb_jcn,verb_lin,verb_lesk,verb_vector,word2vec,Average
Antecedent,0.21999999999999997,0.5739937834633548,0.7216310160427808,0.17016911358070408,0.12635382084731644,0.455839347940295,0.30390442506577375,0.3298860247991204,0.3125,0.5659041262274465,0.49264705882352944,0.1250267806188266,0.20356854894438664,0.4162968589734045,0.3901760098875485,0.4802129884410145,0.4137874262162278,0.37069984293363117
a3,0.23666666666666664,0.5895909572794941,0.7433333333333333,0.17218420787184466,0.13448568606218422,0.45749773183344067,0.5428328047613764,0.3731018089816536,0.47916666666666663,0.6403580480380207,0.6176470588235294,0.2281602544004529,0.4095362225160154,0.6684902376395383,0.8062905844155845,0.7203547266680652,0.42533996434249854,0.48500217413531554
a2,0.2533333333333333,0.6051881310956334,0.7544444444444445,0.2346291868479387,0.22491148502878372,0.5417964832822185,0.6132166203205164,0.37282569105153585,0.2583333333333333,0.5117885568017524,0.4083333333333333,0.07061369718331956,0.09811746239897749,0.20069898650595774,0.077987349499583,0.22805405529394876,0.42023904615027535,0.34555948211205206
a4,0.31666666666666665,0.6634654366366236,0.8288023088023089,0.27238645639660797,0.27233375592517284,0.711923845424361,0.7689681992428298,0.47738409966976825,0.5208333333333333,0.6678367753082208,0.7148692810457516,0.25352381558708226,0.6937276075565865,0.8439256331370584,0.844969342251951,0.6894702095445777,0.47124602373448826,0.58896075236843459
