"Similarity Measures","noun_path","noun_lch","noun_wup","noun_res","noun_jcn","noun_lin","noun_lesk","noun_vector","verb_path","verb_lch","verb_wup","verb_res","verb_jcn","verb_lin","verb_lesk","verb_vector","word2vec"
"a1","0.7333333333333334","0.8406589648897195","0.9047619047619048","0.3616180672000693","0.715544026294428","0.8304085756228125","0.8576489533011274","0.802441652331786","0.0","0.0","0.0","0.0","0.0","0.0","0.0","0.0","0.42653507133236435"
"a3","0.2888888888888889","0.6421151733948548","0.7738095238095238","0.27129696060096475","0.1689519846170692","0.6237884711296396","0.7818672839506173","0.5607033939160146","0.6666666666666666","0.7343084371187691","0.75","0.19010152451179674","0.558132440475121","0.6913332158605336","0.5933233433233435","0.6720212281445666","0.31682910871641656"
"Antecedent","0.42857142857142855","0.6344202138910905","0.7309941520467836","0.24839192526866652","0.4051476405965262","0.6183739663627873","0.6310150406611337","0.5855658643061546","0.6666666666666666","0.7343084371187691","0.8333333333333333","0.2490200387573805","0.6006642063416794","0.8492513529130029","1.0","0.7026738988384735","0.4907332008525912"
"a4","0.2333333333333333","0.5901245940077238","0.7350427350427351","0.20205453436501422","0.11952530047642214","0.4819167646170071","0.38579074039314","0.40843881850445335","0.6666666666666666","0.7343084371187691","0.75","0.10483119740413069","0.558132440475121","0.5","0.5933233433233435","0.6720212281445666","0.39664270171828436"
