Similarity Measures,noun_path,noun_lch,noun_wup,noun_res,noun_jcn,noun_lin,noun_lesk,noun_vector,verb_path,verb_lch,verb_wup,verb_res,verb_jcn,verb_lin,verb_lesk,verb_vector,word2vec,Average
Antecedent,0.45238095238095244,0.7019578505546402,0.8289394815710605,0.29527719889884374,0.40187718597205585,0.708370780812392,0.6641751815964364,0.5014013497423014,0.6,0.6650702328077291,0.6666666666666666,0.10449136540101135,0.5387443083382424,0.5,0.608688063063063,0.6514856335299275,0.445033251541529,0.54909173546334422
a3,0.17857142857142858,0.5104142323270351,0.5385914738855916,0.1101639695177838,0.116242106873257,0.3126268540219465,0.4060449316047526,0.2294347915159687,0.26666666666666666,0.5161623891865805,0.41666666666666663,0.06390802600324073,0.09385036455823446,0.19656628785295518,0.146266629711752,0.286317663479111,0.17507728518174664,0.26844539809557161
a2,0.1904761904761905,0.5261163621957209,0.6272297362080644,0.18590515198986893,0.129460652391887,0.45575987292659287,0.2711029566307423,0.1975922958797859,0.35,0.5711198437269808,0.587719298245614,0.10276505285371508,0.24830399008742532,0.3833139952223747,0.608688063063063,0.4803180991820995,0.2885813956721377,0.36496782098542724
a4,0.1283498247783962,0.4172442419525314,0.49406710052442027,0.1457666022695554,0.11635117861524476,0.3790278082587585,0.47515574171598096,0.17384434274630736,0.6,0.6650702328077291,0.6666666666666666,0.10483119740413069,0.5437156392685809,0.5,0.576435185185185,0.609517106657985,0.32477731089987527,0.40710706939713809
