"Similarity Measures","noun_path","noun_lch","noun_wup","noun_res","noun_jcn","noun_lin","noun_lesk","noun_vector","verb_path","verb_lch","verb_wup","verb_res","verb_jcn","verb_lin","verb_lesk","verb_vector","word2vec"
"a1","0.15311163195778582","0.4547888326362154","0.5858926016165835","0.1327299775878989","0.11650659781816954","0.30525209841301093","0.29800887520979014","0.2027605013749844","0.8333333333333334","0.8205826880194187","0.873015873015873","0.2653153016041699","0.8050005388141215","0.907968744453386","1.0","0.8600201585684961","0.4075973279613249"
"a3","0.31877289377289375","0.6016386580363189","0.7305664308700746","0.2537230330546193","0.3312045384731365","0.565793197017299","0.49161864531961014","0.39985926055650356","0.8055555555555555","0.8022635365059521","0.890909090909091","0.2654429754101104","0.8041165472760147","0.8871437790054032","0.8858157298006922","0.8346001399375029","0.5317011058935799"
"a2","0.2787573537573537","0.5407252855579082","0.664274940745529","0.18087334846590078","0.23825480583557962","0.4271047598906908","0.3676711544212311","0.33688507057854095","0.8055555555555555","0.8022635365059521","0.873015873015873","0.2771748239704342","0.833759622334446","0.9325302277790807","0.8774801587301586","0.8247255663867672","0.5318760560779668"
"Antecedent","1.0","0.9860896635111783","1.0","0.5034058829827086","1.0","1.0","1.0","0.9999999999999982","1.0","0.8832162807399176","1.0","0.3376753902624217","1.0","1.0","1.0","1.0","1.0"
