Similarity Measures,noun_path,noun_lch,noun_wup,noun_res,noun_jcn,noun_lin,noun_lesk,noun_vector,verb_path,verb_lch,verb_wup,verb_res,verb_jcn,verb_lin,verb_lesk,verb_vector,word2vec,Average
Antecedent,0.2619047619047619,0.604756123199015,0.6990476190476189,0.15567457871608475,0.15710947924020643,0.4411537246647014,0.7369384840749393,0.3114280020788486,0.5530303030303029,0.6724283336546296,0.7311688311688311,0.2927980971159604,0.48457323553749115,0.7319650138022915,0.6600550669868853,0.5916555960830062,0.37505528642470937,0.49769073745472242
a3,0.0,0.0,0.0,0.0,0.0,0.0,0.0,0.0,0.0,0.0,0.0,0.0,0.0,0.0,0.0,0.0,0.25355440959285164,0.014914965270167743
a2,0.29,0.6357701549122076,0.7901298701298701,0.28975780984426525,0.34056732704139137,0.6739933172792133,0.5343374378991361,0.3285815432787066,0.0,0.0,0.0,0.0,0.0,0.0,0.0,0.0,0.18721916083759674,0.23943274242484633
