Similarity Measures,noun_path,noun_lch,noun_wup,noun_res,noun_jcn,noun_lin,noun_lesk,noun_vector,verb_path,verb_lch,verb_wup,verb_res,verb_jcn,verb_lin,verb_lesk,verb_vector,word2vec,Average
a1,0.1964285714285714,0.5344367981346158,0.6397129186602871,0.21118848406320223,0.16884818635444004,0.5141399709812061,0.314486625376585,0.31826199046403925,0.611111111111111,0.7213107922719862,0.8222222222222223,0.20388116199286763,0.7244576660749406,0.8561214461033512,0.7851190476190476,0.7578699956331377,0.2808431592861442,0.50943765575163269
Antecedent,0.2232142857142857,0.5723624526614003,0.7201680672268908,0.2334333614665863,0.4036474207004641,0.6287522086926849,0.459471182007114,0.4642374840441852,0.611111111111111,0.7213107922719862,0.8222222222222223,0.22757353905391142,0.7244576660749406,0.8659515435971009,1.0,0.8948243361031,0.49745003686190425,0.59236398292999337
a2,0.244047619047619,0.5918589199315745,0.7256410256410257,0.21453287085661588,0.162790625491068,0.530053630083711,0.45541640380111953,0.380371217205049,0.611111111111111,0.7213107922719862,0.8222222222222223,0.20388116199286763,0.7244576660749406,0.8561214461033512,0.7851190476190476,0.7578699956331377,0.36455764431870663,0.53831549408265611
