"Similarity Measures","noun_path","noun_lch","noun_wup","noun_res","noun_jcn","noun_lin","noun_lesk","noun_vector","verb_path","verb_lch","verb_wup","verb_res","verb_jcn","verb_lin","verb_lesk","verb_vector","word2vec"
"a1","0.18636363636363634","0.5196688392956088","0.6226383265856951","0.18200823724389192","0.1259897932144431","0.4261880237876161","0.23100308178866938","0.19288555508568458","0.675","0.7271680622334492","0.861111111111111","0.19540091738794535","0.5940995184696469","0.7765123303788882","0.793046875","0.7157762476040063","0.343052251595623"
"a3","0.4125000000000001","0.6739932264982416","0.757269385026738","0.24306495581170567","0.32442965938203877","0.5525911511502091","0.46707117981598784","0.4305217661857136","0.6875","0.742290697118795","0.8725490196078431","0.19540091738794535","0.5940995184696469","0.7765123303788882","0.8207142857142857","0.7598851132850998","0.45924078280729086"
"a2","0.43124999999999997","0.6789466851911473","0.7736224849711694","0.2931774428818037","0.3702778941251456","0.6155333537737651","0.5734739745984647","0.4815793161509394","0.41666666666666663","0.6403580480380207","0.7614850427350427","0.20135402310532827","0.3328743328035415","0.7025578758010886","0.826347552910053","0.38423008155016347","0.41738437187553806"
"Antecedent","1.0","0.9860896635111783","1.0","0.48112422742738953","1.0","1.0","1.0","0.999999999999999","1.0","0.8832162807399176","1.0","0.35056056883864395","1.0","1.0","1.0","1.0","1.0"
"a4","0.41666666666666663","0.6678151803058144","0.7421980431848852","0.23970809676284655","0.34200269878836265","0.5873856133092931","0.6385457354237991","0.4321151460932652","0.2232142857142857","0.4694890698901395","0.36250000000000004","0.0","0.06630665962392267","0.0","0.18195360956051748","0.20845761459281525","0.43464159548557274"
