Similarity Measures,noun_path,noun_lch,noun_wup,noun_res,noun_jcn,noun_lin,noun_lesk,noun_vector,verb_path,verb_lch,verb_wup,verb_res,verb_jcn,verb_lin,verb_lesk,verb_vector,word2vec,Average
Antecedent,0.3921075837742505,0.639075840220905,0.7330246913580246,0.2582693439033502,0.36391804122926047,0.6196247730927132,0.5593413082577963,0.5107573209218459,0.6944444444444443,0.7526275886322358,0.8416666666666667,0.21653041045395735,0.7066584585721198,0.7734432404303417,0.7798544973544973,0.7778214157242882,0.49117270378213046,0.59472578404816634
a3,0.4728395061728395,0.6764353797553285,0.7733124288851844,0.28754136702866945,0.4118795241330514,0.6464251985552384,0.6348580442411718,0.5117836019942648,0.5555555555555555,0.7083131474252036,0.736111111111111,0.26712121767377106,0.641671391046627,0.8503712548402165,1.0,0.6434485432398932,0.5294839757113904,0.60865595572761855
a2,0.25816498316498315,0.5378500601688142,0.6480621488361425,0.23337638644536915,0.21609046281623664,0.5313160344212654,0.42771253035336415,0.40829803438664813,0.5888888888888889,0.6982313908349731,0.7407407407407408,0.2448218288761785,0.701608238474024,0.8653955640277321,0.9047222222222221,0.7543027133822564,0.41057899852336177,0.53942124862136476
