"Similarity Measures","noun_path","noun_lch","noun_wup","noun_res","noun_jcn","noun_lin","noun_lesk","noun_vector","verb_path","verb_lch","verb_wup","verb_res","verb_jcn","verb_lin","verb_lesk","verb_vector","word2vec"
"Antecedent","0.2717687074829932","0.607427641554932","0.7271062271062271","0.1948622094867312","0.1520404839570541","0.4839737362694758","0.5757914761815369","0.3230658652825804","0.3333333333333333","0.5854005934976205","0.5416666666666666","0.14475812868829424","0.15405081249312694","0.4101820532390025","0.6498456054438698","0.4600942585226013","0.41320650273446874"
"a3","0.16859410430839003","0.4954944768912046","0.656641604010025","0.16210508152091593","0.09165296646737402","0.3637480610125943","0.17911530268782774","0.19308894359546191","0.375","0.6128793207678206","0.553030303030303","0.16914984760744306","0.21956545235405395","0.5278909559292061","0.4787769274376418","0.41561134321742776","0.42319986193704273"
"a2","0.3285714285714286","0.6152867727708458","0.6791564644505821","0.22375542034804946","0.22365991696392437","0.42932506747084254","0.45339217770669676","0.3453592063128818","0.49999999999999994","0.6598545153081947","0.7416666666666666","0.26677096814349777","0.6342046403166915","0.8057820565547115","0.9114974937343358","0.826967993751211","0.4942552581506991"
"a4","0.1880952380952381","0.5190557379758042","0.6353675257368313","0.16245664840455606","0.10922937996906297","0.40125948892906804","0.45024790628245126","0.3035826963328906","0.375","0.6128793207678206","0.5416666666666666","0.1713868507983753","0.21956545235405395","0.5350794380943584","0.5103785103785102","0.4288705979910853","0.450468061506837"
