"Similarity Measures","noun_path","noun_lch","noun_wup","noun_res","noun_jcn","noun_lin","noun_lesk","noun_vector","verb_path","verb_lch","verb_wup","verb_res","verb_jcn","verb_lin","verb_lesk","verb_vector","word2vec"
"Antecedent","0.1125","0.39214205925599643","0.4479638009049774","0.12695628761520936","0.10675900463043085","0.3180661230167018","0.1897927370248795","0.19041715218244448","0.7083333333333334","0.7617871643889691","0.7916666666666666","0.2211004252906861","0.6314750929756029","0.8027823751334281","1.0","0.7870273118896007","0.4067448980402009"
"a3","0.13392857142857142","0.4404864090538674","0.5824561403508772","0.19560447353570387","0.10505973521578113","0.31503230013711936","0.2963814162028445","0.22665242907011102","0.5833333333333334","0.7148119698485951","0.7416666666666667","0.1535808973020824","0.6250914945155641","0.6827017593114635","0.8067009943181818","0.74341202996339","0.30024929229069824"
"a2","0.16666666666666666","0.5003731981073846","0.6666666666666666","0.1641724874123352","0.12921563907480588","0.4488264185606485","0.40716708912432603","0.39708252725167903","0.37499999999999994","0.6128793207678206","0.575","0.23006021114203382","0.523119616395905","0.709776416358386","0.6446079266549912","0.5453882007799358","0.3696081115237449"
"a4","0.22916666666666666","0.5553306526477848","0.7226890756302521","0.22574021347672096","0.1338412898131291","0.49390828007642806","0.644112004112719","0.3477708252628485","0.7083333333333334","0.7617871643889691","0.7916666666666666","0.2391362015683976","0.6250914945155641","0.7891185448884518","1.0","0.7870273118896007","0.39444542044927716"
