Similarity Measures,noun_path,noun_lch,noun_wup,noun_res,noun_jcn,noun_lin,noun_lesk,noun_vector,verb_path,verb_lch,verb_wup,verb_res,verb_jcn,verb_lin,verb_lesk,verb_vector,word2vec,Average
Antecedent,0.3858974358974359,0.6781400279839251,0.8163242489034345,0.26160254539682315,0.4437370981935874,0.6887123373504325,0.5702908731304815,0.5288255542726168,0.3333333333333333,0.5854005934976206,0.5238095238095238,0.13038746549694283,0.2776524338944841,0.5281169115437196,0.5238298655829002,0.39892394596903574,0.43019280029036117,0.47677511732627403
a3,0.0,0.0,0.0,0.0,0.0,0.0,0.0,0.0,0.0,0.0,0.0,0.0,0.0,0.0,0.0,0.0,0.2698336688667699,0.015872568756868818
a2,0.2307997557997558,0.530872392672698,0.6492006861916365,0.20189561394536928,0.15760572205533646,0.37957215457748095,0.4428285547680015,0.3034210087184726,0.6952380952380952,0.7357986421186361,0.761904761904762,0.14793836437404195,0.6333834661964542,0.6576596737200308,0.7817976963512676,0.789253863616811,0.27410132023899575,0.49254539838163797
