"Similarity Measures","noun_path","noun_lch","noun_wup","noun_res","noun_jcn","noun_lin","noun_lesk","noun_vector","verb_path","verb_lch","verb_wup","verb_res","verb_jcn","verb_lin","verb_lesk","verb_vector","word2vec"
"a1","0.0","0.0","0.0","0.0","0.0","0.0","0.0","0.0","0.0","0.0","0.0","0.0","0.0","0.0","0.0","0.0","0"
"a3","0.23916666666666667","0.5857551373257491","0.7094909991968814","0.19213321687372165","0.13355629044512804","0.44057660692617046","0.43298665655187474","0.3689140483243726","0.525","0.6438351930377103","0.6916666666666668","0.20502116486123093","0.5703401578468259","0.7255253414017099","0.720309782809783","0.6371856081491943","0.4217729995253124"
"Antecedent","0.215","0.5574169396475985","0.6935043456715284","0.20929465679855186","0.16110102431177764","0.49126146125052006","0.425740653725078","0.3259808255556796","0.4277777777777778","0.6071968900107768","0.6768518518518518","0.2043581203586031","0.5703401578468259","0.7210087075226804","0.647743974132863","0.5083330979039576","0.4434091946339135"
"a4","0.14456709956709954","0.4565720348611877","0.5414969834087481","0.11486279325579055","0.08737103785845227","0.24462256803988933","0.38540247399134475","0.22612788637121425","0.2654761904761905","0.4980444878357359","0.5105820105820106","0.1522382327591558","0.28174507708865665","0.48734688108531854","0.4988348482792924","0.43193329126862556","0.41457347720492077"
