"Similarity Measures","noun_path","noun_lch","noun_wup","noun_res","noun_jcn","noun_lin","noun_lesk","noun_vector","verb_path","verb_lch","verb_wup","verb_res","verb_jcn","verb_lin","verb_lesk","verb_vector","word2vec"
"Antecedent","0.3630952380952381","0.600908459945164","0.6800366300366301","0.19611468763499407","0.3252840483386018","0.509789523369061","0.49987790315888153","0.364480175845594","0.45238095238095244","0.6436478215437773","0.619047619047619","0.26176969395309707","0.462760633560392","0.7976189911173267","0.6521454735740451","0.6412151571666197","0.4693301711443364"
"a3","0.21458333333333335","0.5525641101472931","0.7047619047619048","0.22418914299962722","0.17582733960075947","0.5670975909448592","0.520062714611695","0.2731029504222128","0.47619047619047616","0.6482091129723636","0.6357927786499216","0.21705281126177933","0.42867811329159394","0.7407223171085037","0.9046964939822083","0.7507976439700498","0.4676977999455538"
"a2","0.244047619047619","0.5643801926613743","0.6764025448235974","0.22269002322978626","0.3213328540164595","0.5366534616859848","0.5151391731859323","0.30167124875955276","0.7380952380952381","0.7601422776360909","0.8985347985347986","0.24576076212922202","0.7646936702571957","0.8672373406517168","0.8951311585240157","0.8129421731436256","0.4793630550672329"
"a4","0.19166666666666668","0.4462576286816905","0.4193817878028404","0.10853655012287705","0.3038957701165224","0.30726030227790413","0.5151391731859323","0.27846031334764626","0.38095238095238093","0.6056640147948925","0.5646258503401359","0.1873675803522667","0.3172756255897197","0.626025428150783","0.8053290281510288","0.5790194341408935","0.3732436952892417"
