"Similarity Measures","noun_path","noun_lch","noun_wup","noun_res","noun_jcn","noun_lin","noun_lesk","noun_vector","verb_path","verb_lch","verb_wup","verb_res","verb_jcn","verb_lin","verb_lesk","verb_vector","word2vec"
"Antecedent","0.6785714285714286","0.8250318536584669","0.9088558500323206","0.41723388047017657","0.6327522853437884","0.8156880566500037","0.7774234693877553","0.7012550573198884","0.47916666666666663","0.6403580480380208","0.6607142857142856","0.33261564151897627","0.40179671289547547","0.6985405796227918","0.5588293650793651","0.524164822066391","0.7035430554589516"
"a3","0.43730158730158736","0.6776142150371853","0.8068150337057901","0.3179796217234056","0.38071625924695596","0.6494205305038442","0.6964558191488096","0.5359342967969626","0.6458333333333333","0.714811969848595","0.725","0.33867963845893473","0.6139970458853581","0.7443886980145922","0.7115575396825398","0.6753378741101782","0.5379637427198116"
"a2","0.16049268192125335","0.4557091259098196","0.5484829289340567","0.13887172656174007","0.09602521268719597","0.2958976737258975","0.14888806406766916","0.21276903266279332","0.3125","0.5659041262274465","0.475","0.06703565544249","0.1647293813169582","0.24438869801459218","0.32516684704184723","0.3374866792799979","0.2469109448909238"
"a4","0.41904761904761906","0.6491903652995477","0.7697540554683412","0.28333448175165904","0.3806178645855986","0.63007404630519","0.5522621008303988","0.5281273814978207","0.6458333333333333","0.714811969848595","0.725","0.3035979960180651","0.5394352168464767","0.5696539112873675","0.6305208333333332","0.6390584513524432","0.5989461378696637"
