Similarity Measures,noun_path,noun_lch,noun_wup,noun_res,noun_jcn,noun_lin,noun_lesk,noun_vector,verb_path,verb_lch,verb_wup,verb_res,verb_jcn,verb_lin,verb_lesk,verb_vector,word2vec,Average
Antecedent,0.5555555555555555,0.7875458720163137,0.9,0.33216663739299396,0.5924543555034446,0.8164642392778355,1.0,0.5543158833691463,0.4916666666666666,0.6545424429461111,0.6599999999999999,0.19184819932195502,0.4480694455779524,0.6756962194017736,0.8156721056721057,0.5934572349096423,0.5727049275784591,0.62600939912882092
a2,0.18055555555555555,0.5110162114407526,0.6877828054298644,0.19232152767899402,0.1383805198012944,0.48203856696325076,0.39605605403970934,0.264401207945083,0.38333333333333336,0.6137693833138014,0.6101984126984126,0.19910641086526543,0.2694281583803161,0.6072886397964046,0.7421977225672878,0.5420440395402097,0.5334648359835327,0.43255196384312167
