"Similarity Measures","noun_path","noun_lch","noun_wup","noun_res","noun_jcn","noun_lin","noun_lesk","noun_vector","verb_path","verb_lch","verb_wup","verb_res","verb_jcn","verb_lin","verb_lesk","verb_vector","word2vec"
"Antecedent","0.4393939393939394","0.6551778793352472","0.7251718869365928","0.2681149522978017","0.35771973562718606","0.5569823115094552","0.6528357899747003","0.4436966904020602","0.49999999999999994","0.6598545153081949","0.753968253968254","0.20438908777383857","0.4749105942973319","0.7543737936027362","0.841953754025765","0.7612560492294929","0.49860364973918914"
"a3","0.31249999999999994","0.6687775089987072","0.8443910256410256","0.2832532624224817","0.2197476810631679","0.6524737572937352","0.8199336323971893","0.3260633480518145","0.7083333333333333","0.7617871643889692","0.861111111111111","0.25903169891556843","0.8398300790931605","0.9049348472936152","0.9048675683291068","0.8111266275206426","0.3902436015605927"
"a2","0.21874999999999997","0.5553306526477847","0.7143665158371041","0.1759880266880014","0.10957112316663431","0.3986845902022407","0.487548118331324","0.32712635541622775","0.5833333333333333","0.7148119698485951","0.6666666666666666","0.22000915214282651","0.7231902030545907","0.8486447082191874","0.9048675683291068","0.6818852175920094","0.3726758896892684"
"a4","0.4333333333333333","0.6934896937684156","0.825","0.27126607166499433","0.3542848236738919","0.6616153683642841","0.724510496569451","0.5495548041387712","0.7083333333333333","0.7617871643889691","0.7916666666666666","0.2560043053794998","0.6900051658054762","0.8732187934235375","1.0","0.8545270350151525","0.5146087598947859"
