"Similarity Measures","noun_path","noun_lch","noun_wup","noun_res","noun_jcn","noun_lin","noun_lesk","noun_vector","verb_path","verb_lch","verb_wup","verb_res","verb_jcn","verb_lin","verb_lesk","verb_vector","word2vec"
"Antecedent","0.14087301587301587","0.45200061632401545","0.5398634453781512","0.1307495556382346","0.11380576416767949","0.3493887219806109","0.2821604222053875","0.08032422820198337","0.4642857142857143","0.6482091129723636","0.6748299319727892","0.20925240982706406","0.474873616311189","0.645764100986167","0.571957799311418","0.5317383743217466","0.35617828319392797"
"a3","0.17142857142857143","0.504191528363924","0.6785714285714286","0.24589237017478738","0.1922644478135691","0.6237511139278792","0.3519540145481385","0.26039271778343076","0.369047619047619","0.6056640147948925","0.6312925170068028","0.24988536944347411","0.35204182025501934","0.6820834515869724","0.66591258703745","0.5489491430707544","0.3311356797979195"
"a2","0.22083333333333333","0.5525641101472931","0.6628434065934066","0.17150015427500526","0.16576411478801717","0.4883758862219403","0.3832580767861065","0.3103131756154665","0.369047619047619","0.6056640147948925","0.6312925170068028","0.24988536944347411","0.35204182025501934","0.6820834515869724","0.66591258703745","0.5489491430707544","0.33118050338543276"
"a4","0.2361111111111111","0.5473483926477588","0.6647519147519148","0.23958976337500132","0.21043250215057374","0.5631593773758464","0.476666198081235","0.34626820205620046","0.5","0.6750520812811489","0.7011204481792718","0.2834421734819091","0.5441544978352729","0.7805875161234364","0.9053209947946791","0.5601357839941133","0.545344523685258"
