"Similarity Measures","noun_path","noun_lch","noun_wup","noun_res","noun_jcn","noun_lin","noun_lesk","noun_vector","verb_path","verb_lch","verb_wup","verb_res","verb_jcn","verb_lin","verb_lesk","verb_vector","word2vec"
"Antecedent","0.18541666666666667","0.5207115504922648","0.6134502923976608","0.1546810118112373","0.09920676219924981","0.3736025785155448","0.23006121866675674","0.24045085592498025","0.3854166666666667","0.5933828534976465","0.55625","0.19896707039690611","0.2882893029736261","0.5196215164175961","0.3732166195159616","0.3795254946021821","0.24599822548653452"
"a3","0.2375","0.5871832123028131","0.6958874458874459","0.2235258503792426","0.18140842774292937","0.5881359068363115","0.4118972754431852","0.344494531836681","0.45833333333333337","0.6443491780380336","0.6779761904761905","0.2290091917578035","0.5796182453172687","0.7774348996827595","0.8680587841645533","0.5632477844797711","0.47888280299540015"
"a2","0.21666666666666667","0.5676867450326389","0.6786713286713287","0.20920131992103752","0.17082616856700827","0.5480278780621057","0.40853244199399125","0.41983894558596024","0.4583333333333333","0.6443491780380336","0.629491341991342","0.1809960745225949","0.44794384268329185","0.6719579115858569","0.7441029456654455","0.548608124933815","0.40314326414489116"
"a4","0.3125","0.6492810417285331","0.7329822954822954","0.18725382752734132","0.19053478381300265","0.5096096828395588","0.7224616266267962","0.46391604860343677","0.5208333333333333","0.6678367753082207","0.6672619047619047","0.20394291277270826","0.533507550909948","0.7422107198585803","0.7453400573192238","0.6232700673148285","0.42522243677978133"
