Similarity Measures,noun_path,noun_lch,noun_wup,noun_res,noun_jcn,noun_lin,noun_lesk,noun_vector,verb_path,verb_lch,verb_wup,verb_res,verb_jcn,verb_lin,verb_lesk,verb_vector,word2vec,Average
a1,0.2375,0.5871832123028131,0.6931372549019608,0.19727061822955658,0.11336067572726939,0.4013046901290557,0.5482308623266631,0.32329728812540526,0.8333333333333334,0.8205826880194187,0.8888888888888888,0.20541458700059032,0.7904417229610687,0.9118024340334223,1.0,0.9131383300484011,0.3419014026261508,0.57686988168552933
a3,0.16696428571428573,0.4951419883503344,0.6228535353535354,0.17673195741767883,0.12190745575839881,0.4004291592252768,0.30834700068552023,0.22463037457854979,1.0,0.8832162807399176,1.0,0.2385153717187257,1.0,1.0,1.0,0.999999999999989,0.5124500955359347,0.5971286767693027
a2,0.2232142857142857,0.5643801926613743,0.6662280701754386,0.1970373825202192,0.10515183551006123,0.41272544166265945,0.5414201042059202,0.47279791697201223,0.3333333333333333,0.5854005934976205,0.6851851851851851,0.17231716420937426,0.31149213422892136,0.6379532104475517,0.31740481376930435,0.39052739031323797,0.4306169308247837,0.41454035207242845
Antecedent,1.0,0.9860896635111784,1.0,0.5105672216650172,1.0,1.0,1.0,0.9999999999999984,1.0,0.8832162807399176,1.0,0.26409310570008143,1.0,1.0,1.0,1.0,1.0,0.92023331009507014
a4,0.14564393939393938,0.4521544662884045,0.4834529505582137,0.12709854936630519,0.10776999981086074,0.29568477222743134,0.3257279530664725,0.24273656285502693,0.8333333333333334,0.8205826880194187,0.8888888888888888,0.20541458700059032,0.7904417229610687,0.9118024340334223,1.0,0.9131383300484011,0.5775282421516146,0.53655290705902314
