"Similarity Measures","noun_path","noun_lch","noun_wup","noun_res","noun_jcn","noun_lin","noun_lesk","noun_vector","verb_path","verb_lch","verb_wup","verb_res","verb_jcn","verb_lin","verb_lesk","verb_vector","word2vec"
"a1","0.188668430335097","0.504148326056407","0.6491453306468786","0.20254976706530325","0.15238280135817023","0.4853956047265043","0.38194283553873887","0.2943082273486622","0.4666666666666667","0.6057389458825008","0.6190476190476191","0.23263521364624773","0.5818917830653916","0.7502524339617053","0.664017141523935","0.657870078789216","0.49454501973560444"
"a3","0.17821869488536154","0.5035398126086308","0.6098410199287392","0.14960893731883654","0.11728099371483666","0.3728044198109404","0.41056389906560586","0.2972373221892804","0.3208333333333333","0.5587637513421266","0.5","0.22647896464705927","0.2629778370704237","0.6322265093209793","0.6292245370370373","0.5233088566937005","0.35149931191691486"
"a2","0.31058201058201057","0.6034202218038396","0.7278899864039183","0.2204926226741257","0.31415031439437224","0.5426693281988612","0.4904408028575172","0.4031836686363538","0.425","0.5782602186123007","0.5922619047619048","0.10057478036440325","0.5566341436330542","0.4898249425859489","0.4829532967032968","0.5164987064848382","0.3996061657435217"
"Antecedent","1.0","0.9860896635111784","1.0","0.4856147357394511","1.0","1.0","1.0","1.0","1.0","0.8832162807399176","1.0","0.3731246866254676","1.0","1.0","1.0","1.0","1.0"
"a4","0.23148148148148145","0.5823149007257733","0.7314228255404727","0.21579621183187134","0.13966532053491068","0.5119153209644057","0.36689448834107596","0.37042049149106887","0.425","0.5782602186123007","0.5922619047619048","0.11711687106996423","0.5566341436330542","0.4898249425859489","0.52041810770751","0.516978906251988","0.4078610453152123"
