Similarity Measures,noun_path,noun_lch,noun_wup,noun_res,noun_jcn,noun_lin,noun_lesk,noun_vector,verb_path,verb_lch,verb_wup,verb_res,verb_jcn,verb_lin,verb_lesk,verb_vector,word2vec,Average
a1,0.6220238095238094,0.7849831617213635,0.8861207860337117,0.359154661239743,0.6569653134325769,0.7962407679762603,0.8574111878547717,0.7236676158917346,0.35,0.5917864014976413,0.6233333333333333,0.1810743560916384,0.18341248722926773,0.48712702594498436,0.8465368107957041,0.6325375142263143,0.46529979928046755,0.59103970776901893
a3,0.22083333333333333,0.5698736612250531,0.7527578415736311,0.25270401230761513,0.2221072744014871,0.5723531481769717,0.5648128747970115,0.3748248415104086,0.2733333333333333,0.526510964140926,0.5009523809523809,0.24243305574013632,0.21630358934819624,0.547373109605614,0.7041425221639125,0.47121003432967096,0.3534796742241217,0.43329445006845896
a2,0.19583333333333333,0.5362168877624258,0.6978687806861182,0.22752595542729348,0.21231253706012249,0.5063777022385061,0.355137538591727,0.34474144002580465,0.35,0.5917864014976413,0.5618181818181818,0.20560677182888484,0.15344392271227789,0.4712728384229384,0.398490508533612,0.312768345392217,0.31584668171106234,0.37864987217894974
Antecedent,1.0,0.9860896635111783,1.0,0.4878963162597044,1.0,1.0,1.0,1.0,1.0,0.8832162807399178,1.0,0.5339464017074538,1.0,1.0,1.0,1.0,1.0,0.93477345071872076
a4,0.2833333333333333,0.6168488557654273,0.7672306043629572,0.25032952222247784,0.24675740550383893,0.5963971485811694,0.5259002996706903,0.3488100389298935,0.2733333333333333,0.526510964140926,0.440952380952381,0.09159490077577834,0.11162839472343218,0.26064873965290614,0.344832256310517,0.27875367756390756,0.3527999667011455,0.37156834250141851
