"Similarity Measures","noun_path","noun_lch","noun_wup","noun_res","noun_jcn","noun_lin","noun_lesk","noun_vector","verb_path","verb_lch","verb_wup","verb_res","verb_jcn","verb_lin","verb_lesk","verb_vector","word2vec"
"Antecedent","0.4346938775510204","0.6787051665390537","0.7596784168212739","0.2379534692754117","0.37782545163799736","0.5986425553429859","0.6347207824928914","0.46818390240711827","0.5619047619047619","0.6585891709569724","0.7970695970695971","0.25457808856803077","0.686340485835983","0.847193319204421","0.7601605266078952","0.6955305473814035","0.5517315936400464"
"a3","0.34761904761904766","0.6491903652995478","0.7198879551820728","0.24303406463411295","0.2845499830420247","0.6213271863044696","0.5930349999413078","0.41594889559282544","0.33333333333333337","0.5698034196814812","0.5022222222222222","0.19394663509304277","0.20758329876059087","0.5808836714774093","0.8576319513819515","0.7326919360124929","0.5003210399303336"
"a2","0.32857142857142857","0.6294080212106792","0.7460729746444033","0.2262103945888214","0.2509972677989516","0.5587756154652833","0.6009966562045108","0.4122824546760013","0.4066666666666666","0.6236542572216848","0.6956410256410257","0.2609002832970768","0.4736440057880514","0.7439800426776488","0.7080296786546786","0.6487803317426815","0.4599587550316388"
"a4","0.21666666666666665","0.5641001689446057","0.6709369062310238","0.20533895863935878","0.14591695125021212","0.4739797131134668","0.4837107890233285","0.28664176805266467","0.425","0.6201551913138222","0.6738095238095237","0.2473523487998545","0.48050496661015896","0.7812745890962173","0.8349771062271062","0.7519003380135592","0.314002330575553"
