Similarity Measures,noun_path,noun_lch,noun_wup,noun_res,noun_jcn,noun_lin,noun_lesk,noun_vector,verb_path,verb_lch,verb_wup,verb_res,verb_jcn,verb_lin,verb_lesk,verb_vector,word2vec,Average
a1,0.3791666666666667,0.6630950782416635,0.789527417027417,0.2856875191520642,0.36859526170809337,0.7112947795954524,0.592759765221965,0.4959888866684832,0.5694444444444444,0.6899939959117369,0.775050875050875,0.23661357878817693,0.5843233285257161,0.7777603444061706,0.810557498057498,0.686989966644456,0.5167079367577317,0.58432690252168296
Antecedent,0.5680555555555555,0.7606284014892509,0.8613940525705233,0.34490490507840915,0.602695655670558,0.7924071582585399,0.7054440114402611,0.616968495867359,0.7222222222222222,0.7709467401457025,0.8954212454212455,0.37793432609275984,0.7652600962188632,0.8871720339279906,0.8900862068965516,0.802729517558738,0.6416397470190933,0.70623002184903683
a2,0.35625,0.6327004627149111,0.7573852617970265,0.2839995484472371,0.3811631106830607,0.6569124774916918,0.6220795328955699,0.4444657149002793,0.6527777777777778,0.7213107922719865,0.7944444444444444,0.3369911755526984,0.5769035400429047,0.7651773366578086,0.7754383116883116,0.739710294203486,0.5364896521395374,0.59024702551227826
