Similarity Measures,noun_path,noun_lch,noun_wup,noun_res,noun_jcn,noun_lin,noun_lesk,noun_vector,verb_path,verb_lch,verb_wup,verb_res,verb_jcn,verb_lin,verb_lesk,verb_vector,word2vec,Average
a1,0.32246031746031745,0.5692622545665293,0.6361885104919159,0.20196012107867384,0.27679647253786854,0.44169315908131185,0.6154143087320347,0.44985040591280195,0.6666666666666666,0.7484928320268596,0.8066666666666666,0.2177666903394273,0.536008855138564,0.7352282856388617,0.9516666666666668,0.7846999945565,0.497631512214555,0.55637963057507189
a3,0.6044444444444446,0.7658573285791761,0.8428571428571429,0.35364440885237924,0.5575292345654163,0.7185540338744039,0.8507746401072733,0.7396406116651776,0.8,0.7938715745672285,0.905,0.3161940939527998,0.760667976627138,0.8749566986720154,0.8772343162302179,0.9102880705212012,0.7221963910995705,0.72904182156562269
a2,0.24095238095238095,0.5783834624231049,0.6926232247284878,0.19613856358132195,0.1505896101669233,0.42624060386492124,0.564546829877052,0.30335223362259567,0.5833333333333333,0.7077197723945499,0.72,0.12075927362085533,0.41434190434095264,0.49557806214978833,0.7232561002858485,0.6972158973936242,0.42514739539926977,0.47295168518441233
Antecedent,1.0,0.9860896635111784,1.0,0.5012125366953392,1.0,1.0,1.0,0.999999999999995,1.0,0.8832162807399178,1.0,0.3772297279271558,1.0,1.0,1.0,1.0,1.0,0.92633812993374043
a4,0.2119047619047619,0.5501660148425276,0.6749869738105032,0.17983293008506362,0.11437431424487125,0.41725104580865774,0.31301914072794823,0.1765868397514892,0.35,0.5871807185895821,0.51,0.07680756629458968,0.1604660789008956,0.2856205063019992,0.7016729895215859,0.5993134822245382,0.34098037506230566,0.36765669047478344
