Similarity Measures,noun_path,noun_lch,noun_wup,noun_res,noun_jcn,noun_lin,noun_lesk,noun_vector,verb_path,verb_lch,verb_wup,verb_res,verb_jcn,verb_lin,verb_lesk,verb_vector,word2vec,Average
Antecedent,0.15164835164835164,0.46401434019270826,0.5702792484169004,0.1265873965551161,0.07867547063623781,0.27541082712000986,0.24159874915297147,0.1299387674113366,0.3166666666666666,0.5698034196814813,0.5681818181818181,0.12389076544137959,0.11550123032691192,0.30587997744007683,0.526828579916815,0.2522157918770296,0.32673047576754066,0.30257952214313827
a3,0.29816849816849816,0.6362169892170447,0.7045347312315637,0.20271789090631237,0.12708512335019345,0.46850997859123145,0.6013130815347071,0.3049305297065702,0.39999999999999997,0.6293665571299407,0.6609803921568627,0.22029865984940225,0.34353179551676744,0.6237056016525275,0.7487705244699506,0.4999446584682842,0.548475850599695,0.47167946250291476
a2,0.1187329764252841,0.3984712124446511,0.4173461154230385,0.08662596862544733,0.07717668813018588,0.19091077454662095,0.2550579859391485,0.2014865130788519,0.35,0.5917864014976413,0.5276190476190477,0.17561333788582023,0.19729824701244464,0.5463034643793039,0.457787441766342,0.38522522497534417,0.2714903101618138,0.30876068881829327
a4,0.21648159532774913,0.4771102962307706,0.514633491723275,0.16975843743257654,0.16507688541881607,0.36305616915001804,0.33352424701042926,0.35301686175236474,0.39999999999999997,0.6293665571299407,0.6286274509803922,0.1558337091882056,0.34353179551676744,0.5572747552104043,0.5665836807280656,0.5011844646255235,0.2639740107689776,0.39053143577613392
