"Similarity Measures","noun_path","noun_lch","noun_wup","noun_res","noun_jcn","noun_lin","noun_lesk","noun_vector","verb_path","verb_lch","verb_wup","verb_res","verb_jcn","verb_lin","verb_lesk","verb_vector","word2vec"
"Antecedent","0.7259259259259259","0.8296757716587378","0.8893475518862517","0.3845322366755556","0.7050624351145566","0.8215660030905305","0.7948600610901978","0.8280142679579134","0.43","0.5959589754972688","0.6133333333333333","0.18348264913232964","0.37227454657770487","0.5361954714934359","0.6546953443912","0.6273247142782707","0.586751914317781"
"a3","0.27126022126022126","0.5553144200729393","0.618775287892935","0.13493158789447085","0.18744933052600776","0.3280400940335882","0.44032095653897063","0.32007845295837745","0.42333333333333334","0.5860741015893854","0.6579788838612368","0.16758185568387585","0.38779876638813804","0.5438104501482124","0.6312564690434901","0.6155924999417225","0.3323030895817967"
"a2","0.26216931216931216","0.5543348088155768","0.6655458089668617","0.18199493507565861","0.2217445776866943","0.46938512150103584","0.44063239153337325","0.3198494891486676","0.3852380952380952","0.5557335779679577","0.6133333333333333","0.14342802762548282","0.3283348260966609","0.5086266334000962","0.43493135132841","0.5187583691931392","0.36497710576397896"
"a4","0.2352332852332852","0.48613128291734614","0.47264957264957264","0.10478541942506674","0.17595757116007857","0.23192489459685728","0.28428025600890666","0.2857167397509653","0.54","0.6392514310378241","0.6716666666666666","0.1818243270722316","0.48293769542196924","0.6069759941167453","0.6867555704099823","0.6564427701098673","0.43781765528715544"
