Similarity Measures,noun_path,noun_lch,noun_wup,noun_res,noun_jcn,noun_lin,noun_lesk,noun_vector,verb_path,verb_lch,verb_wup,verb_res,verb_jcn,verb_lin,verb_lesk,verb_vector,word2vec,Average
a1,0.6666666666666666,0.8295056817099312,0.8948717948717948,0.3194835950314427,0.6041299586337673,0.823401336315187,0.7909470260013739,0.7565407058442363,0.375,0.6128793207678206,0.65,0.21261091942460197,0.40271862426643856,0.6967324183712871,1.0,0.5901904929073932,0.5240118482913606,0.63233472877078245
a3,0.29722222222222217,0.6391992851383025,0.7814577965893755,0.2640063718583873,0.31981652884397826,0.6104540551202912,0.6945817714609376,0.4435868819139694,0.37499999999999994,0.6128793207678206,0.6861111111111111,0.19765554348647257,0.32919888295441907,0.6640315642744689,0.6865697142247895,0.46796033647529955,0.4748559532095654,0.50262278468537713
a2,0.3638888888888889,0.6556740749847748,0.7462121212121211,0.2623893523551668,0.2772407676830753,0.5795361387013335,0.6172950498850761,0.4858156775541545,0.5416666666666666,0.6873332425783949,0.775,0.1505424341674082,0.5852978734748941,0.6450122348213353,0.8722470238095237,0.6556905739655118,0.5124415501292747,0.55372256887515281
Antecedent,1.0,0.9860896635111783,0.9444444444444443,0.4616945762746183,1.0,1.0,1.0,0.9999999999999959,1.0,0.8832162807399176,1.0,0.3914285564221289,1.0,1.0,1.0,0.9999999999999988,1.0,0.92158079537601656
a4,0.20416666666666664,0.5487260410572438,0.6940678716994507,0.185115356834368,0.1095234902864989,0.4247426463038229,0.4693375499456413,0.4664435302996725,0.3416666666666667,0.5782602186123006,0.5666666666666667,0.10682132450492045,0.13274493501830475,0.3281075855679709,0.6513492063492062,0.459720055995156,0.3901784517058982,0.39162578024590911
