Similarity Measures,noun_path,noun_lch,noun_wup,noun_res,noun_jcn,noun_lin,noun_lesk,noun_vector,verb_path,verb_lch,verb_wup,verb_res,verb_jcn,verb_lin,verb_lesk,verb_vector,word2vec,Average
Antecedent,0.1976190476190476,0.5395570546386776,0.6868686868686869,0.21391467564731634,0.1451798105918055,0.5122961816672295,0.3607268679732447,0.31120722933045936,0.0,0.0,0.0,0.0,0.0,0.0,0.0,0.0,0.3762090246100546,0.19668109287920718
a3,0.16666666666666666,0.4850209217471871,0.6008547008547008,0.16268426445060372,0.09072016928188455,0.3551917927940806,0.20203519154738667,0.21792425233037901,0.5,0.6953155025784209,0.8,0.20774222301482007,1.0,0.9953997351455868,1.0,0.825538872295157,0.27074521146003944,0.5044611473039361
a2,0.15833333333333333,0.4648574085667259,0.48784548784548787,0.0957974167257063,0.10266899462648842,0.2631783122886836,0.289467373083136,0.2773076477549807,0.5,0.6953155025784209,0.8,0.20774222301482007,1.0,0.9953997351455868,1.0,0.825538872295157,0.4427115981185081,0.50624493561041384
a4,0.4226190476190476,0.6223541605396378,0.6960784313725491,0.21949099935996194,0.40161642228864025,0.5313517083617029,0.5202273794581487,0.5414548128036,0.5,0.6953155025784209,0.8,0.20774222301482007,1.0,0.9953997351455868,1.0,0.825538872295157,0.4753745004238313,0.61497434089771197
