"Similarity Measures","noun_path","noun_lch","noun_wup","noun_res","noun_jcn","noun_lin","noun_lesk","noun_vector","verb_path","verb_lch","verb_wup","verb_res","verb_jcn","verb_lin","verb_lesk","verb_vector","word2vec"
"a1","0.19375259243680296","0.4708943008111164","0.5499672018818181","0.13778246569527336","0.13311703660838972","0.31485481237349794","0.33782045273138445","0.25351094995924967","0.2107142857142857","0.4543664350047937","0.5833333333333333","0.14730890026413174","0.12250626673471422","0.4100492184477723","0.21276534229659252","0.12481947587831012","0.3357847430183929"
"a3","0.19457355509987087","0.5191097554267484","0.6287153285401615","0.15671994854461593","0.13141287822561734","0.32979334154407364","0.37034411890453234","0.22766257227168274","0.35416666666666663","0.5933828534976465","0.5791666666666666","0.1804256287618894","0.4004229330580602","0.6487052691307559","0.48825306637806626","0.4976358291481522","0.3300771293155878"
"a2","0.1331159337738285","0.40993496544876246","0.532552100902697","0.1688222541951343","0.08600662086931199","0.2990543158583316","0.2581478322351696","0.1398290708574378","0.5416666666666666","0.6873332425783949","0.7261904761904762","0.23744411311975167","0.42876069955690616","0.7487050955142491","0.6575908208222038","0.6321066580515374","0.33413212882322263"
"Antecedent","1.0","0.9860896635111785","1.0","0.48760850129716343","1.0","1.0","0.9473684210526315","0.9999999999999981","1.0","0.8832162807399176","1.0","0.45044795060022663","1.0","1.0","1.0","1.0","1.0"
"a4","0.37226399331662496","0.6278958722661702","0.7377438052686545","0.25692060143844203","0.346840595900953","0.5497253721100324","0.45700635975361703","0.4538137472124288","0.3125","0.5659041262274465","0.6484848484848486","0.27091077365544713","0.34086215252409996","0.7379653594456965","0.6539202877601851","0.6346683429085448","0.3725882158240072"
