"Similarity Measures","noun_path","noun_lch","noun_wup","noun_res","noun_jcn","noun_lin","noun_lesk","noun_vector","verb_path","verb_lch","verb_wup","verb_res","verb_jcn","verb_lin","verb_lesk","verb_vector","word2vec"
"Antecedent","0.23937790604457268","0.4972555283711939","0.5369549840138075","0.12286435929541363","0.195270781717079","0.2817943115454961","0.26324224484709147","0.23300370772536289","0.45","0.6293665571299407","0.6133333333333333","0.1399514653500003","0.32145397409705195","0.5076937690087125","0.4448183130001312","0.5187353268008996","0.24139104911196502"
