"Similarity Measures","noun_path","noun_lch","noun_wup","noun_res","noun_jcn","noun_lin","noun_lesk","noun_vector","verb_path","verb_lch","verb_wup","verb_res","verb_jcn","verb_lin","verb_lesk","verb_vector","word2vec"
"Antecedent","0.1923611111111111","0.5127292904922388","0.5988970588235294","0.13612298564753522","0.12238823251199252","0.34916548501784883","0.38586657631924176","0.2954719720044887","0.3333333333333333","0.5854005934976205","0.5","0.18980714739304658","0.1255866340037433","0.4797072711629339","0.47089220303505996","0.31621177587657","0.3271893101392596"
"a3","0.19166666666666665","0.5374414752619472","0.6578947368421052","0.17826576221421667","0.11285546312044986","0.437457265213066","0.26364773553652227","0.38896988108580444","0.3333333333333333","0.5854005934976205","0.5","0.22791400356190228","0.2434543871189519","0.587253390192841","0.5323451944880515","0.387888630976996","0.291062597160167"
"a2","0.09356060606060607","0.3430814423223103","0.2860576923076923","0.05298994459581955","0.06838300890698537","0.11514343412407518","0.17141018607048175","0.143743377824942","0.3333333333333333","0.5854005934976205","0.5","0.0640063052454914","0.11121422191114147","0.2031804516209629","0.37932317265023996","0.23204903092405","0.21563312948472446"
"a4","0.5833333333333333","0.7432314308092814","0.8100961538461539","0.3462253838745742","0.557317984244259","0.7380154881526616","0.6547034358615239","0.6822260409378315","0.3333333333333333","0.5854005934976205","0.5","0.06802629510282533","0.0976518942223926","0.17136332383218647","0.6555555555555554","0.33651901030899545","0.5115741267598204"
