Similarity Measures,noun_path,noun_lch,noun_wup,noun_res,noun_jcn,noun_lin,noun_lesk,noun_vector,verb_path,verb_lch,verb_wup,verb_res,verb_jcn,verb_lin,verb_lesk,verb_vector,word2vec,Average
Antecedent,0.15476190476190477,0.4794793435942155,0.5227272727272727,0.11520039815599713,0.098583541338973,0.311397583512365,0.1512385762385765,0.1149572515078705,0.0,0.0,0.0,0.0,0.0,0.0,0.0,0.0,0.16910311394563096,0.12455582269310624
a3,0.225,0.5800428374174932,0.6862745098039216,0.2774374674517951,0.21167260342272018,0.6728394981875767,0.436708810225622,0.3365563187107155,0.225,0.4771694546462324,0.4607843137254902,0.15645501150416602,0.13437895874174527,0.43962900140142225,0.41600721698936,0.374161076160053,0.3014252064835311,0.37714954616893204
a2,0.29166666666666663,0.6492810417285331,0.8492647058823529,0.33532457514851166,0.27314755688920156,0.7849558856397322,0.820955882352941,0.6428094327002261,0.75,0.7892658916591693,0.8333333333333333,0.2032906830967548,0.7090260409399299,0.8833139952223747,1.0,0.8623727563680845,0.3399693457075667,0.64811634078443414
a4,0.0,0.0,0.0,0.0,0.0,0.0,0.0,0.0,0.0,0.0,0.0,0.0,0.0,0.0,0.0,0.0,0.16507770140177208,0.0097104530236336514
