"Similarity Measures","noun_path","noun_lch","noun_wup","noun_res","noun_jcn","noun_lin","noun_lesk","noun_vector","verb_path","verb_lch","verb_wup","verb_res","verb_jcn","verb_lin","verb_lesk","verb_vector","word2vec"
"a1","0.1285714285714286","0.42324115303753906","0.5205602240896359","0.1501263172543316","0.08171095817431803","0.30168496970283865","0.3508695787756044","0.28702146540426876","0.4666666666666666","0.6449637309460801","0.6333333333333333","0.1399514653500003","0.34357512275259655","0.5343216158463419","0.5166140584561638","0.5189296428539322","0.4307722856768696"
"a3","0.16008658008658008","0.4789227185709556","0.5861764705882353","0.19676027079566458","0.1307727262402839","0.46865515022760895","0.3723811495533874","0.3211863979544648","0.4666666666666666","0.6449637309460801","0.6333333333333333","0.1943603508946142","0.38359286734561193","0.6696039069320869","0.5067485430192198","0.5189296428539322","0.4598798404522362"
"Antecedent","0.09888888888888889","0.3577242154856772","0.4072003538257408","0.11359877101734098","0.07725066658579571","0.2525589477295315","0.3159430816729992","0.28944730529329854","0.4666666666666666","0.6449637309460801","0.6333333333333333","0.1399514653500003","0.34357512275259655","0.5343216158463419","0.46331997159064836","0.5189296428539322","0.2589881624581949"
"a4","0.1537179487179487","0.4626259646720866","0.5415750915750916","0.15444809317030833","0.07621442299962217","0.31346253296891174","0.17221312824354268","0.09710253331989022","0.4666666666666666","0.6449637309460801","0.6333333333333333","0.1399514653500003","0.34357512275259655","0.5343216158463419","0.46331997159064836","0.5189296428539322","0.36625794165731873"
