"Similarity Measures","noun_path","noun_lch","noun_wup","noun_res","noun_jcn","noun_lin","noun_lesk","noun_vector","verb_path","verb_lch","verb_wup","verb_res","verb_jcn","verb_lin","verb_lesk","verb_vector","word2vec"
"Antecedent","0.15","0.45421439523335794","0.5347093223254213","0.13217638744446947","0.07204218370511117","0.2128675072248343","0.14637030738221204","0.31523855443475907","1.0","0.8832162807399176","1.0","0.20966239480826138","1.0","1.0","1.0","1.0","0.29448564099746316"
"a3","0.7222222222222222","0.8241841750432471","0.875","0.49311058050369705","0.6987249198103284","0.7689435087574651","0.7706992716261963","0.7637230802073417","0.3333333333333333","0.5854005934976205","0.5","0.12781605200648147","0.1116558037455353","0.34122594685176016","0.524908424908425","0.362307375376569","0.22181892808794942"
"a2","0.4861111111111111","0.6989169896022492","0.6977058029689608","0.25923667263094735","0.3676952746714713","0.45684895232595674","0.7672413409808367","0.7080297381942917","1.0","0.8832162807399176","1.0","0.20966239480826138","1.0","1.0","1.0","1.0","0.2887691248258423"
"a4","0.19576719576719573","0.5124392514588374","0.6416666666666667","0.2329375084158776","0.1875017739699039","0.5045186709736288","0.221551288217955","0.2470864510648577","0.3333333333333333","0.5854005934976205","0.7777777777777778","0.19456772031082067","0.313741893440501","0.7089562986509145","0.514044715447154","0.557377454293395","0.33482659295277"
