"Similarity Measures","noun_path","noun_lch","noun_wup","noun_res","noun_jcn","noun_lin","noun_lesk","noun_vector","verb_path","verb_lch","verb_wup","verb_res","verb_jcn","verb_lin","verb_lesk","verb_vector","word2vec"
"Antecedent","0.10555555555555556","0.37617753925594444","0.4852941176470588","0.15038140373036402","0.07158118168287828","0.2952081901927609","0.1490633753501405","0.17656771632096402","0.5","0.6953155025784209","0.7777777777777778","0.19456772031082067","0.313741893440501","0.7089562986509145","1.0","0.657664931304344","0.3612601909931328"
"a3","0.20833333333333331","0.5553306526477848","0.6923076923076923","0.22300565796610872","0.11112183557721989","0.48713697572345027","0.26521206543821696","0.22600234388844698","1.0","0.8832162807399176","1.0","0.20966239480826138","1.0","1.0","1.0","1.0","0.516163186840084"
"a2","0.13392857142857142","0.4404864090538674","0.5","0.1681132428999908","0.11576527819845917","0.43167081072151947","0.30349904454535404","0.22391611800571898","0.3333333333333333","0.5854005934976205","0.5882352941176471","0.1969189713852482","0.41805208187985987","0.7666279904447494","0.362942612942613","0.405231276683952","0.36337497408702824"
"a4","0.16666666666666666","0.5003731981073846","0.5804195804195804","0.16499933865765332","0.10284361501231601","0.29031502553415556","0.323533163265306","0.2488235354468435","1.0","0.8832162807399176","1.0","0.20966239480826138","1.0","1.0","1.0","1.0","0.5060628571885255"
