Similarity Measures,noun_path,noun_lch,noun_wup,noun_res,noun_jcn,noun_lin,noun_lesk,noun_vector,verb_path,verb_lch,verb_wup,verb_res,verb_jcn,verb_lin,verb_lesk,verb_vector,word2vec,Average
Antecedent,0.25928571428571423,0.5904815703313815,0.7447107141224788,0.22665079767632137,0.30862710795862613,0.5474793499546815,0.568447794897176,0.3432620962592382,0.32833333333333337,0.574745856635423,0.5927521008403362,0.20981336697524675,0.19687815549499782,0.5396347066988098,0.640996087449832,0.6017659740163347,0.38946034309155325,0.45078382764832264
a2,0.29000000000000004,0.6325772509121972,0.7945178351060705,0.2746303643201796,0.2757015674886839,0.6254048323523451,0.5333808677921095,0.3682978067319303,0.525,0.6811311076703304,0.7416615067079463,0.24277990908940553,0.4327401449371508,0.7243987293246497,0.8664939969874179,0.6543888279148031,0.387056314171152,0.53236241538272766
