"Similarity Measures","noun_path","noun_lch","noun_wup","noun_res","noun_jcn","noun_lin","noun_lesk","noun_vector","verb_path","verb_lch","verb_wup","verb_res","verb_jcn","verb_lin","verb_lesk","verb_vector","word2vec"
"a1","0.18333333333333335","0.5250853828770929","0.6274509803921569","0.1300325959762255","0.10201211503484392","0.3131650111466632","0.3761368102796675","0.22752272307597549","0.3125","0.5659041262274465","0.6142857142857143","0.15884962338191988","0.35534161534752173","0.4989442628532531","0.4071586690947593","0.3098246600587238","0.3488986228464693"
"a3","0.2","0.5497975676468014","0.6666666666666666","0.15490524658667626","0.11234015603105266","0.3864531826656656","0.3484999092229485","0.446184899269659","0.5833333333333334","0.7148119698485951","0.8111111111111111","0.20398554637580185","0.6829484938300902","0.8675479815108746","0.8397532907604442","0.7567703674324338","0.3212721096852201"
"Antecedent","0.19642857142857142","0.5344367981346158","0.6862745098039216","0.21414160387187536","0.10788422747184664","0.45353646016507176","0.2155153399284635","0.2462545101156405","0.0","0.0","0.0","0.0","0.0","0.0","0.0","0.0","0.2490424622065524"
"a4","0.0","0.0","0.0","0.0","0.0","0.0","0.0","0.0","0.75","0.7892658916591693","0.8666666666666667","0.22884254113208577","0.8545130204699649","0.940308906848146","1.0","0.8768124427380983","0.3137642478895478"
