Similarity Measures,noun_path,noun_lch,noun_wup,noun_res,noun_jcn,noun_lin,noun_lesk,noun_vector,verb_path,verb_lch,verb_wup,verb_res,verb_jcn,verb_lin,verb_lesk,verb_vector,word2vec,Average
Antecedent,0.16574074074074074,0.48553119159360736,0.6068971448228414,0.13197375990673868,0.07576563062480272,0.27400622940699004,0.25388212347021016,0.2265227666732823,0.3,0.5507814913421005,0.4583333333333333,0.13506003532453098,0.2645044828421381,0.4949119080709763,0.32570867524548347,0.35872269561895026,0.29071598110561125,0.31759165824249047
a3,0.3087301587301587,0.5838714958457099,0.7159774436090225,0.24439518239200353,0.2515686260060301,0.4682998542652088,0.5406814074869043,0.3893514787225965,0.3125,0.5659041262274465,0.5416666666666666,0.08030692646877621,0.13914708976650456,0.191746582823284,0.4128537360796265,0.3518770362724427,0.3611811419998239,0.38000346784483569
a2,0.16825396825396824,0.5016459748595643,0.6818387881468376,0.20361077160172217,0.10188044032996695,0.3690322094647233,0.42049748109175916,0.3303727228519074,0.6666666666666666,0.7343084371187691,0.8725490196078431,0.2270659137790164,0.6226765331685973,0.8326184843759801,0.8878091646141215,0.7000048871129118,0.5143138400768584,0.51971442959536551
a4,0.20297619047619045,0.5382842778864978,0.7048732943469785,0.22077230156298536,0.2899734882711631,0.45691870334355444,0.352943631452768,0.31415500306706184,0.3958333333333333,0.6208615807678466,0.6428571428571428,0.17819059781411134,0.12705903405593752,0.45929523600105526,0.660001645375823,0.5831710647712257,0.2995544654495599,0.41457182299019024
