"Similarity Measures","noun_path","noun_lch","noun_wup","noun_res","noun_jcn","noun_lin","noun_lesk","noun_vector","verb_path","verb_lch","verb_wup","verb_res","verb_jcn","verb_lin","verb_lesk","verb_vector","word2vec"
"Antecedent","0.16666666666666666","0.48716397492630253","0.6362433862433862","0.2021914356568316","0.11173483929789167","0.4399559496147014","0.240426344136387","0.1965241712040561","0.5","0.6953155025784209","0.6666666666666666","0.22925917558829206","0.28134829659684324","0.7026740690472313","1.0","0.8223141240914611","0.41727924032704955"
"a3","0.13703703703703704","0.43405088205289677","0.5405179615705932","0.1323891577563799","0.07810167607076728","0.29064428197158815","0.41244492998878934","0.2356583117782407","0.25","0.5074147244169241","0.4","0.10214934976230224","0.10155081997042242","0.22621708781887837","0.25389986573141654","0.2375439027501985","0.33394486381865723"
"a2","0.23148148148148148","0.5630067908278835","0.6757575757575758","0.1943170624454722","0.1317316216306604","0.4597085567236203","0.5125147095875386","0.4676011032091685","0.75","0.7892658916591693","0.8333333333333333","0.19010152451179674","0.5765352021652776","0.7387670026846647","1.0","0.92659904941704","0.5259198613216964"
"a4","0.13347763347763347","0.4316728191870584","0.494058229352347","0.1433547003187972","0.1221147024370513","0.3416992950046858","0.22418691365612534","0.14615024679568106","0.29166666666666663","0.5464076589572724","0.45","0.0","0.09111465954872441","0.0","0.3583502311180885","0.246625459069845","0.3653225970375423"
