"Similarity Measures","noun_path","noun_lch","noun_wup","noun_res","noun_jcn","noun_lin","noun_lesk","noun_vector","verb_path","verb_lch","verb_wup","verb_res","verb_jcn","verb_lin","verb_lesk","verb_vector","word2vec"
"Antecedent","0.6537698412698412","0.7880571747010456","0.8519901887880658","0.3273424926316645","0.6319303659165598","0.7603105404199823","0.6984303973452343","0.7044875092389141","0.7777777777777777","0.7839443849924853","0.8452380952380952","0.2459964118043431","0.7119705414338763","0.8342487539356592","0.834017990937634","0.821367368928042","0.5110974090503639"
"a3","0.3176260247688819","0.5489664543303404","0.5518675652079014","0.1442668032795225","0.2808180025715731","0.35263651213407365","0.43328484542179907","0.4217542032851124","0.6111111111111112","0.7213107922719865","0.7722222222222223","0.2590778150384732","0.6588899965890871","0.8254322325908733","0.9065130471380471","0.7229451167420949","0.42928650765436793"
"a2","0.2074598021026592","0.4804176707572473","0.5113438149152435","0.14614211286353984","0.17103284560157506","0.34494135586386393","0.33102980408515986","0.2649435925083163","0.5833333333333334","0.7029916407585196","0.75","0.2190702867997608","0.5692435192456023","0.7737201874639946","0.8043083785004517","0.7036661203321684","0.3602520523725217"
