Similarity Measures,noun_path,noun_lch,noun_wup,noun_res,noun_jcn,noun_lin,noun_lesk,noun_vector,verb_path,verb_lch,verb_wup,verb_res,verb_jcn,verb_lin,verb_lesk,verb_vector,word2vec,Average
a1,0.1636904761904762,0.4760755315370888,0.605084301663249,0.1642996660332472,0.12726196995978953,0.3997396490696573,0.4381223594252873,0.24360329980909765,0.6666666666666666,0.7579490952989199,0.7222222222222222,0.2533770447934371,0.5498423367499635,0.7943223794159664,1.0,0.7710194417367591,0.3239854832585482,0.49748599551943379
a3,0.14607142857142857,0.4536656377155034,0.5663809255759722,0.14541335076910653,0.10248928968470541,0.3554837475351439,0.2500746934468342,0.2561965078022729,0.5555555555555555,0.684672489245053,0.6666666666666666,0.1624371163545312,0.4418764053794117,0.6482896158802025,0.711961471576856,0.653545584464401,0.25591143689340606,0.41509952488923818
a2,0.0,0.0,0.0,0.0,0.0,0.0,0.0,0.0,0.0,0.0,0.0,0.0,0.0,0.0,0.0,0.0,0,0.0
Antecedent,1.0,0.9860896635111784,1.0,0.5028019730662607,1.0,1.0,1.0,0.9999999999999993,1.0,0.8832162807399176,1.0,0.35284306298303997,1.0,1.0,1.0,1.0,1.0,0.92499711648825855
a4,0.0930891330891331,0.32632048296313315,0.3434273182957393,0.07230644709374738,0.08478069468005694,0.16982416674585696,0.22686002442308903,0.1882660433076555,0.5555555555555555,0.684672489245053,0.6666666666666666,0.1624371163545312,0.4418764053794117,0.6482896158802025,0.711961471576856,0.653545584464401,0.3874512782034459,0.37749002905438428
