"Similarity Measures","noun_path","noun_lch","noun_wup","noun_res","noun_jcn","noun_lin","noun_lesk","noun_vector","verb_path","verb_lch","verb_wup","verb_res","verb_jcn","verb_lin","verb_lesk","verb_vector","word2vec"
"Antecedent","0.09703282828282828","0.3528296759573973","0.38954374766100774","0.08142444910731116","0.05497307609412963","0.13625334885798449","0.2717304250099988","0.1781874621049067","0.35","0.5917864014976413","0.5514285714285714","0.09410919241129403","0.2703644649429472","0.2644829946090531","0.390391914941257","0.3343202693542102","0.2266704135779531"
"a3","0.0","0.0","0.0","0.0","0.0","0.0","0.0","0.0","0.0","0.0","0.0","0.0","0.0","0.0","0.0","0.0","0.07622978708483573"
"a2","0.07494177595280536","0.2780487509808331","0.22512254901960785","0.02889234957286103","0.03861121492514909","0.02418925425733483","0.16992795876019548","0.04888146605124485","0.0","0.0","0.0","0.0","0.0","0.0","0.0","0.0","0.14814581223444062"
"a4","0.0","0.0","0.0","0.0","0.0","0.0","0.0","0.0","0.0","0.0","0.0","0.0","0.0","0.0","0.0","0.0","0.13937238938993116"
