Similarity Measures,noun_path,noun_lch,noun_wup,noun_res,noun_jcn,noun_lin,noun_lesk,noun_vector,verb_path,verb_lch,verb_wup,verb_res,verb_jcn,verb_lin,verb_lesk,verb_vector,word2vec,Average
a1,0.15396825396825398,0.4654659220145023,0.43253043253043255,0.07955940792772517,0.09519392536592448,0.21662982337624126,0.3439186782144941,0.25990707941213304,0.8205128205128206,0.8084906706777955,0.9153846153846156,0.31390217626393163,0.8952717542978229,0.9496964984823557,1.0,0.8844585158824525,0.43659553971189985,0.53361683023667061
a3,0.2542368125701459,0.5033681859835714,0.5629558226049454,0.17522915357922234,0.22448761144231894,0.3831896305436888,0.361550580272848,0.3392121805146459,0.5448717948717948,0.6794922695721817,0.7563492063492063,0.2169494290105763,0.5417409323388837,0.761181557470262,0.8874344767492796,0.6278015781054405,0.48929496420079616,0.48878506977528269
a2,0.25,0.5255130845183786,0.6168769502102838,0.20177267349631423,0.2099279322117747,0.4931991255113337,0.343315222555024,0.2878688306667733,0.48333333333333334,0.6459313391210757,0.6362637362637363,0.16405446145377128,0.4741581866787723,0.6746970453238177,0.5172515897078833,0.5507288431930764,0.23912814532479224,0.43023649997471425
Antecedent,1.0,0.9860896635111784,1.0,0.4771201445435105,1.0,1.0,1.0,1.0,1.0,0.8832162807399176,1.0,0.37520992433789996,1.0,1.0,1.0,1.0,1.0,0.92480211841955917
a4,0.32962962962962966,0.5617772163832204,0.6362587380131239,0.19345858880439185,0.30136663057499724,0.4945730865682709,0.4106906443699566,0.4017712894567574,0.48333333333333334,0.6459313391210757,0.6362637362637363,0.16405446145377128,0.4741581866787723,0.6746970453238177,0.5172515897078833,0.5507288431930764,0.2710213092480891,0.45570386283081787
