"Similarity Measures","noun_path","noun_lch","noun_wup","noun_res","noun_jcn","noun_lin","noun_lesk","noun_vector","verb_path","verb_lch","verb_wup","verb_res","verb_jcn","verb_lin","verb_lesk","verb_vector","word2vec"
"Antecedent","0.20222222222222222","0.5421259277393113","0.6672448466566114","0.22739437997566042","0.12998504363851066","0.46608003888838717","0.6470500790367604","0.49379036861018377","1.0","0.8832162807399176","1.0","0.2674984965294168","1.0","1.0","1.0","1.0","0.5925720385036288"
"a3","0.53","0.7364125139008288","0.8121212121212121","0.34925424391855575","0.4766547531564929","0.6527941751923717","0.701738915704319","0.5831850178988924","1.0","0.8832162807399176","1.0","0.2547120800721753","1.0","1.0","1.0","1.0","0.5084204077347475"
"a2","0.3566666666666667","0.6293843469121867","0.7212121212121211","0.23924766776644354","0.2915620865081641","0.5162603814201739","0.5620799142418722","0.4641128945963092","0.5","0.6953155025784209","0.5","0.24029424788770143","0.5334404958457205","0.8364682300849816","1.0","0.483034360285467","0.522229187131146"
"a4","0.37166666666666665","0.6392692208200701","0.7542857142857142","0.36995776138413794","0.3216888501996472","0.6073307861945663","0.5136844421023727","0.5244584771194528","1.0","0.8832162807399176","1.0","0.2674984965294168","1.0","1.0","1.0","1.0","0.4225846668121917"
