"Similarity Measures","noun_path","noun_lch","noun_wup","noun_res","noun_jcn","noun_lin","noun_lesk","noun_vector","verb_path","verb_lch","verb_wup","verb_res","verb_jcn","verb_lin","verb_lesk","verb_vector","word2vec"
"Antecedent","0.2922619047619047","0.5556718379046346","0.6333333333333333","0.21655949005827477","0.25185012110318056","0.48541260610347003","0.4527458428513711","0.3633547941904392","0.6666666666666666","0.7343084371187691","0.7678571428571428","0.23508029576136277","0.56393222153133","0.7346388374900673","0.7409634407989673","0.6172109083100015","0.44455672523019135"
"a3","0.17255892255892258","0.49130677833174446","0.6127289377289378","0.16484569536440186","0.10752651301376653","0.38464038674987994","0.4673650577514956","0.30846851426916916","0.41666666666666663","0.6403580480380207","0.7250000000000001","0.2652175840467768","0.5790088486388892","0.7720369909782484","0.8732057416267942","0.6971941133111706","0.42353383131755007"
"a2","0.1615079365079365","0.4686860669949426","0.5972994325935502","0.16484569536440186","0.09835249050419287","0.3696261039121825","0.3516500361921753","0.2362578477808671","0.41666666666666663","0.6403580480380207","0.7363636363636364","0.2652175840467768","0.588683325034837","0.7811819101441049","0.8732057416267942","0.6971941133111706","0.41687810969587785"
"a4","0.13333333333333333","0.4282191055397924","0.538590508667235","0.13782856833808152","0.10086149045467074","0.3425725165100224","0.34600520306326793","0.1583753115512789","0.49999999999999994","0.6598545153081947","0.6607142857142856","0.1649107272512867","0.37339638398979674","0.5481581981746784","0.7521016081871346","0.6218814380205115","0.33564845792477765"
