"Similarity Measures","noun_path","noun_lch","noun_wup","noun_res","noun_jcn","noun_lin","noun_lesk","noun_vector","verb_path","verb_lch","verb_wup","verb_res","verb_jcn","verb_lin","verb_lesk","verb_vector","word2vec"
"Antecedent","0.3444444444444444","0.6787534764217882","0.7752525252525252","0.21625079264002067","0.4192243710459526","0.6203181877584671","0.5280436738134193","0.419045853217628","0.2458333333333333","0.49666592191640646","0.39166666666666666","0.11682106946994067","0.12556277988702208","0.34643243080287234","0.34349541274172574","0.3797848029172445","0.4702255684035742"
"a3","0.13888888888888887","0.4483826187202536","0.5900584795321637","0.1728527071600117","0.12814810864929355","0.4223110897240255","0.23203506914386232","0.23756783692737468","0.4125","0.5711198437269808","0.5916666666666667","0.1010575287797705","0.34775817613545884","0.4048668565219035","0.3885838844934828","0.4985571629693378","0.3128430786532214"
"a2","0.5555555555555556","0.7615505823227483","0.8696969696969696","0.3860314918651791","0.7147653898791003","0.8665032097100709","0.7571560846560846","0.7607442353811167","0.19583333333333333","0.4373346349911781","0.32619047619047614","0.07016328488173927","0.09161036223295105","0.18597540894990816","0.29259946826821753","0.22562075595821607","0.35688087520502026"
"a4","0.1263227513227513","0.423810369044773","0.5155228758169934","0.10142918700171162","0.08668888844408651","0.2474045486419311","0.25294287326711135","0.1771017266328596","0.2875","0.5241446491866065","0.5555555555555556","0.09787167292401722","0.1403379957824291","0.28500393788263834","0.5893833104575444","0.528754535660721","0.32554614806901094"
