"Similarity Measures","noun_path","noun_lch","noun_wup","noun_res","noun_jcn","noun_lin","noun_lesk","noun_vector","verb_path","verb_lch","verb_wup","verb_res","verb_jcn","verb_lin","verb_lesk","verb_vector","word2vec"
"a1","0.225","0.5800428374174932","0.76890756302521","0.27032679614776917","0.16454653021537746","0.625127025054784","0.344897331217207","0.3482627865194605","0.5","0.66694671276224","0.6666666666666666","0.16161490831548248","0.37512686532484496","0.557141347469605","0.6250721016977278","0.5089903902418073","0.3998832028822071"
"a3","0.2222222222222222","0.5393661326477328","0.6944444444444444","0.1667913668803685","0.1423756977999798","0.4752594269906456","0.650862011471255","0.32647605507142197","0.4666666666666667","0.64496373094608","0.6733333333333333","0.18547701137781628","0.42386945080373806","0.6079378549091714","0.5209813797313798","0.5580046992635616","0.308302329729027"
"a2","0.20833333333333331","0.5553306526477848","0.6666666666666666","0.22310201651466582","0.19897423870936976","0.5901611080566146","0.40044043374925753","0.318639420221705","0.6666666666666666","0.7484928320268596","0.8617543859649123","0.2614025245048152","0.7319642722162609","0.9051553570195399","1.0","0.736590918808733","0.40342805622300537"
"Antecedent","1.0","0.9860896635111784","1.0","0.39305522397575654","1.0","1.0","1.0","1.0","1.0","0.8832162807399178","1.0","0.3270385330993477","1.0","1.0","1.0","0.9999999999999989","1.0"
