Similarity Measures,noun_path,noun_lch,noun_wup,noun_res,noun_jcn,noun_lin,noun_lesk,noun_vector,verb_path,verb_lch,verb_wup,verb_res,verb_jcn,verb_lin,verb_lesk,verb_vector,word2vec,Average
Antecedent,0.4125,0.6739932264982416,0.7827380952380952,0.2702925403616076,0.34914197948256787,0.647964469088511,0.6226902111046848,0.5534425336255273,0.8333333333333334,0.8205826880194187,0.8888888888888888,0.1824458000358352,0.7676785104837371,0.8691772158730813,1.0,0.917859612323463,0.5685938034206414,0.65654840633986089
a3,0.19821428571428573,0.5421171828907085,0.6901515151515152,0.20013033476336556,0.11115691315719475,0.46311465597411383,0.4160507533596498,0.18279203164366575,0.8333333333333334,0.8205826880194187,0.8888888888888888,0.1824458000358352,0.7676785104837371,0.8691772158730813,1.0,0.917859612323463,0.40175203635034207,0.55796739752721169
a2,0.4125,0.6739932264982416,0.7756410256410257,0.265519268895581,0.35139223067415265,0.6560807400426535,0.5971258512302625,0.48758584644348774,0.8333333333333334,0.8205826880194187,0.8888888888888888,0.1824458000358352,0.7676785104837371,0.8691772158730813,1.0,0.993048663319081,0.49391672585996427,0.65111235383757315
a4,0.0,0.0,0.0,0.0,0.0,0.0,0.0,0.0,0.8333333333333334,0.8205826880194187,0.8888888888888888,0.1824458000358352,0.7676785104837371,0.8691772158730813,1.0,0.9233410499452631,0.4175303543851356,0.39429281417439371
