Similarity Measures,noun_path,noun_lch,noun_wup,noun_res,noun_jcn,noun_lin,noun_lesk,noun_vector,verb_path,verb_lch,verb_wup,verb_res,verb_jcn,verb_lin,verb_lesk,verb_vector,word2vec,Average
Antecedent,0.12494912494912495,0.38940422713041817,0.38768225238813475,0.07138151230961719,0.09809995049997237,0.19035048054993975,0.22636828131508777,0.22840773067729309,0.41666666666666663,0.6403580480380207,0.5833333333333333,0.1673417411864257,0.3653227426279242,0.6913674071842443,0.7326388888888891,0.4558781525439085,0.28061544504337343,0.35589211678425731
a3,0.08998563165229832,0.32789742905262603,0.30922175137861413,0.05521272904666878,0.06287805652438586,0.11560846054335149,0.19611011459642214,0.18829603653238958,0.3333333333333333,0.5854005934976205,0.5576923076923077,0.2116021679608517,0.15414553868124098,0.5482659660036995,0.35924723424723404,0.351378175327839,0.39299246035166674,0.28466282273073817
a2,0.0,0.0,0.0,0.0,0.0,0.0,0.0,0.0,0.3333333333333333,0.5854005934976205,0.5,0.144981456763914,0.20485412762281796,0.5322092877200304,0.5577010291296005,0.275741970530552,0.24610209061069518,0.19884258171815081
a4,0.29409171075837737,0.578146168617764,0.6967604195674372,0.236194102391203,0.2662774484465925,0.5598647620343993,0.4313939658050884,0.3671500156304369,0.75,0.7892658916591693,0.9285714285714286,0.29056330663426944,0.676051485992111,0.8980457720958948,1.0,0.6837133259428915,0.46715244410076684,0.58313189695575474
