"Similarity Measures","noun_path","noun_lch","noun_wup","noun_res","noun_jcn","noun_lin","noun_lesk","noun_vector","verb_path","verb_lch","verb_wup","verb_res","verb_jcn","verb_lin","verb_lesk","verb_vector","word2vec"
"Antecedent","0.31011904761904757","0.6075221151936","0.7395112214926456","0.24032041628537568","0.23505737572430602","0.5511721603615751","0.5280206446336824","0.3515051736393007","0.6428571428571427","0.7287380178987194","0.7482993197278912","0.16962029156031028","0.5171776333926623","0.6487685884130696","0.6035630723034717","0.6193911360459463","0.3714755231009863"
"a3","0.2842857142857143","0.628061725963681","0.7647268907563024","0.2656940188908963","0.2707190498317513","0.6418587545613567","0.5393989028557726","0.3560551561445348","0.6428571428571427","0.7287380178987194","0.761904761904762","0.20105277476728922","0.5587706620921993","0.7277501257098625","0.6048621418264276","0.6457789305186216","0.3282880080693784"
"a2","0.2569047619047619","0.5863027994287477","0.7323520339309815","0.23106152993646942","0.17755476487633046","0.5324342034948775","0.4145826823547581","0.41290508693419953","0.6428571428571427","0.7287380178987194","0.7738095238095238","0.2009877448518619","0.5289344231094527","0.7324953414154052","0.7893939690195451","0.655990703615377","0.3622518068852745"
