"Similarity Measures","noun_path","noun_lch","noun_wup","noun_res","noun_jcn","noun_lin","noun_lesk","noun_vector","verb_path","verb_lch","verb_wup","verb_res","verb_jcn","verb_lin","verb_lesk","verb_vector","word2vec"
"Antecedent","0.5333333333333334","0.7386257479012223","0.8510216718266254","0.2920140170436091","0.47973715851552284","0.6706864287800751","0.5851049461550335","0.6048097186498873","0.18333333333333335","0.42221200010583215","0.30952380952380953","0.1705406542153321","0.10525571759939349","0.4158291577160326","0.192122711792252","0.2291369658417595","0.42768882625475474"
"a3","0.16675324675324674","0.47542365266309294","0.544726867335563","0.20024332122481442","0.10388923137758695","0.33006755015716244","0.1758527519630856","0.2272803840107212","0.18333333333333335","0.42221200010583215","0.4","0.20429869952460447","0.10160546151159784","0.4389474847624593","0.2040854826651715","0.3887799814800585","0.4014074867197209"
"a2","0.33166666666666667","0.5918041912798874","0.6805704099821747","0.21653653315611296","0.3002008859524839","0.5029798342669899","0.404009142843554","0.41764509182146803","0.29166666666666663","0.5464076589572724","0.45","0.1705406542153321","0.10084413633968672","0.40625736354334796","0.4248143363435405","0.3116087182198135","0.46828509290173526"
"a4","0.2811111111111111","0.48827509019910786","0.5323809523809524","0.1760147246794434","0.2624874768928981","0.40696105059246046","0.3700086636133434","0.40351443567686374","0.625","0.6953155025784209","0.7222222222222222","0.27275045390093267","0.5805958194831732","0.7839326160102758","0.673774678604224","0.6758128588540705","0.5168892618027876"
