Similarity Measures,noun_path,noun_lch,noun_wup,noun_res,noun_jcn,noun_lin,noun_lesk,noun_vector,verb_path,verb_lch,verb_wup,verb_res,verb_jcn,verb_lin,verb_lesk,verb_vector,word2vec,Average
Antecedent,0.2232142857142857,0.5643801926613743,0.6636500754147814,0.17218385771353617,0.12621292911354576,0.44738527090112523,0.44228084080725005,0.3969103145261882,0.611111111111111,0.7213107922719865,0.7380952380952381,0.23512514080110294,0.7724935891710492,0.8595927483744897,0.8217592592592594,0.7093461689034166,0.3385513543687869,0.52021195112991336
a3,0.0,0.0,0.0,0.0,0.0,0.0,0.0,0.0,0.0,0.0,0.0,0.0,0.0,0.0,0.0,0.0,0.07825005945616369,0.0046029446738919816
a2,0.09415584415584416,0.33400367032322253,0.33402777777777776,0.056929179433895465,0.0628617902026684,0.12196580041765831,0.25999208667040424,0.15944771458403162,0.0,0.0,0.0,0.0,0.0,0.0,0.0,0.0,0.07587428765122647,0.08819165595392521
