Similarity Measures,noun_path,noun_lch,noun_wup,noun_res,noun_jcn,noun_lin,noun_lesk,noun_vector,verb_path,verb_lch,verb_wup,verb_res,verb_jcn,verb_lin,verb_lesk,verb_vector,word2vec,Average
Antecedent,0.3874458874458874,0.5309447149344907,0.51010101010101,0.15162629650359957,0.37856926305607724,0.3898240147312096,0.5703256888039496,0.459254669827802,0.25,0.5074147244169241,0.5714285714285714,0.16771115962443803,1.0,0.8904373757406564,0.208436639118457,0.522818442025755,0.27136540017991795,0.45692375634933796
a3,0.425925925925926,0.6256403835483825,0.6818181818181818,0.2207484461162252,0.3807595562075972,0.4771956575592872,0.5002827143492107,0.420852245113517,0.25,0.5074147244169241,0.5714285714285714,0.16771115962443803,1.0,0.8904373757406564,0.242255434782609,0.522818442025755,0.3781109919700391,0.48608234180160714
a2,0.08372183372183373,0.3131021170837964,0.3544973544973544,0.06411502604685909,0.060544441411225024,0.1277140465051138,0.1146079286129454,0.08461252598248287,0.3333333333333333,0.5854005934976205,0.8,0.16771115962443803,0.3048563782530339,0.6710755223647352,1.0,0.352714419926738,0.2732101954871615,0.33477746331462771
a4,0.41798941798941797,0.6117111472062697,0.6666666666666666,0.23455366837223957,0.39613737342676497,0.5507228224999285,0.5146261037635287,0.4643310310860436,0.3333333333333333,0.5854005934976205,0.75,0.16771115962443803,1.0,0.8904373757406564,1.0,0.522818442025755,0.40555699259835015,0.55952918399005958
