"Similarity Measures","noun_path","noun_lch","noun_wup","noun_res","noun_jcn","noun_lin","noun_lesk","noun_vector","verb_path","verb_lch","verb_wup","verb_res","verb_jcn","verb_lin","verb_lesk","verb_vector","word2vec"
"Antecedent","0.49206349206349204","0.7109830429537021","0.8194444444444445","0.28825987024111094","0.4554399109141147","0.6892865343349696","0.5917834020198566","0.5082327342345957","0.5555555555555555","0.684672489245053","0.7962962962962963","0.273244715847753","0.6033983859644567","0.8867436443395441","0.7745588883661337","0.6191347514319303","0.4478867544110599"
"a3","0.0","0.0","0.0","0.0","0.0","0.0","0.0","0.0","0.0","0.0","0.0","0.0","0.0","0.0","0.0","0.0","0.2577317073412216"
"a2","0.25","0.599645093854817","0.7554961378490791","0.3142676982883819","0.20214951434678033","0.6889162147615121","0.36781098200869566","0.5039293015994036","0.7777777777777778","0.7839443849924853","0.8333333333333334","0.2722398166507307","0.7120245163483299","0.8450411105615117","0.826388888888889","0.8198702228998586","0.5175539162777427"
