"Similarity Measures","noun_path","noun_lch","noun_wup","noun_res","noun_jcn","noun_lin","noun_lesk","noun_vector","verb_path","verb_lch","verb_wup","verb_res","verb_jcn","verb_lin","verb_lesk","verb_vector","word2vec"
"Antecedent","0.24999999999999997","0.599645093854817","0.7781162464985995","0.256825959378846","0.20159008444353832","0.613328112830665","0.7440980035176464","0.4047432637150985","0.5","0.6403580480380207","0.7157738095238095","0.1888189977967767","0.43559490566261744","0.7113876836554813","0.821279761904762","0.6622238992812767","0.44634432706889876"
"a3","0.13287638287638284","0.43377462079164203","0.41459651459651464","0.10424471983509669","0.09632288608803796","0.24214198662120875","0.4633502797936773","0.26247326227397233","0.5","0.6403580480380207","0.6979166666666666","0.1306922440752737","0.42945644490069174","0.5663268472453412","0.6275297619047621","0.5927179484667835","0.34920144234191675"
"a2","0.23611111111111108","0.5813259423413503","0.7369794807875304","0.18721584545249112","0.11626543465377041","0.4320214446166459","0.7251030412164865","0.2917454743556605","0.5","0.6403580480380207","0.6979166666666666","0.18761483385945465","0.43340598544629994","0.7077624367482315","0.821279761904762","0.5927179484667835","0.4311268355584515"
"a4","0.15158730158730158","0.4637245669087739","0.6039002557544758","0.20509609812318388","0.09818961615981216","0.42625567792848246","0.4166846670198409","0.24628333098335045","0.5416666666666666","0.6873332425783949","0.75","0.16746906405029396","0.4368768237224442","0.6625706070969293","0.8263888888888891","0.6256739247063835","0.3599226828384484"
