Similarity Measures,noun_path,noun_lch,noun_wup,noun_res,noun_jcn,noun_lin,noun_lesk,noun_vector,verb_path,verb_lch,verb_wup,verb_res,verb_jcn,verb_lin,verb_lesk,verb_vector,word2vec,Average
Antecedent,0.3,0.6325946735477616,0.7555555555555555,0.1835578027063208,0.1679484456573969,0.48018270965398663,0.5146687971964617,0.3495470938743203,0.5733333333333334,0.6768315866701233,0.6666666666666666,0.1977678094047797,0.4767379244415199,0.6542144436005921,0.705124166508095,0.6522707869864186,0.4978413182223595,0.49910841847209952
a3,0.3333333333333333,0.6882739762688813,0.832010582010582,0.3228321881124383,0.4224333264094853,0.7908884722351099,0.7728505291005291,0.39455374621412004,0.5733333333333334,0.6768315866701233,0.8573684210526317,0.26001877697021347,0.5871397040925963,0.8269361950323717,0.9134081196581196,0.8561527771606748,0.36400212168121127,0.61602159937269152
a2,0.31666666666666665,0.6527581867282227,0.7799145299145299,0.24430644609711602,0.4605689429184279,0.7364706342823811,0.5216593492304636,0.42540322793692037,0.5833333333333333,0.6889296945784,0.7616541353383458,0.2589936045825843,0.5161662918844122,0.7721460261778377,0.700389566617245,0.6539346168133152,0.5317609759830654,0.56500330759313322
a4,0.31666666666666665,0.6527581867282227,0.7723387723387724,0.1845999760120721,0.12448488692472966,0.464087151969306,0.486008986753017,0.415353672036042,0.30666666666666664,0.5577053117732046,0.48666666666666664,0.16672034534785468,0.28864756464096736,0.4743553744148703,0.6796695019314182,0.4945992503847426,0.334559114890433,0.42387577036150892
