Similarity Measures,noun_path,noun_lch,noun_wup,noun_res,noun_jcn,noun_lin,noun_lesk,noun_vector,verb_path,verb_lch,verb_wup,verb_res,verb_jcn,verb_lin,verb_lesk,verb_vector,word2vec,Average
a1,0.20527777777777775,0.5180566589233375,0.570178840767076,0.16367879960759324,0.19296821824875457,0.39433446406706785,0.3456398813734249,0.18764205608029333,0.38958333333333334,0.6133002633251737,0.6430727554179566,0.18507763592920096,0.2637371793659284,0.5881079113601199,0.7692096020703099,0.5842523515295469,0.3340009483279441,0.40871286338263751
a3,0.13683982683982682,0.4265062891565699,0.4712821492233257,0.12046717800848972,0.08790504442702132,0.280063633430123,0.24981130863515139,0.14280580041053195,0.5041666666666667,0.6562843278655349,0.6638888888888889,0.1502695236775598,0.4235304438586064,0.5753358064617593,0.640143265285629,0.6412036880659518,0.3447730905606253,0.38325158420366245
a2,0.12548913504795856,0.40197347267094913,0.4085948554369607,0.09138509634757366,0.06417688196031615,0.13627621645827576,0.16942367908492567,0.08637230559205489,0.5041666666666667,0.6562843278655349,0.7224553224553225,0.18845381089759702,0.5363033456908141,0.6478496707200967,0.5886274028498746,0.5976783564422522,0.2527174827487891,0.36342517817270364
Antecedent,0.24222582972582973,0.5199771891663985,0.6163570691434469,0.18532140878205544,0.18687409909002597,0.34614701408455256,0.34727815194874034,0.2197626460161593,0.43125,0.6230484969602608,0.6675595238095238,0.15715055950940524,0.49020088071508544,0.6433149645703146,0.6771338030877505,0.5780583467881059,0.35006280731722844,0.42833663474793437
