"Similarity Measures","noun_path","noun_lch","noun_wup","noun_res","noun_jcn","noun_lin","noun_lesk","noun_vector","verb_path","verb_lch","verb_wup","verb_res","verb_jcn","verb_lin","verb_lesk","verb_vector","word2vec"
"Antecedent","0.6","0.7679436155789899","0.8529411764705883","0.338034558711686","0.5706114078073399","0.7921136352977842","0.6848214285714285","0.652881625782704","1.0","0.8832162807399176","1.0","0.20966239480826138","1.0","1.0","1.0","1.0","0.5982073939117961"
"a3","0.6","0.7679436155789899","0.8529411764705883","0.338034558711686","0.5706114078073399","0.7921136352977842","0.6848214285714285","0.652881625782704","1.0","0.8832162807399176","1.0","0.20966239480826138","1.0","1.0","1.0","1.0","0.7290955175269584"
"a2","0.16666666666666666","0.5003731981073846","0.6458333333333333","0.13720224295488045","0.10475397938867323","0.35191646399297566","0.3182178393745555","0.315577975928542","1.0","0.8832162807399176","1.0","0.20966239480826138","1.0","1.0","1.0","1.0","0.45792352100136025"
"a4","0.14583333333333331","0.4613802635670364","0.4602272727272727","0.13129684456587165","0.08565684410486259","0.29128644576129825","0.223065476190476","0.142898285296229","1.0","0.8832162807399176","1.0","0.20966239480826138","1.0","1.0","1.0","1.0","0.43234687569733926"
