"Similarity Measures","noun_path","noun_lch","noun_wup","noun_res","noun_jcn","noun_lin","noun_lesk","noun_vector","verb_path","verb_lch","verb_wup","verb_res","verb_jcn","verb_lin","verb_lesk","verb_vector","word2vec"
"Antecedent","0.20939153439153438","0.5378600189691045","0.7102787161139563","0.23553047182112222","0.15021955209787277","0.5410911097943463","0.47745521289236187","0.3564178326809417","0.3125","0.5659041262274465","0.5","0.13527539102024422","0.1465746062468053","0.38002838254313537","0.34391601386048076","0.3321291756533598","0.34335431988754794"
"a3","0.21216931216931217","0.5575083087646079","0.7075702075702075","0.22261438040325576","0.1538480024578891","0.5594864271510659","0.41757296672375","0.2956905729959588","0.3125","0.5659041262274465","0.6333333333333333","0.22743172049182864","0.18796436390644766","0.6072769428787204","0.6476418508696469","0.597376933079526","0.3195115685695816"
"a2","0.1653038319704986","0.47637766413102756","0.5467365967365967","0.10558316615272173","0.08884016904410687","0.23071283451510605","0.38126690591999673","0.21790906556565018","0.3125","0.5659041262274465","0.5916666666666667","0.17437707570031524","0.18251845937270011","0.5451019860022482","0.41043695887445897","0.5178283704362183","0.36045272254153865"
"a4","0.33068783068783064","0.6316403181010461","0.7760158944369471","0.26386100767246606","0.2533559690699681","0.6090570642327385","0.6679749352417554","0.41479605042892365","0.5416666666666666","0.6873332425783949","0.7678571428571428","0.28189328741833986","0.5513650544120352","0.7679092070860126","0.6738691863691862","0.6889039585905038","0.45933144975853074"
