Similarity Measures,noun_path,noun_lch,noun_wup,noun_res,noun_jcn,noun_lin,noun_lesk,noun_vector,verb_path,verb_lch,verb_wup,verb_res,verb_jcn,verb_lin,verb_lesk,verb_vector,word2vec,Average
Antecedent,0.1398589065255732,0.4495587689035434,0.590958605664488,0.11902502216917579,0.0837932234792788,0.2555546639356685,0.43277554120837713,0.18046035132274105,0.45,0.6293665571299407,0.58,0.08131627323870191,0.3390189810460413,0.3533255980889499,0.4256221556221556,0.4367067581753289,0.3029966387735876,0.34413753207550307
a3,0.22967772967772968,0.5514640289141812,0.7225910364145658,0.16497265465660835,0.19349423562502904,0.4041313860057399,0.3446016862158377,0.1589172057405991,0.45,0.6293665571299407,0.58,0.15628414398668924,0.3390189810460413,0.5039244741956147,0.44745712312378966,0.4802352841488112,0.4103997318057329,0.39803154462864182
a2,0.10497557997557998,0.3648785162685259,0.31378281161562893,0.03898611536296428,0.059207437077212405,0.07669891109276636,0.07029972877828569,0.16194971520031498,0.45,0.6293665571299407,0.58,0.18213955324535416,0.361843144184074,0.5948364608416286,0.5831979131979133,0.5790869357921739,0.2974899637426008,0.32051407902970375
a4,0.20304232804232802,0.5319873657437374,0.7031746031746031,0.1663979022990549,0.1542240957606751,0.4577337039316286,0.40865038052398717,0.3083752022252334,0.45,0.6293665571299407,0.58,0.15628414398668924,0.35187408225581357,0.5497466497579875,0.4256221556221556,0.4432938969985578,0.41446608762041165,0.40789642088663552
