"Similarity Measures","noun_path","noun_lch","noun_wup","noun_res","noun_jcn","noun_lin","noun_lesk","noun_vector","verb_path","verb_lch","verb_wup","verb_res","verb_jcn","verb_lin","verb_lesk","verb_vector","word2vec"
"a1","0.12044252044252046","0.4063053041832747","0.47333477925583184","0.11269254190864202","0.07193538985896265","0.23592264055941312","0.198662768140244","0.09713260232554283","0.611111111111111","0.7213107922719862","0.7222222222222222","0.20992564102827774","0.5150794486920368","0.7292610206361537","0.7567663817663816","0.7771371462521998","0.3386539937626808"
"a3","0.26310726310726307","0.49430641190755725","0.5859788359788359","0.20400490278259523","0.23455824889468946","0.4410010402135456","0.46757090519806965","0.3061653715837692","0.3611111111111111","0.5960436068309886","0.5499999999999999","0.18358484314040305","0.42014271203121606","0.6173593672745801","0.6194782480893594","0.4309197066158436","0.44969873490927"
"a2","0.16527777777777777","0.48900833659329696","0.6197012138188608","0.18311153390912507","0.1217353265592042","0.4183412189326132","0.320083737948468","0.23048657700948053","0.6666666666666666","0.7579490952989199","0.7666666666666666","0.2272325382487772","0.5659776490195163","0.831720687533165","0.8710016835016834","0.7196958932641163","0.3832685807624349"
"Antecedent","0.44047619047619047","0.7049500162779756","0.8570393374741201","0.3442056854512121","0.32145805072533606","0.6739444144474969","0.7402379311380631","0.4542089844520072","0.4444444444444444","0.6586771995514874","0.7251461988304094","0.27095076220979525","0.3358591316165524","0.7434995902406882","0.8710016835016834","0.6180713168231297","0.47846537752474966"
