"Similarity Measures","noun_path","noun_lch","noun_wup","noun_res","noun_jcn","noun_lin","noun_lesk","noun_vector","verb_path","verb_lch","verb_wup","verb_res","verb_jcn","verb_lin","verb_lesk","verb_vector","word2vec"
"a1","0.4375","0.6962562362689073","0.7806372549019608","0.18977584795093233","0.327562889745845","0.4933163491936542","0.6388911157266107","0.47039023246567474","0.3055555555555555","0.5594053038040551","0.4666666666666666","0.1581237890520264","0.22572716785131386","0.5283300324660071","0.33950926718783864","0.36993900791006035","0.49139522243982764"
"a3","0.17599206349206348","0.5022823632356542","0.6059981684981685","0.2003200167208869","0.14836073661892307","0.46838304819206555","0.3506153189339917","0.2848890878857102","0.3055555555555555","0.5594053038040551","0.4666666666666666","0.1581237890520264","0.22572716785131386","0.5283300324660071","0.26445542747013334","0.3711860939505273","0.26325881744266816"
"Antecedent","0.8333333333333334","0.9116357417006042","0.9375","0.33714667899528306","0.7743521060508584","0.839358391474316","1.0","0.8351447460319582","0.5277777777777778","0.6586771995514874","0.7000000000000001","0.1993465041598427","0.40825442110205734","0.591105488737646","0.550274595306845","0.4792428842525536","0.7238048252797598"
"a4","0.625","0.7981888853496817","0.8687782805429864","0.29811093695627255","0.5784107679963287","0.753223351303687","0.7290871570243155","0.660687680622003","0.5277777777777778","0.6586771995514874","0.7777777777777777","0.24484240118058045","0.4730475612330605","0.7217133604486731","0.7377164253015648","0.7414702913733633","0.44283085157041757"
