Similarity Measures,noun_path,noun_lch,noun_wup,noun_res,noun_jcn,noun_lin,noun_lesk,noun_vector,verb_path,verb_lch,verb_wup,verb_res,verb_jcn,verb_lin,verb_lesk,verb_vector,word2vec,Average
Antecedent,0.18075396825396828,0.5152048764494844,0.6180817462551209,0.19374746323818307,0.11812303058212588,0.42522985221054554,0.36904093830125156,0.3564322450093145,0.5333333333333333,0.6889296945784001,0.7417543859649123,0.19705764584987545,0.4108622932994999,0.7104800643913355,0.8544249512670566,0.599814428620425,0.4876008144089296,0.47063951364786832
a3,0.22777777777777775,0.5765656924178036,0.7495370993553792,0.26405114728291235,0.14600237465963037,0.5841616506628191,0.5446319483313719,0.3781970427662102,0.5,0.66694671276224,0.7,0.213430759182565,0.37481072182452585,0.6472122303282453,0.8465932423651722,0.595208402585967,0.4450233062339999,0.49765588873744826
a2,0.1560185185185185,0.4772937966703712,0.6171679197994987,0.14875528741924124,0.07692246812010677,0.3062022784714641,0.21445678638979884,0.17076727763444519,0.4666666666666667,0.64496373094608,0.7784210526315789,0.2603161401486684,0.5369619073790093,0.8067946100473581,0.6292760169724454,0.6151882077876827,0.2818398387917275,0.42282426496439185
