"Similarity Measures","noun_path","noun_lch","noun_wup","noun_res","noun_jcn","noun_lin","noun_lesk","noun_vector","verb_path","verb_lch","verb_wup","verb_res","verb_jcn","verb_lin","verb_lesk","verb_vector","word2vec"
"Antecedent","0.14993386243386242","0.4651031328281033","0.5020386476268829","0.09990132647355382","0.0840707518708018","0.22190773398440436","0.27451275712090056","0.20380182576070197","0.34375","0.5893917234976336","0.5083333333333333","0.0995836100336371","0.11015224465512541","0.277497318367886","0.708721916473142","0.5530019227997067","0.309101835226365"
"a3","0.19639550264550262","0.5284883137536746","0.5942755830913726","0.12480873908796576","0.0940916846717846","0.298326630598622","0.3136667144569194","0.32914136369529395","0.4","0.6053180033251478","0.5729166666666667","0.20635178616627753","0.33662269164358055","0.6288557881802938","0.6934109871609871","0.528855324209657","0.44826250905697834"
"a2","0.13792781292781292","0.4195727140720574","0.358796247612037","0.04187763177565774","0.06756453159599211","0.08561823149161428","0.2855690310188324","0.17516311318045152","0.48333333333333334","0.642544964230435","0.5803571428571428","0.2170283742264282","0.42604107704434957","0.6931684420761488","0.7126850491033183","0.5734805823305784","0.3002525577650666"
"a4","0.2920965608465608","0.5944190481836055","0.7004448166212872","0.23500864296508053","0.282176173960814","0.5410630359960064","0.42844164200263163","0.3568661929463541","0.6041666666666667","0.710820839848582","0.7458333333333333","0.28513042056109966","0.5705149708601619","0.8199821012521538","1.0","0.9128217128497886","0.562334876925123"
