"Similarity Measures","noun_path","noun_lch","noun_wup","noun_res","noun_jcn","noun_lin","noun_lesk","noun_vector","verb_path","verb_lch","verb_wup","verb_res","verb_jcn","verb_lin","verb_lesk","verb_vector","word2vec"
"a1","0.32962962962962966","0.6389416734458236","0.736904761904762","0.19850939609867008","0.22923734668552387","0.49180916927245494","0.5041789509141859","0.3190793104934096","0.3958333333333333","0.6208615807678467","0.6770258980785296","0.22303013657387155","0.5070187942175334","0.7231936221332893","0.6539798548838727","0.487738878260493","0.4805729928522499"
"a3","0.16706349206349205","0.4903658040384862","0.6031319385808549","0.16655370132752115","0.11532323598706926","0.3894131334237197","0.2514338174249542","0.18942330046697334","0.21666666666666665","0.46481336226137815","0.3797619047619048","0.08529962373153413","0.09165896619462856","0.18645907297130443","0.4281851938989819","0.27105577216959065","0.29095347105092845"
"a2","0.2805555555555556","0.6177236293080438","0.7214365881032548","0.19804667994891173","0.18015875561074407","0.539674729942529","0.5506222627109243","0.3174836845333498","0.33125","0.5685119849772136","0.5830774853801169","0.20635657624679546","0.31007183632352925","0.5882320359165095","0.5506350218866052","0.5008194751168132","0.31120455072757197"
"Antecedent","1.0","0.9860896635111784","1.0","0.46582751339461825","1.0","1.0","1.0","1.0","1.0","0.8832162807399176","1.0","0.5505328137004144","1.0","1.0","1.0","1.0","1.0"
"a4","0.0","0.0","0.0","0.0","0.0","0.0","0.0","0.0","0.0","0.0","0.0","0.0","0.0","0.0","0.0","0.0","0"
