Similarity Measures,noun_path,noun_lch,noun_wup,noun_res,noun_jcn,noun_lin,noun_lesk,noun_vector,verb_path,verb_lch,verb_wup,verb_res,verb_jcn,verb_lin,verb_lesk,verb_vector,word2vec,Average
Antecedent,0.11616161616161617,0.3908309129509575,0.35592185592185593,0.07619496928160298,0.07335813962861476,0.1725638754616142,0.20425659408079966,0.152544893584685,0.5208333333333333,0.6678367753082208,0.7022727272727273,0.2660326627065844,0.4952261088997279,0.6573801732071134,0.6359424201529464,0.6401367492578305,0.38525229865913535,0.38310271210996261
a2,0.16666666666666666,0.4850209217471871,0.5867465867465868,0.15595100385017568,0.0899822043659367,0.35023260780367754,0.2448966779376137,0.143589731800419,0.5208333333333333,0.6678367753082208,0.8383838383838383,0.2826370960607475,0.6421651873189567,0.7005682833561526,0.7065986593928885,0.6436596489854413,0.44646145065469117,0.45130768668897253
