Similarity Measures,noun_path,noun_lch,noun_wup,noun_res,noun_jcn,noun_lin,noun_lesk,noun_vector,verb_path,verb_lch,verb_wup,verb_res,verb_jcn,verb_lin,verb_lesk,verb_vector,word2vec,Average
a1,0.08660714285714285,0.3143815850741575,0.29989944695827053,0.044164542330184325,0.06823721453080334,0.10841744783089421,0.12729942254109827,0.1508517473274442,0.0,0.0,0.0,0.0,0.0,0.0,0.0,0.0,0.11602614051469698,0.077404981762628944
a3,0.21180555555555555,0.5003731981073846,0.5177489177489177,0.165772917969343,0.31525874377431223,0.441308229383802,0.3456115444261995,0.2514094742156752,0.41666666666666663,0.6403580480380207,0.65,0.3032280696427587,0.4632798276378517,0.7981253231124648,0.6435881370091895,0.563974302601871,0.3481907520401897,0.44568821811354131
a2,0.0,0.0,0.0,0.0,0.0,0.0,0.0,0.0,0.3333333333333333,0.5854005934976205,0.6607142857142857,0.22420243487504338,0.17619804780307433,0.5896177095832391,0.4800543024227235,0.46407100620825703,0.36943017553293706,0.22841305229238318
a4,0.59375,0.7512136908093074,0.8098039215686275,0.34834838817122865,0.5531929308674098,0.7403911918889685,0.6196312900160066,0.639124096049833,0.3333333333333333,0.5854005934976205,0.625,0.24055041845934017,0.2684399927079383,0.6459236615191519,0.8576388888888891,0.3305457291480335,0.5972180459656173,0.56114742193478262
