Similarity Measures,noun_path,noun_lch,noun_wup,noun_res,noun_jcn,noun_lin,noun_lesk,noun_vector,verb_path,verb_lch,verb_wup,verb_res,verb_jcn,verb_lin,verb_lesk,verb_vector,word2vec,Average
Antecedent,0.2238095238095238,0.5512819227332806,0.6705867232183023,0.21841051382097088,0.2697611238175999,0.60356351127031,0.3345672054471253,0.3306068279164958,0.8333333333333334,0.8205826880194187,0.8888888888888888,0.20541458700059032,0.8060173606266199,0.9222093301482498,1.0,0.9082485042453897,0.4541817482181842,0.59067434073613434
a3,0.4916666666666667,0.7201520293722682,0.8433402346445824,0.29539442408335265,0.4502866084678667,0.7260260822512669,0.6659211103796356,0.5535862581223768,0.8333333333333334,0.8205826880194187,0.8888888888888888,0.20787449638037572,0.8060173606266199,0.9222093301482498,1.0,0.9082485042453897,0.45846492837177233,0.68188193788247431
a2,0.5333333333333333,0.7567903323992016,0.8820077934359802,0.322569105638656,0.45340353788908727,0.757500602885655,0.6566942111907195,0.6249574745991103,1.0,0.8832162807399176,1.0,0.2453777996187189,1.0,1.0,1.0,1.0,0.5262185894232984,0.74365112124433397
a4,0.0,0.0,0.0,0.0,0.0,0.0,0.0,0.0,0.3333333333333333,0.5854005934976205,0.5555555555555555,0.1731618213254533,0.1705744699509729,0.4656437948649679,0.52,0.41620756642603934,0.3289684965968855,0.20875562538534284
