"Similarity Measures","noun_path","noun_lch","noun_wup","noun_res","noun_jcn","noun_lin","noun_lesk","noun_vector","verb_path","verb_lch","verb_wup","verb_res","verb_jcn","verb_lin","verb_lesk","verb_vector","word2vec"
"Antecedent","0.0","0.0","0.0","0.0","0.0","0.0","0.0","0.0","0.2","0.4469241848755406","0.3333333333333333","0.0","0.06337407013328128","0.0","0.13052429080210856","0.1269597214593379","0.2718783822035469"
"a3","0.1388888888888889","0.44541574356698443","0.5576923076923077","0.1378256623044976","0.1288898094251325","0.32838423972376224","0.2565431137251315","0.2348146026221255","0.225","0.4771694546462324","0.3666666666666667","0.0926443414753936","0.08766652294371069","0.224356631513547","0.1696511414549715","0.1723487889340345","0.34346170988997493"
"a2","0.14545454545454545","0.4429286690097727","0.5105263157894737","0.1378256623044976","0.11103715351830853","0.3330625863325546","0.3928936998164415","0.3099000423593475","0.25","0.5074147244169241","0.4","0.0984594856926241","0.14446411796157355","0.2970454707009924","0.270943571826724","0.3444110409255625","0.33682346254840284"
"a4","0.12878787878787878","0.4182164842400643","0.5125","0.12471785119754769","0.08600302305808946","0.2991753698604921","0.199823328952793","0.112364216571747","0.25","0.5074147244169241","0.4","0.0984594856926241","0.14446411796157355","0.2970454707009924","0.270943571826724","0.3444110409255625","0.2944571570386293"
