Similarity Measures,noun_path,noun_lch,noun_wup,noun_res,noun_jcn,noun_lin,noun_lesk,noun_vector,verb_path,verb_lch,verb_wup,verb_res,verb_jcn,verb_lin,verb_lesk,verb_vector,word2vec,Average
a1,0.0,0.0,0.0,0.0,0.0,0.0,0.0,0.0,0.6,0.6650702328077291,0.6666666666666666,0.1337492482647084,0.5375236813329176,0.5,0.5736036838978015,0.5603453673900965,0.4016625470703803,0.2728600839664882
a3,0.16984126984126982,0.5029187516117442,0.5404926457558036,0.13081168773570995,0.11173626603418207,0.29523524312988775,0.32316979316979316,0.19427462186221367,0.0,0.0,0.0,0.0,0.0,0.0,0.0,0.0,0.23969232163001544,0.14753956475121291
Antecedent,0.23611111111111108,0.5736498041612514,0.6797385620915032,0.22551280229518586,0.16840631234230732,0.547153669114749,0.22573318634510142,0.25725746499685437,0.35,0.5711198437269808,0.41666666666666663,0.12014712394385071,0.3104358871914412,0.4182341150424908,0.558061002178649,0.3727246235406965,0.4382972074703372,0.3805440813070104
