Similarity Measures,noun_path,noun_lch,noun_wup,noun_res,noun_jcn,noun_lin,noun_lesk,noun_vector,verb_path,verb_lch,verb_wup,verb_res,verb_jcn,verb_lin,verb_lesk,verb_vector,word2vec,Average
Antecedent,0.125,0.4223873290266882,0.36363636363636365,0.07982905326883642,0.07568335828840099,0.17445962045991031,0.225739538239538,0.129931113752364,0.41666666666666663,0.6403580480380207,0.65,0.22528257709469707,0.5821966193783483,0.716127600304423,1.0,0.9771758232822609,0.28483187975363483,0.41701797595236195
a3,1.0,0.9860896635111784,1.0,0.4263805807938992,1.0,1.0,1.0,1.0,0.375,0.6013651134976725,0.6285714285714286,0.16896753980946236,0.5434803199285706,0.4747093127661829,0.5937441643323995,0.4490002563962565,0.3648159508404629,0.68306613708514785
a2,0.125,0.4223873290266882,0.5882352941176471,0.11689201912998942,0.0799337470613552,0.2708451620814145,0.465215419501134,0.229318542236756,0.5,0.6953155025784209,0.6666666666666666,0.16688800039822138,0.29306222769861257,0.6533622773541834,1.0,0.7525140676903285,0.29603279818910766,0.43068641492532511
a4,0.0,0.0,0.0,0.0,0.0,0.0,0.0,0.0,0.29166666666666663,0.5464076589572724,0.5333333333333333,0.13764035108685482,0.13057578805471673,0.3227147484830597,0.6182539682539685,0.407473172598165,0.24039104617461446,0.18990921962403834
