"Similarity Measures","noun_path","noun_lch","noun_wup","noun_res","noun_jcn","noun_lin","noun_lesk","noun_vector","verb_path","verb_lch","verb_wup","verb_res","verb_jcn","verb_lin","verb_lesk","verb_vector","word2vec"
"Antecedent","0.4791666666666667","0.6989169896022492","0.8187851364321953","0.4131403513388794","0.4040759210998432","0.5602115855686064","0.7002149470899471","0.5486443835470126","0.7666666666666667","0.7860729876591588","0.86","0.2515305271660814","0.7672208327519439","0.9066511961778998","0.8745679012345677","0.840161617068194","0.5477414459435012"
"a3","0.0","0.0","0.0","0.0","0.0","0.0","0.0","0.0","0.0","0.0","0.0","0.0","0.0","0.0","0.0","0.0","0.3359707422312338"
"a2","0.8666666666666667","0.9133743142004489","0.9583333333333334","0.6100508104497853","0.8583552241642532","0.9332224725544077","0.8927827380952381","0.8831767104530486","0.7666666666666667","0.7860729876591588","0.9095238095238095","0.3099952115499649","0.8836104163759719","0.9473317990506086","1.0","0.9312933566766819","0.6635459875794142"
