Similarity Measures,noun_path,noun_lch,noun_wup,noun_res,noun_jcn,noun_lin,noun_lesk,noun_vector,verb_path,verb_lch,verb_wup,verb_res,verb_jcn,verb_lin,verb_lesk,verb_vector,word2vec,Average
Antecedent,0.0,0.0,0.0,0.0,0.0,0.0,0.0,0.0,0.0,0.0,0.0,0.0,0.0,0.0,0.0,0.0,0.2578074580651101,0.015165144592065298
a3,0.12955747955747954,0.4081641794325066,0.3923280423280423,0.08804143449748608,0.07191908388892736,0.1778641603299525,0.2485953854776674,0.17150708203788653,0.6458333333333334,0.7148119698485951,0.8,0.15347312748183584,0.5846257278968175,0.6548668565219036,0.6620544169372294,0.759943467325553,0.4136060089686156,0.41630539740375477
a2,0.21203703703703702,0.5503127910317593,0.6950852161636475,0.24665084741072427,0.17419747499139437,0.5691368155129841,0.5620697574289275,0.3481570917675803,0.2375,0.4922920895315782,0.3833333333333333,0.0,0.08067995371690068,0.0,0.15537596782133875,0.22874182545767546,0.4085828822517832,0.31436194608568613
a4,0.2621693121693121,0.5973201117405723,0.7545288589406236,0.2392487892134791,0.17699383953738185,0.544443461665453,0.6110748420440005,0.40540657445481965,0.8333333333333334,0.8087623589293433,0.9423076923076923,0.25615466847998125,0.7877414919034609,0.8872535030376578,0.9065972222222223,0.8757171284867722,0.4575349487450884,0.60862283160065855
