"Similarity Measures","noun_path","noun_lch","noun_wup","noun_res","noun_jcn","noun_lin","noun_lesk","noun_vector","verb_path","verb_lch","verb_wup","verb_res","verb_jcn","verb_lin","verb_lesk","verb_vector","word2vec"
"Antecedent","0.09264346764346763","0.33559386247636896","0.29126984126984123","0.03669377355634084","0.06575101912811754","0.07950545760747837","0.19175062701848425","0.13016050657403458","0.0","0.0","0.0","0.0","0.0","0.0","0.0","0.0","0.27218433078473026"
"a3","0.13640873015873015","0.4429510763104259","0.5238970588235294","0.10493164503957014","0.08943097940326891","0.26248786107963795","0.3325390569923272","0.291285693942904","0.6666666666666666","0.7343084371187691","0.75","0.23395741349351462","0.6064347916373214","0.7604661284378312","0.67985347985348","0.686152121117981","0.4390825422427806"
"a2","0.0","0.0","0.0","0.0","0.0","0.0","0.0","0.0","0.625","0.6953155025784209","0.7","0.23395741349351462","0.5492558768719951","0.6673809119966867","0.675","0.6474404096175554","0.36986314534804704"
"a4","0.4666666666666667","0.7086123286537616","0.7947368421052631","0.24748702588830646","0.3500598153523201","0.5630575247147223","0.6703767835592007","0.43126686951529397","0.375","0.6013651134976725","0.5333333333333333","0.22500285768132156","0.3172170481662545","0.6232656367390959","0.630654761904762","0.372329020185812","0.4384189585026079"
