Similarity Measures,noun_path,noun_lch,noun_wup,noun_res,noun_jcn,noun_lin,noun_lesk,noun_vector,verb_path,verb_lch,verb_wup,verb_res,verb_jcn,verb_lin,verb_lesk,verb_vector,word2vec,Average
Antecedent,0.1875,0.5179450079917731,0.5873126873126873,0.1581667299690315,0.12548622219943983,0.4036646258560024,0.6472660565221473,0.4920246891461343,0.25,0.5074147244169241,0.5454545454545454,0.16771115962443803,0.27112268938191747,0.6288468505945309,0.333201058201058,0.410001449337737,0.3866871091293827,0.3894003297139853
a3,0.3523809523809524,0.5767362850462285,0.5697802197802198,0.15376470378416013,0.32985859118762373,0.415505799882284,0.42532476476410297,0.5159137594232834,0.2,0.4469241848755406,0.3333333333333333,0.1566058278141828,0.11988224969188378,0.4283004952437681,0.251010101010101,0.282825979748478,0.4950226536373535,0.35606881774138205
a2,0.15694444444444444,0.4657540959518646,0.5511093765569468,0.22677778187628791,0.1599212375510932,0.5215064425150109,0.6507651096360397,0.4635593181807708,0.5,0.6953155025784209,0.6666666666666666,0.29786601529333445,0.3854019485410698,0.8208181106228252,1.0,0.666335774722514,0.29929500494528016,0.50164922529897471
a4,0.175,0.5028223731064272,0.5784111721611721,0.13266131394811848,0.10166245929674834,0.33417626119572386,0.306214842191733,0.20110378646550298,0.25,0.5074147244169241,0.4,0.14032656976347854,0.1336765400009802,0.4057703028245171,0.331515700483092,0.462432142859638,0.3640307341267545,0.31336581899063587
