"Similarity Measures","noun_path","noun_lch","noun_wup","noun_res","noun_jcn","noun_lin","noun_lesk","noun_vector","verb_path","verb_lch","verb_wup","verb_res","verb_jcn","verb_lin","verb_lesk","verb_vector","word2vec"
"a1","0.13678451178451181","0.4272829040157043","0.4766917293233082","0.1223278469775917","0.08333727645314926","0.2615610729028622","0.24729540492141974","0.12833983519936865","0.75","0.7892658916591693","0.8333333333333333","0.1872261582963279","0.5910012118004605","0.7646071213046193","1.0","0.828143089052837","0.3148704758627041"
"Antecedent","0.1238095238095238","0.41833859911218396","0.49762413512413506","0.1198101302009384","0.06746497828616756","0.24096297889701465","0.2248435218939603","0.10423435944171565","0.75","0.7892658916591693","0.8666666666666666","0.22916713546328232","0.6724840922708825","0.8625876457494702","1.0","0.828143089052837","0.37823722891935924"
"a2","0.13882275132275132","0.4450454088147919","0.5681372549019608","0.13095084042773295","0.07368030711497882","0.27448121624318794","0.28459879392451487","0.15700021774983172","0.0","0.0","0.0","0.0","0.0","0.0","0.0","0.0","0.313055369663699"
"a4","0.0","0.0","0.0","0.0","0.0","0.0","0.0","0.0","0.29166666666666663","0.5464076589572724","0.5333333333333333","0.1577865223410742","0.23797841767009065","0.5094075813868294","0.3739609446402927","0.37817209289884024","0.17789898824775627"
