Similarity Measures,noun_path,noun_lch,noun_wup,noun_res,noun_jcn,noun_lin,noun_lesk,noun_vector,verb_path,verb_lch,verb_wup,verb_res,verb_jcn,verb_lin,verb_lesk,verb_vector,word2vec,Average
a1,0.1919047619047619,0.5337683859340437,0.7043550051599586,0.2228505259050937,0.147711532713077,0.5174592274124101,0.327719918332001,0.25003809434505203,0.47916666666666663,0.6403580480380207,0.6625,0.20874957608045408,0.4133346562063318,0.6999716032420489,0.7215192828426633,0.5329966856774695,0.4588034424158861,0.45371808311034939
a3,0.25,0.6039022991881642,0.7377249685299221,0.2297875500254171,0.19026379534657295,0.5632995715991803,0.33420023788904996,0.31545779250859385,0.6458333333333334,0.714811969848595,0.8095238095238095,0.26764940042795404,0.7790896345315776,0.8616822223429507,0.7937851355820105,0.6908221042885867,0.44334305901478055,0.54301040494002939
Antecedent,0.0,0.0,0.0,0.0,0.0,0.0,0.0,0.0,0.0,0.0,0.0,0.0,0.0,0.0,0.0,0.0,0.39719615456016105,0.023364479680009473
a4,0.21857142857142856,0.5678494756584805,0.7227920067548551,0.21147510896761174,0.1381399045331665,0.511625971644833,0.32569250858671583,0.264348259253392,0.2791666666666667,0.5312850240719265,0.4333333333333333,0.14353921657750895,0.21545209865560777,0.4289036288226325,0.3571515690506075,0.38287690668636176,0.40593248446590735,0.36106679954711979
