Similarity Measures,noun_path,noun_lch,noun_wup,noun_res,noun_jcn,noun_lin,noun_lesk,noun_vector,verb_path,verb_lch,verb_wup,verb_res,verb_jcn,verb_lin,verb_lesk,verb_vector,word2vec,Average
Antecedent,0.16666666666666666,0.5003731981073846,0.6458333333333333,0.22300565796610872,0.1151073070157557,0.504139193271786,0.25269607843137254,0.2020201898747295,1.0,0.8832162807399176,1.0,0.2526670019009426,1.0,1.0,1.0,0.999999999999999,0.3174186859030401,0.59194962313006083
a3,0.2,0.5497975676468014,0.6666666666666666,0.20181573699177247,0.13581514301157555,0.5184887450249891,0.32382015306122447,0.2964802385843675,1.0,0.8832162807399176,1.0,0.2674984965294168,1.0,1.0,1.0,1.0,0.3292585702419474,0.61016809402933414
a2,0.15476190476190477,0.4794793435942155,0.6458333333333333,0.12999983023693934,0.08373187619084171,0.30245262203724244,0.2766277816189915,0.16116149565968702,0.3333333333333333,0.5854005934976205,0.5,0.13605259020565066,0.12196144411304066,0.398364584944757,0.383450911228689,0.400019414470165,0.3286118319889672,0.31889664065972817
a4,0.15476190476190477,0.4794793435942155,0.6458333333333333,0.1577969259397122,0.08461016224442341,0.34339728249207924,0.21619606080418452,0.118061408293434,1.0,0.8832162807399176,1.0,0.2674984965294168,1.0,1.0,1.0,1.0,0.2922568269240901,0.56724164856804182
