Similarity Measures,noun_path,noun_lch,noun_wup,noun_res,noun_jcn,noun_lin,noun_lesk,noun_vector,verb_path,verb_lch,verb_wup,verb_res,verb_jcn,verb_lin,verb_lesk,verb_vector,word2vec,Average
Antecedent,0.41825396825396827,0.6532705795197303,0.7796027501909856,0.3115726315698905,0.3504454584607464,0.526970205624448,0.430163494479389,0.45596432662402225,0.39999999999999997,0.6293665571299407,0.6076190476190476,0.1697960731731842,0.3688539794208411,0.616385567249304,0.5987996031746032,0.5124338364958536,0.4524798605852472,0.48717517291595297
a3,0.26263815549529834,0.5103755254599829,0.6313121739924039,0.1878336716909297,0.22542315143121225,0.4130820782138138,0.3187264339519322,0.307408169808835,0.39999999999999997,0.6293665571299407,0.6133333333333333,0.19601847070872483,0.3711612891447874,0.6317494629178617,0.7122389306599832,0.5408751347657168,0.3737434203238702,0.43089917406050737
a2,0.18509070294784577,0.510105655258022,0.6544788544788546,0.1737744952647551,0.09151807289165197,0.32216001441690517,0.3378916874184929,0.26887105839871844,0.39999999999999997,0.6293665571299407,0.5933333333333334,0.16865864500606903,0.371400159060178,0.6233717883407138,0.5987996031746032,0.48599141543893437,0.3893107614047465,0.40024251788022147
a4,0.2085034013605442,0.5510698720066406,0.7187136393018746,0.2177222843394438,0.1279006217974746,0.4870026532058123,0.3661048640617358,0.3327889200366333,0.6333333333333333,0.7265098502106995,0.7666666666666666,0.25127159383999326,0.5474876875297142,0.7466853676556435,0.8543609022556389,0.7766109446602324,0.36219739180586136,0.51028999965105537
