"Similarity Measures","noun_path","noun_lch","noun_wup","noun_res","noun_jcn","noun_lin","noun_lesk","noun_vector","verb_path","verb_lch","verb_wup","verb_res","verb_jcn","verb_lin","verb_lesk","verb_vector","word2vec"
"Antecedent","0.11243386243386243","0.38717206601783954","0.3666666666666667","0.05832218278224834","0.07101304449872602","0.1370829474004617","0.14917462688225","0.150353744173539","0.3333333333333333","0.5854005934976205","0.5","0.2737123297489443","0.22282784725556626","0.7087759723680063","0.34569099378882","0.367386815793911","0.20240822816739815"
"a3","0.17777777777777778","0.5168479879538568","0.6495726495726496","0.2459560708096112","0.15516456935011444","0.5475584841133366","0.24558742325083563","0.22420660038622597","0.25","0.5074147244169241","0.4","0.0","0.07241087894893304","0.0","0.145694918108711","0.421108528548206","0.26445450679199795"
"a2","0.48333333333333334","0.7153917794487216","0.8493292053663571","0.33881130714921226","0.4760693893552273","0.7933516696545971","0.5449625191263844","0.5394697711746557","0.3333333333333333","0.5854005934976205","0.5","0.12781605200648147","0.10175532487043047","0.3416686013280356","0.458581349206349","0.429117075471697","0.4573348817100258"
"a4","0.15079365079365079","0.4725147254231592","0.6388888888888888","0.11689201912998942","0.09199776006615461","0.3002639447602105","0.283563352760459","0.19949057218200203","0.3333333333333333","0.5854005934976205","0.5","0.14710727990008113","0.1613921023132967","0.4515025727286388","0.587861182632424","0.402983218982217","0.20699386500792938"
