"Similarity Measures","noun_path","noun_lch","noun_wup","noun_res","noun_jcn","noun_lin","noun_lesk","noun_vector","verb_path","verb_lch","verb_wup","verb_res","verb_jcn","verb_lin","verb_lesk","verb_vector","word2vec"
"Antecedent","0.15476190476190477","0.4794793435942155","0.5934065934065934","0.1957773876571129","0.1015906466200123","0.4366194067389677","0.3776541193524475","0.277305021830569","0.41666666666666663","0.6403580480380207","0.5833333333333333","0.14927663235315747","0.10778003027680608","0.3892262502035707","0.632142857142857","0.5576782534137185","0.4093551927114953"
"a3","0.29166666666666663","0.6492810417285331","0.8131868131868132","0.31943028510782145","0.42621892469612377","0.7652787186922204","0.403811092848526","0.364486935408603","0.41666666666666663","0.6403580480380207","0.5833333333333333","0.14927663235315747","0.10781474726101674","0.389301112942589","0.632142857142857","0.53784524355632","0.4424305609363859"
"a2","0.29166666666666663","0.6492810417285331","0.8131868131868132","0.31943028510782145","0.42621892469612377","0.7652787186922204","0.27405714496231703","0.35759794006825896","0.41666666666666663","0.6403580480380207","0.5833333333333333","0.14927663235315747","0.10781474726101674","0.389301112942589","0.632142857142857","0.53784524355632","0.49025638197891835"
"a4","0.25","0.6102881071881849","0.7482517482517483","0.2706809139412154","0.1593007750461813","0.6180717309981212","0.236129265755889","0.448716098671609","0.41666666666666663","0.6403580480380207","0.5833333333333333","0.14927663235315747","0.10680075672979403","0.38709804073216525","0.634019075466444","0.53784524355632","0.3892812155959584"
