Similarity Measures,noun_path,noun_lch,noun_wup,noun_res,noun_jcn,noun_lin,noun_lesk,noun_vector,verb_path,verb_lch,verb_wup,verb_res,verb_jcn,verb_lin,verb_lesk,verb_vector,word2vec,Average
a1,0.6347222222222222,0.8034848985680071,0.8829351204351205,0.44092822577665264,0.6508596347617258,0.8219964106950718,0.8031863215439095,0.7214321219528133,0.5555555555555555,0.6769963510649543,0.7086080586080588,0.21340832096587847,0.5604504675824656,0.7044084114941488,0.6759460678210679,0.6012710169946073,0.5769940130371549,0.6490107775929066
a3,0.28991402116402115,0.5846230840507821,0.6806661260995627,0.2794055332283069,0.26377926366695886,0.5687219687114325,0.39827025607763034,0.4228710677245231,0.6805555555555555,0.7396299437854531,0.7853535353535354,0.26194201093933417,0.5898875300340933,0.8110487062999144,0.8760385385385385,0.7351074269110042,0.44817519052584615,0.55388175050979371
a2,0.40171957671957675,0.6513753742328992,0.7503161326690738,0.31210008070447354,0.35027206204989064,0.6216494916163365,0.4745714705740363,0.5164605201155447,0.5277777777777778,0.6586771995514874,0.6796296296296296,0.1970751659518811,0.4621592682981701,0.6882829230489654,0.5549612193362196,0.635884208547809,0.4124598435149677,0.52325717319639642
Antecedent,1.0,0.9860896635111783,1.0,0.5260676603813895,1.0,1.0,1.0,1.0,1.0,0.8832162807399176,1.0,0.3866154538981348,1.0,1.0,1.0,1.0,1.0,0.92835229756062465
