Similarity Measures,noun_path,noun_lch,noun_wup,noun_res,noun_jcn,noun_lin,noun_lesk,noun_vector,verb_path,verb_lch,verb_wup,verb_res,verb_jcn,verb_lin,verb_lesk,verb_vector,word2vec,Average
a1,0.3361111111111111,0.6243572786245254,0.7575396825396825,0.24317667716161004,0.27055919338919204,0.5198133445044556,0.5889489791956847,0.41960925323095727,0.49444444444444435,0.6519560284913337,0.684126984126984,0.169758172648855,0.444059004042212,0.530328309291392,0.6366362480414767,0.6488599156077559,0.49973624937401856,0.50117769857798189
Antecedent,0.18928571428571428,0.5294752980484471,0.6574074074074073,0.17668919254294124,0.1191859075100835,0.4096332820409483,0.5435435626934001,0.3201193440908215,0.31851851851851853,0.5613492293084232,0.5167548500881833,0.13055585280680296,0.29312070748041863,0.4076201226023287,0.6067734949781518,0.4628812862221285,0.43359697743055564,0.39273592635619264
