"Similarity Measures","noun_path","noun_lch","noun_wup","noun_res","noun_jcn","noun_lin","noun_lesk","noun_vector","verb_path","verb_lch","verb_wup","verb_res","verb_jcn","verb_lin","verb_lesk","verb_vector","word2vec"
"a1","0.09141414141414143","0.33680965993464546","0.2979090354090354","0.05026816727823335","0.058952474201182804","0.10108429494976855","0.13025336744608876","0.10617481295113113","0.29166666666666663","0.5464076589572724","0.5833333333333333","0.2221303023300052","0.34396747154462737","0.7468411215198622","0.301676332926333","0.421724694199356","0.33253337655815274"
"a3","0.09141414141414143","0.33680965993464546","0.2979090354090354","0.05026816727823335","0.058952474201182804","0.10108429494976855","0.13025336744608876","0.10617481295113113","0.3333333333333333","0.5854005934976205","0.7525252525252526","0.23944892883361318","0.3191236564421358","0.7476821232762105","0.28030753968253996","0.44049911922826746","0.28645779614361777"
"a2","0.45595238095238094","0.674905996669906","0.7748554550025138","0.28459348444012983","0.40559673922847644","0.6294552656131285","0.5615607838204751","0.5246655952792559","0.41666666666666663","0.6403580480380207","0.788888888888889","0.23944892883361318","0.28350064461302416","0.7253948692450847","1.0","0.6754555799386435","0.521376571013759"
"Antecedent","0.35343915343915344","0.6139155154537795","0.6626262626262626","0.23545117345073238","0.3131704871360057","0.4833756512028284","0.5685089399744573","0.46274942460671387","0.75","0.7892658916591693","0.8636363636363636","0.2574753383773919","0.7119790884797412","0.9188939923530388","1.0","0.9667683023061375","0.538118050010518"
