Similarity Measures,noun_path,noun_lch,noun_wup,noun_res,noun_jcn,noun_lin,noun_lesk,noun_vector,verb_path,verb_lch,verb_wup,verb_res,verb_jcn,verb_lin,verb_lesk,verb_vector,word2vec,Average
Antecedent,0.326984126984127,0.6291811692117203,0.7709518876185544,0.27418673298593355,0.2755958105918489,0.6348189457505603,0.6955966034721056,0.4589577654517062,0.3333333333333333,0.570048317137423,0.48888888888888893,0.12469751922145049,0.19685519877335603,0.3792231165362945,0.5859867945487186,0.41283837707571935,0.48993769623316463,0.44988719316558262
a3,0.20410052910052906,0.5372389579722179,0.6717056908233379,0.19808060797736468,0.12353298070242252,0.45701394812234813,0.5413426080304389,0.29288135800315107,0.21666666666666667,0.46708769805600175,0.35555555555555557,0.056846884738444035,0.0862051884864168,0.15045436305807527,0.2063305719480053,0.1648159105616087,0.431711218605673,0.30362180814166218
a2,0.3328042328042329,0.6262420115483739,0.7343434343434343,0.24929775032252557,0.32628333141907717,0.5682146203154264,0.7001872079729223,0.47333999540948174,0.3333333333333333,0.570048317137423,0.5037037037037037,0.15104222063830097,0.20069226932390363,0.429834758794097,0.490264626937347,0.41052709685880434,0.5130863853289788,0.44783795859949221
a4,0.35740740740740745,0.6633672087971125,0.8284379201045868,0.3132673799682495,0.34625496759379515,0.6788643082189878,0.6919462834650463,0.4874782418674965,0.3611111111111111,0.5960436068309886,0.5777777777777778,0.23728994383793625,0.2999569594301444,0.7122709449006313,0.5336752309209937,0.3951824554160373,0.501884684270466,0.50483626070110399
