Similarity Measures,noun_path,noun_lch,noun_wup,noun_res,noun_jcn,noun_lin,noun_lesk,noun_vector,verb_path,verb_lch,verb_wup,verb_res,verb_jcn,verb_lin,verb_lesk,verb_vector,word2vec,Average
Antecedent,0.2,0.5497975676468014,0.5833333333333333,0.11136800883008237,0.1233833396919723,0.3054577429962994,0.309755291005291,0.35219410132414,0.25,0.5074147244169241,0.4,0.0,0.08519669724187608,0.0,0.242561728395062,0.342450021870031,0.45701851659364884,0.28352535725561534
a3,0.09722222222222221,0.35146535448623606,0.3721804511278195,0.15514354414012616,0.0861171242647441,0.3321008988689793,0.2515839334523095,0.1447383210915734,0.3333333333333333,0.5854005934976205,0.7,0.19456772031082067,0.21180034431693714,0.6218466835987048,0.357597117794486,0.393500832145174,0.47281232394530964,0.33302416462331741
a2,0.10101010101010101,0.3632590296996641,0.32456140350877194,0.05485606418210518,0.09204374849376876,0.1601672085464439,0.35397170076607654,0.16718425813706655,0.3333333333333333,0.5854005934976205,0.7,0.19456772031082067,0.21180034431693714,0.6218466835987048,0.320130454340981,0.393500832145174,0.42447467237552755,0.31777106754488799
a4,0.09722222222222221,0.35146535448623606,0.3721804511278195,0.15514354414012616,0.0861171242647441,0.3321008988689793,0.2515839334523095,0.1447383210915734,0.3333333333333333,0.5854005934976205,0.75,0.19456772031082067,0.1684666659466733,0.5128570207513891,1.0,0.368329780540484,0.340357826118591,0.35552145824428955
