Similarity Measures,noun_path,noun_lch,noun_wup,noun_res,noun_jcn,noun_lin,noun_lesk,noun_vector,verb_path,verb_lch,verb_wup,verb_res,verb_jcn,verb_lin,verb_lesk,verb_vector,word2vec,Average
a1,0.2870748299319728,0.6179586057015666,0.7393717393717394,0.23509285640056485,0.17718999598925525,0.5363542311344122,0.4636272724914829,0.31724971294170795,0.47916666666666663,0.6403580480380207,0.6,0.1435731314544869,0.39879469448381216,0.5772613232415865,0.45860632423132425,0.523674266382095,0.4443726081889469,0.44939566509703766
a3,0.0,0.0,0.0,0.0,0.0,0.0,0.0,0.0,0.47916666666666663,0.6403580480380207,0.6,0.23517767113148136,0.4165656684510601,0.6227898722210325,0.5094701154823438,0.4688446527134978,0.32999722732968256,0.25308058364904618
a2,0.24285714285714285,0.5925240186822434,0.7289921860130343,0.22825151044777708,0.17137542052252927,0.5397243480232312,0.6063061370396781,0.30183889893555743,0.47916666666666663,0.6403580480380207,0.6,0.23517767113148136,0.4165656684510601,0.6227898722210325,0.5094701154823438,0.5098012150604855,0.5012051897039639,0.46625906525154404
Antecedent,1.0,0.9860896635111783,1.0,0.4657817877183348,1.0,1.0,1.0,0.9999999999999988,1.0,0.8832162807399176,1.0,0.4877257434198225,1.0,1.0,1.0,1.0,1.0,0.93075373384642657
a4,0.3285714285714286,0.6248467297820929,0.72842227800211,0.19682146460731534,0.23119701098656015,0.4782556846062179,0.48851069942872544,0.3751310842962875,0.5416666666666666,0.6873332425783949,0.7291666666666666,0.23633973655462084,0.4359952512247612,0.6338487278870375,0.8536090067340067,0.7119319732374937,0.3937766492544538,0.51031907653440234
