"Similarity Measures","noun_path","noun_lch","noun_wup","noun_res","noun_jcn","noun_lin","noun_lesk","noun_vector","verb_path","verb_lch","verb_wup","verb_res","verb_jcn","verb_lin","verb_lesk","verb_vector","word2vec"
"a1","0.16666666666666666","0.5003731981073846","0.6153846153846154","0.19870183274943498","0.12347733880714819","0.4872415485364492","0.28921568627451","0.226517508358967","0.3333333333333333","0.5854005934976205","0.5","0.20632886967110686","0.18566808956714614","0.5796136096789496","1.0","0.5615444749201071","0.4300437240733962"
"a3","0.2","0.5497975676468014","0.7058823529411765","0.2496885366294727","0.16441696605078052","0.6209516586162427","0.19960645548542","0.29485695419509","0.29166666666666663","0.5464076589572724","0.6493506493506493","0.21282642679984154","0.15026773036911795","0.532287556089537","1.0","0.440822478727311","0.39008029200270894"
"a2","0.08333333333333333","0.3124724199458878","0.26666666666666666","0.029883075095373943","0.07712437610593256","0.0842219223304237","0.184841312034294","0.111298066242416","0.25","0.5074147244169241","0.6666666666666666","0.1600884989898408","0.11901927259105088","0.42867196842726707","0.376984126984127","0.4072718104554955","0.2994891112478016"
"a4","0.14285714285714285","0.4585854890810465","0.5882352941176471","0.19870183274943498","0.13517176369086925","0.4845103254910199","0.284090909090909","0.366279380983802","0.41666666666666663","0.6403580480380207","0.7777777777777777","0.3051667448935031","0.4878757233827335","0.7882075723239507","1.0","0.6906665595913499","0.39120154902460047"
