Similarity Measures,noun_path,noun_lch,noun_wup,noun_res,noun_jcn,noun_lin,noun_lesk,noun_vector,verb_path,verb_lch,verb_wup,verb_res,verb_jcn,verb_lin,verb_lesk,verb_vector,word2vec,Average
Antecedent,0.5416666666666666,0.6492810417285331,0.6333333333333333,0.22813182794463657,0.5385621880529663,0.5421109611652118,0.592420656017147,0.5395619307155973,1.0,0.8832162807399176,1.0,0.20966239480826138,1.0,1.0,1.0,1.0,0.4615460186685339,0.69526431175534154
a3,0.09401709401709402,0.34061622497967087,0.4027777777777778,0.0864953582196316,0.08786559163071826,0.22326499463019175,0.2628462496109555,0.1344474809488859,1.0,0.8832162807399176,1.0,0.20966239480826138,1.0,1.0,1.0,1.0,0.4742058336015855,0.54114207535086412
a2,0.6,0.7679436155789899,0.875,0.3060641295052873,0.5784778621515648,0.8049804142085148,0.6477761521275175,0.7058755267975145,0.5,0.6953155025784209,0.7777777777777778,0.19456772031082067,1.0,0.9592997703437957,1.0,0.739414990145203,0.5466583537712313,0.68818540089980229
