Similarity Measures,noun_path,noun_lch,noun_wup,noun_res,noun_jcn,noun_lin,noun_lesk,noun_vector,verb_path,verb_lch,verb_wup,verb_res,verb_jcn,verb_lin,verb_lesk,verb_vector,word2vec,Average
Antecedent,0.225,0.5800428374174932,0.6666666666666666,0.18244446739273493,0.1196916101020134,0.4342666613560744,0.3147135608629415,0.2031525161545375,0.2,0.4469241848755406,0.3333333333333333,0.0,0.0735405421168677,0.0,0.298979591836735,0.439574951435803,0.35597266131394495,0.2867237402861581
a3,0.225,0.5800428374174932,0.696969696969697,0.19870183274943498,0.09877908716104855,0.40231512209014936,0.337253015738531,0.197408208056238,0.5,0.6953155025784209,0.6666666666666666,0.1969189713852482,0.41805208187985987,0.7666279904447494,1.0,0.724745512736169,0.27485062332407395,0.46939100877633999
a2,0.10555555555555556,0.37617753925594444,0.3666666666666667,0.0805899598306228,0.0759543281323909,0.18879740311412246,0.2544529029867375,0.141898401088247,0.5,0.6953155025784209,0.6666666666666666,0.20429869952460447,0.41805208187985987,0.7666279904447494,1.0,0.724745512736169,0.3485149021193159,0.4067243595635337
a4,0.225,0.5800428374174932,0.6666666666666666,0.23096831904387022,0.12207863773314187,0.48594605979595334,0.653826530612245,0.30322411626830403,0.5,0.6953155025784209,0.6666666666666666,0.27912883834221563,0.41805208187985987,0.7666279904447494,1.0,0.724745512736169,0.3719136649732902,0.51118843677406156
