"Similarity Measures","noun_path","noun_lch","noun_wup","noun_res","noun_jcn","noun_lin","noun_lesk","noun_vector","verb_path","verb_lch","verb_wup","verb_res","verb_jcn","verb_lin","verb_lesk","verb_vector","word2vec"
"Antecedent","0.35010822510822515","0.5702770302680884","0.6979166666666666","0.2026111427098227","0.33283140773054803","0.5367914197754526","0.4395106047552595","0.40379890675605273","0.5416666666666666","0.6873332425783949","0.7142857142857143","0.2260300680967537","0.5202276624171052","0.7713605362303968","0.8579142720306514","0.5865472405076165","0.4352166001626775"
"a3","0.21111111111111108","0.5445818501472671","0.6726190476190476","0.2213117999356814","0.15635982990188854","0.5390830767596018","0.485357601373883","0.3335239106779065","0.375","0.6013651134976725","0.5333333333333333","0.10060685487739829","0.1897050335041097","0.40466322481224326","0.7078741062110945","0.528899434234371","0.49259760078584386"
"a2","0.1527777777777778","0.46298755345137294","0.5770833333333333","0.1695344623461137","0.11501789542126778","0.4349945221705879","0.27772513957395273","0.20077997560990676","0.6666666666666666","0.7343084371187691","0.7720588235294118","0.21902266808308773","0.6235356126265179","0.803942655813265","0.8731027379053695","0.7740490117512945","0.43849257834563565"
"a4","0.15515873015873016","0.47480363596545416","0.6092436974789917","0.20289773076136783","0.12732823103689225","0.4877090612703151","0.3203649226219415","0.2371141996017075","0.3333333333333333","0.5854005934976205","0.6","0.19825103459371948","0.2202115546824253","0.6237411952825727","0.3296394260932305","0.499064453195983","0.46193419997643365"
