Similarity Measures,noun_path,noun_lch,noun_wup,noun_res,noun_jcn,noun_lin,noun_lesk,noun_vector,verb_path,verb_lch,verb_wup,verb_res,verb_jcn,verb_lin,verb_lesk,verb_vector,word2vec,Average
Antecedent,0.15,0.4648574085667259,0.5851851851851851,0.13729048929488186,0.07853444251634663,0.25276508954311433,0.19208744931398317,0.29024916369684467,0.37499999999999994,0.6128793207678207,0.5416666666666666,0.21563155896775332,0.38920602115330616,0.6885069978837957,0.867194313622885,0.5395890113764545,0.5609177853622678,0.40832711199517829
a3,0.12934472934472935,0.4103433392020477,0.4444444444444444,0.09774704678725436,0.05906927444162579,0.1584606794384359,0.22746980053353194,0.226637612002759,0.3333333333333333,0.5854005934976205,0.55,0.17654742073920426,0.2467758662572302,0.5823384255337903,0.7700231481481483,0.5274292770528062,0.2746637308759964,0.34117816009605634
a2,0.13347763347763347,0.4316728191870584,0.44211017740429503,0.07298433128042749,0.055458608312506485,0.17726622908083986,0.12073179956244484,0.11600466330931059,0.0,0.0,0.0,0.0,0.0,0.0,0.0,0.0,0.06565017472694819,0.095020966843615537
a4,0.14484126984126985,0.4604486720717064,0.6410818713450293,0.131125405305452,0.06730686255893022,0.24007236580244692,0.17406337462528473,0.1627650135874316,0.6666666666666666,0.7343084371187691,0.75,0.30886782680747166,0.6632432507316183,0.8683279905885879,0.8407356532356532,0.7796374987087935,0.5574428580258871,0.48181970688358811
