Similarity Measures,noun_path,noun_lch,noun_wup,noun_res,noun_jcn,noun_lin,noun_lesk,noun_vector,verb_path,verb_lch,verb_wup,verb_res,verb_jcn,verb_lin,verb_lesk,verb_vector,word2vec,Average
Antecedent,0.1402116402116402,0.4498056587383385,0.5555555555555555,0.15017063535485695,0.09942831541233065,0.3635313331877729,0.2440443100372177,0.19815279703324365,0.0,0.0,0.0,0.0,0.0,0.0,0.0,0.0,0.25256343276060417,0.14432139284067999
a3,0.20634920634920637,0.5351483181436582,0.6407407407407407,0.15275810564851652,0.16191029888131456,0.4019682764622357,0.3385158260806637,0.15320770463478797,0.7666666666666667,0.7860729876591588,0.8333333333333333,0.24705631081544946,0.7162135541774395,0.854252969912349,0.8870766879319509,0.8238514598817513,0.36312922567183514,0.52166186311712115
a2,0.1638888888888889,0.4908526982602914,0.611111111111111,0.17810393584214876,0.14559085241596814,0.4217613757513358,0.324990900918772,0.15028434603481147,0.31666666666666665,0.5698034196814813,0.48,0.1516853392816085,0.12499650231682506,0.39544597806126625,0.1980046296296296,0.30602385885579964,0.3132920857207956,0.31426485820220001
a4,0.11428571428571428,0.39412635601721857,0.44423076923076926,0.1453625732442402,0.08531045386646541,0.3133632525006582,0.09842715430630412,0.09138443152836373,0.4666666666666666,0.64496373094608,0.6,0.183359043444279,0.40390667206086633,0.5915673993239045,0.47579042946558187,0.4809234172397014,0.3206556327797408,0.34437198217097381
