"Similarity Measures","noun_path","noun_lch","noun_wup","noun_res","noun_jcn","noun_lin","noun_lesk","noun_vector","verb_path","verb_lch","verb_wup","verb_res","verb_jcn","verb_lin","verb_lesk","verb_vector","word2vec"
"Antecedent","0.2107142857142857","0.5572398177760545","0.6762820512820513","0.1783155220495496","0.11614868017943457","0.4350325725603713","0.3924669454271607","0.3913158110863488","0.44791666666666663","0.6306098144029335","0.6858724608724608","0.21515914735115255","0.35182917006428527","0.6768812033945971","0.7201444157872352","0.6379566261522541","0.5315646295881957"
"a3","0.2791666666666667","0.6341584068431873","0.7767857142857143","0.23657330331026308","0.2899248423990835","0.5957565811969169","0.5493790431173302","0.4104906273484613","0.47916666666666663","0.6580885416731337","0.6864583333333333","0.23187781971161936","0.5396190443341858","0.7395676456245709","0.7980680430680431","0.6764039468529708","0.4755096763061587"
"a2","0.18392857142857144","0.5193141632492698","0.5824175824175825","0.15567081559505547","0.12147752563510104","0.3707132168952904","0.351243334046341","0.27842989372600824","0.5145833333333334","0.6602754578655478","0.7159090909090909","0.25006615078996924","0.42810040889177825","0.7172781529388845","0.7243142450693727","0.647828773026747","0.45990408388127496"
"a4","0.21726190476190477","0.5539332654047898","0.7011904761904763","0.2071051307441474","0.14214385177009473","0.49006651318375155","0.4650858070500927","0.346226140577415","0.44791666666666663","0.6306098144029335","0.6912202380952381","0.25252265146756725","0.44442606458039124","0.7214221846027113","0.7375435110253006","0.6488785176776882","0.4730901544136788"
