Similarity Measures,noun_path,noun_lch,noun_wup,noun_res,noun_jcn,noun_lin,noun_lesk,noun_vector,verb_path,verb_lch,verb_wup,verb_res,verb_jcn,verb_lin,verb_lesk,verb_vector,word2vec,Average
Antecedent,0.7777777777777777,0.886817767763746,0.9444444444444445,0.3238852533849386,0.7086723646659315,0.8297429326334315,1.0,0.8172575150972733,0.611111111111111,0.7213107922719862,0.7333333333333334,0.25012354586665775,0.5108119776863757,0.7057033951467773,1.0,0.7598102964797794,0.49133843938159094,0.71012593806147972
