Similarity Measures,noun_path,noun_lch,noun_wup,noun_res,noun_jcn,noun_lin,noun_lesk,noun_vector,verb_path,verb_lch,verb_wup,verb_res,verb_jcn,verb_lin,verb_lesk,verb_vector,word2vec,Average
a1,0.08391608391608392,0.31341696565275073,0.15476190476190477,0.0,0.055798332070981976,0.0,0.11863640658283515,0.0432510023465119,0.0,0.0,0.0,0.0,0.0,0.0,0.0,0.0,0.17998644072479855,0.05586865506210982
a3,0.08391608391608392,0.31341696565275073,0.15476190476190477,0.0,0.06317249465974159,0.0,0.2031162956601555,0.0916626257921143,0.5833333333333333,0.6889296945784,0.6799999999999999,0.160667234662659,0.511711531593756,0.6003021627402514,0.6789167323889547,0.6166996262325738,0.32240855896856563,0.33841266146713211
Antecedent,0.0,0.0,0.0,0.0,0.0,0.0,0.0,0.0,0.5,0.66694671276224,0.6333333333333333,0.13987715264975295,0.4495684813756082,0.6122566029962385,0.6764141414141414,0.5682237520375467,0.46612885068443954,0.27722053101490002
a4,0.0,0.0,0.0,0.0,0.0,0.0,0.0,0.0,0.7333333333333333,0.7640900058429988,0.868421052631579,0.20908423624513742,0.7030484425576623,0.7533255980889499,0.7509559858131286,0.7587962053794339,0.327426415112307,0.34520478088261941
