Similarity Measures,noun_path,noun_lch,noun_wup,noun_res,noun_jcn,noun_lin,noun_lesk,noun_vector,verb_path,verb_lch,verb_wup,verb_res,verb_jcn,verb_lin,verb_lesk,verb_vector,word2vec,Average
Antecedent,0.23515873015873012,0.5037708132615049,0.5266880341880342,0.1584706949830243,0.21306638895335545,0.3767991853372225,0.4881562871142499,0.33071823896912356,0.3952380952380952,0.6003341341790447,0.6397174254317113,0.2716946087458931,0.45891551575117057,0.7593616887473527,0.7972232719985735,0.5482537000159272,0.41496219967396714,0.45403111839688121
a3,0.11935637891520243,0.3918919996928433,0.4221171698958077,0.06984098790162818,0.06361384163937314,0.14856281711197133,0.1512657577739879,0.09931977129827338,0.17230983302411876,0.3918065720733889,0.3196712018140589,0.07350852543870232,0.07068169040620888,0.15682432494605944,0.22381492242914977,0.08101810746437581,0.29723319548936045,0.19134335866555949
a2,0.0,0.0,0.0,0.0,0.0,0.0,0.0,0.0,0.4018707482993197,0.5940376727870993,0.5373015873015874,0.1492153133178718,0.26271566762298415,0.43182007047426624,0.6336047511711805,0.4426579827579353,0.3142399485533311,0.22161551425209264
a4,0.1868272005772006,0.46094478456785576,0.45214935817237595,0.09586964098466086,0.13269912139980572,0.2299737557629394,0.49689556524141276,0.2700217253769612,0.3053571428571429,0.5456172182428463,0.5380952380952381,0.15033625317971347,0.18649243444051092,0.444670470677685,0.4067584475509843,0.3781196836765545,0.36979114312410927,0.33238936376047035
