"Similarity Measures","noun_path","noun_lch","noun_wup","noun_res","noun_jcn","noun_lin","noun_lesk","noun_vector","verb_path","verb_lch","verb_wup","verb_res","verb_jcn","verb_lin","verb_lesk","verb_vector","word2vec"
"a1","0.0","0.0","0.0","0.0","0.0","0.0","0.0","0.0","0.0","0.0","0.0","0.0","0.0","0.0","0.0","0.0","0.22945082515700324"
"a3","0.19339225589225592","0.4913067783317446","0.551746195554245","0.1680359828889805","0.1705645745581096","0.4443985972552696","0.36516992353592886","0.32857903493726154","0.6","0.6953155025784209","0.7314285714285714","0.16932529088023704","0.6511516778013605","0.6896583341108916","0.6731481481481482","0.618414058708713","0.3095170471007103"
"a2","0.0","0.0","0.0","0.0","0.0","0.0","0.0","0.0","0.6166666666666666","0.7109126763945601","0.73","0.19233577543247957","0.652061534811868","0.7582854627745321","0.84805772005772","0.7586877130185503","0.344600422437719"
"Antecedent","1.0","0.9860896635111783","1.0","0.4382018923687417","1.0","1.0","1.0","1.0","1.0","0.8832162807399178","1.0","0.38814655672539294","1.0","1.0","1.0","1.0","1.0"
"a4","0.0","0.0","0.0","0.0","0.0","0.0","0.0","0.0","0.5666666666666667","0.6733325207622608","0.71","0.15084381593816437","0.6511516778013605","0.6896583341108916","0.5546666666666665","0.618414058708713","0.2963377637632959"
