"Similarity Measures","noun_path","noun_lch","noun_wup","noun_res","noun_jcn","noun_lin","noun_lesk","noun_vector","verb_path","verb_lch","verb_wup","verb_res","verb_jcn","verb_lin","verb_lesk","verb_vector","word2vec"
"Antecedent","0.37380952380952376","0.6507712467284001","0.7176616100985849","0.21933608843089955","0.26850585526357057","0.5556590572406275","0.5596554780405433","0.39395855917785166","0.32142857142857145","0.5742597550575211","0.4959183673469388","0.12349560627209841","0.3600824341618955","0.46098626677434285","0.3252877252877254","0.4033143067529076","0.40362434411606934"
"a3","0.26774891774891774","0.6070344786118936","0.6693622903706936","0.19213277651447333","0.16306800240027589","0.44844760727039673","0.646589056165603","0.3210165638840314","0.6666666666666666","0.7444401477674052","0.7619047619047619","0.16063706007376388","0.5812770679398127","0.6719189088025557","0.7926398566624131","0.6714455522313134","0.4098698053177169"
"a2","0.29999999999999993","0.5798022988132915","0.6708133971291865","0.2790073515195736","0.24754235733688715","0.4120668021782611","0.3182661878544783","0.37347086897602233","0.6666666666666666","0.7444401477674052","0.7857142857142857","0.18796161041712192","0.6159681763244024","0.7370089868466138","0.8904761904761903","0.7695923064086537","0.48737987355126433"
"a4","0.362987012987013","0.6495795767893647","0.7153473510616368","0.21933608843089955","0.2563761957990511","0.49738595203648023","0.5774930176639638","0.3647988128319195","0.32142857142857145","0.5742597550575211","0.4959183673469388","0.14785855687428873","0.3691503950759403","0.5317473079970554","0.3567051768837485","0.40485956428848874","0.43376977882496526"
