Similarity Measures,noun_path,noun_lch,noun_wup,noun_res,noun_jcn,noun_lin,noun_lesk,noun_vector,verb_path,verb_lch,verb_wup,verb_res,verb_jcn,verb_lin,verb_lesk,verb_vector,word2vec,Average
Antecedent,0.21877289377289383,0.5476249085665827,0.6307737134660212,0.2037681657657014,0.21160046832786047,0.46820366873575653,0.39728063518282514,0.29984762718169483,0.42333333333333334,0.5860741015893854,0.6533333333333333,0.221185370639649,0.3362406760440702,0.6433301007470777,0.6135426707795131,0.504464313262196,0.4054940246122852,0.43322764737295183
a3,0.0,0.0,0.0,0.0,0.0,0.0,0.0,0.0,0.25,0.4946431084168825,0.46119658119658113,0.20352081601971536,0.20570259903249416,0.5606792551346452,0.5081050820954777,0.4726927819505094,0.24861703116683534,0.20030336794194947
a2,0.16147741147741146,0.47846824620513106,0.5973473319567628,0.15547555567927612,0.17308286887428895,0.4017812718293445,0.2491659465495871,0.21696956996150465,0.2833333333333333,0.5166260902330426,0.4276190476190476,0.05120504419639312,0.10778786593885333,0.17414103432873293,0.47301895472948097,0.3841879381737273,0.20842382692353653,0.29765360811820318
a4,0.1129101667563206,0.3840360208858296,0.34611477538364893,0.06693645920106647,0.08417437539169187,0.15252621866021426,0.22991909717573017,0.11018753054822855,0.4499999999999999,0.6137693833138014,0.655,0.18705094716430795,0.38101934795208814,0.6443621548045705,0.719923076923077,0.504464313262196,0.2786827522055931,0.34829862468402145
