"Similarity Measures","noun_path","noun_lch","noun_wup","noun_res","noun_jcn","noun_lin","noun_lesk","noun_vector","verb_path","verb_lch","verb_wup","verb_res","verb_jcn","verb_lin","verb_lesk","verb_vector","word2vec"
"Antecedent","0.17888888888888888","0.5102580720152678","0.6414102564102564","0.1645400785222812","0.1474588540794163","0.44765527688075996","0.3245366658160528","0.28452123170698795","0.3333333333333333","0.5854005934976205","0.75","0.19456772031082067","1.0","0.9592997703437957","0.445833333333333","0.558688490873127","0.27987386267866887"
