Similarity Measures,noun_path,noun_lch,noun_wup,noun_res,noun_jcn,noun_lin,noun_lesk,noun_vector,verb_path,verb_lch,verb_wup,verb_res,verb_jcn,verb_lin,verb_lesk,verb_vector,word2vec,Average
a1,0.09715700965700967,0.34782141825445545,0.30783269018563136,0.04056847382208304,0.07750718297675714,0.11026504003352251,0.184744517559947,0.2564636322273741,0.29,0.5421081379570653,0.6239766081871345,0.14406087833942915,0.15600108892568382,0.3806248492419815,0.1965458956752062,0.288575344666439,0.31318933256554615,0.25632012354560391
a3,0.19791666666666666,0.5127292904922388,0.5978723754459049,0.1766140477769176,0.23734215072144624,0.47553445299525365,0.3037608480747472,0.24955709518213984,0.4066666666666666,0.5640911197732253,0.5638095238095238,0.12914254693743216,0.3260141508455311,0.5006378372029392,0.46677605132962263,0.5152171391617852,0.29214992842121673,0.38328422891195629
Antecedent,0.13991494616494618,0.4426939881687011,0.5941435492325584,0.17896416897971687,0.09518781608626165,0.38565932608844866,0.3050816066408719,0.17841681341225843,0.2733333333333333,0.5045279823247659,0.5040293040293041,0.15548872987070475,0.19169847965939185,0.45325428959196506,0.5520176387939546,0.5231419790586189,0.22244538346790793,0.3352940785237476
a4,0.17328342953342948,0.4879531892150109,0.6321230977771225,0.19414333121703656,0.17035330888882153,0.47274220735172495,0.3753310741344946,0.2814050835142253,0.2733333333333333,0.5045279823247659,0.41428571428571426,0.12647826228521958,0.1807502879201556,0.4009975256713365,0.547594548308834,0.47956453839948143,0.24384886964884359,0.35051269316526773
