"Similarity Measures","noun_path","noun_lch","noun_wup","noun_res","noun_jcn","noun_lin","noun_lesk","noun_vector","verb_path","verb_lch","verb_wup","verb_res","verb_jcn","verb_lin","verb_lesk","verb_vector","word2vec"
"Antecedent","0.2122448979591837","0.5537417049373614","0.6580086580086579","0.16298895422670726","0.12690172791088072","0.39212670139915823","0.35518540632330575","0.2811225115194027","0.6388888888888888","0.7396299437854531","0.7768620268620268","0.25502412405937364","0.6487905216764934","0.8002370798804325","0.8100761479805598","0.6368796121173765","0.4771909105093141"
"a3","0.2979591836734694","0.5860644160372112","0.7210884353741497","0.24428279104428027","0.2401827113639994","0.5062762742385759","0.5258772549316088","0.3635689354933235","0.5833333333333334","0.7029916407585196","0.7592592592592592","0.20811066047257387","0.52768218256478","0.7413067315413278","0.6712149296853246","0.6342376430820323","0.4680133198050025"
"a2","0.14835600907029475","0.45751067014231994","0.5093656343656344","0.07430776227784665","0.07062467066636759","0.16570129493459915","0.18235199635799884","0.13200865951777332","0.47222222222222227","0.6533556928848033","0.6444444444444444","0.16498613312705515","0.3673783932825647","0.6453153351065507","0.5612466931216932","0.5265202854243258","0.3466465479838248"
"a4","0.10499024784739072","0.36382817553692176","0.3713589668476886","0.07430029917445781","0.06711874301768427","0.15202388968870204","0.2397973950240214","0.08943933524472845","0.5","0.6716748443982702","0.7007936507936506","0.21057560548548934","0.3635594909567976","0.6464579156709144","1.0","0.736933910268549","0.30353866323950235"
