Similarity Measures,noun_path,noun_lch,noun_wup,noun_res,noun_jcn,noun_lin,noun_lesk,noun_vector,verb_path,verb_lch,verb_wup,verb_res,verb_jcn,verb_lin,verb_lesk,verb_vector,word2vec,Average
a1,0.0,0.0,0.0,0.0,0.0,0.0,0.0,0.0,0.3333333333333333,0.5854005934976205,0.5,0.1611581201480513,0.2667097119794345,0.5437935179923747,0.4784680415249638,0.4591820227066366,0.33698757935886564,0.21559017179654591
a3,0.2643518518518519,0.5009344548505219,0.5100272276742864,0.14690161544876856,0.23545089676001552,0.3522810836275126,0.3356525321909222,0.30573155081703657,0.3333333333333333,0.5854005934976205,0.7038095238095238,0.21840501648362495,0.36159273655901236,0.6671647896156824,0.4826974602529298,0.3433266186526686,0.3661115325722506,0.39489251870573894
Antecedent,0.4138888888888889,0.6970726279352549,0.8297720797720799,0.2731940920209052,0.5175970914932927,0.7292995752805393,0.37410279383738,0.5024654497913864,0.8,0.8080559694753189,0.9155555555555555,0.2372239980678869,0.7578327424618676,0.9122297514937848,1.0,0.8557722076187275,0.5342946351630397,0.65637396816799465
a4,0.12268518518518519,0.40805559235933125,0.43621978296900893,0.11575187619863947,0.08957096285672167,0.26603687036927054,0.19781225407578518,0.23902211426170097,0.7666666666666666,0.7860729876591588,0.9111111111111111,0.2617237076692428,0.7486817431858052,0.9052339825535309,1.0,0.8557722076187275,0.45737854092303404,0.50398797562723063
