"Similarity Measures","noun_path","noun_lch","noun_wup","noun_res","noun_jcn","noun_lin","noun_lesk","noun_vector","verb_path","verb_lch","verb_wup","verb_res","verb_jcn","verb_lin","verb_lesk","verb_vector","word2vec"
"Antecedent","0.15666666666666668","0.47906372438298933","0.6194871794871795","0.1908487352762415","0.10150802345823298","0.4158601689364897","0.2364519941894522","0.1606739409905518","0.5416666666666666","0.6873332425783949","0.7","0.28418053373715685","0.6122512027158893","0.8410472603290964","1.0","0.684204696912996","0.30072853678092815"
"a3","0.22333333333333333","0.5762070174637481","0.726570684217743","0.21823658404978769","0.21160417845715845","0.5681714938070137","0.2854764828206938","0.3123703249660208","0.875","0.8362410861995434","0.9166666666666666","0.30456098685864685","0.8162166394392906","0.9303740025333018","1.0","0.9106218555575932","0.4547196826604381"
"a2","0.35857142857142854","0.6309116790148026","0.7264069264069263","0.22158486031537575","0.3296463504204395","0.5756576197444971","0.4735954694971086","0.37950377381367223","0.5833333333333333","0.714811969848595","0.775","0.2826542096607939","0.7066446110726369","0.9019401137211872","1.0","0.7464110255045829","0.4145450737953537"
"a4","0.1733333333333333","0.5102580720152678","0.6473443223443224","0.1988628168500688","0.13360540460250048","0.4973236260061661","0.3206817334507128","0.2711547572118984","0.5416666666666666","0.6873332425783949","0.7","0.2560892475486428","0.48193226301511","0.7591345680308658","0.7469135802469136","0.574359386048269","0.4145305607113009"
