"Similarity Measures","noun_path","noun_lch","noun_wup","noun_res","noun_jcn","noun_lin","noun_lesk","noun_vector","verb_path","verb_lch","verb_wup","verb_res","verb_jcn","verb_lin","verb_lesk","verb_vector","word2vec"
"a1","0.30185185185185187","0.5582465409043369","0.658065953654189","0.20436018444231","0.24571997671651044","0.45307810811427746","0.38767089753303213","0.41745145106534703","0.26785714285714285","0.5139942714284373","0.4317460317460317","0.08634108228297666","0.11470709880985984","0.21618154255658473","0.28382215735231486","0.30213669857388015","0.43253222902428545"
"a3","0.28598484848484845","0.5409427262054608","0.6226398601398601","0.18985712447262929","0.24550910852549487","0.4362822667058044","0.3783443549706795","0.44457914691560063","0.35000000000000003","0.5858816707060239","0.6285714285714284","0.22447557220764688","0.3007935553882854","0.6528564134497892","0.5626886925267547","0.5230581391612268","0.5046495659620355"
"a2","0.40138888888888885","0.675837588165236","0.7683526440879382","0.31457447213542916","0.2969120798587647","0.6151165825046853","0.6308451292726069","0.4765189623699093","0.511904761904762","0.6527704044009498","0.7126984126984126","0.26334000851644573","0.4383185442737526","0.6570404740320974","0.6009136199361763","0.5968367646323054","0.5246853976894472"
"Antecedent","1.0","0.9860896635111783","0.9583333333333334","0.5105379534517903","1.0","1.0","1.0","1.0","1.0","0.8832162807399176","1.0","0.48189618043946447","1.0","1.0","1.0","1.0","1.0"
"a4","0.08593142968142968","0.31449239867933776","0.3849728487886383","0.10055098046228289","0.061635150607240265","0.1961662042286955","0.08267957087137388","0.12010724457784545","0.0","0.0","0.0","0.0","0.0","0.0","0.0","0.0","0.13366039096479929"
