Similarity Measures,noun_path,noun_lch,noun_wup,noun_res,noun_jcn,noun_lin,noun_lesk,noun_vector,verb_path,verb_lch,verb_wup,verb_res,verb_jcn,verb_lin,verb_lesk,verb_vector,word2vec,Average
Antecedent,0.6,0.7679436155789899,0.875,0.4012971044277379,0.5806572720311935,0.808228869732768,0.6475662194702445,0.667784721751061,0.4365079365079365,0.5454760674619424,0.5119047619047619,0.15379849810614096,0.3937791743242845,0.542389243624281,0.4468253968253966,0.4145380069736662,0.3930815707966999,0.54039873291277085
a3,0.19642857142857142,0.5344367981346158,0.7125,0.17520326546276066,0.09844259558822613,0.40609917719995037,0.32049319727891146,0.3378034753893525,0.4365079365079365,0.5454760674619424,0.5916666666666667,0.16964502744565343,0.4298654682769982,0.6355737858425634,0.454779711029711,0.4635034078356057,0.4283355096672632,0.40804474477745467
a2,0.6,0.7679436155789899,0.8333333333333333,0.375803752487719,0.5605718740334347,0.7412380036305461,0.6725659013605441,0.587084634513681,0.19166666666666665,0.4246176185159641,0.31851851851851853,0.07412263118768939,0.10009500436593456,0.1731706290536322,0.23490595572480633,0.2089824069551732,0.3978548377247064,0.42720443433243177
a4,0.225,0.5800428374174932,0.7333333333333334,0.20362106249510162,0.11504213352773364,0.46254842395304263,0.3210711139703885,0.35873339728657,0.44761904761904764,0.5619508573084148,0.6333333333333333,0.19701323687432656,0.4337091407686476,0.6754740694467309,0.46738773792345195,0.47709163502093305,0.47063590800159594,0.43315336872236143
