"Similarity Measures","noun_path","noun_lch","noun_wup","noun_res","noun_jcn","noun_lin","noun_lesk","noun_vector","verb_path","verb_lch","verb_wup","verb_res","verb_jcn","verb_lin","verb_lesk","verb_vector","word2vec"
"a1","0.4041666666666667","0.6616371341133873","0.7229166666666667","0.22255971264691152","0.37691332768469776","0.6494191723106396","0.49513243295042947","0.457594623818297","0.611111111111111","0.7213107922719862","0.8222222222222223","0.29102079113223245","0.7302466505251269","0.8536476354866537","1.0","0.6994201016150957","0.4947027066940007"
"Antecedent","0.23333333333333334","0.5844166698023214","0.7488095238095238","0.23496177929431025","0.20521368995480854","0.6064363797969443","0.2529822130267393","0.3988090273596683","0.5277777777777778","0.6586771995514874","0.6818181818181818","0.2576012947119211","0.44908950175097995","0.7231402365070793","0.7368776285442951","0.579301595739421","0.43804614526775"
"a2","0.16349206349206352","0.4871597283503084","0.6098214285714286","0.18860346025622965","0.1363426229251577","0.4826455648010311","0.26211769779008326","0.26002610167307805","0.3055555555555555","0.5594053038040551","0.4761904761904762","0.17683280456572983","0.2545502595129895","0.6060756335811889","0.448959855006221","0.3691061843720253","0.42829334500115135"
"a4","0.5833333333333334","0.7432314308092816","0.8125","0.26041516715702495","0.5724379239741556","0.7367630351444033","0.655318352529171","0.6484740290476815","0.38888888888888884","0.6220388965245539","0.6555555555555556","0.23617243200501573","0.49262283323156325","0.7222323515069934","0.8107905982905983","0.5458748392777273","0.5340164410541949"
