"Similarity Measures","noun_path","noun_lch","noun_wup","noun_res","noun_jcn","noun_lin","noun_lesk","noun_vector","verb_path","verb_lch","verb_wup","verb_res","verb_jcn","verb_lin","verb_lesk","verb_vector","word2vec"
"Antecedent","0.15747955747955747","0.4559412520569908","0.4947344322344322","0.10073247359840133","0.08548377051493693","0.2389629201115525","0.37347327278734405","0.17202902715905","0.41666666666666663","0.6403580480380207","0.5833333333333333","0.18757620247277026","0.1789068300066718","0.5669057889350957","0.6870501893939395","0.380912158495781","0.2863613651465645"
