"Similarity Measures","noun_path","noun_lch","noun_wup","noun_res","noun_jcn","noun_lin","noun_lesk","noun_vector","verb_path","verb_lch","verb_wup","verb_res","verb_jcn","verb_lin","verb_lesk","verb_vector","word2vec"
"a1","0.33333333333333337","0.5895909572794941","0.7186274509803922","0.2719467842282624","0.27492645505356106","0.5057316774262391","0.41877775290121677","0.37991959254907487","0.2888888888888889","0.5392417906235939","0.5555555555555555","0.18499986585894548","0.16196061003044843","0.5199261833067359","0.74952636968766","0.37273744501795264","0.3520201379023191"
"a3","0.4915151515151515","0.6716819726298573","0.7800653594771243","0.3205245563146565","0.43651810715996564","0.5737929526403555","0.6432083129208175","0.544806439649976","0.5111111111111111","0.6385136863710262","0.6666666666666666","0.2189488308798456","0.44344713266653546","0.555575236769917","0.770264081492895","0.5114126646877096","0.5950339986789026"
"a2","0.15166666666666667","0.4669656164747127","0.6062091503267973","0.18243225545682923","0.08681587263083727","0.32664229194570604","0.24842514306456942","0.20057727056263666","0.0","0.0","0.0","0.0","0.0","0.0","0.0","0.0","0.1743996056128672"
"Antecedent","1.0","0.9860896635111784","1.0","0.6136369610883887","1.0","1.0","1.0","0.9999999999999956","1.0","0.8832162807399176","1.0","0.4531392321202486","1.0","1.0","1.0","1.0","1.0"
"a4","0.18760683760683758","0.4960335463047585","0.5978354978354978","0.18318522867493864","0.08756954266218715","0.35148757410162396","0.35899146104489665","0.30599980447988334","0.5111111111111111","0.6385136863710262","0.6349206349206349","0.16609813295352027","0.4416651080119536","0.5528128469481578","0.49286030117295637","0.5435862345588127","0.34514358398009026"
