"Similarity Measures","noun_path","noun_lch","noun_wup","noun_res","noun_jcn","noun_lin","noun_lesk","noun_vector","verb_path","verb_lch","verb_wup","verb_res","verb_jcn","verb_lin","verb_lesk","verb_vector","word2vec"
"a1","0.41203703703703703","0.5996450938548169","0.7145969498910675","0.2363408702171108","0.38266889374957763","0.5042014846325921","0.4502300328911197","0.457987349660891","0.5277777777777778","0.6586771995514874","0.6666666666666666","0.24173518887317705","0.4409733719635078","0.6748552461199986","0.525054466230937","0.5600962470427623","0.5080072883810557"
"a3","0.1638888888888889","0.4908526982602914","0.6397058823529412","0.18647783277475097","0.11207805686377087","0.4410572919962581","0.2916557591623033","0.3316527131612486","0.5277777777777778","0.6586771995514874","0.7777777777777777","0.2839859033092618","0.47391612724848015","0.782374572779633","0.7797143548777536","0.6153501858513937","0.458949807648316"
"a2","0.15873015873015872","0.4864439617652719","0.6028708133971291","0.18338275456892747","0.10803418749334931","0.4278963947508572","0.317735770815986","0.22726886535775168","0.2333333333333333","0.4872512112364629","0.3873015873015873","0.10672566599322719","0.0989319292754175","0.2508965375250308","0.40426500499081136","0.32213746859546033","0.5181926952654825"
"Antecedent","0.7333333333333334","0.8406589648897195","0.8888888888888888","0.36482403191668117","0.7142862138397849","0.8370459759415869","0.7554629629629629","0.8064048190273546","0.5555555555555555","0.684672489245053","0.7373737373737373","0.280861543813495","0.45746523245908294","0.7507110225108254","0.828956228956229","0.699982527570208","0.6386206736722502"
