"Similarity Measures","noun_path","noun_lch","noun_wup","noun_res","noun_jcn","noun_lin","noun_lesk","noun_vector","verb_path","verb_lch","verb_wup","verb_res","verb_jcn","verb_lin","verb_lesk","verb_vector","word2vec"
"Antecedent","0.4694444444444444","0.6970726279352549","0.781205722382193","0.2970445962846903","0.4134595687621032","0.6519931749861106","0.6484933812734937","0.5625084304691422","0.8333333333333334","0.8087623589293433","0.9642857142857143","0.2248193258565777","1.0","0.9894975296365449","0.9307229168248905","0.872538542878811","0.5914069681677625"
"a3","0.19325396825396826","0.5364399162195034","0.6454545454545454","0.1625382488825823","0.10679027190374325","0.39568267223926795","0.31075901850207405","0.360565425508854","0.8333333333333334","0.8087623589293433","0.9444444444444444","0.2058887261839012","0.8284354733601252","0.9272390746627286","0.8125","0.872538542878811","0.4992372521050422"
"a2","0.22083333333333333","0.5688895542377049","0.7131202131202131","0.19462848342638603","0.12314122097175732","0.4647559289984719","0.3312763287356897","0.21527967614522547","0.875","0.8362410861995434","0.9444444444444444","0.2173203580781214","0.8833601239614302","0.9591170575212454","1.0","0.872538542878811","0.5196210853330545"
