Similarity Measures,noun_path,noun_lch,noun_wup,noun_res,noun_jcn,noun_lin,noun_lesk,noun_vector,verb_path,verb_lch,verb_wup,verb_res,verb_jcn,verb_lin,verb_lesk,verb_vector,word2vec,Average
Antecedent,0.44761904761904764,0.6648242400796754,0.7777777777777777,0.26434222267731117,0.39966889096600183,0.6040623863465996,0.5809386876720583,0.4759838019459,0.25,0.49145020441687215,0.39285714285714285,0.0,0.08522665114155975,0.0,0.2510416666666665,0.262628250223155,0.4480562225638038,0.37626336429138663
a2,0.0,0.0,0.0,0.0,0.0,0.0,0.0,0.0,0.0,0.0,0.0,0.0,0.0,0.0,0.0,0.0,0.2888944092796835,0.016993788781157853
