Similarity Measures,noun_path,noun_lch,noun_wup,noun_res,noun_jcn,noun_lin,noun_lesk,noun_vector,verb_path,verb_lch,verb_wup,verb_res,verb_jcn,verb_lin,verb_lesk,verb_vector,word2vec,Average
a1,0.3768939393939394,0.6082026847948729,0.6517857142857143,0.23229538469338906,0.3502213413286017,0.5195302411315217,0.4292047931715643,0.5239384950401977,0.6666666666666666,0.7484928320268595,0.8647619047619047,0.27673643707618073,0.5951240498860405,0.8550858368703633,1.0,0.8645114466618693,0.602756142105008,0.59801222999380554
a3,0.10555555555555554,0.37617753925594444,0.24805194805194808,0.016164058129238528,0.06484643854538699,0.029248471617118292,0.1049669003281549,0.1336186685705653,0.2333333333333333,0.48543174260076405,0.3771428571428571,0.0,0.07224208414698623,0.0,0.300376984126984,0.1790436978693202,0.24484776637484268,0.17476753209699999
a2,0.4107142857142857,0.6583305817421228,0.7446969696969697,0.24157706680532265,0.3456901805642991,0.5562694709559728,0.5834678834678835,0.431961860876222,0.33999999999999997,0.5796882935893646,0.5333333333333333,0.18062848859858055,0.14595627612998657,0.48425696363570125,0.5618381454617463,0.36916709429715044,0.4879002802023059,0.45032218676889685
Antecedent,1.0,0.9860896635111784,1.0,0.5208635555318222,1.0,1.0,1.0,0.9999999999999988,1.0,0.8832162807399178,1.0,0.3549913185194313,1.0,1.0,1.0,1.0,1.0,0.92618593048837339
a4,0.1794642857142857,0.5102646232356802,0.6163419913419913,0.174017550228807,0.11836697331804824,0.40052019692701923,0.25012731574394526,0.23766011016522276,0.4733333333333333,0.6392514310378241,0.5999999999999999,0.18508436424401808,0.39263434884311127,0.624252819271809,0.6402044125465178,0.6162291973167902,0.34754219075655735,0.41207618494264464
