"Similarity Measures","noun_path","noun_lch","noun_wup","noun_res","noun_jcn","noun_lin","noun_lesk","noun_vector","verb_path","verb_lch","verb_wup","verb_res","verb_jcn","verb_lin","verb_lesk","verb_vector","word2vec"
"Antecedent","0.5733333333333334","0.7641077956252449","0.8582995951417004","0.3474348870590783","0.5494987519379129","0.7914907885411064","0.7015146346954856","0.6037867736311114","0.6875","0.742290697118795","0.7999999999999999","0.24408560780466818","0.7818358528600243","0.8460647319892114","0.812144777265745","0.7591791507571405","0.4655659605802243"
"a3","0.6066666666666667","0.8016879512575443","0.8901709401709402","0.3521465077002197","0.6138248031846669","0.8211664175613558","0.6909774831093394","0.6630280905222288","0.8125","0.7892658916591693","0.85","0.2273647588107819","0.7741800965540859","0.8402602560742167","0.8340488215488215","0.8172467289660504","0.5423015099925261"
"a2","0.5833333333333334","0.7762059035335216","0.8774383511225616","0.3622022127982175","0.5428650781714507","0.7961086585655217","0.7420992063492065","0.581028372068873","0.6875","0.7422906971187951","0.8","0.19955850075754056","0.6412199930850552","0.8018219229654131","0.8298930198726395","0.666590146299515","0.567008045859614"
"a4","0.38333333333333336","0.6570796286366027","0.7769721506563612","0.22616842853366528","0.3208849093632343","0.5687739946265806","0.3580833550944388","0.33799818796122283","0.2791666666666666","0.5312850240719265","0.475","0.16954547523558464","0.1476130231434839","0.48916754073553814","0.467766292872225","0.3860503140792978","0.4534038778076967"
