Similarity Measures,noun_path,noun_lch,noun_wup,noun_res,noun_jcn,noun_lin,noun_lesk,noun_vector,verb_path,verb_lch,verb_wup,verb_res,verb_jcn,verb_lin,verb_lesk,verb_vector,word2vec,Average
Antecedent,0.25,0.6102881071881849,0.7272727272727273,0.19870183274943498,0.12310217910344816,0.4629132643386823,0.310279901250863,0.238615214965941,0.5,0.6953155025784209,0.6666666666666666,0.1624657909381155,0.36054380666553554,0.6870798190319967,1.0,0.7391621748532791,0.3859124960842657,0.47754820492279781
a3,0.14285714285714285,0.4585854890810465,0.625,0.11689201912998942,0.0901542657235283,0.2930047750350632,0.170571169644328,0.275025323964402,0.5,0.6953155025784209,0.6666666666666666,0.1624657909381155,0.36054380666553554,0.6870798190319967,1.0,0.800364168190165,0.45006838968637963,0.44085848995251653
a2,0.14285714285714285,0.4585854890810465,0.5,0.11520039815599713,0.09197773428673515,0.2971699859470029,0.22267316017316,0.290869308447473,0.0,0.0,0.0,0.0,0.0,0.0,0.0,0.0,0.3027546950218412,0.14247575964531758
a4,0.14285714285714285,0.4585854890810465,0.5882352941176471,0.14310764134388926,0.08662479624498497,0.3309597872047609,0.301269841269841,0.183364464860807,0.25,0.5074147244169241,0.4,0.1280126104909828,0.13587731131404823,0.4053169224010616,0.3096969663408735,0.3700659124196515,0.35292162180930464,0.29966532506899801
