"Similarity Measures","noun_path","noun_lch","noun_wup","noun_res","noun_jcn","noun_lin","noun_lesk","noun_vector","verb_path","verb_lch","verb_wup","verb_res","verb_jcn","verb_lin","verb_lesk","verb_vector","word2vec"
"a1","0.3866402116402116","0.6143563891032814","0.6877289377289377","0.26688840189359003","0.33568629815040774","0.5348926144808179","0.555220816427718","0.4035335929184182","0.6874999999999999","0.7480478007538691","0.8055555555555556","0.2668650226516315","0.6477042216337319","0.761132628357993","0.722123135459767","0.6928081635032927","0.5894523816152861"
"a3","0.24137566137566133","0.5479187277126161","0.6584975310207507","0.1963974036044083","0.1772135007074211","0.46512292172580033","0.5193231012249748","0.2941955539499509","0.24702380952380953","0.49820013078861886","0.40624999999999994","0.06579487410090738","0.09910108588873569","0.18555599713103815","0.370208621035827","0.3214992603287265","0.46659521315108277"
"a2","0.0","0.0","0.0","0.0","0.0","0.0","0.0","0.0","0.3541666666666667","0.5991399571327206","0.6041666666666666","0.11050273711185152","0.2525008938488954","0.34209621650075966","0.35623307015111283","0.40222103316517144","0.3062034541494897"
"Antecedent","1.0","0.9860896635111783","1.0","0.48134384681661785","1.0","1.0","1.0","0.9999999999999996","1.0","0.8832162807399176","1.0","0.41216517434248057","1.0","1.0","1.0","1.0","1.0"
"a4","0.13558441558441559","0.4333711615411609","0.4465086547439488","0.09245908904377516","0.06732091761153841","0.19220373816515626","0.15393817887232525","0.12369463846241523","0.0","0.0","0.0","0.0","0.0","0.0","0.0","0.0","0.37213881702694235"
