Similarity Measures,noun_path,noun_lch,noun_wup,noun_res,noun_jcn,noun_lin,noun_lesk,noun_vector,verb_path,verb_lch,verb_wup,verb_res,verb_jcn,verb_lin,verb_lesk,verb_vector,word2vec,Average
Antecedent,0.2886904761904762,0.6018771585020479,0.6562154348919056,0.1809325830530264,0.4269166767672704,0.5087943379066939,0.5331272680006652,0.3916990145852507,0.30666666666666664,0.5577053117732046,0.5333333333333333,0.18098799382882064,0.24622660769885368,0.464573755922334,0.606068094363549,0.33013749525198516,0.36612904832071874,0.42235772100334135
a3,0.1730654761904762,0.4955706770364454,0.5748626373626373,0.1850490505847431,0.15508522474655384,0.4831705742046851,0.3168550984430777,0.23916550223378624,0.32333333333333336,0.5640911197732252,0.5698412698412698,0.2763303445925562,0.5388988232960805,0.7747810271746598,0.783984545726508,0.4304840292618236,0.385571642333559,0.42765531624326003
a2,0.21577380952380953,0.5558642926545665,0.6359239799158529,0.17510058728581349,0.21257206786592447,0.5283858782271825,0.5724807348073551,0.42117696756955764,0.3,0.5386090720492027,0.5482539682539682,0.15842388496910653,0.4668353070315406,0.5475702870478211,0.508341428922677,0.38798344977120214,0.30125597791345055,0.41615009963582539
a4,0.15153769841269843,0.45615679993874414,0.4847179781003311,0.1452171143600503,0.08736157562502557,0.3250190475525685,0.3478294594570254,0.2320872936354615,0.30666666666666664,0.5577053117732046,0.5809523809523809,0.258570111028564,0.20524811856847455,0.6207545724099622,0.3890178217751746,0.3266446314707025,0.2979848092745291,0.33961596417656253
