Similarity Measures,noun_path,noun_lch,noun_wup,noun_res,noun_jcn,noun_lin,noun_lesk,noun_vector,verb_path,verb_lch,verb_wup,verb_res,verb_jcn,verb_lin,verb_lesk,verb_vector,word2vec,Average
Antecedent,0.14214285714285713,0.45025053286417743,0.5649893965683439,0.13172520910272148,0.08887824950151628,0.3011928933745362,0.32618858904877457,0.26586126981798774,0.5,0.6953155025784209,0.6666666666666666,0.16771115962443803,0.3593203163726423,0.6473275122682216,1.0,0.741765773852087,0.45621237261643405,0.44150284125881323
a3,0.0,0.0,0.0,0.0,0.0,0.0,0.0,0.0,0.0,0.0,0.0,0.0,0.0,0.0,0.0,0.0,0.3439642874535337,0.020233193379619627
a2,0.345,0.6115739390956542,0.703641456582633,0.2770244378049928,0.30375947711091816,0.5906476194327647,0.44928826196939886,0.3929225344453306,0.5,0.6953155025784209,0.6666666666666666,0.18757620247277026,0.37132516888320616,0.735407302100267,1.0,0.483373537041781,0.33699085773394305,0.50885370375992622
a4,0.4872222222222223,0.6669645025444861,0.7382352941176471,0.3424404015160984,0.48455416305654414,0.7297747399592469,0.5669031612353767,0.5381698346582869,0.5,0.6953155025784209,0.6666666666666666,0.16771115962443803,0.17820132621631304,0.5439182008690615,1.0,0.699655738664214,0.2926774687516261,0.54696531662827341
