"Similarity Measures","noun_path","noun_lch","noun_wup","noun_res","noun_jcn","noun_lin","noun_lesk","noun_vector","verb_path","verb_lch","verb_wup","verb_res","verb_jcn","verb_lin","verb_lesk","verb_vector","word2vec"
"Antecedent","0.48214285714285715","0.6789547265844101","0.7826510721247564","0.29683744013461744","0.554465423305006","0.6889991103562018","0.7019516695567115","0.5243006417520751","0.6944444444444445","0.7526275886322358","0.7777777777777777","0.20137374331464145","0.6186129046444208","0.7250578688995658","0.884761904761905","0.699498467004369","0.5473038820805245"
"a3","0.19999999999999998","0.5452488960575542","0.7320261437908497","0.2494859492517881","0.15534565611897821","0.5710990600452616","0.34996222008386835","0.26469254055127733","0.5416666666666667","0.6716748443982703","0.7045454545454546","0.15448712993939326","0.4676458377754227","0.6103215339670095","0.57547418600432","0.6172794897346957","0.4418831361410433"
"a2","0.0","0.0","0.0","0.0","0.0","0.0","0.0","0.0","0.0","0.0","0.0","0.0","0.0","0.0","0.0","0.0","0"
"a4","0.12566137566137567","0.4230988490357306","0.5469666499078264","0.1235589946907556","0.08428319883613328","0.27716321433090757","0.17714118315113647","0.1871046781568079","0.5416666666666667","0.6716748443982703","0.6722222222222222","0.14252976183515345","0.4629447658971397","0.5903992738424793","0.5486878259017566","0.5725239034005111","0.40194071296090716"
