Similarity Measures,noun_path,noun_lch,noun_wup,noun_res,noun_jcn,noun_lin,noun_lesk,noun_vector,verb_path,verb_lch,verb_wup,verb_res,verb_jcn,verb_lin,verb_lesk,verb_vector,word2vec,Average
a1,0.3284722222222222,0.6353612160482532,0.7310081688177662,0.23570290327054602,0.26736755181622845,0.5725881880063456,0.41143074643116995,0.42724032959603525,0.6527777777777778,0.7213107922719862,0.7333333333333334,0.22499050839303583,0.5972228946926396,0.6743097232378817,0.6852420033670032,0.6723749550515509,0.46527072044623513,0.53152964910470657
a3,0.2763888888888889,0.5797622090459245,0.7121786838892102,0.2282032752860257,0.2770382305430516,0.5539173430299099,0.4665929495592138,0.3234254960582233,0.3055555555555555,0.5594053038040551,0.5063492063492062,0.18435412979000557,0.30865130759901355,0.5811477022396617,0.4257919559640575,0.4096168444253255,0.38294995396298537,0.4165487668229596
a2,0.4481481481481482,0.6929539304736368,0.7959249900426371,0.28403518525265375,0.41376101380678043,0.6831645538863379,0.6227667589756677,0.5012127782288239,0.40277777777777773,0.627360403191238,0.7275613275613275,0.22707881295674695,0.1665504525968653,0.5382208912008954,0.663075151871448,0.5830508359322112,0.5604570320190869,0.52577059081895772
Antecedent,1.0,0.9860896635111783,1.0,0.4901778833663221,1.0,1.0,1.0,0.9999999999999992,1.0,0.8832162807399176,1.0,0.3833353226654687,1.0,1.0,1.0,1.0,1.0,0.92604818531075783
a4,0.1289992414992415,0.41609040498652927,0.4639041514041515,0.09228936416638552,0.06951733021505173,0.20216180327975072,0.14890218473075248,0.07340391540170609,0.5416666666666666,0.6716748443982702,0.6896825396825398,0.21526449120227878,0.4288814818031859,0.6116302087040338,0.7577876984126983,0.5855617504207605,0.316530832700318,0.3772911123337836
