"Similarity Measures","noun_path","noun_lch","noun_wup","noun_res","noun_jcn","noun_lin","noun_lesk","noun_vector","verb_path","verb_lch","verb_wup","verb_res","verb_jcn","verb_lin","verb_lesk","verb_vector","word2vec"
"a1","0.13839285714285715","0.449535949067457","0.5984126984126984","0.1309867103410969","0.07725218544344914","0.28376541734344984","0.348242322139209","0.2704606509484557","0.4666666666666666","0.6733325207622609","0.6333333333333333","0.1770537123733284","0.3669291755090792","0.6621132842896069","0.8457427586680065","0.630170854394259","0.34060401541059626"
"a3","0.3773809523809524","0.6237114795866028","0.7216202270381837","0.2898960210191005","0.3287424249326979","0.5643356544710344","0.4842736594734005","0.41795849826522746","0.31666666666666665","0.5698034196814812","0.5476190476190477","0.16539588149109857","0.1207391028486591","0.3908791566760648","0.334384594164006","0.25131527664655906","0.39319281218752855"
"Antecedent","0.3729166666666667","0.6146619395730132","0.7232542139662883","0.25418178819355625","0.346548489759558","0.589583937154755","0.5601917351149638","0.467487009371207","0.4666666666666666","0.6733325207622609","0.6333333333333333","0.15799203602396644","0.2503735004136785","0.5815208853878422","0.8507994987468672","0.630170854394259","0.44232796288020443"
"a4","0.11805555555555555","0.4064228090266362","0.5082934609250398","0.10351199418617209","0.07381569858084822","0.21730206921206785","0.20103223107424775","0.12612453619420189","0.5666666666666667","0.7109126763945601","0.7","0.19494320863393785","0.3667630840377066","0.6281952872988923","0.8435553002877564","0.6852217518470252","0.43578134343767544"
