"Similarity Measures","noun_path","noun_lch","noun_wup","noun_res","noun_jcn","noun_lin","noun_lesk","noun_vector","verb_path","verb_lch","verb_wup","verb_res","verb_jcn","verb_lin","verb_lesk","verb_vector","word2vec"
"a1","0.17559523809523808","0.5069580708644157","0.6479166666666667","0.13445091818927726","0.10343831528897199","0.31794232942096945","0.33556413663680523","0.1998453643807514","0.5","0.6953155025784209","0.7017543859649122","0.16129016540090174","0.19485903767545593","0.54967944489605","1.0","0.624713651836686","0.3482639389915241"
"Antecedent","0.10328282828282828","0.36971828447780425","0.33287545787545786","0.04237418055858254","1e-300","1.6909052384419412e-300","0.143639790676156","0.08125540326418082","0.5","0.6953155025784209","0.7017543859649122","0.16129016540090174","0.19485903767545593","0.54967944489605","1.0","0.624713651836686","0.3593334571569819"
"a2","0.1304563492063492","0.4325041490538414","0.5000875350140056","0.10780779202260855","0.08004726267893775","0.2471049481026251","0.31012469710616","0.12739272606808877","0.25","0.5074147244169241","0.4","0.0926443414753936","0.09107830381959686","0.21577808267255014","0.23814991558280152","0.16221905346667598","0.3458014575785943"
"a4","0.15555555555555556","0.4701279283366928","0.5166666666666666","0.09732493914338562","0.06910998325217003","0.20204253958564686","0.22627231152338176","0.11119257664935306","0.5","0.6953155025784209","0.7333333333333334","0.16129016540090174","0.19889445041383821","0.5539203179089421","1.0","0.624713651836686","0.26629560310898426"
