Similarity Measures,noun_path,noun_lch,noun_wup,noun_res,noun_jcn,noun_lin,noun_lesk,noun_vector,verb_path,verb_lch,verb_wup,verb_res,verb_jcn,verb_lin,verb_lesk,verb_vector,word2vec,Average
a1,0.1715986394557823,0.48374376415764025,0.6227175485578847,0.15450936742175345,0.12141840036978964,0.4044953007725578,0.32266556247621503,0.3626477881015271,0.3625,0.5862424786123267,0.5166666666666666,0.09378810123638513,0.15079584250345393,0.3078107895653034,0.6491832701460032,0.25544119159099926,0.4505944758300224,0.35393054043907712
a3,0.2558441558441558,0.5958936401717941,0.6725020077961255,0.20412431411828447,0.1449194091095393,0.5152171464931582,0.6560174014100862,0.3087291870365504,0.7083333333333333,0.7617871643889691,0.8611111111111112,0.2038649357512874,0.634989473731886,0.8385720769958719,0.8125,0.7891224865594395,0.31683902012915,0.5459039331753377
a2,0.6904761904761905,0.8361726920985664,0.9150186390345613,0.34278796392337835,0.7440835727545254,0.8684065369242945,0.7518747171456531,0.7170916080654929,0.35416666666666663,0.5933828534976465,0.475,0.16926699123805106,0.3464394171479963,0.6342233893614855,0.5655178140096621,0.42994979123886373,0.5495398939011491,0.58725874926377553
Antecedent,1.0,0.9860896635111783,1.0,0.4258332241649559,1.0,1.0,1.0,0.9999999999999989,1.0,0.8832162807399176,1.0,0.3323638062398631,1.0,1.0,1.0,1.0,1.0,0.91926488086211267
a4,0.32040816326530613,0.6118164328441279,0.7285714285714286,0.24786256471477433,0.3032378212880178,0.6288494256715152,0.5828054028059608,0.4011194114497528,0.7083333333333333,0.7617871643889691,0.8611111111111112,0.2119174841393744,0.634989473731886,0.8385720769958719,0.8155807260920898,0.7891224865594395,0.572301566044202,0.58931682782395056
