Similarity Measures,noun_path,noun_lch,noun_wup,noun_res,noun_jcn,noun_lin,noun_lesk,noun_vector,verb_path,verb_lch,verb_wup,verb_res,verb_jcn,verb_lin,verb_lesk,verb_vector,word2vec,Average
Antecedent,0.5727272727272728,0.7145091662604756,0.7986111111111112,0.3140977252242495,0.5315247705421738,0.6134109202066578,0.628102393744105,0.6756166026454671,0.611111111111111,0.7213107922719865,0.8055555555555555,0.274267726681154,0.7864401054575474,0.8927100516088956,1.0,0.6450989107839963,0.5363507822934311,0.65420264695442298
a3,0.35654761904761906,0.5767362850462285,0.6395833333333333,0.20027457430659704,0.3135288292087537,0.4893441519517148,0.3732992980582903,0.3609095765674805,0.5277777777777778,0.6586771995514874,0.6333333333333333,0.11666298819057996,0.4862211561259618,0.5491091707560739,0.5877314814814817,0.578287883037812,0.4964584705560952,0.4673225369606247
a2,0.35654761904761906,0.5767362850462285,0.6395833333333333,0.20027457430659704,0.3135288292087537,0.4893441519517148,0.3732992980582903,0.3609095765674805,0.5277777777777778,0.6586771995514874,0.6333333333333333,0.11666298819057996,0.4862211561259618,0.5491091707560739,0.5877314814814817,0.578287883037812,0.5115804388358132,0.4682120645064905
a4,0.16666666666666669,0.490466280721573,0.6130417956656347,0.2189566512046382,0.10869872411514381,0.3818207194216381,0.25443284610624173,0.34602353103295824,0.5277777777777778,0.6586771995514874,0.6333333333333333,0.11666298819057996,0.4862211561259618,0.5491091707560739,0.5877314814814817,0.578287883037812,0.4562194294237582,0.42200750791839764
