"Similarity Measures","noun_path","noun_lch","noun_wup","noun_res","noun_jcn","noun_lin","noun_lesk","noun_vector","verb_path","verb_lch","verb_wup","verb_res","verb_jcn","verb_lin","verb_lesk","verb_vector","word2vec"
"Antecedent","0.4305555555555556","0.6362833968817504","0.7345399698340875","0.2815949545009284","0.39043767235973287","0.5986884582706034","0.50454012445434","0.5184088326855273","0.3125","0.5659041262274465","0.5702380952380952","0.18632121022494363","0.1375288562153134","0.47608303011617253","0.40255277130277123","0.4992043107393078","0.5115508174946753"
"a3","1.0","0.9860896635111785","1.0","0.469980824408748","1.0","1.0","1.0","1.0","1.0","0.8832162807399176","1.0","0.4485006505668093","1.0","1.0","1.0","1.0","1.0"
"a2","0.16666666666666666","0.48716397492630253","0.5628815628815629","0.1587372449883466","0.10525638109529085","0.354356748329141","0.22818006027308502","0.30893018042681036","0.49999999999999994","0.6598545153081949","0.6666666666666666","0.19939986457313702","0.34436605599115655","0.5545120285370855","0.8731027379053695","0.7386692870167747","0.3910729058471042"
"a4","0.44166666666666665","0.6527581867282227","0.7516339869281046","0.2815949545009284","0.3999735056227142","0.6177318262467434","0.5135586635586633","0.537471273278172","0.3125","0.5659041262274465","0.5702380952380952","0.18632121022494363","0.1375288562153134","0.47608303011617253","0.40255277130277123","0.4992043107393078","0.5115508174946753"
