"Similarity Measures","noun_path","noun_lch","noun_wup","noun_res","noun_jcn","noun_lin","noun_lesk","noun_vector","verb_path","verb_lch","verb_wup","verb_res","verb_jcn","verb_lin","verb_lesk","verb_vector","word2vec"
"a1","0.2558201058201058","0.5332169401884003","0.6811451286167488","0.23818330943019234","0.2684672279102941","0.5182037642656682","0.4884655071200409","0.4169545937521367","0.0","0.0","0.0","0.0","0.0","0.0","0.0","0.0","0.16858303713798117"
"a3","0.2862433862433862","0.587051269569296","0.7299560174947172","0.25327078066304254","0.28740259640122995","0.6051151071335267","0.45333717449108046","0.35903895351883436","0.5625","0.6953155025784209","0.7722222222222223","0.2407668094455332","0.6216598534153138","0.7444097211184524","0.8209870537567455","0.6924703390113766","0.4486752376957235"
"Antecedent","0.32592592592592595","0.6283326513769337","0.7700506293385551","0.2750188950498165","0.38580064240170814","0.6810139475137006","0.5692437654571725","0.4254196659294977","0.5208333333333333","0.6678367753082207","0.6833333333333332","0.23208504711252903","0.6505506449010982","0.8135326296004237","0.7197699748281038","0.6652779247130247","0.559521330855043"
