"Similarity Measures","noun_path","noun_lch","noun_wup","noun_res","noun_jcn","noun_lin","noun_lesk","noun_vector","verb_path","verb_lch","verb_wup","verb_res","verb_jcn","verb_lin","verb_lesk","verb_vector","word2vec"
"a1","0.1789772727272727","0.4867735684439245","0.538003663003663","0.14410444222739716","0.1278042689853489","0.3708355050897869","0.4411731245911285","0.3117452185759665","0.0","0.0","0.0","0.0","0.0","0.0","0.0","0.0","0.18435675900558682"
"a3","0.17152777777777778","0.4932328232220647","0.5997162022703818","0.15909528430581074","0.09284737676366898","0.36410592761123395","0.34712282939491573","0.23494741550854234","0.5208333333333333","0.6678367753082208","0.6493055555555556","0.23035895284628893","0.39263760689120863","0.6635668977634007","0.8389136904761905","0.6038680523435572","0.39795200961799926"
"Antecedent","0.0","0.0","0.0","0.0","0.0","0.0","0.0","0.0","0.5416666666666666","0.6873332425783949","0.7892857142857144","0.2592755607055876","0.7852149388725158","0.8711010630651664","0.9428977272727272","0.7232290632254558","0.3394617954590546"
"a4","0.1259920634920635","0.4154723490402258","0.49313725490196075","0.11483338386900482","0.10575260115198656","0.3181520572617617","0.2747660147348425","0.08398999716365335","0.3125","0.5543899189572983","0.5345238095238095","0.17623299516856034","0.12386588258603223","0.46021766281176923","0.4753221163756878","0.4829164689516593","0.2929317422608983"
