Similarity Measures,noun_path,noun_lch,noun_wup,noun_res,noun_jcn,noun_lin,noun_lesk,noun_vector,verb_path,verb_lch,verb_wup,verb_res,verb_jcn,verb_lin,verb_lesk,verb_vector,word2vec,Average
Antecedent,0.20136054421768707,0.5469896577864579,0.6828500822485785,0.22318976334917678,0.12163110939916441,0.49622988958143033,0.3677093563999313,0.2776455529119367,0.3333333333333333,0.5854005934976205,0.5,0.07016328488173927,0.2509429419205106,0.3236637561341108,0.362638888888889,0.4578147768287085,0.3549880308379082,0.36215009189512848
a3,0.11672850958565247,0.3904012736437462,0.40823175424015756,0.08547215996383183,0.0731286741447548,0.18267841077263094,0.22960019510095211,0.27026728663289173,0.0,0.0,0.0,0.0,0.0,0.0,0.0,0.0,0.12501188480520084,0.11067765581704814
a2,0.33095238095238094,0.6309889026395316,0.7478431564013166,0.23653086862293335,0.23847710485763046,0.5222965365175234,0.43981682840678377,0.3747102632986047,1.0,0.8832162807399176,1.0,0.36002314482217457,1.0,1.0,1.0,1.0,0.44710769097895636,0.6595272446022209
a4,0.3074829931972789,0.5917255116862462,0.731452581032413,0.23705363111780797,0.24907561425689276,0.5319644244741184,0.4536034855754956,0.37483530886556043,0.41666666666666663,0.6403580480380207,0.5833333333333333,0.2608289011370365,0.2656499618662398,0.6936785116865003,1.0,0.7436233928056895,0.3784389772775835,0.49763360841275778
