"Similarity Measures","noun_path","noun_lch","noun_wup","noun_res","noun_jcn","noun_lin","noun_lesk","noun_vector","verb_path","verb_lch","verb_wup","verb_res","verb_jcn","verb_lin","verb_lesk","verb_vector","word2vec"
"a1","0.35666666666666663","0.6137871730960475","0.7095238095238094","0.17976145448136396","0.3011024266570774","0.5018035122307106","0.45874306033442097","0.37337647698044857","0.38888888888888884","0.6220388965245539","0.7411764705882353","0.34736643933447403","0.6926123716551134","0.8688960540034699","0.7926954732510287","0.6797459881439193","0.45449341964901435"
"a3","0.24833333333333335","0.5918041912798875","0.7254906497011759","0.23870856516231603","0.16889513332427847","0.5617244370996889","0.4872674200894053","0.2813355800946252","0.3333333333333333","0.5854005934976205","0.5","0.23334628855756034","0.16074010637019362","0.568430867588228","0.5640577179327814","0.48790034101223867","0.4888823324059719"
"Antecedent","0.40151515151515155","0.661797098721974","0.7340259740259739","0.2071713477190013","0.3217397551690899","0.5358727714022108","0.6194256308508096","0.4162897004740037","0.38888888888888884","0.622038896524554","0.7222222222222222","0.22213652661146155","0.26258820413567396","0.6401379898584248","0.6153878153515837","0.7503862227236041","0.48573025270974246"
"a4","0.18523809523809526","0.5082863382100211","0.6513100934153565","0.17562457220906852","0.09898303842821801","0.3888275010747316","0.257514435787523","0.37274076072539336","0.4444444444444444","0.6586771995514874","0.6","0.2737056943909843","0.3590499008728721","0.7795647327265097","0.8409636488340193","0.5081728820831634","0.5275000092672795"
