Similarity Measures,noun_path,noun_lch,noun_wup,noun_res,noun_jcn,noun_lin,noun_lesk,noun_vector,verb_path,verb_lch,verb_wup,verb_res,verb_jcn,verb_lin,verb_lesk,verb_vector,word2vec,Average
Antecedent,0.1576278659611993,0.47313578642004583,0.6145030871373582,0.22542212737624265,0.10817946128049213,0.4479182381953589,0.1974415965574833,0.16526485885731435,0.5277777777777778,0.6899939959117369,0.6666666666666666,0.146075797435695,0.3606458815909755,0.5802830019309879,0.7459294871794873,0.598341088279549,0.3984341562724575,0.41786122793122515
a3,0.14334215167548503,0.43735854877700914,0.44094294269732875,0.1178007328323779,0.07680849789380709,0.22525044297478525,0.21485713484458546,0.17208312257768557,0.0,0.0,0.0,0.0,0.0,0.0,0.0,0.0,0.4683708002517948,0.135106727913227
a2,0.19131393298059962,0.5210041725127559,0.6698343948601947,0.23305711242765995,0.11821429127818608,0.4804361479187865,0.4095131866097501,0.3353301633418861,0.3611111111111111,0.6037197450110873,0.7083333333333334,0.2506971815138744,0.35395763886785386,0.704343278819001,0.5080341021022526,0.5521762756625094,0.4416594018786646,0.43780796883702977
a4,0.16860670194003527,0.49193555838076264,0.6615774724470377,0.24979684324766727,0.12770739374049467,0.51616317353363,0.2936531034065335,0.34101643138399873,0.5833333333333334,0.7029916407585196,0.8014619883040934,0.30780998807710125,0.6392285627011695,0.8712838262990973,0.9037581699346404,0.774339788393294,0.41143534703045054,0.52035878370069755
