"Similarity Measures","noun_path","noun_lch","noun_wup","noun_res","noun_jcn","noun_lin","noun_lesk","noun_vector","verb_path","verb_lch","verb_wup","verb_res","verb_jcn","verb_lin","verb_lesk","verb_vector","word2vec"
"Antecedent","0.0","0.0","0.0","0.0","0.0","0.0","0.0","0.0","0.0","0.0","0.0","0.0","0.0","0.0","0.0","0.0","0.22421151358243208"
"a3","0.42070707070707064","0.656312963008333","0.7179148836902848","0.24403530218280853","0.3556690446227254","0.5653686113042674","0.5184846680939187","0.4580937845372821","0.611111111111111","0.7213107922719865","0.7666666666666666","0.23431342081535336","0.7864401054575474","0.87184961175715","1.0","0.714744023035787","0.5057079602904246"
"a2","0.2536075036075036","0.5555982150184631","0.6825757575757576","0.2133750686127651","0.18785150863630395","0.4684351162300567","0.350150140175632","0.3274096051634924","0.3333333333333333","0.5854005934976205","0.5384615384615384","0.1985640495930474","0.21084757842849813","0.5716497495050904","0.75","0.5153374018022226","0.41581458683192446"
