"Similarity Measures","noun_path","noun_lch","noun_wup","noun_res","noun_jcn","noun_lin","noun_lesk","noun_vector","verb_path","verb_lch","verb_wup","verb_res","verb_jcn","verb_lin","verb_lesk","verb_vector","word2vec"
"Antecedent","0.3333333333333333","0.6492810417285331","0.7948717948717949","0.29614783134933786","0.548703421994361","0.7226302190269648","0.1811609114700515","0.17798961845601846","1.0","0.8832162807399176","1.0","0.5122677237150379","1.0","1.0","1.0","1.0","0.46327446567274844"
"a3","0.12698412698412698","0.4245218890538154","0.4857142857142857","0.1378256623044976","0.08230367121557404","0.3114334172307749","0.13851332801963065","0.183173487482615","0.25","0.5074147244169241","0.4","0.1705406542153321","0.10780079185607684","0.35473651577583626","0.350324675324675","0.314277411730813","0.4025489775724311"
"a2","0.18055555555555555","0.5003731981073846","0.6210526315789473","0.21423891067784967","0.35946573702820994","0.5422215878490235","0.17648518391939472","0.09767909736857344","0.25","0.5074147244169241","0.4","0.0","0.10780079185607684","0.0","0.350324675324675","0.314277411730813","0.32555721581095837"
"a4","0.1875","0.5163377181074366","0.687719298245614","0.24059622567598443","0.3686032836152972","0.6103500668973523","0.17568642776976134","0.2070993263693774","0.25","0.5074147244169241","0.4444444444444444","0.2560882556617685","0.13336487681653186","0.576782853671616","0.436062378167641","0.343111970011188","0.33872588182309304"
