"Similarity Measures","noun_path","noun_lch","noun_wup","noun_res","noun_jcn","noun_lin","noun_lesk","noun_vector","verb_path","verb_lch","verb_wup","verb_res","verb_jcn","verb_lin","verb_lesk","verb_vector","word2vec"
"Antecedent","0.41919191919191917","0.6075075439971024","0.6507936507936508","0.19979043241105413","0.39324002018183846","0.4781759365910642","0.43850676734340094","0.44215952183831053","0.75","0.7579490952989199","0.8666666666666667","0.3120681761879219","0.7609121634469722","0.9214636486171495","0.8875000000000001","0.7940774326880436","0.48625422040302446"
"a3","0.16666666666666666","0.48716397492630253","0.5025641025641026","0.11842656697509024","0.10455007476739538","0.3065480859478453","0.1846662388017207","0.17855962052339547","0.75","0.7579490952989199","0.8666666666666667","0.3120681761879219","0.7609121634469722","0.9214636486171495","0.811868686868687","0.7763384498862838","0.3739498666904264"
"a2","0.09417989417989418","0.3410132631438129","0.37815126050420167","0.07931853317012624","0.05938143083221801","0.16196176519961017","0.09103535139199732","0.11628425223543637","0.27777777777777773","0.5334100141104896","0.4481481481481482","0.0680995665082015","0.08487640897824415","0.1442997386036981","0.23907097568713734","0.3415622357249577","0.297232224215657"
"a4","0.48333333333333334","0.7153917794487216","0.7757575757575758","0.3420791556762701","0.4378676508859341","0.6421851475501031","0.26119909057232266","0.5706399729486653","0.3611111111111111","0.5960436068309886","0.5222222222222223","0.13127931425683212","0.31619961872468494","0.5110853269631662","0.6751475376475377","0.5276801278017004","0.5118766552679781"
