Similarity Measures,noun_path,noun_lch,noun_wup,noun_res,noun_jcn,noun_lin,noun_lesk,noun_vector,verb_path,verb_lch,verb_wup,verb_res,verb_jcn,verb_lin,verb_lesk,verb_vector,word2vec,Average
a1,0.10416666666666666,0.367429874486288,0.39271255060728744,0.055737336140892865,0.06272241703016457,0.11252367901355496,0.0752518315018315,0.059115427894473854,0.0,0.0,0.0,0.0,0.0,0.0,0.0,0.0,0.08748628993097271,0.077479180780713683
Antecedent,0.23809523809523808,0.5734297326749639,0.755656108597285,0.29427797384993126,0.5246764512804801,0.6432562895158254,0.6270133305847589,0.456040718754102,0.0,0.0,0.0,0.0,0.0,0.0,0.0,0.0,0.2752044574694933,0.2580970765189457
