Similarity Measures,noun_path,noun_lch,noun_wup,noun_res,noun_jcn,noun_lin,noun_lesk,noun_vector,verb_path,verb_lch,verb_wup,verb_res,verb_jcn,verb_lin,verb_lesk,verb_vector,word2vec,Average
Antecedent,0.20952380952380953,0.5600199547244229,0.6639676113360323,0.19057649937301718,0.11590660695966189,0.4323595087475037,0.31536308805914987,0.2941632771044858,0.5208333333333333,0.6678367753082207,0.6833333333333332,0.2049063272894534,0.3432951318827784,0.5027706389239888,0.6179605864681295,0.5213680822293318,0.3996854061792353,0.42610999828093454
a3,0.1886621315192744,0.5242269036978554,0.6435006170300287,0.19692734855156027,0.12054938135037287,0.46319289615954495,0.24329994751873185,0.31406784815180044,0.3125,0.5659041262274465,0.4928571428571429,0.05107467488115112,0.13756955798384776,0.16460963521111838,0.203946309214109,0.30202454186907324,0.39625622036366775,0.31300995779921914
a2,0.21564625850340133,0.5597113776554098,0.7110812856611177,0.2129392762762799,0.12267026173643616,0.47691637966256806,0.4034108372326614,0.34166308319566413,0.47916666666666663,0.6403580480380208,0.6416666666666666,0.15534361629809668,0.3887113958059464,0.5732328576991691,0.7109650678249727,0.6610600149010425,0.4472264774243335,0.45539821007343845
a4,0.2204081632653061,0.5667720018753264,0.6870308263165407,0.1903761252622042,0.12254434285731415,0.4313740754285261,0.3676677629209407,0.30967165352217646,0.47916666666666663,0.6403580480380208,0.6416666666666666,0.14167802735803292,0.38079406430223545,0.5449661226467285,0.709027820792161,0.6610600149010425,0.3887066419247302,0.44019229557321293
