"Similarity Measures","noun_path","noun_lch","noun_wup","noun_res","noun_jcn","noun_lin","noun_lesk","noun_vector","verb_path","verb_lch","verb_wup","verb_res","verb_jcn","verb_lin","verb_lesk","verb_vector","word2vec"
"a1","0.11688311688311688","0.39732262972689525","0.5","0.17544773047098267","0.10386527227780276","0.41659490171441727","0.22529988692269348","0.2326481210074855","0.6666666666666667","0.7343084371187691","0.7678571428571428","0.2444884414290988","0.5600916131732048","0.7206272902378686","0.6517851691958835","0.668366761810188","0.4681740047466787"
"a3","0.14166666666666666","0.4311349937963446","0.4666666666666667","0.13978580586242334","0.10746222178438133","0.33098821121231325","0.2092865769496205","0.27423003826674497","0.37499999999999994","0.6128793207678206","0.575","0.13391124881276723","0.42884322483828663","0.5704304625036737","0.582287585327918","0.4898937150740612","0.3908386391285821"
"Antecedent","0.5833333333333334","0.7432314308092816","0.8076923076923077","0.27764633247294634","0.5636421188649664","0.7474151100948357","0.6763655462184874","0.635562116235248","0.37499999999999994","0.6128793207678206","0.5625","0.21738243599543117","0.15631691060636177","0.5482907635744966","0.6639601139601137","0.4983691190983984","0.4332109380249029"
"a4","0.11309523809523808","0.38552895451346714","0.4458333333333333","0.07338754711268168","0.08023994635064079","0.17669639916201874","0.2297474207890875","0.2326481210074855","0.0","0.0","0.0","0.0","0.0","0.0","0.0","0.0","0.4091699301596347"
