Similarity Measures,noun_path,noun_lch,noun_wup,noun_res,noun_jcn,noun_lin,noun_lesk,noun_vector,verb_path,verb_lch,verb_wup,verb_res,verb_jcn,verb_lin,verb_lesk,verb_vector,word2vec,Average
a1,0.0,0.0,0.0,0.0,0.0,0.0,0.0,0.0,0.0,0.0,0.0,0.0,0.0,0.0,0.0,0.0,0,0.0
a3,0.3857142857142857,0.6360675719714569,0.7583916083916085,0.31089091805136915,0.3718560648467724,0.6838015436234959,0.6236783332886487,0.5058575113351538,0.5333333333333333,0.6889296945784,0.711111111111111,0.18973468419309464,0.5449275816602487,0.723394366511827,0.6033506085203807,0.5664595664184134,0.4146381340986263,0.5442433480969544
a2,0.0,0.0,0.0,0.0,0.0,0.0,0.0,0.0,0.5,0.66694671276224,0.6,0.16291735474112978,0.4127069269150082,0.6005446627806139,0.49872294577850146,0.5107322241677758,0.39942294687489627,0.25599963376589208
Antecedent,1.0,0.9860896635111784,1.0,0.44888643064025874,1.0,1.0,1.0,0.9999999999999968,1.0,0.8832162807399178,1.0,0.3263603660420006,1.0,1.0,1.0,1.0,1.0,0.92026780829019728
a4,0.14166666666666666,0.4434910861811988,0.5217105263157895,0.13796058106593903,0.1329345272324883,0.3698950299385607,0.2791168890577895,0.32819957824289825,0.5333333333333334,0.6889296945784003,0.7787878787878787,0.2369162213241994,0.6251700718644339,0.8313908931423978,0.6876129153834781,0.5707266832286594,0.3915112090597573,0.45290316384728641
