"Similarity Measures","noun_path","noun_lch","noun_wup","noun_res","noun_jcn","noun_lin","noun_lesk","noun_vector","verb_path","verb_lch","verb_wup","verb_res","verb_jcn","verb_lin","verb_lesk","verb_vector","word2vec"
"Antecedent","0.0","0.0","0.0","0.0","0.0","0.0","0.0","0.0","0.35185185185185186","0.597613361173265","0.5333333333333333","0.1960935119103881","0.3918084921320766","0.638174215984341","0.6069287974826332","0.44835152245764626","0.37180713601650167"
"a3","0.15292176147439304","0.3765944489535977","0.42413040985527184","0.10590311501985898","0.08922617167491054","0.24196834022957361","0.30920469830865377","0.21353406373942505","0.537037037037037","0.6882201603561756","0.7092592592592593","0.15064069450717016","0.5590198624285141","0.647959783671889","0.706647206959707","0.624425784518629","0.30284544963781457"
"a2","0.17129629629629628","0.4873755532606019","0.6635779395370188","0.17975353421934856","0.08605449072803069","0.35536590525108086","0.1781715377909934","0.19601456722323488","0.7222222222222222","0.7630665207523191","0.8574074074074074","0.22600755003285564","0.7253835607638053","0.7896527267929554","0.9324652777777778","0.7647043973845248","0.4719429682431864"
"a4","0.13816137566137565","0.43901238213906546","0.6258570819632202","0.14801571660298216","0.08473779523515779","0.3116191391838916","0.20049673148809344","0.10385694973472753","0.537037037037037","0.6882201603561756","0.7277777777777777","0.22462759998923262","0.5742021635344343","0.7394420980095437","0.7702638611086328","0.6922183658937788","0.3982633810595567"
