"Similarity Measures","noun_path","noun_lch","noun_wup","noun_res","noun_jcn","noun_lin","noun_lesk","noun_vector","verb_path","verb_lch","verb_wup","verb_res","verb_jcn","verb_lin","verb_lesk","verb_vector","word2vec"
"a1","0.225","0.5800428374174932","0.696969696969697","0.2704701411942907","0.16927787762499266","0.6191738443247591","0.39036153900934545","0.2430324781897895","1.0","0.8832162807399176","1.0","0.3916776624243071","1.0","1.0","1.0","1.0","0.546543283467808"
"a3","0.225","0.5800428374174932","0.7543859649122806","0.27312560602545743","0.1528413518855457","0.5713261017877129","0.2568704780944365","0.2917982269445135","0.41666666666666663","0.6403580480380207","0.6666666666666666","0.18125934646546712","0.39489529351433705","0.687657128336095","0.8097351366582135","0.7076712451995055","0.399289520986723"
"Antecedent","0.08712121212121213","0.3242660951593159","0.2761904761904762","0.035033666147897935","0.07498394761617866","0.08207132324142612","0.16219578829227949","0.08202626615233574","0.6666666666666666","0.7343084371187691","0.75","0.2992217325355706","0.589528790991429","0.7641395290592876","0.8097351366582135","0.7776876826433575","0.45338973615797695"
"a4","0.225","0.5800428374174932","0.6571428571428571","0.1952558763043394","0.1528413518855457","0.48647105585411077","0.3450487012987015","0.2917982269445135","0.3333333333333333","0.5854005934976205","0.65","0.19978577266160136","0.3550464843910558","0.6310121939291169","0.767032967032967","0.564331225195855","0.3211217902360313"
