"Similarity Measures","noun_path","noun_lch","noun_wup","noun_res","noun_jcn","noun_lin","noun_lesk","noun_vector","verb_path","verb_lch","verb_wup","verb_res","verb_jcn","verb_lin","verb_lesk","verb_vector","word2vec"
"a1","0.16269841269841268","0.4857324417562295","0.5877363377363377","0.16998902473652078","0.10224398281352304","0.4012660275737188","0.24762188157581713","0.2279667363911929","0.0","0.0","0.0","0.0","0.0","0.0","0.0","0.0","0.05424227649235652"
"a3","0.11435185185185186","0.396902309179543","0.49004753416518115","0.14347607373713286","0.09172874996361668","0.33611613768747933","0.27774440773670317","0.17687260553880438","0.6916666666666667","0.7109126763945601","0.7444444444444445","0.15386275083765252","0.6880572157545772","0.7294655024536443","0.739452614379085","0.730051405748144","0.39046552772494797"
"Antecedent","0.12150673400673402","0.404203502578691","0.4089169000933707","0.09957232249761361","0.07892133692349525","0.22231440102580402","0.18751399092405338","0.13836000726164824","0.6916666666666667","0.7109126763945601","0.7444444444444445","0.15386275083765252","0.6880572157545772","0.7294655024536443","0.739452614379085","0.730051405748144","0.3729959932418801"
"a4","0.29537037037037034","0.5481647843141063","0.6123464770523595","0.1954271326373139","0.2603732469209541","0.49319326296272886","0.35956983653852204","0.3104705126739164","0.0","0.0","0.0","0.0","0.0","0.0","0.0","0.0","0.4783996967013912"
