"Similarity Measures","noun_path","noun_lch","noun_wup","noun_res","noun_jcn","noun_lin","noun_lesk","noun_vector","verb_path","verb_lch","verb_wup","verb_res","verb_jcn","verb_lin","verb_lesk","verb_vector","word2vec"
"Antecedent","0.0","0.0","0.0","0.0","0.0","0.0","0.0","0.0","0.29047619047619044","0.5433365725285529","0.44761904761904764","0.07661217764856","0.177335863924202","0.28244384546285195","0.38309520293602856","0.3515079362155854","0.29464401664865264"
"a3","0.11302031302031304","0.37509841504674096","0.4611378337954842","0.1194789175508164","0.07072491615702105","0.22402744582203207","0.16791311705731787","0.15887073864145465","0.0","0.0","0.0","0.0","0.0","0.0","0.0","0.0","0.10289521997309081"
"a2","0.12540120698015436","0.41518210559521435","0.5447848381856998","0.16469033450752654","0.10473887951954895","0.37248775711229704","0.25412303704228484","0.18007149616787405","0.0","0.0","0.0","0.0","0.0","0.0","0.0","0.0","0.11022109140774308"
"a4","0.14096035543403965","0.4434623325977658","0.5318164129065222","0.11009046749085971","0.07089556622470083","0.2270803406240133","0.24171413991877658","0.12956679972826085","0.3380952380952381","0.5747408322659245","0.5333333333333333","0.1309848555080976","0.16267500270357912","0.3580215349941144","0.5008552735056894","0.3199360822496166","0.1487977982653085"
