"Similarity Measures","noun_path","noun_lch","noun_wup","noun_res","noun_jcn","noun_lin","noun_lesk","noun_vector","verb_path","verb_lch","verb_wup","verb_res","verb_jcn","verb_lin","verb_lesk","verb_vector","word2vec"
"Antecedent","0.25666666666666665","0.6137871730960475","0.7699673202614379","0.2585593550745503","0.22184804122273985","0.6488561807932551","0.40194491968209733","0.3517741813530896","0.5833333333333333","0.714811969848595","0.7814327485380117","0.26087717059996074","0.5388834786617122","0.8310304304455873","0.9032512626262625","0.7291706532564831","0.41317109654185"
"a3","0.2333333333333333","0.5819193173720041","0.7175757575757575","0.22551272572237652","0.15685852790367455","0.5679601418378142","0.46511283331615844","0.3254259295417572","0.5833333333333333","0.714811969848595","0.7536549707602339","0.25601082999644487","0.6550649723682038","0.8832042253832015","0.7950220959595958","0.6350167681923142","0.3543237318046936"
"a2","0.25666666666666665","0.6137871730960475","0.768199643493761","0.23142176808893433","0.15654095720427033","0.5464360080253015","0.350957488721996","0.3536260454091022","0.41666666666666663","0.6403580480380207","0.6703216374269005","0.25601082999644487","0.5054294314635115","0.7966293410650482","0.7950220959595958","0.6109195171215335","0.3989431401310591"
"a4","0.14523809523809522","0.4608213086698384","0.534920634920635","0.1628295452154094","0.12278600533302571","0.41353375343176213","0.26136056886724324","0.28748449890328","0.41666666666666663","0.6403580480380207","0.6083333333333333","0.2578151707764272","0.36531642639100337","0.7284225756065325","0.6889967975494289","0.5378453598195915","0.3112530914174603"
