Similarity Measures,noun_path,noun_lch,noun_wup,noun_res,noun_jcn,noun_lin,noun_lesk,noun_vector,verb_path,verb_lch,verb_wup,verb_res,verb_jcn,verb_lin,verb_lesk,verb_vector,word2vec,Average
Antecedent,0.1471861471861472,0.4540985988211388,0.5916388192703983,0.16111770964749875,0.08309751417344904,0.3270672726273671,0.4106418417992206,0.2566044062895127,0.31944444444444436,0.5724029486508379,0.49523809523809526,0.03404978325410075,0.10001259209243317,0.07675690055005013,0.1915647447790305,0.31434296845690873,0.24949396387673023,0.28145639712690368
a3,0.18734567901234567,0.5180775623985198,0.661764705882353,0.1933866928540871,0.09005521228688834,0.38559703919129823,0.3176641641270006,0.15437519620975487,0.6527777777777778,0.7213107922719865,0.7571428571428571,0.17815163425790712,0.5741448799743653,0.6944195066695347,0.7503097872145491,0.6593019055052148,0.32156745739664905,0.45984663824547589
a2,0.21155202821869487,0.5520167121491171,0.6933945683945684,0.21306586218324516,0.0989358130684907,0.4201270539492244,0.4469675023353885,0.2715840221640803,0.6527777777777778,0.7213107922719865,0.7611111111111111,0.19657577644868193,0.5741448799743653,0.7402455926201518,0.7503097872145491,0.650781435279461,0.422430858274113,0.4927842102020592
a4,0.3232804232804233,0.6323546691607513,0.7713567296900631,0.27738419488511484,0.30129310799752757,0.6782771515761726,0.6269041338276504,0.5136244916441391,0.40277777777777773,0.627360403191238,0.6712121212121213,0.2059489263626254,0.5593773645151078,0.724083974429287,0.6732200691724501,0.566995550848718,0.39222612929857886,0.52633395405116146
