"Similarity Measures","noun_path","noun_lch","noun_wup","noun_res","noun_jcn","noun_lin","noun_lesk","noun_vector","verb_path","verb_lch","verb_wup","verb_res","verb_jcn","verb_lin","verb_lesk","verb_vector","word2vec"
"a1","0.1691919191919192","0.48224035855610453","0.5709064327485379","0.13757875458593774","0.09884755590637641","0.3447582510532366","0.3848471055088703","0.22782104201624953","0.3333333333333333","0.5854005934976205","0.7388888888888889","0.19456772031082067","0.26277111887871907","0.6654014911248096","0.364372974734817","0.441827501830209","0.3893449661634439"
"a3","0.14761904761904762","0.45675994873771747","0.6461352657004831","0.1766404423862218","0.11335454647078351","0.4314252106995573","0.5343227884015403","0.22102796117418544","0.41666666666666663","0.6403580480380207","0.7388888888888889","0.21743098409926104","0.37262042008132884","0.7291574568418432","0.6164831059129305","0.441827501830209","0.38767852543981246"
"a2","0.1865079365079365","0.5230822647922054","0.6813186813186812","0.23021208861206102","0.19549396956181728","0.6206835202625787","0.5407207716688394","0.260340946836408","0.3333333333333333","0.5854005934976205","0.8263888888888888","0.19456772031082067","0.2678044172928361","0.6693703587918672","0.71421783625731","0.35992635611684554","0.42723180921812165"
"a4","0.16984126984126982","0.5029187516117442","0.657516339869281","0.1766404423862218","0.11943047195586254","0.4442788538181042","0.5372654617402517","0.24127055116575","0.3333333333333333","0.5854005934976205","0.7638888888888888","0.19456772031082067","0.26277111887871907","0.6654014911248096","0.741901475944029","0.441827501830209","0.5243305753464822"
