"Similarity Measures","noun_path","noun_lch","noun_wup","noun_res","noun_jcn","noun_lin","noun_lesk","noun_vector","verb_path","verb_lch","verb_wup","verb_res","verb_jcn","verb_lin","verb_lesk","verb_vector","word2vec"
"a1","0.241373556998557","0.49452796583978936","0.545244521560311","0.16845016342647653","0.19694479004836152","0.3466920122708284","0.3566166736556187","0.3426952421857857","0.5333333333333333","0.6889296945784001","0.7166666666666666","0.19786854315145314","0.4057516034913472","0.6786020925716814","0.8542035147392291","0.6762195766211561","0.40049187553533516"
"a3","0.2571924603174603","0.5304456681346028","0.6200937950937951","0.21762260490026336","0.2044310801500383","0.4300185010589079","0.36223216907838063","0.3450466734860873","0.6333333333333333","0.7265098502106995","0.8277777777777778","0.1734614029872723","0.6578087769663823","0.7210766643888479","0.7454516250944823","0.6156841400139819","0.4179059249292123"
"a2","0.0","0.0","0.0","0.0","0.0","0.0","0.0","0.0","0.3666666666666666","0.6073835753137805","0.5777777777777777","0.050682901001803636","0.28464780311462656","0.19670732766910698","0.3621102250575932","0.2326616649370155","0.25223685436637855"
"Antecedent","1.0","0.9860896635111783","1.0","0.5512329670850797","1.0","1.0","1.0","0.999999999999996","1.0","0.8832162807399178","1.0","0.34508946830179127","1.0","1.0","1.0","1.0","1.0"
"a4","0.30327380952380956","0.6032604297522938","0.7482161285566857","0.21515616979630037","0.2450298403490267","0.5019522010360556","0.42803851707957535","0.4753091982016091","0.7333333333333334","0.7640900058429988","0.8400000000000001","0.20555864099687757","0.6628594366367394","0.7992748944405801","0.7232232789952089","0.745670404581676","0.5472314478510191"
