Similarity Measures,noun_path,noun_lch,noun_wup,noun_res,noun_jcn,noun_lin,noun_lesk,noun_vector,verb_path,verb_lch,verb_wup,verb_res,verb_jcn,verb_lin,verb_lesk,verb_vector,word2vec,Average
Antecedent,0.13855390641104928,0.4384261146122815,0.4820979020979021,0.10733855143858807,0.09147481022940372,0.1587291506401795,0.3785992536504649,0.22546871296857748,0.41666666666666663,0.6403580480380207,0.6166666666666667,0.23182395617395785,0.28820562811338196,0.660577002732942,0.824091315819257,0.5598428444462893,0.30662574035125884,0.38620860417981689
a3,0.21564625850340136,0.5597113776554098,0.7086292890361887,0.26322634399263717,0.26722966636760875,0.6210359562556427,0.3959347049462631,0.22164390220018748,0.5416666666666666,0.6873332425783949,0.8207070707070707,0.2373199315738506,0.5940168634696619,0.793098126520384,0.850625,0.6709152534585949,0.39628850602096505,0.52029577411487815
a2,0.15034013605442179,0.4629904129333842,0.540795945908728,0.15909024354012055,0.10724146804730048,0.36787600127094244,0.37988654233617936,0.25346385479877376,0.375,0.6128793207678207,0.611111111111111,0.18537305703482,0.26038120272956755,0.612219238158111,0.6475728264790764,0.5313709763149452,0.32666275781461096,0.38730912325293604
a4,0.20595238095238094,0.5190557379758042,0.5909340659340659,0.10841697347774952,0.13023436889709658,0.31393525225229635,0.318119181732316,0.2871286747175212,0.5416666666666666,0.687333242578395,0.625,0.19403298116789489,0.445465757097829,0.6583330780462248,0.7800971923857261,0.5156208611959603,0.521925355087515,0.43783833942149664
