"Similarity Measures","noun_path","noun_lch","noun_wup","noun_res","noun_jcn","noun_lin","noun_lesk","noun_vector","verb_path","verb_lch","verb_wup","verb_res","verb_jcn","verb_lin","verb_lesk","verb_vector","word2vec"
"Antecedent","0.3547619047619048","0.6309889026395316","0.7594391602794964","0.2687146586744596","0.481229074597116","0.6794737264423247","0.4945072868628327","0.38507046054071525","0.2833333333333333","0.4872512112364629","0.46060606060606063","0.06913779028650695","0.3959192439129257","0.33153587898261155","0.44264243332425174","0.43197000159886195","0.3506749805042712"
"a2","0.0","0.0","0.0","0.0","0.0","0.0","0.0","0.0","0.0","0.0","0.0","0.0","0.0","0.0","0.0","0.0","0.2860104976359343"
