"Similarity Measures","noun_path","noun_lch","noun_wup","noun_res","noun_jcn","noun_lin","noun_lesk","noun_vector","verb_path","verb_lch","verb_wup","verb_res","verb_jcn","verb_lin","verb_lesk","verb_vector","word2vec"
"Antecedent","0.11958874458874458","0.4056775294934929","0.3956766917293233","0.07896844319974926","0.06682045583695968","0.1761172142804884","0.16907632335625308","0.0921344931428978","0.0","0.0","0.0","0.0","0.0","0.0","0.0","0.0","0.30476769429114353"
"a3","0.09417989417989418","0.3410132631438129","0.2581196581196581","0.01992205006358263","0.05991847919321275","0.049375497553991794","0.20881517406111597","0.058025809421912065","0.5555555555555555","0.684672489245053","0.6666666666666666","0.11976624619087028","0.4390850906255573","0.5092170776753644","0.7028194561848405","0.6548731026975106","0.4150526824627779"
"a2","0.47222222222222215","0.6989169896022492","0.7575757575757575","0.32173766290428474","0.4143491512907253","0.6220413956152461","0.55803231315613","0.6029010517213133","0.38888888888888884","0.6220388965245539","0.5555555555555555","0.09975756250956631","0.13643327023512247","0.3031256374548879","0.502620823192015","0.45362015748580903","0.39346269212353785"
"a4","0.19444444444444442","0.5110162114407526","0.6246498599439776","0.15108480608316657","0.09984714370859056","0.349398027873662","0.203437345796324","0.24941333786952233","0.16666666666666666","0.3974998153361238","0.2857142857142857","0.0","0.07787500010045158","0.0","0.128819933627626","0.25587242413936767","0.4319379652800289"
