Similarity Measures,noun_path,noun_lch,noun_wup,noun_res,noun_jcn,noun_lin,noun_lesk,noun_vector,verb_path,verb_lch,verb_wup,verb_res,verb_jcn,verb_lin,verb_lesk,verb_vector,word2vec,Average
a1,0.0,0.0,0.0,0.0,0.0,0.0,0.0,0.0,0.0,0.0,0.0,0.0,0.0,0.0,0.0,0.0,0,0.0
a3,0.34079365079365087,0.6011724259574327,0.7014147548358074,0.23151361551052385,0.30426989168338253,0.5352220011294279,0.45096791881685505,0.43750951689695955,0.29761904761904756,0.5519780781773221,0.503061224489796,0.10031440647928196,0.11836058807271517,0.29881632306500105,0.3303584195786577,0.279595282462932,0.33060900611316346,0.37726918539305621
a2,0.49412698412698414,0.7075474796129967,0.8123512589921259,0.30813010199083457,0.48791635211962814,0.6883461661874265,0.6644458197420382,0.5579461200395119,0.40476190476190477,0.6056640147948926,0.5530612244897959,0.16417177569800143,0.26647053720384445,0.48746867639627833,0.6892091180880865,0.5715355240743885,0.5213338710924655,0.52849923114183561
Antecedent,0.47000000000000003,0.7151672767514667,0.830292813481668,0.30429775941278936,0.48305140557195486,0.747667272232785,0.7663895463900535,0.5350327124642662,0.40476190476190477,0.6056640147948926,0.5785714285714285,0.1584250073793723,0.28444587621242284,0.5059092022198999,0.6929224463189584,0.5099734394618644,0.4942767850524328,0.53452052300459763
