"Similarity Measures","noun_path","noun_lch","noun_wup","noun_res","noun_jcn","noun_lin","noun_lesk","noun_vector","verb_path","verb_lch","verb_wup","verb_res","verb_jcn","verb_lin","verb_lesk","verb_vector","word2vec"
"Antecedent","0.39999999999999997","0.6840749830884721","0.7948537573537574","0.2750052190257882","0.42439739476556193","0.6253597624703747","0.5970968879320543","0.49961652312259","0.39285714285714285","0.5945231763547932","0.5911564625850341","0.18523037306659193","0.29680858439484264","0.5286657203503259","0.345430783197604","0.45377584563577916","0.46047034419488886"
"a3","0.23333333333333336","0.5794815806743557","0.7406629318394025","0.2443590475815629","0.23156688172899917","0.5963474586778478","0.5269392218656517","0.31019474871655467","0.5","0.6325069831036778","0.6281179138321995","0.2567672380196574","0.49360582299729167","0.7125188963468571","0.7135073260073259","0.6003716124129038","0.5090671328562432"
"a2","0.1534391534391534","0.4684848168323204","0.6143656180420886","0.16009271793922777","0.10155484154492216","0.3664606908583637","0.40775455480281414","0.2964917548898312","0.4095238095238095","0.608163347586223","0.6","0.18395660666787658","0.29599689683208785","0.5769507077506709","0.594368479215418","0.47839088024775445","0.4147721245601116"
"a4","0.6305555555555555","0.8011047736062338","0.8896358543417366","0.360959401874077","0.6113651873326106","0.8167373113552104","0.8313107956857957","0.7011321580595098","0.4166666666666667","0.6168048532349921","0.5968253968253968","0.2552945444030723","0.3076054237495297","0.6252849426203027","0.5457252304032164","0.5753328768157484","0.5270888386315304"
