"Similarity Measures","noun_path","noun_lch","noun_wup","noun_res","noun_jcn","noun_lin","noun_lesk","noun_vector","verb_path","verb_lch","verb_wup","verb_res","verb_jcn","verb_lin","verb_lesk","verb_vector","word2vec"
"Antecedent","0.09495920745920745","0.3439648333725927","0.385375816993464","0.14595368849186952","0.060489121722495424","0.1806224384888454","0.287104615888129","0.14209853637130196","0.5611111111111112","0.6799122393215064","0.7000000000000001","0.18144397998344064","0.6087852611062397","0.7617496176443526","0.6786233259917472","0.688914019329779","0.41555382518787887"
"a3","0.088014763014763","0.325645681859126","0.3365079365079365","0.0974922547423724","0.07066199977864623","0.21120673979568416","0.21580072431814068","0.08393250640738059","0.0","0.0","0.0","0.0","0.0","0.0","0.0","0.0","0.1547593749145246"
"a2","0.14603174603174604","0.45548717198553773","0.5962291349288253","0.1968379031017914","0.113412642247166","0.46362964030561477","0.2704279586809545","0.2949584729499453","0.5833333333333334","0.6899939959117369","0.7312865497076023","0.24569363938418384","0.6894300352402755","0.8320946204460616","0.7915013227513228","0.7075010362723404","0.43513138422239733"
"a4","0.17777777777777778","0.49909009318352754","0.5920454545454545","0.16902276684690598","0.11583825203592647","0.4099175688970633","0.4415509129964208","0.3652716338062653","0.6944444444444443","0.7396299437854531","0.8111111111111112","0.23375610456001308","0.8542524385270837","0.8974391616639833","0.8804012345679011","0.8673574445343748","0.4874492000176839"
