"Similarity Measures","noun_path","noun_lch","noun_wup","noun_res","noun_jcn","noun_lin","noun_lesk","noun_vector","verb_path","verb_lch","verb_wup","verb_res","verb_jcn","verb_lin","verb_lesk","verb_vector","word2vec"
"Antecedent","0.17936507936507937","0.5181207647060366","0.6319444444444443","0.14839884491376912","0.08919553233247986","0.33537164080328036","0.2573002165729265","0.23695580804842967","0.3055555555555555","0.5594053038040551","0.4666666666666666","0.10513075149308392","0.12151219471092282","0.3038837773010266","0.2590431311413453","0.3264057439013357","0.40458007815491553"
"a3","0.15575396825396826","0.4738063234990044","0.6297887283568399","0.19812143800834758","0.12656799612317562","0.4599867956090887","0.316728588612345","0.2783067182187497","0.3055555555555555","0.5594053038040551","0.4666666666666666","0.10513075149308392","0.12151219471092282","0.3038837773010266","0.2590431311413453","0.3264057439013357","0.3421908373034477"
"a2","0.3044372294372294","0.5665676811468336","0.6118750530515237","0.2007949379146856","0.25477394620363847","0.47892886056833267","0.3876530040716242","0.33169575801735096","0.3055555555555555","0.5594053038040551","0.5666666666666668","0.13738206312096238","0.17122625960864113","0.38685218386244397","0.24977366595161068","0.371938660637015","0.4062738999093895"
"a4","0.2265873015873016","0.5465216728097338","0.6830170102228926","0.19904434874100932","0.16977300901108305","0.45880651900127883","0.38492823414041916","0.30425059184896286","0.3611111111111111","0.5960436068309886","0.4666666666666666","0.19482542605821818","0.17980974671048763","0.5554563897112753","0.4357911085492607","0.4462885984825424","0.36005983047792095"
