"Similarity Measures","noun_path","noun_lch","noun_wup","noun_res","noun_jcn","noun_lin","noun_lesk","noun_vector","verb_path","verb_lch","verb_wup","verb_res","verb_jcn","verb_lin","verb_lesk","verb_vector","word2vec"
"Antecedent","0.12788600288600288","0.4213691866469398","0.4574175824175824","0.09557126795469377","0.0844076254914573","0.2300967218963818","0.1937289444289455","0.14148463838112751","0.2","0.4469241848755406","0.3333333333333333","0.12781605200648147","0.10864870481465728","0.3565617664411162","0.428333333333333","0.535951908622959","0.24517793334727703"
"a3","0.1472222222222222","0.45777183595183857","0.5347985347985348","0.1492079457410724","0.10985696861311595","0.38351459344121036","0.160598692391478","0.20674757342252198","1.0","0.8832162807399176","1.0","0.20966239480826138","1.0","1.0","1.0","1.0","0.35398900795598154"
"a2","0.1597222222222222","0.4728944708371845","0.5499500499500499","0.15067016828723345","0.09877593630262665","0.361185443484649","0.26550825898012925","0.21897745864962073","0.3333333333333333","0.5854005934976205","0.8888888888888888","0.20553010570743016","1.0","0.9916706437280289","0.465277777777778","0.465629372064592","0.327462081360446"
"a4","0.2375","0.587183212302813","0.7555618401206636","0.26365072281660196","0.1635661393413359","0.616688375523802","0.39928665511836325","0.388771550454729","0.3333333333333333","0.5854005934976205","0.5","0.1969189713852482","0.41805208187985987","0.7666279904447494","0.619470273316427","0.555375365286715","0.4175938233750379"
