"Similarity Measures","noun_path","noun_lch","noun_wup","noun_res","noun_jcn","noun_lin","noun_lesk","noun_vector","verb_path","verb_lch","verb_wup","verb_res","verb_jcn","verb_lin","verb_lesk","verb_vector","word2vec"
"a1","0.11681547619047618","0.39145111176325686","0.4539684547908232","0.1433578263309864","0.08955131932084091","0.3336728738567885","0.22503158978673338","0.1207961193514459","0.29166666666666663","0.5464076589572724","0.5833333333333333","0.21786733307819922","0.13519928948091728","0.5218145819431113","0.268227524109877","0.2204884232615015","0.27852877515609437"
"a3","0.11837121212121211","0.3987200169698901","0.4775683552773336","0.16885591447204323","0.08345839360466405","0.3515888329401404","0.18830083357517585","0.19319996993162658","0.5","0.6953155025784209","0.6666666666666666","0.1624657909381155","0.3158769963808109","0.6442670297152089","1.0","0.6912052220202565","0.2255412454854416"
"a2","0.12060335497835496","0.4032447869766849","0.4539684547908232","0.1433578263309864","0.09093225351492759","0.3336728738567885","0.22503158978673338","0.158517985366375","0.5","0.6953155025784209","0.6666666666666666","0.1624657909381155","0.3158769963808109","0.6442670297152089","1.0","0.6912052220202565","0.26009919330941306"
"Antecedent","0.12708333333333333","0.4178165727185976","0.4756452783542567","0.16134343851384594","0.08215526120010966","0.33357237556117086","0.17549909285126897","0.14449323425439026","0.5","0.6953155025784209","0.6666666666666666","0.20086247011996355","0.3158769963808109","0.658113898865317","1.0","0.8910526382458319","0.29442863756384974"
