"Similarity Measures","noun_path","noun_lch","noun_wup","noun_res","noun_jcn","noun_lin","noun_lesk","noun_vector","verb_path","verb_lch","verb_wup","verb_res","verb_jcn","verb_lin","verb_lesk","verb_vector","word2vec"
"Antecedent","0.6261904761904762","0.7911612079137904","0.88125","0.4850237025577589","0.5652611402550034","0.7456156125291749","0.8244798585345314","0.6842886438556929","0.6166666666666666","0.7109126763945601","0.7733333333333332","0.3706974635161263","0.6640511577413207","0.8118405591128599","0.8800000000000001","0.6714327493075058","0.5393023920353627"
"a2","0.0","0.0","0.0","0.0","0.0","0.0","0.0","0.0","0.41666666666666663","0.598172209497662","0.5542857142857143","0.08299478151476716","0.3160355061387857","0.3444207386578664","0.3829698960796354","0.3914855111386396","0.05156161286620888"
