"Similarity Measures","noun_path","noun_lch","noun_wup","noun_res","noun_jcn","noun_lin","noun_lesk","noun_vector","verb_path","verb_lch","verb_wup","verb_res","verb_jcn","verb_lin","verb_lesk","verb_vector","word2vec"
"Antecedent","0.6125","0.7830662504643358","0.8589743589743589","0.3640355167262955","0.5671831323837538","0.792569141188318","0.6936440404475043","0.6478100295411602","0.35","0.5711198437269808","0.5","0.22530339903668029","0.4408176930999416","0.6657924861657034","0.6607142857142855","0.605479019692065","0.49074437297019863"
"a2","0.0","0.0","0.0","0.0","0.0","0.0","0.0","0.0","0.0","0.0","0.0","0.0","0.0","0.0","0.0","0.0","0.32742098868674707"
