"Similarity Measures","noun_path","noun_lch","noun_wup","noun_res","noun_jcn","noun_lin","noun_lesk","noun_vector","verb_path","verb_lch","verb_wup","verb_res","verb_jcn","verb_lin","verb_lesk","verb_vector","word2vec"
"Antecedent","0.29166666666666663","0.6492810417285331","0.7946428571428572","0.2394059616206619","0.2151560211513064","0.6181714594061347","0.652575251259462","0.421266568707286","0.375","0.6013651134976725","0.6190476190476191","0.2698254712819238","0.24651633057461758","0.6739617377711291","0.6338576311899485","0.573431284229971","0.38963719758565335"
