"Similarity Measures","noun_path","noun_lch","noun_wup","noun_res","noun_jcn","noun_lin","noun_lesk","noun_vector","verb_path","verb_lch","verb_wup","verb_res","verb_jcn","verb_lin","verb_lesk","verb_vector","word2vec"
"Antecedent","0.17833333333333332","0.4946608981991286","0.6292914979757085","0.22651826784787926","0.11386715952504703","0.47681829900158645","0.32003198288713125","0.248969080278735","0.7777777777777778","0.7839443849924853","0.9444444444444445","0.30108836667734357","1.0","0.9797401538834594","1.0","0.8635866817086431","0.40364182996097364"
