Similarity Measures,noun_path,noun_lch,noun_wup,noun_res,noun_jcn,noun_lin,noun_lesk,noun_vector,verb_path,verb_lch,verb_wup,verb_res,verb_jcn,verb_lin,verb_lesk,verb_vector,word2vec,Average
Antecedent,0.2333333333333333,0.5794815806743557,0.6944444444444443,0.18689296847316697,0.12287171571880322,0.44183892294159377,0.5863010204081633,0.299988220305832,0.6666666666666666,0.7579490952989199,0.7777777777777777,0.22660608535231688,0.6120347212532399,0.860065027783867,1.0,0.8595821876609904,0.4756571945236466,0.5518524095657128
a3,1.0,0.9860896635111785,1.0,0.47481942889568746,1.0,1.0,1.0,1.0,1.0,0.8832162807399176,1.0,0.3322879143922215,1.0,1.0,1.0,1.0,1.0,0.92214195809052968
a2,0.21428571428571427,0.5490775544857708,0.7432306255835668,0.2716630371217589,0.15771228078601063,0.6271126404827884,0.542791005291005,0.19944279051208733,0.611111111111111,0.7213107922719862,0.7222222222222222,0.20116677919291925,0.6120347212532399,0.8444186602964997,0.7876475376475377,0.7336026951136567,0.36143129594623524,0.52354479197671233
a4,0.2333333333333333,0.5794815806743557,0.6944444444444443,0.18689296847316697,0.12287171571880322,0.44183892294159377,0.5863010204081633,0.299988220305832,0.6666666666666666,0.7579490952989199,0.7777777777777777,0.22660608535231688,0.6120347212532399,0.860065027783867,1.0,0.8595821876609904,0.4756571945236466,0.5518524095657128
