Similarity Measures,noun_path,noun_lch,noun_wup,noun_res,noun_jcn,noun_lin,noun_lesk,noun_vector,verb_path,verb_lch,verb_wup,verb_res,verb_jcn,verb_lin,verb_lesk,verb_vector,word2vec,Average
Antecedent,0.0,0.0,0.0,0.0,0.0,0.0,0.0,0.0,0.4666666666666666,0.6357523651299615,0.6960401002506266,0.25654173505918276,0.3783797741528044,0.7187113113708969,0.722962962962963,0.5249852186370447,0.2576814060425525,0.2739836200160411
a2,0.12976190476190474,0.42606409973756415,0.4914086033042927,0.10601822789383514,0.08560787532703286,0.25746182065977496,0.16798911408839926,0.18321546643895814,0.0,0.0,0.0,0.0,0.0,0.0,0.0,0.0,0.24922983000643553,0.12333864365989398
