Similarity Measures,noun_path,noun_lch,noun_wup,noun_res,noun_jcn,noun_lin,noun_lesk,noun_vector,verb_path,verb_lch,verb_wup,verb_res,verb_jcn,verb_lin,verb_lesk,verb_vector,word2vec,Average
a1,0.15925925925925924,0.48020968492692334,0.6125356125356126,0.20327125367754237,0.1372394860002604,0.49072818816148206,0.328076246538139,0.26219783798462865,0.611111111111111,0.7213107922719862,0.7222222222222222,0.21165589692443776,0.5901710232297848,0.7324494520805525,1.0,0.9033184606173558,0.32779774792786265,0.49962083973348009
a3,0.11666666666666665,0.3915808025128589,0.44979203802733214,0.10833255644133959,0.08523294720090331,0.2553303127045996,0.32585662170179736,0.219436240061597,0.6666666666666666,0.7579490952989199,0.7777777777777777,0.20116677919291925,0.5964590835876887,0.8340117641816721,1.0,0.8213868342937906,0.3454608698470255,0.46782982683315028
a2,0.11666666666666665,0.3915808025128589,0.44979203802733214,0.10833255644133959,0.08523294720090331,0.2553303127045996,0.32585662170179736,0.219436240061597,0.0,0.0,0.0,0.0,0.0,0.0,0.0,0.0,0.3430542318450699,0.13501661277424495
a4,0.10808080808080807,0.3628049496282109,0.36959064327485375,0.058907900266436546,0.07205938881011557,0.14011046413601724,0.209387117399327,0.314912280055291,0.6666666666666666,0.7579490952989199,0.7777777777777777,0.20116677919291925,0.5964590835876887,0.8340117641816721,1.0,0.8213868342937906,0.46791812793061843,0.45642292238712434
