Similarity Measures,noun_path,noun_lch,noun_wup,noun_res,noun_jcn,noun_lin,noun_lesk,noun_vector,verb_path,verb_lch,verb_wup,verb_res,verb_jcn,verb_lin,verb_lesk,verb_vector,word2vec,Average
Antecedent,0.3407407407407408,0.6190357719578414,0.7205298786181139,0.2649857866469066,0.2682357025848106,0.5673836785311034,0.45814889330710146,0.4015459206548395,0.6666666666666666,0.7343084371187691,0.7,0.2583646137404361,0.5722520468293076,0.7582710324447435,1.0,0.763526440399872,0.4015288514180408,0.55856026245054669
a3,0.0,0.0,0.0,0.0,0.0,0.0,0.0,0.0,0.29166666666666663,0.5464076589572724,0.45,0.06390802600324073,0.1266115311634409,0.20484551360333222,0.254948593073593,0.3393551353819565,0.2758475064175734,0.15021121360394563
a2,0.0,0.0,0.0,0.0,0.0,0.0,0.0,0.0,0.0,0.0,0.0,0.0,0.0,0.0,0.0,0.0,0.1847673144468419,0.010868665555696584
a4,0.15297619047619046,0.47089043524245233,0.6064437740908329,0.16880801174222193,0.08977147622537641,0.35939851573975884,0.19355911195850284,0.1256817845890649,0.29166666666666663,0.5464076589572724,0.45,0.21381687625756912,0.3162352586144733,0.5974569743081173,0.6140873015873015,0.417217979503572,0.3098679211548526,0.34848740806554268
