"Similarity Measures","noun_path","noun_lch","noun_wup","noun_res","noun_jcn","noun_lin","noun_lesk","noun_vector","verb_path","verb_lch","verb_wup","verb_res","verb_jcn","verb_lin","verb_lesk","verb_vector","word2vec"
"Antecedent","0.31785714285714284","0.623177839579821","0.7506680819180818","0.21895683801968946","0.2694285319580536","0.5433703026678594","0.3848548332338916","0.41753315583261386","0.8055555555555555","0.8022635365059521","0.9047619047619048","0.2558468211782129","0.8011675418445154","0.9170036804643923","0.9108796296296298","0.8806654457088287","0.38379235155855534"
"a3","0.0","0.0","0.0","0.0","0.0","0.0","0.0","0.0","0.0","0.0","0.0","0.0","0.0","0.0","0.0","0.0","0.24638766814806914"
"a2","0.14732142857142855","0.4652063399523337","0.5863555121778806","0.12285430966407528","0.08967381627512522","0.22994417704214143","0.24427813430162973","0.2452281313152635","0.5611111111111111","0.6799122393215064","0.6666666666666666","0.11461066164516402","0.4662575214213456","0.5282055968756483","0.7108394631565363","0.6017829146271892","0.3508578275387346"
