"Similarity Measures","noun_path","noun_lch","noun_wup","noun_res","noun_jcn","noun_lin","noun_lesk","noun_vector","verb_path","verb_lch","verb_wup","verb_res","verb_jcn","verb_lin","verb_lesk","verb_vector","word2vec"
"a1","0.0","0.0","0.0","0.0","0.0","0.0","0.0","0.0","0.3263888888888889","0.5020932177502402","0.5565175565175565","0.16510772953576955","0.26380766840004916","0.4515410288678656","0.38202950294507315","0.30730410885786996","0.2985096956649562"
"a3","0.10892232767232768","0.37695168735330903","0.37023809523809526","0.05847877530428087","0.07801886066541101","0.14289553056164994","0.26896638942914075","0.12387764530155852","0.6722222222222222","0.7295481871952224","0.8357142857142857","0.2509291641401081","0.7576473151583666","0.8980511523357602","0.8720238095238094","0.8051869288812373","0.4493330634487857"
"Antecedent","0.11052489177489176","0.38237625210659165","0.3383699633699634","0.0659601319577444","0.11578095281752704","0.21396771794738473","0.20147022056732425","0.23645645511212401","0.5611111111111111","0.6799122393215064","0.6507936507936508","0.17599073007891539","0.5207686606633215","0.656415112418929","0.6782893545174247","0.6144837316580647","0.48602008932420027"
"a4","0.14404761904761904","0.435810701425106","0.4482017982017982","0.09462907330949398","0.08807020876729228","0.21094548927853396","0.224072270140925","0.23546408932337984","0.4777777777777778","0.6485954429612568","0.6643518518518519","0.18751880979703106","0.3904196443657136","0.6336803723681623","0.7371047445353","0.6045685215279806","0.4563803961459643"
