Similarity Measures,noun_path,noun_lch,noun_wup,noun_res,noun_jcn,noun_lin,noun_lesk,noun_vector,verb_path,verb_lch,verb_wup,verb_res,verb_jcn,verb_lin,verb_lesk,verb_vector,word2vec,Average
Antecedent,0.19494047619047622,0.5274232366914736,0.683860294117647,0.2340193679927412,0.13525790644657879,0.5085556356776502,0.4619949272746791,0.31029504871867714,0.5208333333333333,0.6678367753082207,0.6666666666666666,0.15655202483310948,0.4017469428984349,0.5674961890434514,0.786538686211889,0.668995017728507,0.4087379159059452,0.4648088497082048
a3,0.17113095238095238,0.5036656344859001,0.6156318558892089,0.20147503743866155,0.10333452778997677,0.41995924465909396,0.28871377846444335,0.34431707433471986,0.5416666666666666,0.6873332425783949,0.6666666666666666,0.15655202483310948,0.3870037891434748,0.5429131860352169,0.8503696384131167,0.7499331199214455,0.3371160456428791,0.44516367560846637
a2,0.18799603174603177,0.5186373317492794,0.6250514191690661,0.16558921785397737,0.10483333079363935,0.3860287821383335,0.38110694295814074,0.27742757441086635,0.5208333333333333,0.6678367753082207,0.6666666666666666,0.15584098481731107,0.38356814512398,0.5736693751227786,0.614781746031746,0.6412361580771865,0.38963602809373127,0.4271023437290758
a4,0.09950847763347763,0.35290368859716936,0.32990869424692953,0.07583149437269689,0.0635044151520604,0.15162732678828097,0.17006945927792938,0.07725149477252934,0.35416666666666663,0.5933828534976465,0.5166666666666666,0.0640063052454914,0.12261769425795306,0.22805430928431103,0.5816798941798943,0.537299854805786,0.26263639952797474,0.26947739382196845
