Similarity Measures,noun_path,noun_lch,noun_wup,noun_res,noun_jcn,noun_lin,noun_lesk,noun_vector,verb_path,verb_lch,verb_wup,verb_res,verb_jcn,verb_lin,verb_lesk,verb_vector,word2vec,Average
Antecedent,0.16319444444444445,0.4808767308372105,0.5893665158371041,0.2303148537813013,0.11546196592433622,0.49071753052176353,0.410623868468696,0.183672497227734,0.3333333333333333,0.5854005934976205,0.5833333333333333,0.20597632898488008,0.10996939522200232,0.43515264719365393,0.7329545454545455,0.5184907423924425,0.32568672822221467,0.3820309443927421
a3,0.3833333333333333,0.6341584068431873,0.7649572649572649,0.29981793511768606,0.36646054398401995,0.7187058296192534,0.6694971549873511,0.450116525466965,0.3333333333333333,0.5854005934976205,0.6333333333333333,0.20759340160324105,0.3591119665786445,0.7050110257808151,0.45280248133509005,0.29243761565063753,0.40981820644964195,0.48622876187478925
a2,0.1875,0.5179450079917731,0.6319650937297996,0.20299407774287298,0.23669673612726796,0.48230426704860635,0.24763146193903324,0.34435185030348975,0.75,0.7892658916591693,0.9166666666666667,0.3673261016076628,0.6815097728061993,0.8964212636180328,1.0,0.999999999999999,0.45267709658648536,0.57089736987217987
a4,0.0,0.0,0.0,0.0,0.0,0.0,0.0,0.0,0.3333333333333333,0.5854005934976205,0.5,0.0,0.07419012654215572,0.0,0.10436785436785435,0.10380154499570604,0.32562499348892887,0.11921873213091756
