Similarity Measures,noun_path,noun_lch,noun_wup,noun_res,noun_jcn,noun_lin,noun_lesk,noun_vector,verb_path,verb_lch,verb_wup,verb_res,verb_jcn,verb_lin,verb_lesk,verb_vector,word2vec,Average
a1,0.1669047619047619,0.4961882303017444,0.6484765234765236,0.20074808076359965,0.1166341131957763,0.46462121765186143,0.3267782216182752,0.20121359794890853,0.41666666666666663,0.6403580480380207,0.5833333333333333,0.23876779469402276,0.21101321772193338,0.6422302572960523,0.65765455304929,0.6887782786527055,0.32002334703752694,0.41296413196182369
a3,0.2316666666666667,0.554224035647588,0.7014073645652592,0.2186864155668137,0.2875116314488961,0.5415478967919013,0.2214069353990958,0.24607559719099564,0.3333333333333333,0.5854005934976205,0.65,0.2685546971371763,0.21271182466729954,0.6910527158431647,0.6884920634920635,0.5003635773479815,0.3470257680558832,0.42820359509716116
Antecedent,0.23047619047619045,0.5531061258531922,0.6960955710955712,0.23478456945252812,0.28890353673371666,0.5448578922798618,0.47978321840698,0.3464881036822298,0.3333333333333333,0.5854005934976205,0.5357142857142857,0.2311201967499248,0.44562683023163946,0.6735574894809648,0.28421730035617,0.27677310153429546,0.3887710928667044,0.41935349598501231
a4,0.18523809523809523,0.5238835120261603,0.6368398560503824,0.17992134106835828,0.12948386080582278,0.42347764896286055,0.3904516240990846,0.24078502691558903,0.25,0.5074147244169241,0.4,0.08527032710766605,0.08580523215666527,0.18768074457056327,0.282794304044304,0.3202991679891385,0.3277857358766971,0.30336065890166541
