Similarity Measures,noun_path,noun_lch,noun_wup,noun_res,noun_jcn,noun_lin,noun_lesk,noun_vector,verb_path,verb_lch,verb_wup,verb_res,verb_jcn,verb_lin,verb_lesk,verb_vector,word2vec,Average
Antecedent,0.08391608391608392,0.31341696565275073,0.2936507936507936,0.03838783992456657,0.06560335906519199,0.08928229207600534,0.2407102660309205,0.135783949198208,0.41666666666666663,0.6403580480380207,0.5833333333333333,0.16862277057436337,0.263390628377202,0.5725312823579468,0.703580827067669,0.5180088113688355,0.28950151241270566,0.31863208410066252
a3,0.08391608391608392,0.31341696565275073,0.2936507936507936,0.03838783992456657,0.06560335906519199,0.08928229207600534,0.2407102660309205,0.135783949198208,0.3333333333333333,0.5854005934976205,0.5357142857142857,0.14032656976347854,0.2541149610909778,0.5510112222142963,0.3491219948018195,0.39320662949658003,0.33456829296997787,0.27867937837628765
a2,0.23809523809523808,0.5734297326749639,0.6125,0.2766630788465698,0.158782950111112,0.6366888633571662,0.6135438382342185,0.5347687649304905,0.6666666666666666,0.7343084371187691,0.85,0.202115057559541,0.6059001721584686,0.8109233417993524,0.7266012252854355,0.696750416072587,0.41626098998340855,0.55023522193494057
a4,0.3214285714285714,0.6283871872153641,0.7045454545454546,0.24537521951733615,0.33747565981014155,0.6293020642542407,0.650862011471255,0.424703539465156,0.6666666666666666,0.7343084371187691,0.85,0.202115057559541,0.6059001721584686,0.8109233417993524,0.610954469507101,0.696750416072587,0.4333282288206356,0.56194273514180249
