Similarity Measures,noun_path,noun_lch,noun_wup,noun_res,noun_jcn,noun_lin,noun_lesk,noun_vector,verb_path,verb_lch,verb_wup,verb_res,verb_jcn,verb_lin,verb_lesk,verb_vector,word2vec,Average
Antecedent,0.18333333333333335,0.5073274881067636,0.6492869875222816,0.19163080354211792,0.11990084662098026,0.46960435735863854,0.23557139539898167,0.2840484628648517,0.5625,0.6953155025784209,0.75,0.17277923689300645,0.7755067176886475,0.7306049078079346,0.832936507936508,0.750488988658699,0.5662035879998909,0.49864936025359158
a3,0.1722222222222222,0.49085269826029143,0.6397058823529411,0.16916247414759678,0.15267066974661522,0.46155103619744725,0.26541269659031236,0.33870796687378535,0.6875,0.742290697118795,0.7916666666666666,0.2532058115414223,0.6300197381586126,0.7950112728860557,0.832936507936508,0.7713266489053138,0.43555071172892756,0.50763492360785367
a2,0.0,0.0,0.0,0.0,0.0,0.0,0.0,0.0,0.4583333333333333,0.6208615807678466,0.625,0.15609618562621333,0.34553248276533327,0.4848408865606302,0.5181024876389932,0.4645059724766938,0.4775522524701448,0.24416618715524638
a4,0.6969696969696969,0.7694130324650336,0.7999999999999999,0.34731537777280974,0.6988639981839917,0.7788761028279602,0.7203217549646119,0.701410817446478,0.875,0.8362410861995435,0.95,0.38012284687065184,1.0,0.9988499337863967,1.0,0.9563847180737892,0.8280567505390489,0.78457800682941248
