Similarity Measures,noun_path,noun_lch,noun_wup,noun_res,noun_jcn,noun_lin,noun_lesk,noun_vector,verb_path,verb_lch,verb_wup,verb_res,verb_jcn,verb_lin,verb_lesk,verb_vector,word2vec,Average
a1,0.10795454545454546,0.37124128969969006,0.4004726890756303,0.0690218898148179,0.07619099022284834,0.16851685587999138,0.14172690258300596,0.17623302165180477,0.0,0.0,0.0,0.0,0.0,0.0,0.0,0.0,0.2501502321794471,0.10361814215069302
a3,0.19772727272727272,0.5186261280989528,0.6102756892230576,0.18503257711130797,0.2416135546658898,0.4384279943546888,0.3098502528938353,0.2952266851404983,1.0,0.8832162807399176,1.0,0.20966239480826138,1.0,1.0,1.0,1.0,0.41160325199954007,0.60595659304489546
a2,0.1773809523809524,0.5146384556205085,0.6474780701754386,0.20824015503416102,0.143935633705713,0.5107233351685627,0.354781910558974,0.24680474952903075,0.3333333333333333,0.5854005934976205,0.5,0.1969189713852482,0.41805208187985987,0.7666279904447494,0.598417207792208,0.713371980781996,0.34860655738442925,0.42733599874545791
