"Similarity Measures","noun_path","noun_lch","noun_wup","noun_res","noun_jcn","noun_lin","noun_lesk","noun_vector","verb_path","verb_lch","verb_wup","verb_res","verb_jcn","verb_lin","verb_lesk","verb_vector","word2vec"
"a1","0.14591836734693878","0.45233950442026877","0.44917027417027416","0.07626933094106426","0.09363017584194824","0.21412264230870942","0.30200168752443746","0.3249866398446666","0.5","0.6483403080380467","0.625","0.19424374863728516","0.3993866885142347","0.630242985353292","0.665869931671499","0.5700444262628568","0.3851716986682391"
"Antecedent","0.17636054421768707","0.5019452268176564","0.627106227106227","0.20522009334642224","0.11062883317559272","0.44267196255604013","0.49928975877727455","0.3812058078004683","0.6458333333333334","0.714811969848595","0.7666666666666666","0.22485289266145325","0.5690239103223712","0.7521257586887108","0.795138888888889","0.655286636835431","0.4977830109159048"
"a2","0.19325396825396826","0.5276972436245734","0.6701754385964912","0.21328731297001755","0.1519248129227673","0.5278486517969593","0.4614363848846203","0.363979055145556","0.4583333333333333","0.6208615807678466","0.6555555555555556","0.2176272201954938","0.4100938128996214","0.6719567955286825","0.46735526287156726","0.5016588242896755","0.30332290625659647"
"a4","0.2171114599686028","0.5352484008500987","0.5538247466818895","0.1363739295944941","0.238093152187928","0.3788534318156426","0.27848503648661926","0.2254020969697815","0.5208333333333334","0.6678367753082208","0.6928571428571428","0.21686761723911846","0.564439134166503","0.7433056688302616","0.841930422008547","0.6861646672568089","0.3510982026068739"
