"Similarity Measures","noun_path","noun_lch","noun_wup","noun_res","noun_jcn","noun_lin","noun_lesk","noun_vector","verb_path","verb_lch","verb_wup","verb_res","verb_jcn","verb_lin","verb_lesk","verb_vector","word2vec"
"Antecedent","0.20666666666666664","0.554224035647588","0.6566633366633368","0.19386838388333008","0.1511110191032214","0.5325424336376888","0.42816566464323297","0.20589493179672239","0.75","0.7579490952989199","0.7999999999999999","0.23898437320164467","0.7074668459473563","0.8181457489290166","0.7772486772486773","0.7868536942950287","0.4018468399905062"
"a3","0.20833333333333334","0.5443391617397048","0.6695701357466064","0.1759763522133782","0.14697678001743267","0.43598619715042614","0.3118419610992076","0.3210111752583403","0.5555555555555555","0.684672489245053","0.6666666666666666","0.14828794448921595","0.4391827963274105","0.5543658520367756","0.7695238095238097","0.5584861822374914","0.47802719701584323"
"a2","0.25666666666666665","0.6074013650960268","0.736923076923077","0.2209135560134566","0.1659145652679115","0.5409137327851624","0.6952387691673405","0.3412054733963433","0.5555555555555555","0.684672489245053","0.6666666666666666","0.13798703144428862","0.4158676989991042","0.5108595813767196","0.7695238095238097","0.583584520213866","0.42085178184864913"
"a4","0.15523809523809523","0.4742052484855844","0.5874309900625689","0.15838416513524187","0.11725830093990015","0.39319080770012416","0.1952888782293542","0.21143301077299698","0.5555555555555555","0.684672489245053","0.6666666666666666","0.1152383283379707","0.4221470117402906","0.4875566509321902","0.7695238095238097","0.5699990721249427","0.46248470812030307"
