"Similarity Measures","noun_path","noun_lch","noun_wup","noun_res","noun_jcn","noun_lin","noun_lesk","noun_vector","verb_path","verb_lch","verb_wup","verb_res","verb_jcn","verb_lin","verb_lesk","verb_vector","word2vec"
"Antecedent","0.2418803418803419","0.5755009086639538","0.7141581424347163","0.23629082472405857","0.23008875788878605","0.5457862295559394","0.41035420984426696","0.35206860096040354","0.3055555555555555","0.5594053038040551","0.5666666666666667","0.21808860489355686","0.24505681731277887","0.5848939147380161","0.6156095929533429","0.48977724894665703","0.42863392082739754"
"a3","0.1521978021978022","0.45742924095580445","0.5932851538630693","0.15079167848160271","0.09866216811745308","0.3378172780550712","0.22436801910240378","0.23696428260778793","0.5277777777777778","0.6586771995514874","0.7333333333333334","0.2384862032308789","0.4811147903101076","0.7266170931635941","0.8116402116402117","0.6212922440054047","0.32068166573937723"
"a2","0.2021604938271605","0.5247987334586736","0.6852430640872333","0.19646660697182763","0.13466518318190246","0.4438224146660577","0.400697121049656","0.2513257093358811","0.3611111111111111","0.5960436068309886","0.65","0.20793043761248287","0.24505681731277887","0.614279917198108","0.6366435185185183","0.444179253132007","0.4119910414625742"
"a4","0.1344837261503928","0.42534832563839686","0.4740998366385363","0.09488316107347877","0.06442681985001818","0.18363105871535046","0.264418654056264","0.13859372938782744","0.3055555555555555","0.5594053038040551","0.5666666666666667","0.15430230018842736","0.24505681731277887","0.5753092718511463","0.3212936136880737","0.43075316668741664","0.2582569687872503"
