"Similarity Measures","noun_path","noun_lch","noun_wup","noun_res","noun_jcn","noun_lin","noun_lesk","noun_vector","verb_path","verb_lch","verb_wup","verb_res","verb_jcn","verb_lin","verb_lesk","verb_vector","word2vec"
"Antecedent","0.27499999999999997","0.6161198837012892","0.7542323689382514","0.2658215441250474","0.2892748106524034","0.5796909802024117","0.6639010593647693","0.4232304952260167","0.5","0.632681909857922","0.6333333333333333","0.18702279141098233","0.43098172941119545","0.6500942477077638","0.538402741457364","0.603297617686328","0.431634060490511"
"a2","0.19636844636844633","0.5156589565209376","0.5887269049033755","0.12202143857930937","0.10181393686806912","0.31491760694203924","0.5123164259454962","0.20341920025474589","0.5833333333333334","0.6953155025784209","0.6888888888888888","0.19780268220293173","0.4860955189067189","0.7434495796888214","0.754277093442827","0.603297617686328","0.37438276318624214"
