Similarity Measures,noun_path,noun_lch,noun_wup,noun_res,noun_jcn,noun_lin,noun_lesk,noun_vector,verb_path,verb_lch,verb_wup,verb_res,verb_jcn,verb_lin,verb_lesk,verb_vector,word2vec,Average
a1,0.14583333333333331,0.4613802635670364,0.5307692307692308,0.21415842162362964,0.10626358995080232,0.46252007850461474,0.2925396825396825,0.359114961509704,0.75,0.7892658916591693,0.8333333333333333,0.32821655687228385,0.6476706836746564,0.864296369090766,1.0,0.833167887361257,0.5350724755914711,0.53844722114005716
a3,0.1111111111111111,0.39045828902658425,0.4727272727272727,0.1300325959762255,0.07267235753649157,0.26482711527827907,0.21037055847980202,0.06742802342638785,0.29166666666666663,0.5464076589572724,0.45,0.14371692483177984,0.15203853737786308,0.4529205753371325,0.3582372458459415,0.3693398566482245,0.3552013753167349,0.28465624497316294
a2,0.1875,0.5163377181074366,0.6787330316742082,0.2729163956016478,0.17570394016392107,0.5818589208301014,0.3129860487171805,0.2624800329868765,0.29166666666666663,0.5464076589572724,0.45,0.170947255382485,0.1406745229036485,0.4884062861503894,0.688263888888889,0.609073448995527,0.35114366251885076,0.39559408697324111
Antecedent,1.0,0.9860896635111784,1.0,0.4994031355115047,1.0,1.0,1.0,1.0,1.0,0.8832162807399176,1.0,0.4994392113158599,1.0,1.0,1.0,1.0,1.0,0.93342048771049768
a4,0.20833333333333331,0.5553306526477848,0.7410714285714286,0.22843595035383,0.09684015026602802,0.4419854720871367,0.280369077551085,0.3306645911592015,0.5,0.6953155025784209,0.6666666666666666,0.19342795801429663,0.21608260521072853,0.6244691433076361,1.0,0.5568406528933061,0.4276217227660283,0.45667381808275959
