Similarity Measures,noun_path,noun_lch,noun_wup,noun_res,noun_jcn,noun_lin,noun_lesk,noun_vector,verb_path,verb_lch,verb_wup,verb_res,verb_jcn,verb_lin,verb_lesk,verb_vector,word2vec,Average
Antecedent,0.625,0.7981888853496817,0.8846153846153846,0.39252976559950653,0.6012795350438658,0.8717679895507059,0.596955128205128,0.744166682562553,0.7777777777777778,0.7839443849924853,0.8571428571428571,0.20787449638037572,0.7454875994329123,0.8861461802814912,0.8731567577721423,0.8241806615235783,0.5869374359527522,0.7092442071872469
a3,0.17142857142857143,0.504191528363924,0.6458333333333333,0.1319202639154888,0.12035700432672755,0.3663330667803309,0.4953953070312515,0.33891452768382346,0.7777777777777778,0.7839443849924853,0.8333333333333334,0.1896537111269574,0.7290269201424736,0.8425504110086978,0.8731567577721423,0.8241806615235783,0.4070432690369391,0.53147298997516668
a2,0.20833333333333331,0.5553306526477848,0.6274509803921569,0.1378256623044976,0.11848015902161838,0.3823819761313967,0.3244610563960245,0.3094165733359095,1.0,0.8832162807399176,1.0,0.22498336962376395,1.0,1.0,1.0,1.0,0.5261150213936868,0.60576441560706418
a4,0.08391608391608392,0.31341696565275073,0.15476190476190477,0.0,0.04838964246830023,0.0,0.0669642857142857,0.02227448370075305,0.7777777777777778,0.7839443849924853,0.9333333333333332,0.23029457481624757,0.8490241015727635,0.9518878282054359,0.8731567577721423,0.8241806615235783,0.31869075358550186,0.42541256116431436
