Similarity Measures,noun_path,noun_lch,noun_wup,noun_res,noun_jcn,noun_lin,noun_lesk,noun_vector,verb_path,verb_lch,verb_wup,verb_res,verb_jcn,verb_lin,verb_lesk,verb_vector,word2vec,Average
a1,0.3448853615520282,0.5905989406804186,0.6987012987012986,0.2342423731019453,0.2944803550925885,0.5078083582514132,0.4495734585664348,0.3987793012776711,0.8666666666666668,0.8236531432914582,0.9,0.3279622770967223,0.8262803092198349,0.8,0.8791738816738816,0.8738568168069157,0.5353018051390271,0.60893907924225332
a3,0.2276094276094276,0.47716039295268353,0.44470344470344464,0.12182958245848846,0.18302986613832162,0.28236436932929976,0.2675845543224169,0.26552142283857383,0.5666666666666667,0.6733325207622608,0.7133333333333333,0.15883294994414626,0.4939650171491931,0.52178610507577,0.5817170451380977,0.6280257227761876,0.37242132248230725,0.4105813966870952
a2,0.2616402116402117,0.55347374343168,0.6578738512949038,0.22861892467926706,0.2144988768408956,0.5028571077503987,0.38598559406736077,0.37385451301710154,0.6066666666666667,0.6988145684862834,0.78,0.25770693473259365,0.6344839195973864,0.8323189894405821,0.5825342966000859,0.6164298566821935,0.45782283884444636,0.50856358198659157
Antecedent,0.19077804911138244,0.3984434948570316,0.3901831102811495,0.11076141783262089,0.17041617236845855,0.24127050445455275,0.25434376393442687,0.2248594686889947,0.37,0.5462807119566927,0.5733333333333334,0.1926305279238719,0.30349835687368226,0.46800152053591526,0.3473976418318524,0.419879113518456,0.2573213070981489,0.32114108791768059
