"Similarity Measures","noun_path","noun_lch","noun_wup","noun_res","noun_jcn","noun_lin","noun_lesk","noun_vector","verb_path","verb_lch","verb_wup","verb_res","verb_jcn","verb_lin","verb_lesk","verb_vector","word2vec"
"Antecedent","0.0","0.0","0.0","0.0","0.0","0.0","0.0","0.0","0.3333333333333333","0.5854005934976205","0.5","0.16771115962443803","0.129055536981455","0.4624243129151154","0.205144557823129","0.630993861139684","0.3260556957592461"
"a3","0.12261904761904763","0.4142898691976798","0.506975867269985","0.09132276515346692","0.08084939966631903","0.225500616978634","0.36242434087463304","0.24870006496284","0.3333333333333333","0.5854005934976205","0.5","0.16771115962443803","0.129055536981455","0.4624243129151154","0.214285714285714","0.377024765305453","0.34798651117098717"
"a2","0.46428571428571425","0.6849877532601366","0.7564102564102564","0.2810828547865783","0.41611262311137726","0.6601496073436813","0.7109961189647848","0.5094051136373107","0.3333333333333333","0.5854005934976205","0.8333333333333334","0.36395655091525064","0.22160996787828063","0.7629502792614419","1.0","0.76007510546794","0.49587500562140163"
"a4","0.2222222222222222","0.5736498041612516","0.717948717948718","0.2312127143508161","0.15060983661276162","0.5764672757838322","0.30142208224285866","0.2733763705550047","0.3333333333333333","0.5854005934976205","0.8333333333333334","0.36395655091525064","0.22160996787828063","0.7629502792614419","1.0","0.630993861139684","0.38723184535129673"
