Similarity Measures,noun_path,noun_lch,noun_wup,noun_res,noun_jcn,noun_lin,noun_lesk,noun_vector,verb_path,verb_lch,verb_wup,verb_res,verb_jcn,verb_lin,verb_lesk,verb_vector,word2vec,Average
Antecedent,0.3402777777777778,0.5553306526477848,0.5903846153846154,0.20259171180521052,0.3041295111685055,0.3954818571828268,0.4087041166241028,0.34927407615501727,0.6666666666666666,0.7343084371187691,0.75,0.1687392234073714,0.5635931320981252,0.6967306665817475,0.6197916666666665,0.696750416072587,0.5875857037156329,0.50766707241608278
a3,0.36904761904761907,0.6113553872017485,0.7303921568627451,0.24461001478552566,0.31637970418938294,0.5054160029154589,0.4910654214672713,0.36694830128431477,0.41666666666666663,0.6403580480380207,0.65,0.21232835355994212,0.339903163532016,0.7158172344396416,0.494084362139918,0.47801277127623854,0.47388926821292726,0.47389849856584926
a2,0.18541666666666667,0.5207115504922648,0.5893939393939394,0.1577577295687528,0.14878484202777065,0.38022316427375774,0.21594884526242125,0.2743177963242725,0.6666666666666666,0.7343084371187691,0.75,0.17838483735417127,0.5635931320981252,0.6967306665817475,0.74375,0.696750416072587,0.3592801373877801,0.46247169572292313
a4,0.4666666666666667,0.7086123286537616,0.8435511856564488,0.29440736599183776,0.5459234649153923,0.685803693152387,0.6493055555555555,0.5318294342330843,0.6666666666666666,0.7343084371187691,0.75,0.25145219701796273,0.5635931320981252,0.7981624949017359,0.8310185185185185,0.8154765980240415,0.46882072049442525,0.62385873292149296
