Similarity Measures,noun_path,noun_lch,noun_wup,noun_res,noun_jcn,noun_lin,noun_lesk,noun_vector,verb_path,verb_lch,verb_wup,verb_res,verb_jcn,verb_lin,verb_lesk,verb_vector,word2vec,Average
a1,0.2149350649350649,0.5310562331235791,0.6619994588744589,0.24570344466370453,0.16419410577210533,0.5057208609339532,0.3728316316820607,0.29977103892312923,0.41666666666666663,0.6403580480380207,0.65,0.192194368886957,0.1755407315143577,0.5583614604856051,0.6775169535732914,0.455878952329578,0.3969754306988396,0.42115908535890423
a3,0.3674107142857143,0.5842976024889015,0.6791304186364928,0.24480518599836346,0.3234161996471208,0.49189669122213875,0.5427361536834019,0.42125952800579086,0.5,0.6953155025784209,0.7777777777777777,0.26191328201905384,0.6131080007435213,0.7880494055032277,1.0,0.714514470943044,0.47723257993424884,0.55781550079218933
Antecedent,0.2583874458874459,0.5158286469175624,0.5905555841217606,0.20734606371525144,0.20887744921948287,0.4308961070899896,0.37952979830210554,0.2808698647428306,0.3333333333333333,0.5854005934976205,0.65,0.24967092239597555,0.36737884661868375,0.778362338748269,1.0,0.9261682893736355,0.36148146276638815,0.47788745569001978
a4,0.3587797619047619,0.5790741388606093,0.6849435286935287,0.22752637190932684,0.31206497433636937,0.47807972604170457,0.45764905210797596,0.36403548730249646,0.41666666666666663,0.6403580480380207,0.696969696969697,0.18463919635112205,0.20167134877121573,0.5938746559270849,0.6752645502645505,0.5477389314024306,0.4050486009516202,0.46025792567642243
