"Similarity Measures","noun_path","noun_lch","noun_wup","noun_res","noun_jcn","noun_lin","noun_lesk","noun_vector","verb_path","verb_lch","verb_wup","verb_res","verb_jcn","verb_lin","verb_lesk","verb_vector","word2vec"
"Antecedent","0.23945578231292514","0.5819930545356087","0.7182049374773832","0.25674169754534276","0.1124445403667705","0.45624318231377986","0.6559396887380116","0.4623062081779984","0.47222222222222227","0.5960436068309886","0.6619047619047619","0.21334545886443615","0.479828235423724","0.7355615696002498","0.4760262596200096","0.6209637999488423","0.3002662018107526"
"a3","0.18571428571428572","0.5286156949870513","0.6538462274862098","0.20424197095915564","0.10453163531492256","0.4250591385813905","0.3598018533613316","0.335948237268541","0.3333333333333333","0.570048317137423","0.5793650793650793","0.19313933453561435","0.25048659920259475","0.603856455940963","0.6227289161914448","0.5588209507784486","0.2983123458939477"
"a2","0.27619047619047615","0.6066452671220767","0.740405109412186","0.2504628373496319","0.35631972050053307","0.5590845477328683","0.4769713642276181","0.3299350604346368","0.24999999999999997","0.49677171108355617","0.6288798920377868","0.21322592028759146","0.17514846565256073","0.5608123822751043","0.27891161916381235","0.316503659925421","0.32407521635987385"
"a4","0.17176870748299317","0.5041359825399737","0.6656913777656811","0.15215940177391674","0.08093211159908872","0.3081486259823646","0.4157805475228233","0.20380492439466838","0.48333333333333334","0.6125183966774608","0.7333333333333334","0.18151889496085352","0.44749054213343004","0.6819840977362324","0.5812794720160793","0.628974262730852","0.24391238741508603"
