Similarity Measures,noun_path,noun_lch,noun_wup,noun_res,noun_jcn,noun_lin,noun_lesk,noun_vector,verb_path,verb_lch,verb_wup,verb_res,verb_jcn,verb_lin,verb_lesk,verb_vector,word2vec,Average
Antecedent,0.18988095238095237,0.5297610905058544,0.6731190958164642,0.18754984807170036,0.11153366418774664,0.4449860201354451,0.28969251186559875,0.33911701639794795,0.9,0.8456361251076183,0.9333333333333332,0.2723141620095052,0.8276699126784438,0.8931910934007744,1.0,0.9471546965896426,0.5301848771999556,0.58324261174594016
a3,0.20238095238095238,0.5448837253912002,0.702865761689291,0.20861414818009846,0.14753708819496325,0.5045768258849695,0.40153008925986877,0.4261587532960613,0.5833333333333333,0.6889296945784,0.8257309941520468,0.25342718305975503,0.5637059515729852,0.7725024777457914,0.8306035256035255,0.6747608654548681,0.4411328457636611,0.51603965973775123
a2,0.1919642857142857,0.5253872581210262,0.6521116138763198,0.1347843523687738,0.11162902138258891,0.36147171487413765,0.18749153094468377,0.2622990127704795,0.1933333333333333,0.4370393109676572,0.3777777777777777,0.08171947980984179,1e-300,3.2609455727923153e-300,0.17757850279801485,0.12699934814972122,0.2899615745186394,0.24185577161219302
a4,0.14027777777777778,0.4462576286816905,0.5817460317460317,0.1132170237646015,0.08216750639562209,0.26947339078082333,0.22149432436408575,0.30690863635779053,0.45,0.6293665571299407,0.6142857142857142,0.21535636528843538,0.33959600231245074,0.5952697439453859,0.7052475302475302,0.5374593035295362,0.42998967200402405,0.39283018874184944
