Similarity Measures,noun_path,noun_lch,noun_wup,noun_res,noun_jcn,noun_lin,noun_lesk,noun_vector,verb_path,verb_lch,verb_wup,verb_res,verb_jcn,verb_lin,verb_lesk,verb_vector,word2vec,Average
Antecedent,0.6000000000000001,0.7918030773496609,0.877948717948718,0.3257025030220606,0.6570858444659077,0.8022723799744064,0.7192213767615364,0.7072226963671355,0.5555555555555555,0.684672489245053,0.6666666666666666,0.13317950358915334,0.4111673284502972,0.49591208726895974,0.516998556998557,0.536743605949151,0.540541321916784,0.58957021832527079
a2,0.29,0.6449815207283262,0.8164285714285715,0.26298917047753745,0.19798118295318656,0.653131628366121,0.795820280571245,0.4235942608800268,0.38888888888888884,0.6220388965245539,0.626984126984127,0.16053523124937188,0.2830879724202735,0.46346376541643597,0.5200733525733526,0.6213374746915027,0.4367725316062404,0.48282993269175067
