Similarity Measures,noun_path,noun_lch,noun_wup,noun_res,noun_jcn,noun_lin,noun_lesk,noun_vector,verb_path,verb_lch,verb_wup,verb_res,verb_jcn,verb_lin,verb_lesk,verb_vector,word2vec,Average
Antecedent,0.18095238095238098,0.5193935414582165,0.6563958916900093,0.14223417076778064,0.10436629281945371,0.35602158445469145,0.28277915913545565,0.30873251430957066,0.29166666666666663,0.5464076589572724,0.5333333333333333,0.18008047657511458,0.3390427231130724,0.44715789904506115,0.564668367346939,0.375409288088837,0.3672047493665738,0.36446157047531935
a3,0.0,0.0,0.0,0.0,0.0,0.0,0.0,0.0,0.0,0.0,0.0,0.0,0.0,0.0,0.0,0.0,0.24343847701832097,0.014319910412842409
a2,0.5111111111111111,0.741387069142287,0.8464052287581699,0.2522956068110254,0.41694199065908694,0.6542640121208293,0.6007731888964113,0.7600166558451633,0.29166666666666663,0.5464076589572724,0.45,0.08527032710766605,0.10321853357763897,0.21498846166059019,0.2791080447330445,0.335882629744357,0.4017160698757437,0.44067372092159202
