Similarity Measures,noun_path,noun_lch,noun_wup,noun_res,noun_jcn,noun_lin,noun_lesk,noun_vector,verb_path,verb_lch,verb_wup,verb_res,verb_jcn,verb_lin,verb_lesk,verb_vector,word2vec,Average
a1,0.0,0.0,0.0,0.0,0.0,0.0,0.0,0.0,0.0,0.0,0.0,0.0,0.0,0.0,0.0,0.0,0,0.0
a3,0.09764309764309764,0.35419260992402407,0.4166666666666667,0.1518155438988447,0.08130537190674608,0.32490754623282264,0.18151154401154435,0.13952082143253655,0.0,0.0,0.0,0.0,0.0,0.0,0.0,0.0,0.21299491991447014,0.11532694833122074
a2,0.13095238095238096,0.43445338237814096,0.4444444444444445,0.15376517396039277,0.07982072299033506,0.3091781566435434,0.299144832440287,0.16978016976540167,0.4444444444444444,0.6586771995514874,0.6333333333333333,0.12971181354054712,0.17067084118139622,0.41456445573246986,0.7271376499317675,0.5163946016320113,0.4241645654991696,0.36121400990715025
Antecedent,0.12962962962962962,0.4270965920535177,0.4444444444444444,0.08615599431339428,0.06585697781459494,0.17722745563819606,0.19965794306703433,0.08611541004929095,0.7777777777777777,0.7839443849924853,0.8333333333333334,0.13977492987217424,0.702613408765386,0.6666666666666666,0.7695238095238096,0.7566644135170394,0.3475031318063799,0.43494037078030318
