"Similarity Measures","noun_path","noun_lch","noun_wup","noun_res","noun_jcn","noun_lin","noun_lesk","noun_vector","verb_path","verb_lch","verb_wup","verb_res","verb_jcn","verb_lin","verb_lesk","verb_vector","word2vec"
"Antecedent","0.2","0.5497975676468014","0.625","0.14310764134388926","0.11360720121612501","0.3731275358690341","0.284710207612457","0.504331312255707","0.875","0.8362410861995434","0.9375","0.26144555951994314","0.8574807194137395","0.9565121732439867","1.0","0.8757371342857417","0.4940966732638652"
"a3","1.0","0.9860896635111784","1.0","0.4263805807938992","1.0","1.0","1.0","1.0","0.7083333333333334","0.7617871643889691","0.9327485380116959","0.26505014535085997","0.8249234669273516","0.9212660741457486","0.8791666666666668","0.7227003921329448","0.42177895857651765"
"a2","0.16666666666666666","0.5003731981073846","0.5454545454545454","0.14310764134388926","0.11033196110184515","0.3865257637090197","0.465215419501134","0.234779054318077","0.7083333333333333","0.7617871643889691","0.9097222222222222","0.25192028725791116","0.6821290243262914","0.8636048256370173","1.0","0.810614957009151","0.5033877027267427"
"a4","1.0","0.9860896635111784","1.0","0.4263805807938992","1.0","1.0","1.0","1.0","0.0","0.0","0.0","0.0","0.0","0.0","0.0","0.0","0.14030591559704045"
