Similarity Measures,noun_path,noun_lch,noun_wup,noun_res,noun_jcn,noun_lin,noun_lesk,noun_vector,verb_path,verb_lch,verb_wup,verb_res,verb_jcn,verb_lin,verb_lesk,verb_vector,word2vec,Average
Antecedent,0.2895833333333333,0.577434978667726,0.7193985838722681,0.23729104485267846,0.24747251330721484,0.5185753604335746,0.345337822474522,0.3410742843564907,0.6666666666666666,0.7343084371187691,0.75,0.20279992290347437,0.5765319221804582,0.7573932444871531,0.6595965232683983,0.6978851426807453,0.4967272046577813,0.51871041089772074
a3,0.4723710317460318,0.6661619041201822,0.7437499999999999,0.27119175152371516,0.43411796688705007,0.5985717902275329,0.5401866618543425,0.5039934355324103,0.6666666666666666,0.7343084371187691,0.75,0.2224622160578823,0.6450291143250231,0.8373598150796764,0.8435250946969698,0.7704490979568704,0.4902648903658965,0.59943587495053052
a2,0.4046626984126985,0.6524225404850822,0.7837015925251221,0.29612441104487675,0.373937376684952,0.6303852770824862,0.5211889818936339,0.490992765458737,0.25,0.5074147244169241,0.41428571428571426,0.17747087170818338,0.14430076284050466,0.48797251641031947,0.3032137635756055,0.27373183332677153,0.4870697874165184,0.42346327162165476
a4,0.21875,0.5414326052619602,0.6690666145000511,0.19804799422634928,0.20940864262608763,0.4413556224842448,0.27626386190853774,0.22600158857937472,0.6666666666666666,0.7343084371187691,0.75,0.20279992290347437,0.5679772304255856,0.7571129374326164,0.8435250946969698,0.7172570113854825,0.5392700593206822,0.50348495820805006
