"Similarity Measures","noun_path","noun_lch","noun_wup","noun_res","noun_jcn","noun_lin","noun_lesk","noun_vector","verb_path","verb_lch","verb_wup","verb_res","verb_jcn","verb_lin","verb_lesk","verb_vector","word2vec"
"Antecedent","0.14375","0.4462576286816905","0.5921345811051694","0.14989680078269513","0.09901750218238828","0.35174411516924153","0.264194365039281","0.23503556182322974","0.3333333333333333","0.5854005934976205","0.5","0.14632920900991675","0.10810388837694146","0.38635858248976207","0.7052690365190365","0.6141642123870465","0.38659652822974255"
"a2","0.28125","0.6102881071881849","0.7519480519480519","0.27514824909613567","0.37843037421438536","0.6706334934345157","0.42927522090776377","0.3485135411506025","0.3333333333333333","0.5854005934976205","0.5833333333333333","0.09728386015541034","0.1377712924317787","0.2868783506811094","0.30267857142857146","0.46458511481672404","0.35962781354004314"
