Similarity Measures,noun_path,noun_lch,noun_wup,noun_res,noun_jcn,noun_lin,noun_lesk,noun_vector,verb_path,verb_lch,verb_wup,verb_res,verb_jcn,verb_lin,verb_lesk,verb_vector,word2vec,Average
a1,0.2196145124716553,0.5551500862268235,0.7072154036439751,0.21532225385874695,0.21312709776028468,0.5407521242354294,0.5011363136554333,0.40079168818564914,0.44000000000000006,0.6456372390378449,0.6647619047619047,0.19306799409677206,0.3093835092838525,0.6104914653166513,0.8282240236664544,0.6401805887502442,0.5351622741630849,0.48353049877145926
a3,0.0,0.0,0.0,0.0,0.0,0.0,0.0,0.0,0.5733333333333334,0.6768315866701233,0.7166666666666666,0.19787450457026762,0.668354880545729,0.7385661630705138,0.6200150417215636,0.6687702391472392,0.4064139457929311,0.30981331538343337
a2,0.4029478458049886,0.6315987769329964,0.6776556776556777,0.206323470489546,0.36378813410906524,0.5178878303294313,0.5380663300375663,0.46821832438025,0.5733333333333334,0.6768315866701233,0.6666666666666666,0.14881196260165047,0.536527443753617,0.6285547478915231,0.6139404761904764,0.6593555161377652,0.5099700142175785,0.51885165512954456
Antecedent,1.0,0.9860896635111783,1.0,0.4675026478920041,1.0,1.0,1.0,0.999999999999997,1.0,0.8832162807399178,1.0,0.3757168887378651,1.0,1.0,1.0,1.0,1.0,0.92426620475770371
a4,0.15204081632653058,0.45592978871346757,0.5070120355834642,0.14781254893533777,0.09900761125486228,0.3458084793907052,0.214848500723486,0.21280145580416773,0.5733333333333334,0.6768315866701233,0.6666666666666666,0.1748370909954032,0.536527443753617,0.6582603007155938,0.6804540816326532,0.6593555161377652,0.5680472107802491,0.43115143925984867
