"Similarity Measures","noun_path","noun_lch","noun_wup","noun_res","noun_jcn","noun_lin","noun_lesk","noun_vector","verb_path","verb_lch","verb_wup","verb_res","verb_jcn","verb_lin","verb_lesk","verb_vector","word2vec"
"a1","0.0","0.0","0.0","0.0","0.0","0.0","0.0","0.0","0.3333333333333333","0.5854005934976205","0.7777777777777778","0.19456772031082067","0.313741893440501","0.7089562986509145","0.25","0.490154171515244","0.35191510710143376"
"a3","0.075","0.28222715017519606","0.13942307692307693","0.0","0.05511952854747282","0.0","0.1593143738977075","0.0501284028596009","0.3333333333333333","0.5854005934976205","0.7777777777777778","0.19456772031082067","0.313741893440501","0.7089562986509145","0.25","0.490154171515244","0.3380091912219442"
"a2","0.0","0.0","0.0","0.0","0.0","0.0","0.0","0.0","0.3333333333333333","0.5854005934976205","0.7777777777777778","0.2056677115646493","1.0","0.990381907831104","0.567083333333333","0.502868513947089","0.2704360569477372"
