Similarity Measures,noun_path,noun_lch,noun_wup,noun_res,noun_jcn,noun_lin,noun_lesk,noun_vector,verb_path,verb_lch,verb_wup,verb_res,verb_jcn,verb_lin,verb_lesk,verb_vector,word2vec,Average
a1,0.1,0.3618967894853046,0.3076923076923077,0.029883075095373943,0.06462929871949372,0.07155329929956883,0.138649380804954,0.100719189414614,0.0,0.0,0.0,0.0,0.0,0.0,0.0,0.0,0.08494385185592533,0.074115717198090722
a3,0.1,0.3618967894853046,0.5263157894736842,0.11689201912998942,0.0708436270337794,0.24837368548326502,0.239532399412528,0.117738450416594,0.0,0.0,0.0,0.0,0.0,0.0,0.0,0.0,0.0452811032019132,0.10746316844923869
Antecedent,0.14285714285714285,0.4585854890810465,0.5882352941176471,0.13129684456587165,0.10194161351144178,0.34815262282776577,0.258869047619048,0.296188503787367,0.3333333333333333,0.5854005934976205,0.75,0.3202290923143693,0.1292649240394308,0.6228987224601706,1.0,0.492125201763785,0.37469321858251825,0.40788656731520928
a4,0.1111111111111111,0.39045828902658425,0.47058823529411764,0.28116350352528874,0.11554785616160107,0.5645356665986235,0.30172402294251,0.285811026180642,0.25,0.5074147244169241,0.4,0.0,0.06608484501998285,0.0,0.355952380952381,0.117792783125737,0.3487194690456672,0.26864140667065711
