"Similarity Measures","noun_path","noun_lch","noun_wup","noun_res","noun_jcn","noun_lin","noun_lesk","noun_vector","verb_path","verb_lch","verb_wup","verb_res","verb_jcn","verb_lin","verb_lesk","verb_vector","word2vec"
"Antecedent","0.2183152958152958","0.524891404073059","0.6521687370600413","0.21579927648544062","0.1873186175062513","0.4913750251482793","0.3880936926212912","0.29611068821763525","0.28125","0.5326682953221724","0.43571428571428567","0.0","0.08516001785188901","0.0","0.21855882109788366","0.253788817404235","0.42925545910700713"
"a3","0.22017857142857142","0.5642747386328162","0.7336980421539242","0.24605147578257408","0.1510050694639497","0.5410962139496533","0.4211741681554787","0.3666334368602922","0.3958333333333333","0.5933828534976465","0.5688852813852814","0.16677594359198403","0.29935180167051767","0.5260170287088929","0.47851988562964365","0.44187662599788663","0.4488500723465617"
"a2","0.20000055500055497","0.44000669491714933","0.45159192931251757","0.1205202922837115","0.17109032061181026","0.2898701870706016","0.29929620691453734","0.22298420766382177","0.0","0.0","0.0","0.0","0.0","0.0","0.0","0.0","0.22766668666816434"
"a4","0.21053932178932183","0.5399240588537094","0.6612671431595578","0.18960118431566247","0.15741387597957507","0.44133281326486307","0.46775795196034986","0.28432740469709844","0.3958333333333333","0.5933828534976465","0.5863095238095238","0.198930315823983","0.3571965910496787","0.5789611748404485","0.5787153095746846","0.4724228555475018","0.4848958226684393"
