Similarity Measures,noun_path,noun_lch,noun_wup,noun_res,noun_jcn,noun_lin,noun_lesk,noun_vector,verb_path,verb_lch,verb_wup,verb_res,verb_jcn,verb_lin,verb_lesk,verb_vector,word2vec,Average
Antecedent,0.17347180597180598,0.2945493740513795,0.3499808524808525,0.12805572839817542,0.17501450165799431,0.22001273047723435,0.25178312010396925,0.19862779443932968,0.1438095238095238,0.35308945000117264,0.3185064935064935,0.03701879420037012,0.11009145305343457,0.1232120253724702,0.27444786298357743,0.2392872828080066,0.20943126238190812,0.21178765033515867
a3,0.16269841269841268,0.4652063399523338,0.5714009442569814,0.14753676814532385,0.1845773234650806,0.3133912192347506,0.1914412349841175,0.1643928990638378,0.3952380952380952,0.5678316858762344,0.51,0.14917650348170747,0.28391169911656716,0.46143596851114543,0.4481479918890634,0.4288833838867096,0.2661666890642213,0.3359668916979166
a2,0.25873466810966805,0.5180155631099765,0.6135559486952675,0.21549220998086413,0.21259707416858178,0.46929942817817966,0.4356120559028239,0.3164202770415095,0.3,0.5386090720492026,0.45047619047619036,0.19348172930975358,0.14888472183247603,0.5069920056737975,0.4182369270940699,0.31069500611971224,0.3882399958606033,0.37031428668251049
a4,0.13695436507936506,0.4334728476107253,0.5576815341521224,0.14170953663705224,0.09008402004357369,0.2919299306992253,0.19588984938594964,0.22062253844378493,0.26190476190476186,0.508268548427775,0.45999999999999996,0.12665069699542827,0.2731032153660705,0.4118517214040357,0.274779541982082,0.2537230866188318,0.22594537954476232,0.28615126907620858
