Similarity Measures,noun_path,noun_lch,noun_wup,noun_res,noun_jcn,noun_lin,noun_lesk,noun_vector,verb_path,verb_lch,verb_wup,verb_res,verb_jcn,verb_lin,verb_lesk,verb_vector,word2vec,Average
Antecedent,1.0,0.9860896635111784,1.0,0.46684303071405303,1.0,1.0,1.0,0.9999999999999944,0.41666666666666663,0.6403580480380207,0.6944444444444444,0.26454886027443447,0.7090260409399299,0.8704409065743823,0.738355263157895,0.4390935706636495,0.734752343738714,0.76238934345431553
a3,0.13846153846153847,0.42028586428977943,0.4957983193277311,0.15717238457321342,0.0937776254745957,0.2793901506001245,0.397457462939919,0.236222599512062,0.41666666666666663,0.6403580480380207,0.7333333333333334,0.20929985458346279,0.6856625844416031,0.828539931678971,0.6607142857142855,0.494150227310502,0.3884134159310976,0.42798260546334749
a2,0.15476190476190477,0.4794793435942155,0.6076923076923078,0.15782969167899835,0.10890552421084895,0.39370576746947694,0.338088946910165,0.27546889755410897,0.6666666666666666,0.7343084371187691,0.85,0.202115057559541,0.6059001721584686,0.8109233417993524,0.6295355479748754,0.696750416072587,0.4081995847946308,0.4776665651774657
a4,0.55,0.6739932264982416,0.7,0.31930116260003927,0.5422442546516494,0.6534178971418372,0.627796253454148,0.5468359327844806,0.41666666666666663,0.6403580480380207,0.6666666666666666,0.14963634376434948,0.15070526218839225,0.44464647275250174,0.5741520467836255,0.45873396402046496,0.2937938923848885,0.49464400531741021
