Similarity Measures,noun_path,noun_lch,noun_wup,noun_res,noun_jcn,noun_lin,noun_lesk,noun_vector,verb_path,verb_lch,verb_wup,verb_res,verb_jcn,verb_lin,verb_lesk,verb_vector,word2vec,Average
Antecedent,0.08246753246753245,0.3088323482259915,0.2839068825910931,0.04121762897660828,0.05167397404252287,0.0749749222725741,0.037419351050183056,0.11324641949268395,0.3055555555555555,0.5594053038040551,0.5222222222222223,0.06485590677027356,0.14516663853556555,0.19125223378740627,0.5016405874218374,0.47272714494332235,0.27270793588689346,0.23701603459096005
a3,0.0,0.0,0.0,0.0,0.0,0.0,0.0,0.0,0.0,0.0,0.0,0.0,0.0,0.0,0.0,0.0,0.12275784377506757,0.0072210496338275046
a2,0.07615384615384616,0.2873553566297329,0.2677310924369748,0.04121762897660828,0.055112404697518914,0.07934121653036935,0.11581635248497399,0.07165404881060204,0.0,0.0,0.0,0.0,0.0,0.0,0.0,0.0,0.19042061411882094,0.069694268284673372
