Similarity Measures,noun_path,noun_lch,noun_wup,noun_res,noun_jcn,noun_lin,noun_lesk,noun_vector,verb_path,verb_lch,verb_wup,verb_res,verb_jcn,verb_lin,verb_lesk,verb_vector,word2vec,Average
Antecedent,0.53,0.7364125139008288,0.8216450216450216,0.41848521644208214,0.4831290267343271,0.7193425812698677,0.6901624452708404,0.5967747371245856,0.3333333333333333,0.5854005934976205,0.5238095238095238,0.1956176142457785,0.266634063982297,0.6253677409797235,0.562735542560104,0.5541190021090481,0.4498209279083174,0.53486999322431161
a3,0.17841991341991342,0.4910208264792323,0.6705077086656035,0.21505714978094748,0.09619888440366343,0.4341280809297944,0.5006811461857132,0.3020641918585514,0.19444444444444442,0.4341381183630572,0.6744639376218323,0.21322592028759146,0.20608038527535877,0.6140515444675193,0.20891955266955264,0.314836947911639,0.3477538680036982,0.35858780122165357
a2,0.17333333333333334,0.5023325381066186,0.6420392906326411,0.22984990056754068,0.1404939561855484,0.48002506424906316,0.411552599867736,0.26865144570386457,0.611111111111111,0.7213107922719862,0.7857142857142857,0.24008225389916316,0.8444801652819068,0.9314861162103871,0.9076305557665206,0.6255117308102137,0.3767588487293083,0.52308023461419006
a4,0.26666666666666666,0.6194994730043034,0.7831102231102232,0.25741680791374305,0.13607624932197357,0.5394832714973052,0.5997679296956957,0.36928595749824444,1.0,0.8832162807399176,1.0,0.2578538836153054,1.0,1.0,1.0,1.0,0.4135775355920797,0.65446789874443856
