"Similarity Measures","noun_path","noun_lch","noun_wup","noun_res","noun_jcn","noun_lin","noun_lesk","noun_vector","verb_path","verb_lch","verb_wup","verb_res","verb_jcn","verb_lin","verb_lesk","verb_vector","word2vec"
"Antecedent","0.0","0.0","0.0","0.0","0.0","0.0","0.0","0.0","0.25","0.5074147244169241","0.7","0.2333280435379045","0.2771650046333924","0.720718402293179","0.463069789510007","0.600104307568375","0.18743116184703232"
"a3","0.12923881673881674","0.42170856744018925","0.5164483607208066","0.11263786670427793","0.07405815141095182","0.2490851465351113","0.22245469956391287","0.14497185419156386","0.0","0.0","0.0","0.0","0.0","0.0","0.0","0.0","0.11089941234154224"
"a2","0.13664622414622415","0.4299459623634254","0.5458500921736217","0.15134904073480251","0.09222760348035601","0.32738327570343695","0.15458929190153795","0.17023886316762618","0.0","0.0","0.0","0.0","0.0","0.0","0.0","0.0","0.07894930214175733"
