Similarity Measures,noun_path,noun_lch,noun_wup,noun_res,noun_jcn,noun_lin,noun_lesk,noun_vector,verb_path,verb_lch,verb_wup,verb_res,verb_jcn,verb_lin,verb_lesk,verb_vector,word2vec,Average
a1,0.15555555555555556,0.4706891850798302,0.5606837606837606,0.1590775729225688,0.09503694386611365,0.3648139085908823,0.2869632106035617,0.244057315495022,0.625,0.6953155025784209,0.7,0.1977555535101998,0.5821966193783483,0.7282252716845439,0.6774782261389405,0.661338527084771,0.4081195725315778,0.44778274857082928
a3,0.16984126984126982,0.5029187516117442,0.6123737373737373,0.15397952996243686,0.1450617502514553,0.4607513911474153,0.29471360909918465,0.31603304936087934,0.6666666666666666,0.7343084371187691,0.75,0.1977555535101998,0.5821966193783483,0.7282252716845439,1.0,0.9769499659039345,0.3264274752743706,0.50695312224617384
a2,0.20039682539682538,0.5230822647922054,0.6584757834757835,0.2122208086876495,0.15782249234411452,0.4477659033537696,0.4703013584698644,0.25091568185398455,0.41666666666666663,0.6403580480380207,0.5833333333333333,0.13416959012723068,0.3311779239119268,0.6274295799437327,0.7326388888888891,0.5909808025082125,0.390122377259317,0.43340343112067803
Antecedent,1.0,0.9860896635111785,1.0,0.43192290970411834,1.0,1.0,1.0,1.0,1.0,0.8832162807399176,1.0,0.33371882004937087,1.0,1.0,1.0,1.0,1.0,0.91970280435321095
a4,0.15595238095238095,0.47692346191817875,0.6121794871794872,0.16081837011153377,0.12991914977509247,0.44461913063795405,0.23787087706397103,0.2744862938916357,0.5,0.6953155025784209,0.5833333333333333,0.18415342918934213,0.4182380136484659,0.7219999388521128,1.0,0.6183065986279279,0.4076472046467376,0.44833901014156324
