Similarity Measures,noun_path,noun_lch,noun_wup,noun_res,noun_jcn,noun_lin,noun_lesk,noun_vector,verb_path,verb_lch,verb_wup,verb_res,verb_jcn,verb_lin,verb_lesk,verb_vector,word2vec,Average
Antecedent,0.10403439153439153,0.3580596379050998,0.44322571133716643,0.11831157236910944,0.0646159771062819,0.22422640306371144,0.4054497497877642,0.20980856346418505,0.0,0.0,0.0,0.0,0.0,0.0,0.0,0.0,0.30372494605009825,0.13126217368340048
a3,0.20555555555555552,0.5481647843141063,0.6864693313222725,0.20802332639976695,0.10121564841162121,0.4066054333865093,0.42677619191186916,0.280401582394262,0.41666666666666663,0.6403580480380207,0.6488636363636364,0.1818916953460577,0.3431552149750088,0.5379902670885934,0.6218414449112978,0.49232215646022925,0.4968340248822558,0.42606676520163111
a2,0.0,0.0,0.0,0.0,0.0,0.0,0.0,0.0,0.13988095238095238,0.3480599535391911,0.3435897435897436,0.1052449273226089,1e-300,4.19970832670643e-300,0.10960948773448766,0.06890161359402473,0.2956533762434046,0.082996473788494882
