Similarity Measures,noun_path,noun_lch,noun_wup,noun_res,noun_jcn,noun_lin,noun_lesk,noun_vector,verb_path,verb_lch,verb_wup,verb_res,verb_jcn,verb_lin,verb_lesk,verb_vector,word2vec,Average
Antecedent,0.4236111111111111,0.6687775089987071,0.786904761904762,0.2740222727080208,0.5265859485728858,0.613948895471835,0.4323076678013382,0.5073517772179515,0.375,0.6013651134976725,0.7017543859649122,0.24497245789215283,0.41382294321689916,0.7525010924433375,0.7801388888888889,0.6196855245179925,0.5414203221037756,0.54495121601836727
a3,0.14821428571428572,0.4632894286953061,0.5828031617505302,0.16125659325952502,0.08033131977510197,0.29782432238881223,0.15195266341419716,0.17544187208681714,0.375,0.6013651134976725,0.6000000000000001,0.10370668542976041,0.542917244282074,0.4973038184739173,0.5980115122972265,0.46894663854175,0.308346151146577,0.3621594594560914
a2,0.16111111111111112,0.48525056322203863,0.6696078431372549,0.2318896937637174,0.09287375632681956,0.412450504255357,0.21451643787487323,0.25327301823677717,0.29166666666666663,0.5464076589572724,0.5125,0.17781731260859135,0.256076059871546,0.5556239989011633,0.35530028546332904,0.5843468859317235,0.42930233726948375,0.36647141962339563
a4,0.1652777777777778,0.4781101883367188,0.5692307692307692,0.13301681197986467,0.09827145440809215,0.25894565443887596,0.2381870001091165,0.265648537958753,0.29166666666666663,0.5464076589572724,0.4722222222222222,0.21663080953328534,0.26321388251952194,0.6432081496177096,0.4261574074074075,0.47427039103306,0.36526726111182356,0.3473960378417022
