"Similarity Measures","noun_path","noun_lch","noun_wup","noun_res","noun_jcn","noun_lin","noun_lesk","noun_vector","verb_path","verb_lch","verb_wup","verb_res","verb_jcn","verb_lin","verb_lesk","verb_vector","word2vec"
"a1","0.248015873015873","0.5854633944623266","0.7016469745793056","0.2097331166659034","0.19884664358428683","0.518903379384134","0.6516933987979145","0.3948914201478427","0.6458333333333333","0.714811969848595","0.7678571428571428","0.21714463285061644","0.586388358818724","0.7628350316116279","0.895146826451651","0.7106269355790761","0.37996580627136634"
"a3","0.13696660482374767","0.44000699604113386","0.5902922572537787","0.15468099497828605","0.07561750204690891","0.30173735472406005","0.3181095047679378","0.17660697830519062","0.0","0.0","0.0","0.0","0.0","0.0","0.0","0.0","0.10726169930100135"
"a2","0.0","0.0","0.0","0.0","0.0","0.0","0.0","0.0","0.0","0.0","0.0","0.0","0.0","0.0","0.0","0.0","0.28025655910529074"
"Antecedent","1.0","0.9860896635111783","1.0","0.503882280052253","1.0","1.0","1.0","0.9999999999999997","1.0","0.8832162807399176","1.0","0.3862878802422694","1.0","1.0","1.0","1.0","1.0"
