"Similarity Measures","noun_path","noun_lch","noun_wup","noun_res","noun_jcn","noun_lin","noun_lesk","noun_vector","verb_path","verb_lch","verb_wup","verb_res","verb_jcn","verb_lin","verb_lesk","verb_vector","word2vec"
"Antecedent","0.13246031746031747","0.42674021894540165","0.5390299277605779","0.14404858289999117","0.10466017838525773","0.3327733715116706","0.23656083634655062","0.20210784010660704","0.5","0.6953155025784209","0.8571428571428571","0.38167483443510514","0.9027039987566368","0.9321967173669081","1.0","0.672532332921331","0.39011415563653373"
"a3","0.17857142857142855","0.4984014643021378","0.5384415584415584","0.11676479527366652","0.10095404196988544","0.29865477081074926","0.3980778777322894","0.37204997133473905","0.25","0.5074147244169241","0.4","0.1280126104909828","0.10736138387139976","0.35418330143303545","0.320766789516789","0.417454770669761","0.32182688618912536"
"a2","0.13523809523809524","0.43312602694542246","0.4999267399267399","0.11254765996841769","0.06220615772374936","0.2169253729691485","0.145226520031979","0.19842303990869642","0.25","0.5074147244169241","0.4","0.1280126104909828","0.10736138387139976","0.35418330143303545","0.320766789516789","0.417454770669761","0.3096843177543369"
"a4","0.09064935064935065","0.33331956612712943","0.2653968253968254","0.029883075095373947","0.07290857394463832","0.07992297047415124","0.14067506152862394","0.09670821030707481","0.25","0.5074147244169241","0.3333333333333333","0.12781605200648147","0.09364917456244791","0.32324850919291787","0.192437524512996","0.224273772010159","0.20888662855881285"
