"Similarity Measures","noun_path","noun_lch","noun_wup","noun_res","noun_jcn","noun_lin","noun_lesk","noun_vector","verb_path","verb_lch","verb_wup","verb_res","verb_jcn","verb_lin","verb_lesk","verb_vector","word2vec"
"Antecedent","0.3304761904761905","0.5906862814854915","0.6806015037593984","0.18540362814251105","0.27705402478316415","0.4422416583927748","0.39290465060210245","0.4246006126110986","0.3333333333333333","0.5854005934976205","0.5416666666666666","0.1535212955944913","0.28842404086500245","0.4786057598049468","0.5487485906950192","0.31660914651348177","0.45316235860000237"
"a3","0.11895604395604395","0.3969185194187529","0.4889928698752228","0.10584207238644364","0.08005394801882555","0.24907220594034607","0.27840878755083304","0.2544273026158438","0.3333333333333333","0.5854005934976205","0.5357142857142857","0.19916098744681227","0.26085353091001373","0.6133621547832122","0.630703776899429","0.6200110550570802","0.34456467314800265"
"a2","0.3419047619047619","0.6089286971986425","0.707268170426065","0.2208259213341047","0.27925004750575866","0.514593602402387","0.4090271464646464","0.49037233892344984","0.5416666666666666","0.6873332425783949","0.625","0.22797183646554064","0.5008895527063427","0.6661677437616873","0.7223717948717949","0.5505965735568452","0.5217226621741831"
"a4","0.3181818181818182","0.556728271732566","0.6180994152046784","0.16994155452268028","0.27755200903811805","0.41992258882492967","0.4927895880574452","0.4246006126110986","0.37499999999999994","0.6128793207678206","0.5785714285714286","0.2456177944501804","0.21284227340090053","0.6393177337294891","0.5156790173334292","0.3055698266799215","0.42783869777409367"
