Similarity Measures,noun_path,noun_lch,noun_wup,noun_res,noun_jcn,noun_lin,noun_lesk,noun_vector,verb_path,verb_lch,verb_wup,verb_res,verb_jcn,verb_lin,verb_lesk,verb_vector,word2vec,Average
Antecedent,0.2058201058201058,0.5473736333684129,0.6397365963929431,0.13245172942993785,0.1031383750682124,0.3337281611912326,0.350980620639666,0.27007654447537927,0.5166666666666666,0.6733325207622608,0.6199999999999999,0.22711114345411637,0.5392934811248754,0.7350201345533616,0.91425,0.7937255957296475,0.3811865910428696,0.46964069998351105
a3,0.1671957671957672,0.4828894052063643,0.5637464387464388,0.1219436059778844,0.15305241202174272,0.2917375575803097,0.19122273830700046,0.16296543911051556,0.4666666666666666,0.64496373094608,0.6466666666666666,0.19459608554044552,0.5209145663574232,0.6771010046683049,0.7671071428571429,0.6511547665718648,0.34249610054554547,0.41449529970389198
a2,0.3385361552028219,0.6222199937645563,0.7102768691003984,0.23267505873450953,0.30263221869670204,0.5608805038662323,0.49490244377936077,0.4283942200789729,0.4333333333333333,0.6137693833138014,0.5599999999999999,0.06753500105984885,0.30545785832151656,0.2918265754395207,0.44283840900701366,0.4702684906707926,0.4084732611393815,0.42847175150051536
a4,0.1304834054834055,0.4203769471081511,0.39595959595959596,0.08218646906210005,0.07122221363230191,0.16220188516826933,0.13893148783677897,0.06919725949354646,0.4666666666666666,0.64496373094608,0.6133333333333333,0.16421173435845415,0.5079264272012265,0.6193953171913188,0.7671071428571429,0.5880177720574943,0.27049139910102216,0.35956898749746402
