"Similarity Measures","noun_path","noun_lch","noun_wup","noun_res","noun_jcn","noun_lin","noun_lesk","noun_vector","verb_path","verb_lch","verb_wup","verb_res","verb_jcn","verb_lin","verb_lesk","verb_vector","word2vec"
"a1","0.18781436817151098","0.5066792724639868","0.5863509506366649","0.17261982185291536","0.11671567844023067","0.36505682176596377","0.3870675934015991","0.23317810481585663","0.0","0.0","0.0","0.0","0.0","0.0","0.0","0.0","0.1677406123830437"
"a3","0.4333333333333333","0.6730529236085989","0.7859225674075299","0.3117287792735405","0.38591447985964755","0.6510460327469503","0.634281436686741","0.5540899427021168","0.35788690476190477","0.5936496735010375","0.5872023809523809","0.22661409120311518","0.18118891311430552","0.5824490180984616","0.8167613636363636","0.5750999293259067","0.471335248496165"
"a2","0.28469387755102044","0.6006755944040283","0.7451442115307663","0.23674546629187795","0.23774063950045665","0.5076698231706548","0.4101343955921987","0.3531428143575449","0.5833333333333334","0.6942029243959449","0.8041035353535354","0.26323701270919775","0.6909363285834874","0.8422925968842737","0.8253774726430976","0.6389900281880339","0.5190747867295736"
"Antecedent","1.0","0.9860896635111783","1.0","0.47963116020173985","1.0","1.0","1.0","0.9999999999999994","1.0","0.8832162807399176","1.0","0.3923674992938191","1.0","1.0","1.0","0.9999999999999996","1.0"
"a4","0.22729591836734694","0.5252498167349123","0.6483137992038921","0.207525236176508","0.15494109729236752","0.4012542704897277","0.3038813742884283","0.2599644702393184","0.5489583333333333","0.6786784670395148","0.7816293183940242","0.2558277928780545","0.6154954213678503","0.8460312669012992","0.8464955751098583","0.6413119830462221","0.4767284161901345"
