"Similarity Measures","noun_path","noun_lch","noun_wup","noun_res","noun_jcn","noun_lin","noun_lesk","noun_vector","verb_path","verb_lch","verb_wup","verb_res","verb_jcn","verb_lin","verb_lesk","verb_vector","word2vec"
"Antecedent","0.4962962962962963","0.7099001828332309","0.836567789508966","0.35092617913219964","0.48002190565622116","0.7624400914802183","0.5881707853889577","0.5334473134986577","0.5416666666666666","0.6873332425783949","0.7261904761904762","0.23131201766321724","0.35928580267392835","0.6051236177884542","1.0","0.6119327021842395","0.5226556868605379"
"a3","0.19735449735449737","0.5346865190200735","0.696101973552954","0.23182919089865736","0.22315463546290706","0.5439397306428613","0.28751154651126826","0.24150759496836174","0.5416666666666666","0.6873332425783949","0.7592105263157896","0.2757400207694905","0.6337251202487069","0.8152903643741853","0.7682644901394903","0.6309783377041838","0.38402598503119756"
"a2","0.1511904761904762","0.46386217640774763","0.532692971516501","0.17165954565003008","0.09940303287474567","0.37417667367802165","0.2719448540536008","0.1975066656633786","0.5416666666666666","0.6873332425783949","0.6666666666666666","0.19776913501288199","0.4941670769023828","0.7714239550954433","0.6709439865689865","0.6978973758143248","0.29640618538492625"
"a4","0.23333333333333334","0.5625255587074037","0.6904166734090008","0.21720739647362983","0.2408583541533045","0.5265396245200928","0.4317664641191574","0.32654158457649474","0.5416666666666666","0.6873332425783949","0.7083333333333333","0.19776913501288199","0.4941670769023828","0.7714239550954433","0.8302083333333332","0.630742252055978","0.4547341718703484"
