"Similarity Measures","noun_path","noun_lch","noun_wup","noun_res","noun_jcn","noun_lin","noun_lesk","noun_vector","verb_path","verb_lch","verb_wup","verb_res","verb_jcn","verb_lin","verb_lesk","verb_vector","word2vec"
"a1","0.46547619047619043","0.6635514633274956","0.741473559120618","0.26847020630476054","0.401239784984414","0.603528530690812","0.6488960405440247","0.6599757260602582","0.41666666666666663","0.6403580480380207","0.625","0.2094785868474348","0.2913129123651088","0.6648147549290153","0.812962962962963","0.7024090650269168","0.45261844608206164"
"a3","0.14847883597883596","0.449094138729296","0.49614362245941196","0.13660300587854965","0.0801894660490289","0.2907380323576589","0.28703293818117953","0.13595776887085495","0.6666666666666667","0.7343084371187691","0.7916666666666666","0.21387757383145173","0.5568531726511374","0.7269987886413579","0.632986111111111","0.6695456337518603","0.29606564281237663"
"a2","0.16654040404040402","0.48654652840819795","0.6455295793531088","0.2219110944621412","0.09993757473267383","0.41967580467810794","0.3143627707035473","0.30423251531368783","0.41666666666666663","0.6403580480380207","0.5833333333333333","0.09378810123638513","0.1424646404667912","0.3078107895653034","0.5961906199677938","0.2235794769608511","0.3886873207504084"
"Antecedent","1.0","0.9860896635111783","1.0","0.5719141267035251","1.0","1.0","1.0","1.0","1.0","0.8832162807399176","1.0","0.3569603089655887","1.0","1.0","1.0","1.0","1.0"
"a4","0.16625966625966623","0.47147305192067307","0.5983974358974359","0.21785260161732534","0.08763455089991473","0.3935945705642087","0.3748331733765629","0.24812518507392667","0.6666666666666667","0.7343084371187691","0.75","0.16885326131957282","0.5662860334410355","0.6577300353865505","0.631893115942029","0.6432811740421853","0.4325610637898672"
