"Similarity Measures","noun_path","noun_lch","noun_wup","noun_res","noun_jcn","noun_lin","noun_lesk","noun_vector","verb_path","verb_lch","verb_wup","verb_res","verb_jcn","verb_lin","verb_lesk","verb_vector","word2vec"
"Antecedent","0.20555555555555555","0.5477693352051118","0.6688768747592277","0.23615966826559534","0.15548996669009058","0.5243081398007841","0.3779416652501416","0.3142920050475335","1.0","0.8832162807399176","1.0","0.3199541893275906","1.0","1.0","1.0","0.9999999999999925","0.382216959029376"
"a3","0.525","0.7671399706368216","0.8606060606060606","0.3783167449415077","0.6141614148965846","0.7887033664528265","0.8020796079198421","0.6758204276156451","0.75","0.7892658916591693","0.8333333333333333","0.23582042936009867","0.595408925020609","0.7973989997580218","1.0","0.8768760057598626","0.47393428936917403"
"a2","0.2378982128982129","0.48624820225969734","0.5925324675324676","0.2160076181038082","0.20250003038903872","0.41004732542285854","0.31720604088418286","0.4105849983657266","0.75","0.7892658916591693","0.8333333333333333","0.22272327619813015","0.595408925020609","0.7973989997580218","1.0","0.8768760057598626","0.39639814073628105"
"a4","0.13511141636141635","0.4299569202919157","0.5635147918816649","0.17245457405625395","0.0898715066538104","0.3332182448395643","0.2457725143990401","0.14171229616527753","0.29166666666666663","0.5464076589572724","0.6166666666666667","0.1170791811629949","0.10074640842645691","0.27414420262565203","0.6566560535697535","0.2833131787248535","0.21831212415282486"
