"Similarity Measures","noun_path","noun_lch","noun_wup","noun_res","noun_jcn","noun_lin","noun_lesk","noun_vector","verb_path","verb_lch","verb_wup","verb_res","verb_jcn","verb_lin","verb_lesk","verb_vector","word2vec"
"a1","0.11811046096760384","0.3975169849808489","0.4977000449302528","0.1149160857994571","0.05624408307898326","0.196284766234494","0.12592939751941695","0.0852405619018043","0.32407407407407407","0.5767354969330989","0.48888888888888893","0.06429982498136491","0.1264705975246341","0.19154848836202687","0.3179919510864496","0.4024945473205262","0.23952290711077148"
"a3","0.0","0.0","0.0","0.0","0.0","0.0","0.0","0.0","0.0","0.0","0.0","0.0","0.0","0.0","0.0","0.0","0"
"a2","0.3121882086167801","0.5938599351476037","0.7044328122612067","0.22944336600921833","0.2479687243822559","0.4982270307012458","0.40256894086569933","0.3612724002379288","0.611111111111111","0.7213107922719862","0.7530864197530864","0.19588737020769298","0.565988804800626","0.7986362283761669","0.7988841790925124","0.7784293690642408","0.4551799977489681"
"Antecedent","1.0","0.9860896635111783","0.9952380952380953","0.5892961777909446","1.0","1.0","1.0","0.9999999999999973","1.0","0.8832162807399176","1.0","0.3524341990512978","1.0","1.0","1.0","1.0","1.0"
"a4","0.19461451247165534","0.4614402357502768","0.43747743852785864","0.1449895304744875","0.14890276932918642","0.24247721807959613","0.439899544955332","0.30627315925771426","0.611111111111111","0.7213107922719862","0.7864197530864198","0.2034562522163105","0.5725959768052493","0.8139935310205045","0.8455387205387206","0.7784293690642408","0.3790621149169465"
