Similarity Measures,noun_path,noun_lch,noun_wup,noun_res,noun_jcn,noun_lin,noun_lesk,noun_vector,verb_path,verb_lch,verb_wup,verb_res,verb_jcn,verb_lin,verb_lesk,verb_vector,word2vec,Average
Antecedent,0.2640993265993266,0.4952380034028872,0.5396270396270396,0.1765045622685213,0.2516520372381076,0.40831921762217066,0.3926010566263545,0.3173568058430131,0.6666666666666666,0.7343084371187691,0.75,0.1831341113112221,0.6036015604441733,0.7765095988980024,0.632440476190476,0.640588064873762,0.4282539000274551,0.48593534498576157
a3,0.6166666666666667,0.7827856220927671,0.8737373737373737,0.3566251728375842,0.5710539081023679,0.7915245391164419,0.6510348214335808,0.6304689094643839,0.41666666666666663,0.6403580480380207,0.6666666666666666,0.19110382716801771,0.298464450421128,0.6372186481251791,0.6790544068504595,0.5207642474337185,0.6081231834340386,0.58425395048559192
a2,0.24444444444444444,0.5434045343905597,0.6514245014245014,0.2343631963789673,0.40642063424545966,0.5765738289517137,0.5011161552334199,0.27966039889451116,0.41666666666666663,0.6403580480380207,0.7638888888888888,0.21467507151876863,0.26978477699300957,0.6472957040258653,1.0,0.5541578344104905,0.3350551840419824,0.4870170510910159
