"Similarity Measures","noun_path","noun_lch","noun_wup","noun_res","noun_jcn","noun_lin","noun_lesk","noun_vector","verb_path","verb_lch","verb_wup","verb_res","verb_jcn","verb_lin","verb_lesk","verb_vector","word2vec"
"Antecedent","0.24666666666666665","0.6016890651877709","0.7349238480817428","0.2771242492035545","0.1416667167655032","0.5774210303928385","0.27968116302963597","0.2259787129791055","0.3333333333333333","0.5854005934976205","0.5","0.13416959012723068","0.2860949498236425","0.584129884571942","0.412492368742369","0.400343505140999","0.4672063695731515"
"a3","0.24555555555555553","0.5854183832798666","0.7678028404344193","0.2803876199026071","0.1511640800860151","0.5504966506607069","0.3691663625282694","0.3543914112378732","0.26666666666666666","0.5161623891865805","0.41666666666666663","0.0","0.07939438405777102","0.0","0.2248871436371435","0.3056493291242555","0.2929081698097567"
"a2","0.1554761904761905","0.4779458145885934","0.5994405594405594","0.16354726416168747","0.0985169643490541","0.3607449320929315","0.2554181210916204","0.25689728294486974","0.0","0.0","0.0","0.0","0.0","0.0","0.0","0.0","0.10386569166452692"
