"Similarity Measures","noun_path","noun_lch","noun_wup","noun_res","noun_jcn","noun_lin","noun_lesk","noun_vector","verb_path","verb_lch","verb_wup","verb_res","verb_jcn","verb_lin","verb_lesk","verb_vector","word2vec"
"Antecedent","0.32037037037037036","0.6547021122325909","0.8067519015403434","0.2697379143986323","0.27021175868245684","0.5915332821786374","0.6285700483685006","0.40650592260325297","0.5238095238095238","0.6639112428410493","0.6928571428571428","0.24974629935430845","0.6166195137378008","0.8292671717296534","0.700391659631051","0.6507337536292076","0.3907327818163374"
"a3","0.34444444444444444","0.6543279410704992","0.7761904761904761","0.24486494730198405","0.2876945054433773","0.6205250185187436","0.6732872819909858","0.3667044931700878","0.5714285714285714","0.6953155025784208","0.7368347338935575","0.2494607299854111","0.6261140768405812","0.8281509055687989","0.8134532384068756","0.6059033947472627","0.3896598327259252"
"a2","0.3722222222222223","0.6787534764217882","0.8208639476183336","0.29324019992254596","0.37739173995002784","0.7055860731354019","0.628682269108849","0.5107639561196465","0.5238095238095238","0.6639112428410493","0.65","0.22358838532717099","0.5641233770059387","0.779228322730242","0.6907536764336373","0.6059033947472627","0.42957236916894087"
"a4","0.29259259259259257","0.6389416734458236","0.775501253132832","0.20158250220933127","0.19085835235771886","0.5498969101728325","0.6604066745351505","0.3826018148666812","0.6190476190476192","0.7064563410185204","0.7487394957983193","0.26161213416668266","0.7159247670001232","0.8618309843817836","0.8035337842996741","0.7174476438972803","0.5135239094655305"
