Similarity Measures,noun_path,noun_lch,noun_wup,noun_res,noun_jcn,noun_lin,noun_lesk,noun_vector,verb_path,verb_lch,verb_wup,verb_res,verb_jcn,verb_lin,verb_lesk,verb_vector,word2vec,Average
Antecedent,0.2700892857142857,0.5448837253912002,0.5631348914243651,0.17224596666781197,0.19997005731728584,0.3572318695102689,0.5249726578388917,0.4162123149830611,0.5619047619047619,0.6585891709569724,0.6566666666666666,0.1549224303427462,0.4786195193918534,0.6077414889566739,0.6428107631631093,0.5347258123344586,0.4082514966949813,0.45605722819172906
a3,0.19910714285714284,0.5385547415768065,0.676838967192228,0.21801478928956858,0.11225445817218278,0.45100071286195464,0.4553471442637179,0.3044640312420429,0.5666666666666667,0.66694671276224,0.7171428571428571,0.1842028700482717,0.4786195193918534,0.6077414889566739,0.8131827438394374,0.6211488047941178,0.38574618884020034,0.47041057881752724
