Similarity Measures,noun_path,noun_lch,noun_wup,noun_res,noun_jcn,noun_lin,noun_lesk,noun_vector,verb_path,verb_lch,verb_wup,verb_res,verb_jcn,verb_lin,verb_lesk,verb_vector,word2vec,Average
a1,0.34166666666666673,0.6325946735477616,0.7093137254901961,0.24520145059377144,0.2869956380409171,0.5707449585109324,0.4045509371718663,0.3733103804086675,0.41666666666666663,0.6403580480380207,0.5833333333333333,0.1739847158027168,0.2285467061041146,0.600783774084412,1.0,0.5562794489999255,0.5051859789922033,0.48644218249718646
Antecedent,1.0,0.9860896635111783,1.0,0.49465039631126895,1.0,1.0,1.0,0.9999999999999979,1.0,0.8832162807399176,1.0,0.45017893326216174,1.0,1.0,1.0,1.0,1.0,0.93024325140144259
