"Similarity Measures","noun_path","noun_lch","noun_wup","noun_res","noun_jcn","noun_lin","noun_lesk","noun_vector","verb_path","verb_lch","verb_wup","verb_res","verb_jcn","verb_lin","verb_lesk","verb_vector","word2vec"
"Antecedent","0.3037037037037037","0.5582465409043369","0.574864266168614","0.18855426192276434","0.2796674014162997","0.4505893282060365","0.3908699257480768","0.37489858002944354","0.6666666666666666","0.7343084371187691","0.75","0.2083955976440159","0.5662863714596854","0.5","0.6253968253968255","0.7114395564436935","0.508072128561945"
"a2","0.0","0.0","0.0","0.0","0.0","0.0","0.0","0.0","0.0","0.0","0.0","0.0","0.0","0.0","0.0","0.0","0.358844750374773"
