"Similarity Measures","noun_path","noun_lch","noun_wup","noun_res","noun_jcn","noun_lin","noun_lesk","noun_vector","verb_path","verb_lch","verb_wup","verb_res","verb_jcn","verb_lin","verb_lesk","verb_vector","word2vec"
"a1","0.6408163265306124","0.7730467428362297","0.8130952380952382","0.32604033326078435","0.6149186985634092","0.696265072578603","0.7388579996116207","0.6825137370069686","0.5666666666666667","0.7109126763945601","0.7690476190476191","0.255780279269776","0.8047066860003657","0.8911483916231557","0.8517428246704561","0.7744661624871156","0.6294883600568317"
"a2","0.31088435374149664","0.5667720018753264","0.653703262681591","0.2034467445562232","0.3425853981047654","0.4636845434138187","0.4000606013244448","0.30642205392502253","0.6666666666666667","0.7484928320268596","0.8400000000000001","0.24775594149743152","0.5983754280391617","0.8425722588743471","0.8468266035459017","0.774466162487116","0.5544890261382233"
"Antecedent","1.0","0.9860896635111783","1.0","0.4687319922166248","1.0","1.0","1.0","0.9999999999999967","1.0","0.8832162807399178","1.0","0.3505069805258735","1.0","1.0","1.0","1.0","1.0"
