"Similarity Measures","noun_path","noun_lch","noun_wup","noun_res","noun_jcn","noun_lin","noun_lesk","noun_vector","verb_path","verb_lch","verb_wup","verb_res","verb_jcn","verb_lin","verb_lesk","verb_vector","word2vec"
"Antecedent","0.17098214285714283","0.4858224434013583","0.5251247204807576","0.12204454722865933","0.08308600956702693","0.27288457822215473","0.36620611563049676","0.286743098455941","0.6309523809523808","0.7175971794586199","0.7842712842712842","0.22634255205220932","0.572862900220591","0.7972137273204503","0.6827774184207843","0.7137926036921266","0.48217487388343383"
"a3","0.44910714285714287","0.6972108188330421","0.7775072150072149","0.29374919861009896","0.4050627643888624","0.6683528635559282","0.7086955663450444","0.5751760210916733","0.6309523809523808","0.7175971794586199","0.8162393162393162","0.20654087486395903","0.5723780289935225","0.7825645999667795","0.7063500722335309","0.7315233510213568","0.45551429936647736"
"a2","0.31909722222222225","0.6106708095730001","0.7328601953601953","0.24518371019664187","0.30366084714466635","0.6021400404576278","0.5274722218761374","0.3737289213616318","0.6428571428571427","0.7287380178987194","0.7777777777777778","0.20983957783371884","0.5864863661638953","0.810314589891239","0.9358909512080694","0.821395761336119","0.5211082773272989"
"a4","0.11567460317460317","0.39240569432739175","0.3945833990570833","0.06783947981353936","0.06116037760849827","0.13849234791662263","0.17769748997237664","0.2101381272888936","0.24285714285714285","0.49877321876815506","0.42857142857142855","0.06079014812426331","0.11335821510033638","0.15311730004440166","0.46086365181862077","0.3116920659386314","0.47516549381704337"
