Similarity Measures,noun_path,noun_lch,noun_wup,noun_res,noun_jcn,noun_lin,noun_lesk,noun_vector,verb_path,verb_lch,verb_wup,verb_res,verb_jcn,verb_lin,verb_lesk,verb_vector,word2vec,Average
Antecedent,0.5309523809523811,0.724098402044243,0.8210150375939851,0.3347441363607765,0.5897050551977743,0.7753526330963311,0.6274729252025901,0.558609660163162,0.5555555555555555,0.6769963510649543,0.7338624338624339,0.210086526673389,0.4966920839259921,0.6115639033286794,0.6699160203710011,0.6026940984170762,0.5227464079777807,0.5907096242228298
