Similarity Measures,noun_path,noun_lch,noun_wup,noun_res,noun_jcn,noun_lin,noun_lesk,noun_vector,verb_path,verb_lch,verb_wup,verb_res,verb_jcn,verb_lin,verb_lesk,verb_vector,word2vec,Average
a1,0.13259379509379507,0.4148505804009228,0.4651401906916613,0.10572306201751017,0.08212182944576425,0.23887027437366062,0.2566383310312141,0.20006852617262685,0.5476190476190476,0.6447479632093748,0.6388888888888888,0.11666298819057996,0.4070684869546822,0.46124083306472635,0.741254986843222,0.5981286395514593,0.30668917533928736,0.37401809405226022
a3,0.11792391636141637,0.38735555813636974,0.4290488310708899,0.11313203034863262,0.07290500876648563,0.2283356575248607,0.31314425298577186,0.16714270774458573,0.5476190476190476,0.6447479632093748,0.6388888888888888,0.12208940754081472,0.4070684869546822,0.46124083306472635,0.741254986843222,0.5981286395514593,0.29906670622690823,0.3699466425198904
Antecedent,0.1452876984126984,0.45078239868848524,0.5439290488922842,0.16527667981353178,0.0961545686255682,0.368677541890741,0.29525953009247435,0.2521927603079821,0.5476190476190476,0.6447479632093748,0.6388888888888888,0.11666298819057996,0.4070684869546822,0.46124083306472635,0.741254986843222,0.5981286395514593,0.30571959258198583,0.39875833256633719
a4,0.16458333333333336,0.4679410121442787,0.57245670995671,0.17938001424089137,0.10672648120113158,0.41753566298644335,0.35450182881907455,0.229871495716509,0.5476190476190476,0.6447479632093748,0.6388888888888888,0.11666298819057996,0.4070684869546822,0.46124083306472635,0.741254986843222,0.5981286395514593,0.345425209093995,0.41141374010672638
