Similarity Measures,noun_path,noun_lch,noun_wup,noun_res,noun_jcn,noun_lin,noun_lesk,noun_vector,verb_path,verb_lch,verb_wup,verb_res,verb_jcn,verb_lin,verb_lesk,verb_vector,word2vec,Average
Antecedent,0.3380952380952381,0.6396304082883005,0.7788417096687773,0.2694693032213351,0.2872879370426603,0.6479314385403265,0.48828768287661456,0.3968945358185993,0.4444444444444444,0.6586771995514874,0.7239057239057239,0.22656568287998471,0.25267622243257054,0.6587909056850311,0.75,0.7221414913839773,0.486131606011033,0.51586891352035902
a3,0.19920634920634922,0.5342767906360865,0.6815182213236172,0.2095238057635128,0.18206532410731383,0.5371952383703716,0.43691776698621926,0.33144178183334916,0.8333333333333334,0.8205826880194187,0.9583333333333334,0.326688029419886,0.8444801652819068,0.9454894100283272,1.0,0.8300513905050804,0.4523053856609821,0.59549464787112272
a2,0.295578231292517,0.5805846732461467,0.7083333333333334,0.17395680160551466,0.22173578560059617,0.4157160370190289,0.2826709576398483,0.31128171476939326,0.3611111111111111,0.5960436068309886,0.5222222222222223,0.2293163122705896,0.3190929345523136,0.6835110343097147,0.55918458781362,0.3397169999095527,0.3136070086767773,0.40668607954136871
a4,0.1852607709750567,0.5182572309798071,0.6654797816562523,0.2071231900967128,0.13440362382549528,0.4958968164668748,0.27392026690084187,0.3356173256402674,0.38888888888888884,0.6220388965245539,0.5789473684210527,0.21637986230039172,0.20021217356167528,0.5610205778629532,1.0,0.7368466176546097,0.2973723014177837,0.43633327606901279
