Similarity Measures,noun_path,noun_lch,noun_wup,noun_res,noun_jcn,noun_lin,noun_lesk,noun_vector,verb_path,verb_lch,verb_wup,verb_res,verb_jcn,verb_lin,verb_lesk,verb_vector,word2vec,Average
Antecedent,0.1053030303030303,0.37344796296157895,0.5381836945304438,0.11645114551714099,0.06986952915026935,0.24463811881894484,0.271108906525573,0.15043712610939838,1.0,0.8832162807399176,1.0,0.3710008808952307,1.0,1.0,1.0,1.0,0.48246231436205433,0.56506582293609309
a3,0.20555555555555557,0.5534862909807904,0.7008547008547009,0.24889551881390934,0.12764395343029855,0.5292050920468524,0.28558634992458537,0.18571651226886865,1.0,0.8832162807399176,1.0,0.20923535957440093,1.0,1.0,1.0,1.0,0.3423230221791202,0.60421874331582348
a2,0.14285714285714285,0.4585854890810465,0.6127450980392157,0.15875018994105647,0.11012627778544198,0.4039226260618889,0.2952843915343917,0.34450235739613805,0.3333333333333333,0.5854005934976205,0.5,0.18757620247277026,0.12819847424553402,0.47118253782252795,1.0,0.700877518430144,0.43973439598837544,0.40429862520509569
a4,0.10833333333333334,0.38206030266576585,0.5381836945304438,0.11645114551714099,0.07703719335715092,0.2631164935798654,0.271108906525573,0.1649170172215261,0.3333333333333333,0.5854005934976205,0.6666666666666666,0.3204125258948728,0.27456190092346383,0.7782945878420208,0.42452380952381,0.614526820965661,0.34753265248883464,0.3686153516392402
