Similarity Measures,noun_path,noun_lch,noun_wup,noun_res,noun_jcn,noun_lin,noun_lesk,noun_vector,verb_path,verb_lch,verb_wup,verb_res,verb_jcn,verb_lin,verb_lesk,verb_vector,word2vec,Average
Antecedent,0.49999999999999994,0.7399416573035248,0.8148754238537521,0.3198612461980676,0.437651992855199,0.7046494116026457,0.6156658591335951,0.4445524290094858,0.6666666666666666,0.7343084371187691,0.7916666666666666,0.23106728339414123,0.6380140936287648,0.7932472234216689,0.7737740929705215,0.700046088616237,0.44521137655422705,0.60889411464670196
a3,0.14620181405895694,0.4589190514317819,0.6156860683176472,0.1529528842928461,0.10059332295570675,0.3634821028657931,0.2585173008063681,0.3602288504950141,0.37499999999999994,0.6128793207678206,0.5694444444444444,0.18474262034716346,0.21933695132299003,0.5680554290346238,0.6651298701298702,0.5025607092720125,0.32372761296552716,0.38102696197109215
a2,0.12132034632034631,0.39935135636152835,0.5167133520074697,0.11127536268544888,0.07963983990760282,0.23749733701011164,0.299952869751685,0.2823520894363509,0.37499999999999994,0.6128793207678206,0.5694444444444444,0.18474262034716346,0.21933695132299003,0.5680554290346238,0.6651298701298702,0.5025607092720125,0.3094986303812468,0.35616179583415974
a4,0.20884353741496597,0.543210740790727,0.6878446115288221,0.20001642421440044,0.15311207449238098,0.48544240370131825,0.24062818478778697,0.32034711759621004,0.875,0.8362410861995434,0.9166666666666666,0.30236146405646813,0.8545130204699649,0.9416569976111874,1.0,0.9384380028799315,0.5110468127026088,0.58913936147723434
