"Similarity Measures","noun_path","noun_lch","noun_wup","noun_res","noun_jcn","noun_lin","noun_lesk","noun_vector","verb_path","verb_lch","verb_wup","verb_res","verb_jcn","verb_lin","verb_lesk","verb_vector","word2vec"
"a1","0.29444444444444445","0.5582465409043369","0.6480126340807455","0.21223880804433273","0.24378014497170086","0.45866619975374184","0.3660540922317301","0.3284828807891526","0.5","0.6669467127622399","0.6333333333333333","0.20914202027433362","0.5257496552281336","0.6198046091782297","0.7059128560106004","0.6963919725143134","0.35328060049666793"
"a3","0.4055555555555556","0.6869908713450243","0.7473484848484849","0.2924535264228704","0.329293940530938","0.6662647370395908","0.6420913339137342","0.49659137999921205","0.6333333333333333","0.7265098502106995","0.8047619047619048","0.2412544411550912","0.8602171228644082","0.9241528267762718","0.9445783334599124","0.7650136058579312","0.4483293114091261"
"a2","0.18181818181818185","0.5043044231785273","0.6242031102712217","0.16190732103145342","0.12382828491923942","0.38256024113933057","0.37494183502460315","0.24127268814094016","0.6333333333333333","0.7265098502106995","0.7876190476190476","0.265900778524725","0.677531719221636","0.837428716940822","0.721486656313959","0.7205277693227754","0.4109885107030679"
"Antecedent","1.0","0.9860896635111783","1.0","0.512681458976997","1.0","1.0","1.0","0.9999999999999991","1.0","0.8832162807399178","1.0","0.36111782782613683","1.0","1.0","1.0","1.0","1.0"
"a4","0.4555555555555555","0.6787534764217882","0.7575757575757575","0.27331038517878276","0.39686405574364775","0.5809849390276502","0.4844288751233197","0.4621188154976728","0.7333333333333333","0.7640900058429988","0.8400000000000001","0.2589042253080224","0.6759353926838463","0.8187780730289747","0.8009438298570777","0.7697773670188301","0.5174247772988804"
