"Similarity Measures","noun_path","noun_lch","noun_wup","noun_res","noun_jcn","noun_lin","noun_lesk","noun_vector","verb_path","verb_lch","verb_wup","verb_res","verb_jcn","verb_lin","verb_lesk","verb_vector","word2vec"
"Antecedent","0.33151515151515154","0.5844235534569819","0.6790336134453783","0.23143154095139334","0.2850485206054449","0.5333335350186067","0.4456635560206988","0.3683922402425816","1.0","0.8832162807399176","1.0","0.20936171863267286","1.0","1.0","1.0","0.9999999999999976","0.5338505012577077"
"a3","0.15468975468975468","0.4435557969390496","0.5064695830485304","0.16184831840466868","0.1923495767482691","0.4137351961642367","0.3134016533462926","0.19672186794812124","1.0","0.8832162807399176","1.0","0.20936171863267286","1.0","1.0","1.0","0.9999999999999976","0.36521935752931395"
"a2","0.31617826617826617","0.5472391419479503","0.5928571428571429","0.2672251655279499","0.3738175585013019","0.5126903116558015","0.4751579373410218","0.4454013858860975","0.3333333333333333","0.5854005934976205","0.5357142857142857","0.173119717440115","0.3377796308683797","0.6847156027787767","0.465277777777778","0.4377291922341465","0.40697037433891153"
"a4","0.13681318681318683","0.417783591440517","0.4492857142857142","0.10581301889745313","0.0826049018040281","0.2525835376905078","0.202719889544165","0.1323618296270433","0.0","0.0","0.0","0.0","0.0","0.0","0.0","0.0","0.10414312122025185"
