Similarity Measures,noun_path,noun_lch,noun_wup,noun_res,noun_jcn,noun_lin,noun_lesk,noun_vector,verb_path,verb_lch,verb_wup,verb_res,verb_jcn,verb_lin,verb_lesk,verb_vector,word2vec,Average
a1,0.5714285714285714,0.7223375762961125,0.8333333333333333,0.36145428832856513,0.5618006644879693,0.7759369741944777,0.6724135487528344,0.560566716258563,0.0,0.0,0.0,0.0,0.0,0.0,0.0,0.0,0.33861440636640916,0.31752271055569625
a3,0.2,0.5497975676468014,0.7083333333333333,0.26208650648639775,0.18767973174885744,0.6359055624004417,0.331206436485479,0.3159870772271215,0.7777777777777778,0.7839443849924853,0.8333333333333334,0.24441638233314888,0.7255227242244532,0.8769733805154006,0.7506172839506173,0.781347485429711,0.5537858645374071,0.55992440190722159
Antecedent,0.2,0.5497975676468014,0.7279411764705883,0.24527572578754125,0.12454854485979716,0.5386647263172901,0.44216567460317446,0.3370819176114525,0.5555555555555555,0.684672489245053,0.6666666666666666,0.17112516750750842,0.4918617324409614,0.6773337362441172,0.591287878787879,0.590808408111723,0.4595729761199116,0.47378587905741298
a4,0.15476190476190477,0.4794793435942155,0.6201923076923077,0.1800161947505769,0.1278305900971306,0.47045225872985463,0.5237386621315194,0.344532009773947,0.4444444444444444,0.6586771995514874,0.5925925925925926,0.23031674128676352,0.3412501873198605,0.7254482234273661,0.7399874632853356,0.574709436987103,0.4506773636051297,0.45053570141361998
