"Similarity Measures","noun_path","noun_lch","noun_wup","noun_res","noun_jcn","noun_lin","noun_lesk","noun_vector","verb_path","verb_lch","verb_wup","verb_res","verb_jcn","verb_lin","verb_lesk","verb_vector","word2vec"
"Antecedent","0.32627551020408163","0.6155917099175782","0.7704622604777404","0.296908109482479","0.3040617207177564","0.676368811626774","0.5606533785085877","0.5258343809985888","0.37499999999999994","0.6128793207678206","0.5916666666666666","0.19650887908088138","0.26545694268724374","0.59208366860082","0.6877976190476189","0.5154366566188388","0.4693788842269812"
"a3","0.33460884353741494","0.6269730869618793","0.774813872917588","0.28160900359387075","0.2846989201565329","0.626879882965607","0.548285778229545","0.4628759733300593","0.29166666666666663","0.5464076589572724","0.5952380952380952","0.1846945122089889","0.4078810262177676","0.6710713873362717","0.7417165678002705","0.5644062185969713","0.44908014592738027"
"a2","0.28361678004535146","0.6123019364118216","0.7508882340815114","0.22796138325317158","0.20493674965449013","0.5374242833958103","0.48941689295220947","0.3099209278028491","0.37499999999999994","0.6128793207678206","0.5595238095238095","0.18622376175355182","0.21401690871820717","0.5830554816730937","0.8349305555555555","0.5358845929617222","0.4335188018852418"
"a4","0.46071428571428574","0.7064972904560618","0.7971309736015618","0.29738225578660427","0.4257925872167639","0.7210246285030549","0.5371789772607786","0.5439285370750668","0.5416666666666666","0.687333242578395","0.7123015873015872","0.1988710705356014","0.4261564136541939","0.6914898609820435","0.8663194444444445","0.5893270548857897","0.5464676586226621"
