"Similarity Measures","noun_path","noun_lch","noun_wup","noun_res","noun_jcn","noun_lin","noun_lesk","noun_vector","verb_path","verb_lch","verb_wup","verb_res","verb_jcn","verb_lin","verb_lesk","verb_vector","word2vec"
"Antecedent","0.15242504409171076","0.46935377302323844","0.5585537918871252","0.14275936409055295","0.08335621942078221","0.29936787326281306","0.3177497326022863","0.22766923125455468","0.25666666666666665","0.5109137903247867","0.5831746031746032","0.148084410102651","0.12988566254136324","0.3884849887679386","0.44831167822076895","0.3798436729744242","0.38957289530696254"
"a3","0.21049382716049383","0.5389554266386861","0.6541606541606542","0.1893217803157222","0.1383988265951799","0.41215321264964594","0.3846619689171093","0.3263362162865484","0.5166666666666666","0.6733325207622608","0.6733333333333333","0.16270225083035364","0.3765970959206793","0.5852436530054115","0.7619315706080412","0.5541425451084977","0.40969645686114753"
"a2","0.18774250440917106","0.5009748261073761","0.5799237073746879","0.15883394244073318","0.1011683874563262","0.3318647939512066","0.3930090556281104","0.2538721408799953","0.39999999999999997","0.6293665571299407","0.59004329004329","0.21797994658242037","0.3728253224218238","0.6839774431226113","0.7514776387058996","0.5397404779924224","0.32174479642353393"
"a4","0.2819223985890653","0.6178238048186472","0.765432098765432","0.25540378909813977","0.12354327977220504","0.4443571999802381","0.6534830634748472","0.42865651542597866","0.5333333333333333","0.6889296945784","0.7076190476190476","0.20437596267001515","0.5008452517389473","0.7409106623786401","0.931283422459893","0.6700859616341732","0.429438215452578"
