"Similarity Measures","noun_path","noun_lch","noun_wup","noun_res","noun_jcn","noun_lin","noun_lesk","noun_vector","verb_path","verb_lch","verb_wup","verb_res","verb_jcn","verb_lin","verb_lesk","verb_vector","word2vec"
"Antecedent","0.2528925619834711","0.5323204297104169","0.5674931129476584","0.1707059677479009","0.24328933995704302","0.4106325792839644","0.46051008752215683","0.299098866855008","0.4666666666666666","0.64496373094608","0.6","0.21754403943381723","0.46757816385100764","0.6275755962923684","0.5535115625481237","0.5824792520188564","0.3029626831544474"
"a3","0.10693296602387513","0.378583429396465","0.34456986863403977","0.060357883848902255","0.07931732561645637","0.1540140129805211","0.19018651857863908","0.08059159659015504","0.36666666666666664","0.6073835753137806","0.5333333333333333","0.07385567854044882","0.1937602367621036","0.28010429079902616","0.418452380952381","0.4187793397738974","0.20766294696514861"
"a2","0.4023809523809524","0.6776916092099531","0.8056957599738349","0.30129380112111603","0.46081377446059885","0.7005845523103278","0.6878953549317515","0.48112406741308544","0.5","0.6669467127622399","0.6933333333333334","0.18183102972413892","0.41223415350171744","0.5314794660255798","0.7205868205868207","0.6544928561435699","0.4712378907033231"
"a4","0.18733766233766233","0.5075669618370541","0.6278226417545303","0.148952990241924","0.1473045824206398","0.3602590033665423","0.3096769911737429","0.23711808174831986","0.26666666666666666","0.5230118982330634","0.42000000000000004","0.06264233112567312","0.0825662695663111","0.15987588946970158","0.3620470177970178","0.2946587633034297","0.33682370945830586"
