"Similarity Measures","noun_path","noun_lch","noun_wup","noun_res","noun_jcn","noun_lin","noun_lesk","noun_vector","verb_path","verb_lch","verb_wup","verb_res","verb_jcn","verb_lin","verb_lesk","verb_vector","word2vec"
"Antecedent","0.0","0.0","0.0","0.0","0.0","0.0","0.0","0.0","0.6666666666666666","0.7343084371187691","0.85","0.202115057559541","0.6059001721584686","0.8109233417993524","0.591517857142857","0.696750416072587","0.3964128698547003"
"a3","0.2","0.5497975676468014","0.6666666666666666","0.1928529425647908","0.13968559810532413","0.5180650420232543","0.358134920634921","0.366278420061932","0.3333333333333333","0.5854005934976205","0.5357142857142857","0.14032656976347854","0.2541149610909778","0.5510112222142963","0.3491219948018195","0.4250539072344605","0.4419164962223707"
"a2","0.14285714285714285","0.4585854890810465","0.625","0.11689201912998942","0.09338545372996117","0.30342430575500495","0.292855455136157","0.260708958163286","0.6666666666666666","0.7343084371187691","0.85","0.202115057559541","0.6059001721584686","0.8109233417993524","0.621189692982456","0.696750416072587","0.45038933999747793"
"a4","0.2","0.5497975676468014","0.6666666666666666","0.1928529425647908","0.1412228156146797","0.520797084394831","0.274769988142945","0.271076460139889","1.0","0.8832162807399176","1.0","0.28349056566312114","1.0","1.0","1.0","1.0","0.40051425777824434"
